domainID,siteID,year,month,namedLocation,sampleCondition,aquaticPlantType,growthForm,taxonID,scientificName,morphospeciesID,phylum,division,class,order,family,genus,section,specificEpithet,infraspecificEpithet,variety,form,taxonRank,identifiedDate,dataQF
D17,BIGC,2018,5,BIGC.AOS.aquatic.plant.transect.02,NA,plant,emergent,2PLANT,Unknown plant,Clovergrass,NA,NA,NA,NA,NA,NA,NA,NA,NA,NA,NA,kingdom,NA,NA
D17,BIGC,2018,5,BIGC.AOS.aquatic.plant.transect.02,NA,plant,submerged,2PLANT,Unknown plant,Darkgui,NA,NA,NA,NA,NA,NA,NA,NA,NA,NA,NA,kingdom,NA,NA
D17,BIGC,2018,5,BIGC.AOS.aquatic.plant.transect.02,NA,plant,submerged,2PLANT,Unknown plant,Darkgui,NA,NA,NA,NA,NA,NA,NA,NA,NA,NA,NA,kingdom,NA,NA
D17,BIGC,2018,5,BIGC.AOS.aquatic.plant.transect.02,NA,plant,submerged,2PLANT,Unknown plant,Darkgui,NA,NA,NA,NA,NA,NA,NA,NA,NA,NA,NA,kingdom,NA,NA
D17,BIGC,2018,5,BIGC.AOS.aquatic.plant.transect.02,NA,plant,submerged,2PLANT,Unknown plant,Darkgui,NA,NA,NA,NA,NA,NA,NA,NA,NA,NA,NA,kingdom,NA,NA
D17,BIGC,2018,5,BIGC.AOS.aquatic.plant.transect.02,NA,plant,submerged,2PLANT,Unknown plant,Darkgui,NA,NA,NA,NA,NA,NA,NA,NA,NA,NA,NA,kingdom,NA,NA
D17,BIGC,2018,5,BIGC.AOS.aquatic.plant.transect.02,NA,plant,submerged,2PLANT,Unknown plant,Darkgui,NA,NA,NA,NA,NA,NA,NA,NA,NA,NA,NA,kingdom,NA,NA
D17,BIGC,2018,5,BIGC.AOS.aquatic.plant.transect.04,NA,plant,submerged,2PLANT,Unknown plant,Darkgui,NA,NA,NA,NA,NA,NA,NA,NA,NA,NA,NA,kingdom,NA,NA
D17,BIGC,2018,5,BIGC.AOS.aquatic.plant.transect.06,NA,plant,submerged,2PLANT,Unknown plant,Darkgui,NA,NA,NA,NA,NA,NA,NA,NA,NA,NA,NA,kingdom,NA,NA
D17,BIGC,2018,5,BIGC.AOS.aquatic.plant.transect.06,NA,plant,submerged,2PLANT,Unknown plant,Darkgui,NA,NA,NA,NA,NA,NA,NA,NA,NA,NA,NA,kingdom,NA,NA
D17,BIGC,2018,5,BIGC.AOS.aquatic.plant.transect.06,NA,plant,submerged,2PLANT,Unknown plant,Darkgui,NA,NA,NA,NA,NA,NA,NA,NA,NA,NA,NA,kingdom,NA,NA
D17,BIGC,2018,5,BIGC.AOS.aquatic.plant.transect.07,NA,plant,emergent,2PLANT,Unknown plant,Vegetable,NA,NA,NA,NA,NA,NA,NA,NA,NA,NA,NA,kingdom,NA,NA
D17,BIGC,2018,5,BIGC.AOS.aquatic.plant.transect.07,NA,plant,emergent,2PLANT,Unknown plant,Basil,NA,NA,NA,NA,NA,NA,NA,NA,NA,NA,NA,kingdom,NA,NA
D17,BIGC,2018,5,BIGC.AOS.aquatic.plant.transect.03,NA,plant,emergent,2PLANT,Unknown plant,Aquachard,NA,NA,NA,NA,NA,NA,NA,NA,NA,NA,NA,kingdom,NA,NA
D17,BIGC,2018,5,BIGC.AOS.aquatic.plant.transect.03,NA,plant,emergent,2PLANT,Unknown plant,Lilcedar,NA,NA,NA,NA,NA,NA,NA,NA,NA,NA,NA,kingdom,NA,NA
D17,BIGC,2018,5,BIGC.AOS.aquatic.plant.transect.03,NA,plant,submerged,2PLANT,Unknown plant,Darkgui,NA,NA,NA,NA,NA,NA,NA,NA,NA,NA,NA,kingdom,NA,NA
D17,BIGC,2018,5,BIGC.AOS.aquatic.plant.transect.09,NA,plant,emergent,2PLANT,Unknown plant,Floppy,NA,NA,NA,NA,NA,NA,NA,NA,NA,NA,NA,kingdom,NA,NA
D17,BIGC,2018,5,BIGC.AOS.aquatic.plant.transect.09,NA,plant,submerged,FOANA,Fontinalis antipyretica Hedw. var. antipyretica,NA,NA,NA,Bryopsida,Isobryales,Fontinalaceae,Fontinalis,NA,antipyretica,var. antipyretica,NA,NA,variety,NA,NA
D17,BIGC,2018,5,BIGC.AOS.aquatic.plant.transect.09,NA,plant,emergent,2PLANT,Unknown plant,Floppy,NA,NA,NA,NA,NA,NA,NA,NA,NA,NA,NA,kingdom,NA,NA
D17,BIGC,2018,5,BIGC.AOS.aquatic.plant.transect.10,NA,plant,submerged,2PLANT,Unknown plant,Darkgui,NA,NA,NA,NA,NA,NA,NA,NA,NA,NA,NA,kingdom,NA,NA
D17,BIGC,2018,5,BIGC.AOS.aquatic.plant.transect.08,NA,plant,emergent,2PLANT,Unknown plant,FernGully,NA,NA,NA,NA,NA,NA,NA,NA,NA,NA,NA,kingdom,NA,NA
D17,BIGC,2018,9,BIGC.AOS.aquatic.plant.transect.02,NA,plant,submerged,CHPO14,Chiloscyphus polyanthos (L.) Corda,NA,NA,NA,Hepaticopsida,Jungermanniales,Geocalycaceae,Chiloscyphus,NA,polyanthos,NA,NA,NA,species,2020-05-15T19:00:00Z,NA
D17,BIGC,2018,9,BIGC.AOS.aquatic.plant.transect.02,NA,plant,submerged,CHPO14,Chiloscyphus polyanthos (L.) Corda,NA,NA,NA,Hepaticopsida,Jungermanniales,Geocalycaceae,Chiloscyphus,NA,polyanthos,NA,NA,NA,species,2020-05-15T19:00:00Z,NA
D17,BIGC,2018,9,BIGC.AOS.aquatic.plant.transect.02,NA,plant,submerged,CHPO14,Chiloscyphus polyanthos (L.) Corda,NA,NA,NA,Hepaticopsida,Jungermanniales,Geocalycaceae,Chiloscyphus,NA,polyanthos,NA,NA,NA,species,2020-05-15T19:00:00Z,NA
D17,BIGC,2018,9,BIGC.AOS.aquatic.plant.transect.02,NA,plant,submerged,CHPO14,Chiloscyphus polyanthos (L.) Corda,NA,NA,NA,Hepaticopsida,Jungermanniales,Geocalycaceae,Chiloscyphus,NA,polyanthos,NA,NA,NA,species,2020-05-15T19:00:00Z,NA
D17,BIGC,2018,9,BIGC.AOS.aquatic.plant.transect.02,NA,plant,submerged,CHPO14,Chiloscyphus polyanthos (L.) Corda,NA,NA,NA,Hepaticopsida,Jungermanniales,Geocalycaceae,Chiloscyphus,NA,polyanthos,NA,NA,NA,species,2020-05-15T19:00:00Z,NA
D17,BIGC,2018,9,BIGC.AOS.aquatic.plant.transect.02,NA,plant,submerged,ANPIP,Aneura pinguis (L.) Dumort. var. pinguis,NA,NA,NA,Hepaticopsida,Metzgeriales,Aneuraceae,Aneura,NA,pinguis,var. pinguis,NA,NA,variety,NA,NA
D17,BIGC,2018,9,BIGC.AOS.aquatic.plant.transect.02,NA,plant,submerged,CHPO14,Chiloscyphus polyanthos (L.) Corda,NA,NA,NA,Hepaticopsida,Jungermanniales,Geocalycaceae,Chiloscyphus,NA,polyanthos,NA,NA,NA,species,2020-05-15T19:00:00Z,NA
D17,BIGC,2018,9,BIGC.AOS.aquatic.plant.transect.02,NA,plant,submerged,CHPO14,Chiloscyphus polyanthos (L.) Corda,NA,NA,NA,Hepaticopsida,Jungermanniales,Geocalycaceae,Chiloscyphus,NA,polyanthos,NA,NA,NA,species,2020-05-15T19:00:00Z,NA
D17,BIGC,2018,9,BIGC.AOS.aquatic.plant.transect.02,NA,plant,submerged,FOANA,Fontinalis antipyretica Hedw. var. antipyretica,NA,NA,NA,Bryopsida,Isobryales,Fontinalaceae,Fontinalis,NA,antipyretica,var. antipyretica,NA,NA,variety,NA,NA
D17,BIGC,2018,9,BIGC.AOS.aquatic.plant.transect.02,NA,plant,submerged,CHPO14,Chiloscyphus polyanthos (L.) Corda,NA,NA,NA,Hepaticopsida,Jungermanniales,Geocalycaceae,Chiloscyphus,NA,polyanthos,NA,NA,NA,species,2020-05-15T19:00:00Z,NA
D17,BIGC,2018,9,BIGC.AOS.aquatic.plant.transect.02,NA,plant,submerged,CHPO14,Chiloscyphus polyanthos (L.) Corda,NA,NA,NA,Hepaticopsida,Jungermanniales,Geocalycaceae,Chiloscyphus,NA,polyanthos,NA,NA,NA,species,2020-05-15T19:00:00Z,NA
D17,BIGC,2018,9,BIGC.AOS.aquatic.plant.transect.02,NA,plant,submerged,CHPO14,Chiloscyphus polyanthos (L.) Corda,NA,NA,NA,Hepaticopsida,Jungermanniales,Geocalycaceae,Chiloscyphus,NA,polyanthos,NA,NA,NA,species,2020-05-15T19:00:00Z,NA
D17,BIGC,2018,9,BIGC.AOS.aquatic.plant.transect.03,NA,plant,submerged,CHPO14,Chiloscyphus polyanthos (L.) Corda,NA,NA,NA,Hepaticopsida,Jungermanniales,Geocalycaceae,Chiloscyphus,NA,polyanthos,NA,NA,NA,species,2020-05-15T19:00:00Z,NA
D17,BIGC,2018,9,BIGC.AOS.aquatic.plant.transect.03,NA,plant,submerged,CHPO14,Chiloscyphus polyanthos (L.) Corda,NA,NA,NA,Hepaticopsida,Jungermanniales,Geocalycaceae,Chiloscyphus,NA,polyanthos,NA,NA,NA,species,2020-05-15T19:00:00Z,NA
D17,BIGC,2018,9,BIGC.AOS.aquatic.plant.transect.05,NA,plant,submerged,CHPO14,Chiloscyphus polyanthos (L.) Corda,NA,NA,NA,Hepaticopsida,Jungermanniales,Geocalycaceae,Chiloscyphus,NA,polyanthos,NA,NA,NA,species,2020-05-15T19:00:00Z,NA
D17,BIGC,2018,9,BIGC.AOS.aquatic.plant.transect.05,NA,plant,submerged,CHPO14,Chiloscyphus polyanthos (L.) Corda,NA,NA,NA,Hepaticopsida,Jungermanniales,Geocalycaceae,Chiloscyphus,NA,polyanthos,NA,NA,NA,species,2020-05-15T19:00:00Z,NA
D17,BIGC,2018,9,BIGC.AOS.aquatic.plant.transect.06,NA,plant,submerged,FOANA,Fontinalis antipyretica Hedw. var. antipyretica,NA,NA,NA,Bryopsida,Isobryales,Fontinalaceae,Fontinalis,NA,antipyretica,var. antipyretica,NA,NA,variety,NA,NA
D17,BIGC,2018,9,BIGC.AOS.aquatic.plant.transect.06,NA,plant,submerged,FOANA,Fontinalis antipyretica Hedw. var. antipyretica,NA,NA,NA,Bryopsida,Isobryales,Fontinalaceae,Fontinalis,NA,antipyretica,var. antipyretica,NA,NA,variety,NA,NA
D17,BIGC,2018,9,BIGC.AOS.aquatic.plant.transect.06,NA,plant,submerged,CHPO14,Chiloscyphus polyanthos (L.) Corda,NA,NA,NA,Hepaticopsida,Jungermanniales,Geocalycaceae,Chiloscyphus,NA,polyanthos,NA,NA,NA,species,2020-05-15T19:00:00Z,NA
D17,BIGC,2018,9,BIGC.AOS.aquatic.plant.transect.06,NA,plant,submerged,FOANA,Fontinalis antipyretica Hedw. var. antipyretica,NA,NA,NA,Bryopsida,Isobryales,Fontinalaceae,Fontinalis,NA,antipyretica,var. antipyretica,NA,NA,variety,NA,NA
D17,BIGC,2018,9,BIGC.AOS.aquatic.plant.transect.07,NA,plant,submerged,FOANA,Fontinalis antipyretica Hedw. var. antipyretica,NA,NA,NA,Bryopsida,Isobryales,Fontinalaceae,Fontinalis,NA,antipyretica,var. antipyretica,NA,NA,variety,NA,NA
D17,BIGC,2018,9,BIGC.AOS.aquatic.plant.transect.08,NA,plant,submerged,FOANA,Fontinalis antipyretica Hedw. var. antipyretica,NA,NA,NA,Bryopsida,Isobryales,Fontinalaceae,Fontinalis,NA,antipyretica,var. antipyretica,NA,NA,variety,NA,NA
D17,BIGC,2018,9,BIGC.AOS.aquatic.plant.transect.08,NA,plant,submerged,CHPO14,Chiloscyphus polyanthos (L.) Corda,NA,NA,NA,Hepaticopsida,Jungermanniales,Geocalycaceae,Chiloscyphus,NA,polyanthos,NA,NA,NA,species,2020-05-15T19:00:00Z,NA
D17,BIGC,2018,9,BIGC.AOS.aquatic.plant.transect.08,NA,plant,submerged,CHPO14,Chiloscyphus polyanthos (L.) Corda,NA,NA,NA,Hepaticopsida,Jungermanniales,Geocalycaceae,Chiloscyphus,NA,polyanthos,NA,NA,NA,species,2020-05-15T19:00:00Z,NA
D17,BIGC,2018,9,BIGC.AOS.aquatic.plant.transect.08,NA,plant,submerged,FOANA,Fontinalis antipyretica Hedw. var. antipyretica,NA,NA,NA,Bryopsida,Isobryales,Fontinalaceae,Fontinalis,NA,antipyretica,var. antipyretica,NA,NA,variety,NA,NA
D17,BIGC,2018,9,BIGC.AOS.aquatic.plant.transect.09,NA,plant,submerged,FOANA,Fontinalis antipyretica Hedw. var. antipyretica,NA,NA,NA,Bryopsida,Isobryales,Fontinalaceae,Fontinalis,NA,antipyretica,var. antipyretica,NA,NA,variety,NA,NA
D17,BIGC,2018,9,BIGC.AOS.aquatic.plant.transect.09,NA,plant,submerged,FOANA,Fontinalis antipyretica Hedw. var. antipyretica,NA,NA,NA,Bryopsida,Isobryales,Fontinalaceae,Fontinalis,NA,antipyretica,var. antipyretica,NA,NA,variety,NA,NA
D17,BIGC,2018,9,BIGC.AOS.aquatic.plant.transect.10,NA,plant,submerged,CHPO14,Chiloscyphus polyanthos (L.) Corda,NA,NA,NA,Hepaticopsida,Jungermanniales,Geocalycaceae,Chiloscyphus,NA,polyanthos,NA,NA,NA,species,2020-05-15T19:00:00Z,NA
D17,BIGC,2018,9,BIGC.AOS.aquatic.plant.transect.10,NA,plant,submerged,CHPO14,Chiloscyphus polyanthos (L.) Corda,NA,NA,NA,Hepaticopsida,Jungermanniales,Geocalycaceae,Chiloscyphus,NA,polyanthos,NA,NA,NA,species,2020-05-15T19:00:00Z,NA
D17,BIGC,2018,9,BIGC.AOS.aquatic.plant.transect.10,NA,plant,submerged,FOANA,Fontinalis antipyretica Hedw. var. antipyretica,NA,NA,NA,Bryopsida,Isobryales,Fontinalaceae,Fontinalis,NA,antipyretica,var. antipyretica,NA,NA,variety,NA,NA
D17,BIGC,2018,9,BIGC.AOS.aquatic.plant.transect.10,NA,plant,submerged,FOANA,Fontinalis antipyretica Hedw. var. antipyretica,NA,NA,NA,Bryopsida,Isobryales,Fontinalaceae,Fontinalis,NA,antipyretica,var. antipyretica,NA,NA,variety,NA,NA
D17,BIGC,2018,7,BIGC.AOS.aquatic.plant.transect.01,NA,plant,submerged,CHPO14,Chiloscyphus polyanthos (L.) Corda,NA,NA,NA,Hepaticopsida,Jungermanniales,Geocalycaceae,Chiloscyphus,NA,polyanthos,NA,NA,NA,species,2020-05-15T19:00:00Z,NA
D17,BIGC,2018,7,BIGC.AOS.aquatic.plant.transect.02,NA,plant,submerged,CHPO14,Chiloscyphus polyanthos (L.) Corda,NA,NA,NA,Hepaticopsida,Jungermanniales,Geocalycaceae,Chiloscyphus,NA,polyanthos,NA,NA,NA,species,2020-05-15T19:00:00Z,NA
D17,BIGC,2018,7,BIGC.AOS.aquatic.plant.transect.02,NA,plant,submerged,CHPO14,Chiloscyphus polyanthos (L.) Corda,NA,NA,NA,Hepaticopsida,Jungermanniales,Geocalycaceae,Chiloscyphus,NA,polyanthos,NA,NA,NA,species,2020-05-15T19:00:00Z,NA
D17,BIGC,2018,7,BIGC.AOS.aquatic.plant.transect.02,NA,plant,submerged,CHPO14,Chiloscyphus polyanthos (L.) Corda,NA,NA,NA,Hepaticopsida,Jungermanniales,Geocalycaceae,Chiloscyphus,NA,polyanthos,NA,NA,NA,species,2020-05-15T19:00:00Z,NA
D17,BIGC,2018,7,BIGC.AOS.aquatic.plant.transect.02,NA,plant,submerged,CHPO14,Chiloscyphus polyanthos (L.) Corda,NA,NA,NA,Hepaticopsida,Jungermanniales,Geocalycaceae,Chiloscyphus,NA,polyanthos,NA,NA,NA,species,2020-05-15T19:00:00Z,NA
D17,BIGC,2018,7,BIGC.AOS.aquatic.plant.transect.02,NA,plant,submerged,CHPO14,Chiloscyphus polyanthos (L.) Corda,NA,NA,NA,Hepaticopsida,Jungermanniales,Geocalycaceae,Chiloscyphus,NA,polyanthos,NA,NA,NA,species,2020-05-15T19:00:00Z,NA
D17,BIGC,2018,7,BIGC.AOS.aquatic.plant.transect.02,NA,plant,submerged,CHPO14,Chiloscyphus polyanthos (L.) Corda,NA,NA,NA,Hepaticopsida,Jungermanniales,Geocalycaceae,Chiloscyphus,NA,polyanthos,NA,NA,NA,species,2020-05-15T19:00:00Z,NA
D17,BIGC,2018,7,BIGC.AOS.aquatic.plant.transect.02,NA,plant,submerged,CHPO14,Chiloscyphus polyanthos (L.) Corda,NA,NA,NA,Hepaticopsida,Jungermanniales,Geocalycaceae,Chiloscyphus,NA,polyanthos,NA,NA,NA,species,2020-05-15T19:00:00Z,NA
D17,BIGC,2018,7,BIGC.AOS.aquatic.plant.transect.02,NA,plant,submerged,CHPO14,Chiloscyphus polyanthos (L.) Corda,NA,NA,NA,Hepaticopsida,Jungermanniales,Geocalycaceae,Chiloscyphus,NA,polyanthos,NA,NA,NA,species,2020-05-15T19:00:00Z,NA
D17,BIGC,2018,7,BIGC.AOS.aquatic.plant.transect.02,NA,macroalgae,submerged,NA,NA,NA,NA,NA,NA,NA,NA,NA,NA,NA,NA,NA,NA,NA,NA,NA
D17,BIGC,2018,7,BIGC.AOS.aquatic.plant.transect.03,NA,plant,submerged,CHPO14,Chiloscyphus polyanthos (L.) Corda,NA,NA,NA,Hepaticopsida,Jungermanniales,Geocalycaceae,Chiloscyphus,NA,polyanthos,NA,NA,NA,species,2020-05-15T19:00:00Z,NA
D17,BIGC,2018,7,BIGC.AOS.aquatic.plant.transect.05,NA,plant,submerged,FOANA,Fontinalis antipyretica Hedw. var. antipyretica,NA,NA,NA,Bryopsida,Isobryales,Fontinalaceae,Fontinalis,NA,antipyretica,var. antipyretica,NA,NA,variety,NA,NA
D17,BIGC,2018,7,BIGC.AOS.aquatic.plant.transect.05,NA,plant,submerged,FOANA,Fontinalis antipyretica Hedw. var. antipyretica,NA,NA,NA,Bryopsida,Isobryales,Fontinalaceae,Fontinalis,NA,antipyretica,var. antipyretica,NA,NA,variety,NA,NA
D17,BIGC,2018,7,BIGC.AOS.aquatic.plant.transect.05,NA,plant,submerged,FOANA,Fontinalis antipyretica Hedw. var. antipyretica,NA,NA,NA,Bryopsida,Isobryales,Fontinalaceae,Fontinalis,NA,antipyretica,var. antipyretica,NA,NA,variety,NA,NA
D17,BIGC,2018,7,BIGC.AOS.aquatic.plant.transect.06,NA,plant,emergent,TRIFO,Trifolium sp.,NA,Magnoliophyta,NA,Magnoliopsida,Fabales,Fabaceae,Trifolium,NA,sp.,NA,NA,NA,genus,NA,NA
D17,BIGC,2018,7,BIGC.AOS.aquatic.plant.transect.06,NA,plant,submerged,FOANA,Fontinalis antipyretica Hedw. var. antipyretica,NA,NA,NA,Bryopsida,Isobryales,Fontinalaceae,Fontinalis,NA,antipyretica,var. antipyretica,NA,NA,variety,NA,NA
D17,BIGC,2018,7,BIGC.AOS.aquatic.plant.transect.06,NA,plant,submerged,CHPO14,Chiloscyphus polyanthos (L.) Corda,NA,NA,NA,Hepaticopsida,Jungermanniales,Geocalycaceae,Chiloscyphus,NA,polyanthos,NA,NA,NA,species,2020-05-15T19:00:00Z,NA
D17,BIGC,2018,7,BIGC.AOS.aquatic.plant.transect.06,NA,plant,emergent,TRIFO,Trifolium sp.,NA,Magnoliophyta,NA,Magnoliopsida,Fabales,Fabaceae,Trifolium,NA,sp.,NA,NA,NA,genus,NA,NA
D17,BIGC,2018,7,BIGC.AOS.aquatic.plant.transect.06,NA,plant,emergent,2PLANT,Unknown plant,RiverRush,NA,NA,NA,NA,NA,NA,NA,NA,NA,NA,NA,kingdom,NA,NA
D17,BIGC,2018,7,BIGC.AOS.aquatic.plant.transect.07,NA,plant,submerged,CHPO14,Chiloscyphus polyanthos (L.) Corda,NA,NA,NA,Hepaticopsida,Jungermanniales,Geocalycaceae,Chiloscyphus,NA,polyanthos,NA,NA,NA,species,2020-05-15T19:00:00Z,NA
D17,BIGC,2018,7,BIGC.AOS.aquatic.plant.transect.07,NA,plant,submerged,CHPO14,Chiloscyphus polyanthos (L.) Corda,NA,NA,NA,Hepaticopsida,Jungermanniales,Geocalycaceae,Chiloscyphus,NA,polyanthos,NA,NA,NA,species,2020-05-15T19:00:00Z,NA
D17,BIGC,2018,7,BIGC.AOS.aquatic.plant.transect.07,NA,plant,submerged,CHPO14,Chiloscyphus polyanthos (L.) Corda,NA,NA,NA,Hepaticopsida,Jungermanniales,Geocalycaceae,Chiloscyphus,NA,polyanthos,NA,NA,NA,species,2020-05-15T19:00:00Z,NA
D17,BIGC,2018,7,BIGC.AOS.aquatic.plant.transect.07,NA,plant,submerged,CHPO14,Chiloscyphus polyanthos (L.) Corda,NA,NA,NA,Hepaticopsida,Jungermanniales,Geocalycaceae,Chiloscyphus,NA,polyanthos,NA,NA,NA,species,2020-05-15T19:00:00Z,NA
D17,BIGC,2018,7,BIGC.AOS.aquatic.plant.transect.07,NA,plant,submerged,FOANA,Fontinalis antipyretica Hedw. var. antipyretica,NA,NA,NA,Bryopsida,Isobryales,Fontinalaceae,Fontinalis,NA,antipyretica,var. antipyretica,NA,NA,variety,NA,NA
D17,BIGC,2018,7,BIGC.AOS.aquatic.plant.transect.07,NA,plant,submerged,CHPO14,Chiloscyphus polyanthos (L.) Corda,NA,NA,NA,Hepaticopsida,Jungermanniales,Geocalycaceae,Chiloscyphus,NA,polyanthos,NA,NA,NA,species,2020-05-15T19:00:00Z,NA
D17,BIGC,2018,7,BIGC.AOS.aquatic.plant.transect.07,NA,plant,submerged,FOANA,Fontinalis antipyretica Hedw. var. antipyretica,NA,NA,NA,Bryopsida,Isobryales,Fontinalaceae,Fontinalis,NA,antipyretica,var. antipyretica,NA,NA,variety,NA,NA
D17,BIGC,2018,7,BIGC.AOS.aquatic.plant.transect.08,NA,plant,submerged,CHPO14,Chiloscyphus polyanthos (L.) Corda,NA,NA,NA,Hepaticopsida,Jungermanniales,Geocalycaceae,Chiloscyphus,NA,polyanthos,NA,NA,NA,species,2020-05-15T19:00:00Z,NA
D17,BIGC,2018,7,BIGC.AOS.aquatic.plant.transect.08,NA,plant,submerged,FOANA,Fontinalis antipyretica Hedw. var. antipyretica,NA,NA,NA,Bryopsida,Isobryales,Fontinalaceae,Fontinalis,NA,antipyretica,var. antipyretica,NA,NA,variety,NA,NA
D17,BIGC,2018,7,BIGC.AOS.aquatic.plant.transect.08,NA,plant,submerged,FOANA,Fontinalis antipyretica Hedw. var. antipyretica,NA,NA,NA,Bryopsida,Isobryales,Fontinalaceae,Fontinalis,NA,antipyretica,var. antipyretica,NA,NA,variety,NA,NA
D17,BIGC,2018,7,BIGC.AOS.aquatic.plant.transect.08,NA,plant,submerged,FOANA,Fontinalis antipyretica Hedw. var. antipyretica,NA,NA,NA,Bryopsida,Isobryales,Fontinalaceae,Fontinalis,NA,antipyretica,var. antipyretica,NA,NA,variety,NA,NA
D17,BIGC,2018,7,BIGC.AOS.aquatic.plant.transect.08,NA,plant,submerged,FOANA,Fontinalis antipyretica Hedw. var. antipyretica,NA,NA,NA,Bryopsida,Isobryales,Fontinalaceae,Fontinalis,NA,antipyretica,var. antipyretica,NA,NA,variety,NA,NA
D17,BIGC,2018,7,BIGC.AOS.aquatic.plant.transect.08,NA,plant,submerged,CHPO14,Chiloscyphus polyanthos (L.) Corda,NA,NA,NA,Hepaticopsida,Jungermanniales,Geocalycaceae,Chiloscyphus,NA,polyanthos,NA,NA,NA,species,2020-05-15T19:00:00Z,NA
D17,BIGC,2018,7,BIGC.AOS.aquatic.plant.transect.08,NA,plant,submerged,FOANA,Fontinalis antipyretica Hedw. var. antipyretica,NA,NA,NA,Bryopsida,Isobryales,Fontinalaceae,Fontinalis,NA,antipyretica,var. antipyretica,NA,NA,variety,NA,NA
D17,BIGC,2018,7,BIGC.AOS.aquatic.plant.transect.09,NA,plant,submerged,FOANA,Fontinalis antipyretica Hedw. var. antipyretica,NA,NA,NA,Bryopsida,Isobryales,Fontinalaceae,Fontinalis,NA,antipyretica,var. antipyretica,NA,NA,variety,NA,NA
D17,BIGC,2018,7,BIGC.AOS.aquatic.plant.transect.09,NA,plant,submerged,FOANA,Fontinalis antipyretica Hedw. var. antipyretica,NA,NA,NA,Bryopsida,Isobryales,Fontinalaceae,Fontinalis,NA,antipyretica,var. antipyretica,NA,NA,variety,NA,NA
D17,BIGC,2018,7,BIGC.AOS.aquatic.plant.transect.09,NA,plant,submerged,2PLANT,Unknown plant,Lilcedar,NA,NA,NA,NA,NA,NA,NA,NA,NA,NA,NA,kingdom,NA,NA
D17,BIGC,2018,7,BIGC.AOS.aquatic.plant.transect.10,NA,plant,submerged,2PLANT,Unknown plant,Lilcedar,NA,NA,NA,NA,NA,NA,NA,NA,NA,NA,NA,kingdom,NA,NA
D17,BIGC,2018,7,BIGC.AOS.aquatic.plant.transect.10,NA,plant,submerged,FOANA,Fontinalis antipyretica Hedw. var. antipyretica,NA,NA,NA,Bryopsida,Isobryales,Fontinalaceae,Fontinalis,NA,antipyretica,var. antipyretica,NA,NA,variety,NA,NA
D17,BIGC,2018,7,BIGC.AOS.aquatic.plant.transect.10,NA,plant,submerged,CHPO14,Chiloscyphus polyanthos (L.) Corda,NA,NA,NA,Hepaticopsida,Jungermanniales,Geocalycaceae,Chiloscyphus,NA,polyanthos,NA,NA,NA,species,2020-05-15T19:00:00Z,NA
D17,BIGC,2018,7,BIGC.AOS.aquatic.plant.transect.10,NA,plant,submerged,FOANA,Fontinalis antipyretica Hedw. var. antipyretica,NA,NA,NA,Bryopsida,Isobryales,Fontinalaceae,Fontinalis,NA,antipyretica,var. antipyretica,NA,NA,variety,NA,NA
D17,BIGC,2019,4,BIGC.AOS.aquatic.plant.transect.01,NA,plant,submerged,CAREX,Carex sp.,NA,Magnoliophyta,NA,Liliopsida,Cyperales,Cyperaceae,Carex,NA,sp.,NA,NA,NA,genus,NA,NA
D17,BIGC,2019,4,BIGC.AOS.aquatic.plant.transect.02,NA,plant,submerged,CHPO14,Chiloscyphus polyanthos (L.) Corda,NA,NA,NA,Hepaticopsida,Jungermanniales,Geocalycaceae,Chiloscyphus,NA,polyanthos,NA,NA,NA,species,2020-05-15T19:00:00Z,NA
D17,BIGC,2019,4,BIGC.AOS.aquatic.plant.transect.02,NA,plant,submerged,BETUL,Betula sp.,NA,Magnoliophyta,NA,Magnoliopsida,Fagales,Betulaceae,Betula,NA,sp.,NA,NA,NA,genus,NA,NA
D17,BIGC,2019,4,BIGC.AOS.aquatic.plant.transect.02,NA,plant,submerged,FOANA,Fontinalis antipyretica Hedw. var. antipyretica,NA,NA,NA,Bryopsida,Isobryales,Fontinalaceae,Fontinalis,NA,antipyretica,var. antipyretica,NA,NA,variety,NA,NA
D17,BIGC,2019,4,BIGC.AOS.aquatic.plant.transect.02,NA,plant,submerged,FOANA,Fontinalis antipyretica Hedw. var. antipyretica,NA,NA,NA,Bryopsida,Isobryales,Fontinalaceae,Fontinalis,NA,antipyretica,var. antipyretica,NA,NA,variety,NA,NA
D17,BIGC,2019,4,BIGC.AOS.aquatic.plant.transect.02,NA,plant,submerged,FOANA,Fontinalis antipyretica Hedw. var. antipyretica,NA,NA,NA,Bryopsida,Isobryales,Fontinalaceae,Fontinalis,NA,antipyretica,var. antipyretica,NA,NA,variety,NA,NA
D17,BIGC,2019,4,BIGC.AOS.aquatic.plant.transect.02,NA,plant,submerged,CHPO14,Chiloscyphus polyanthos (L.) Corda,NA,NA,NA,Hepaticopsida,Jungermanniales,Geocalycaceae,Chiloscyphus,NA,polyanthos,NA,NA,NA,species,2020-05-15T19:00:00Z,NA
D17,BIGC,2019,4,BIGC.AOS.aquatic.plant.transect.02,NA,plant,submerged,FOANA,Fontinalis antipyretica Hedw. var. antipyretica,NA,NA,NA,Bryopsida,Isobryales,Fontinalaceae,Fontinalis,NA,antipyretica,var. antipyretica,NA,NA,variety,NA,NA
D17,BIGC,2019,4,BIGC.AOS.aquatic.plant.transect.02,NA,plant,submerged,FOANA,Fontinalis antipyretica Hedw. var. antipyretica,NA,NA,NA,Bryopsida,Isobryales,Fontinalaceae,Fontinalis,NA,antipyretica,var. antipyretica,NA,NA,variety,NA,NA
D17,BIGC,2019,4,BIGC.AOS.aquatic.plant.transect.02,NA,plant,submerged,FOANA,Fontinalis antipyretica Hedw. var. antipyretica,NA,NA,NA,Bryopsida,Isobryales,Fontinalaceae,Fontinalis,NA,antipyretica,var. antipyretica,NA,NA,variety,NA,NA
D17,BIGC,2019,4,BIGC.AOS.aquatic.plant.transect.02,NA,plant,submerged,FOANA,Fontinalis antipyretica Hedw. var. antipyretica,NA,NA,NA,Bryopsida,Isobryales,Fontinalaceae,Fontinalis,NA,antipyretica,var. antipyretica,NA,NA,variety,NA,NA
D17,BIGC,2019,4,BIGC.AOS.aquatic.plant.transect.02,NA,plant,submerged,FOANA,Fontinalis antipyretica Hedw. var. antipyretica,NA,NA,NA,Bryopsida,Isobryales,Fontinalaceae,Fontinalis,NA,antipyretica,var. antipyretica,NA,NA,variety,NA,NA
D17,BIGC,2019,4,BIGC.AOS.aquatic.plant.transect.02,NA,plant,submerged,2PLANT,Unknown plant,PaulsLeafyLiverwort,NA,NA,NA,NA,NA,NA,NA,NA,NA,NA,NA,kingdom,NA,NA
D17,BIGC,2019,4,BIGC.AOS.aquatic.plant.transect.03,NA,plant,submerged,CHPO14,Chiloscyphus polyanthos (L.) Corda,NA,NA,NA,Hepaticopsida,Jungermanniales,Geocalycaceae,Chiloscyphus,NA,polyanthos,NA,NA,NA,species,2020-05-15T19:00:00Z,NA
D17,BIGC,2019,4,BIGC.AOS.aquatic.plant.transect.03,NA,plant,submerged,JUNCU,Juncus sp.,NA,Magnoliophyta,NA,Liliopsida,Juncales,Juncaceae,Juncus,NA,sp.,NA,NA,NA,genus,NA,NA
D17,BIGC,2019,4,BIGC.AOS.aquatic.plant.transect.03,NA,plant,submerged,CHPO14,Chiloscyphus polyanthos (L.) Corda,NA,NA,NA,Hepaticopsida,Jungermanniales,Geocalycaceae,Chiloscyphus,NA,polyanthos,NA,NA,NA,species,2020-05-15T19:00:00Z,NA
D17,BIGC,2019,4,BIGC.AOS.aquatic.plant.transect.03,NA,plant,submerged,CHPO14,Chiloscyphus polyanthos (L.) Corda,NA,NA,NA,Hepaticopsida,Jungermanniales,Geocalycaceae,Chiloscyphus,NA,polyanthos,NA,NA,NA,species,2020-05-15T19:00:00Z,NA
D17,BIGC,2019,4,BIGC.AOS.aquatic.plant.transect.03,NA,plant,submerged,CHPO14,Chiloscyphus polyanthos (L.) Corda,NA,NA,NA,Hepaticopsida,Jungermanniales,Geocalycaceae,Chiloscyphus,NA,polyanthos,NA,NA,NA,species,2020-05-15T19:00:00Z,NA
D17,BIGC,2019,4,BIGC.AOS.aquatic.plant.transect.03,NA,plant,submerged,PLME4,Plagiomnium medium (Bruch & Schimp.) T. Kop.,NA,NA,NA,Bryopsida,Bryales,Mniaceae,Plagiomnium,NA,medium,NA,NA,NA,species,NA,NA
D17,BIGC,2019,4,BIGC.AOS.aquatic.plant.transect.03,NA,plant,submerged,CHPO14,Chiloscyphus polyanthos (L.) Corda,NA,NA,NA,Hepaticopsida,Jungermanniales,Geocalycaceae,Chiloscyphus,NA,polyanthos,NA,NA,NA,species,2020-05-15T19:00:00Z,NA
D17,BIGC,2019,4,BIGC.AOS.aquatic.plant.transect.06,NA,plant,submerged,CHPO14,Chiloscyphus polyanthos (L.) Corda,NA,NA,NA,Hepaticopsida,Jungermanniales,Geocalycaceae,Chiloscyphus,NA,polyanthos,NA,NA,NA,species,2020-05-15T19:00:00Z,NA
D17,BIGC,2019,4,BIGC.AOS.aquatic.plant.transect.06,NA,plant,submerged,FOANA,Fontinalis antipyretica Hedw. var. antipyretica,NA,NA,NA,Bryopsida,Isobryales,Fontinalaceae,Fontinalis,NA,antipyretica,var. antipyretica,NA,NA,variety,NA,NA
D17,BIGC,2019,4,BIGC.AOS.aquatic.plant.transect.06,NA,plant,submerged,FOANA,Fontinalis antipyretica Hedw. var. antipyretica,NA,NA,NA,Bryopsida,Isobryales,Fontinalaceae,Fontinalis,NA,antipyretica,var. antipyretica,NA,NA,variety,NA,NA
D17,BIGC,2019,4,BIGC.AOS.aquatic.plant.transect.07,NA,plant,submerged,POACEA,Poaceae sp.,NA,Magnoliophyta,NA,Liliopsida,Cyperales,Poaceae,NA,NA,sp.,NA,NA,NA,family,NA,NA
D17,BIGC,2019,4,BIGC.AOS.aquatic.plant.transect.07,NA,plant,submerged,FOANA,Fontinalis antipyretica Hedw. var. antipyretica,NA,NA,NA,Bryopsida,Isobryales,Fontinalaceae,Fontinalis,NA,antipyretica,var. antipyretica,NA,NA,variety,NA,NA
D17,BIGC,2019,4,BIGC.AOS.aquatic.plant.transect.07,NA,plant,submerged,POACEA,Poaceae sp.,NA,Magnoliophyta,NA,Liliopsida,Cyperales,Poaceae,NA,NA,sp.,NA,NA,NA,family,NA,NA
D17,BIGC,2019,4,BIGC.AOS.aquatic.plant.transect.07,NA,plant,submerged,POACEA,Poaceae sp.,NA,Magnoliophyta,NA,Liliopsida,Cyperales,Poaceae,NA,NA,sp.,NA,NA,NA,family,NA,NA
D17,BIGC,2019,4,BIGC.AOS.aquatic.plant.transect.07,NA,plant,submerged,FOANA,Fontinalis antipyretica Hedw. var. antipyretica,NA,NA,NA,Bryopsida,Isobryales,Fontinalaceae,Fontinalis,NA,antipyretica,var. antipyretica,NA,NA,variety,NA,NA
D17,BIGC,2019,4,BIGC.AOS.aquatic.plant.transect.07,NA,plant,submerged,FOANA,Fontinalis antipyretica Hedw. var. antipyretica,NA,NA,NA,Bryopsida,Isobryales,Fontinalaceae,Fontinalis,NA,antipyretica,var. antipyretica,NA,NA,variety,NA,NA
D17,BIGC,2019,4,BIGC.AOS.aquatic.plant.transect.07,NA,plant,submerged,CHPO14,Chiloscyphus polyanthos (L.) Corda,NA,NA,NA,Hepaticopsida,Jungermanniales,Geocalycaceae,Chiloscyphus,NA,polyanthos,NA,NA,NA,species,2020-05-15T19:00:00Z,NA
D17,BIGC,2019,4,BIGC.AOS.aquatic.plant.transect.07,NA,plant,submerged,FOANA,Fontinalis antipyretica Hedw. var. antipyretica,NA,NA,NA,Bryopsida,Isobryales,Fontinalaceae,Fontinalis,NA,antipyretica,var. antipyretica,NA,NA,variety,NA,NA
D17,BIGC,2019,4,BIGC.AOS.aquatic.plant.transect.07,NA,plant,submerged,MIGU,Mimulus guttatus DC.,NA,Magnoliophyta,NA,Magnoliopsida,Scrophulariales,Scrophulariaceae,Mimulus,NA,guttatus,NA,NA,NA,species,NA,NA
D17,BIGC,2019,4,BIGC.AOS.aquatic.plant.transect.07,NA,plant,submerged,CHPO14,Chiloscyphus polyanthos (L.) Corda,NA,NA,NA,Hepaticopsida,Jungermanniales,Geocalycaceae,Chiloscyphus,NA,polyanthos,NA,NA,NA,species,2020-05-15T19:00:00Z,NA
D17,BIGC,2019,4,BIGC.AOS.aquatic.plant.transect.07,NA,plant,submerged,POACEA,Poaceae sp.,NA,Magnoliophyta,NA,Liliopsida,Cyperales,Poaceae,NA,NA,sp.,NA,NA,NA,family,NA,NA
D17,BIGC,2019,4,BIGC.AOS.aquatic.plant.transect.07,NA,plant,submerged,FOANA,Fontinalis antipyretica Hedw. var. antipyretica,NA,NA,NA,Bryopsida,Isobryales,Fontinalaceae,Fontinalis,NA,antipyretica,var. antipyretica,NA,NA,variety,NA,NA
D17,BIGC,2019,4,BIGC.AOS.aquatic.plant.transect.07,NA,plant,submerged,FOANA,Fontinalis antipyretica Hedw. var. antipyretica,NA,NA,NA,Bryopsida,Isobryales,Fontinalaceae,Fontinalis,NA,antipyretica,var. antipyretica,NA,NA,variety,NA,NA
D17,BIGC,2019,4,BIGC.AOS.aquatic.plant.transect.07,NA,plant,emergent,POACEA,Poaceae sp.,NA,Magnoliophyta,NA,Liliopsida,Cyperales,Poaceae,NA,NA,sp.,NA,NA,NA,family,NA,NA
D17,BIGC,2019,4,BIGC.AOS.aquatic.plant.transect.07,NA,plant,submerged,FOANA,Fontinalis antipyretica Hedw. var. antipyretica,NA,NA,NA,Bryopsida,Isobryales,Fontinalaceae,Fontinalis,NA,antipyretica,var. antipyretica,NA,NA,variety,NA,NA
D17,BIGC,2019,4,BIGC.AOS.aquatic.plant.transect.07,NA,plant,emergent,POACEA,Poaceae sp.,NA,Magnoliophyta,NA,Liliopsida,Cyperales,Poaceae,NA,NA,sp.,NA,NA,NA,family,NA,NA
D17,BIGC,2019,4,BIGC.AOS.aquatic.plant.transect.07,NA,plant,submerged,CHPO14,Chiloscyphus polyanthos (L.) Corda,NA,NA,NA,Hepaticopsida,Jungermanniales,Geocalycaceae,Chiloscyphus,NA,polyanthos,NA,NA,NA,species,2020-05-15T19:00:00Z,NA
D17,BIGC,2019,4,BIGC.AOS.aquatic.plant.transect.07,NA,plant,submerged,FOANO,Fontinalis antipyretica Hedw. var. oregonensis Renauld & Cardot,NA,NA,NA,Bryopsida,Isobryales,Fontinalaceae,Fontinalis,NA,antipyretica,var. oregonensis,NA,NA,variety,NA,NA
D17,BIGC,2019,4,BIGC.AOS.aquatic.plant.transect.07,NA,plant,floating-leaved,2PLANT,Unknown plant,DangleRoots,NA,NA,NA,NA,NA,NA,NA,NA,NA,NA,NA,kingdom,NA,NA
D17,BIGC,2019,4,BIGC.AOS.aquatic.plant.transect.07,NA,plant,submerged,FOANO,Fontinalis antipyretica Hedw. var. oregonensis Renauld & Cardot,NA,NA,NA,Bryopsida,Isobryales,Fontinalaceae,Fontinalis,NA,antipyretica,var. oregonensis,NA,NA,variety,NA,NA
D17,BIGC,2019,4,BIGC.AOS.aquatic.plant.transect.07,NA,plant,submerged,POACEA,Poaceae sp.,NA,Magnoliophyta,NA,Liliopsida,Cyperales,Poaceae,NA,NA,sp.,NA,NA,NA,family,NA,NA
D17,BIGC,2019,4,BIGC.AOS.aquatic.plant.transect.07,NA,plant,emergent,POACEA,Poaceae sp.,NA,Magnoliophyta,NA,Liliopsida,Cyperales,Poaceae,NA,NA,sp.,NA,NA,NA,family,NA,NA
D17,BIGC,2019,4,BIGC.AOS.aquatic.plant.transect.07,NA,plant,emergent,MIGU,Mimulus guttatus DC.,NA,Magnoliophyta,NA,Magnoliopsida,Scrophulariales,Scrophulariaceae,Mimulus,NA,guttatus,NA,NA,NA,species,NA,NA
D17,BIGC,2019,4,BIGC.AOS.aquatic.plant.transect.07,NA,plant,submerged,FOANA,Fontinalis antipyretica Hedw. var. antipyretica,NA,NA,NA,Bryopsida,Isobryales,Fontinalaceae,Fontinalis,NA,antipyretica,var. antipyretica,NA,NA,variety,NA,NA
D17,BIGC,2019,4,BIGC.AOS.aquatic.plant.transect.07,NA,plant,submerged,CHPO14,Chiloscyphus polyanthos (L.) Corda,NA,NA,NA,Hepaticopsida,Jungermanniales,Geocalycaceae,Chiloscyphus,NA,polyanthos,NA,NA,NA,species,2020-05-15T19:00:00Z,NA
D17,BIGC,2019,4,BIGC.AOS.aquatic.plant.transect.07,NA,plant,submerged,MIGU,Mimulus guttatus DC.,NA,Magnoliophyta,NA,Magnoliopsida,Scrophulariales,Scrophulariaceae,Mimulus,NA,guttatus,NA,NA,NA,species,NA,NA
D17,BIGC,2019,4,BIGC.AOS.aquatic.plant.transect.07,NA,plant,submerged,FOANA,Fontinalis antipyretica Hedw. var. antipyretica,NA,NA,NA,Bryopsida,Isobryales,Fontinalaceae,Fontinalis,NA,antipyretica,var. antipyretica,NA,NA,variety,NA,NA
D17,BIGC,2019,4,BIGC.AOS.aquatic.plant.transect.07,NA,plant,submerged,MIGU,Mimulus guttatus DC.,NA,Magnoliophyta,NA,Magnoliopsida,Scrophulariales,Scrophulariaceae,Mimulus,NA,guttatus,NA,NA,NA,species,NA,NA
D17,BIGC,2019,4,BIGC.AOS.aquatic.plant.transect.07,NA,plant,submerged,FOANA,Fontinalis antipyretica Hedw. var. antipyretica,NA,NA,NA,Bryopsida,Isobryales,Fontinalaceae,Fontinalis,NA,antipyretica,var. antipyretica,NA,NA,variety,NA,NA
D17,BIGC,2019,4,BIGC.AOS.aquatic.plant.transect.07,NA,plant,submerged,POACEA,Poaceae sp.,NA,Magnoliophyta,NA,Liliopsida,Cyperales,Poaceae,NA,NA,sp.,NA,NA,NA,family,NA,NA
D17,BIGC,2019,4,BIGC.AOS.aquatic.plant.transect.07,NA,plant,submerged,POACEA,Poaceae sp.,NA,Magnoliophyta,NA,Liliopsida,Cyperales,Poaceae,NA,NA,sp.,NA,NA,NA,family,NA,NA
D17,BIGC,2019,4,BIGC.AOS.aquatic.plant.transect.07,NA,plant,submerged,MIGU,Mimulus guttatus DC.,NA,Magnoliophyta,NA,Magnoliopsida,Scrophulariales,Scrophulariaceae,Mimulus,NA,guttatus,NA,NA,NA,species,NA,NA
D17,BIGC,2019,4,BIGC.AOS.aquatic.plant.transect.10,NA,plant,submerged,FOANA,Fontinalis antipyretica Hedw. var. antipyretica,NA,NA,NA,Bryopsida,Isobryales,Fontinalaceae,Fontinalis,NA,antipyretica,var. antipyretica,NA,NA,variety,NA,NA
D17,BIGC,2019,4,BIGC.AOS.aquatic.plant.transect.10,NA,plant,submerged,FOANA,Fontinalis antipyretica Hedw. var. antipyretica,NA,NA,NA,Bryopsida,Isobryales,Fontinalaceae,Fontinalis,NA,antipyretica,var. antipyretica,NA,NA,variety,NA,NA
D17,BIGC,2019,4,BIGC.AOS.aquatic.plant.transect.10,NA,plant,submerged,CHPO14,Chiloscyphus polyanthos (L.) Corda,NA,NA,NA,Hepaticopsida,Jungermanniales,Geocalycaceae,Chiloscyphus,NA,polyanthos,NA,NA,NA,species,2020-05-15T19:00:00Z,NA
D17,BIGC,2019,4,BIGC.AOS.aquatic.plant.transect.10,NA,plant,submerged,FOANO,Fontinalis antipyretica Hedw. var. oregonensis Renauld & Cardot,NA,NA,NA,Bryopsida,Isobryales,Fontinalaceae,Fontinalis,NA,antipyretica,var. oregonensis,NA,NA,variety,NA,NA
D17,BIGC,2019,4,BIGC.AOS.aquatic.plant.transect.10,NA,plant,submerged,CHPO14,Chiloscyphus polyanthos (L.) Corda,NA,NA,NA,Hepaticopsida,Jungermanniales,Geocalycaceae,Chiloscyphus,NA,polyanthos,NA,NA,NA,species,2020-05-15T19:00:00Z,NA
D17,BIGC,2019,4,BIGC.AOS.aquatic.plant.transect.10,NA,plant,submerged,FOANO,Fontinalis antipyretica Hedw. var. oregonensis Renauld & Cardot,NA,NA,NA,Bryopsida,Isobryales,Fontinalaceae,Fontinalis,NA,antipyretica,var. oregonensis,NA,NA,variety,NA,NA
D17,BIGC,2019,4,BIGC.AOS.aquatic.plant.transect.10,NA,plant,submerged,CHPO14,Chiloscyphus polyanthos (L.) Corda,NA,NA,NA,Hepaticopsida,Jungermanniales,Geocalycaceae,Chiloscyphus,NA,polyanthos,NA,NA,NA,species,2020-05-15T19:00:00Z,NA
D17,BIGC,2019,4,BIGC.AOS.aquatic.plant.transect.10,NA,plant,submerged,CHPO14,Chiloscyphus polyanthos (L.) Corda,NA,NA,NA,Hepaticopsida,Jungermanniales,Geocalycaceae,Chiloscyphus,NA,polyanthos,NA,NA,NA,species,2020-05-15T19:00:00Z,NA
D17,BIGC,2019,4,BIGC.AOS.aquatic.plant.transect.10,NA,plant,submerged,CHPO14,Chiloscyphus polyanthos (L.) Corda,NA,NA,NA,Hepaticopsida,Jungermanniales,Geocalycaceae,Chiloscyphus,NA,polyanthos,NA,NA,NA,species,2020-05-15T19:00:00Z,NA
D17,BIGC,2019,4,BIGC.AOS.aquatic.plant.transect.10,NA,plant,submerged,FOANA,Fontinalis antipyretica Hedw. var. antipyretica,NA,NA,NA,Bryopsida,Isobryales,Fontinalaceae,Fontinalis,NA,antipyretica,var. antipyretica,NA,NA,variety,NA,NA
D17,BIGC,2019,4,BIGC.AOS.aquatic.plant.transect.10,NA,plant,submerged,FOANO,Fontinalis antipyretica Hedw. var. oregonensis Renauld & Cardot,NA,NA,NA,Bryopsida,Isobryales,Fontinalaceae,Fontinalis,NA,antipyretica,var. oregonensis,NA,NA,variety,NA,NA
D17,BIGC,2019,4,BIGC.AOS.aquatic.plant.transect.10,NA,plant,submerged,FOANA,Fontinalis antipyretica Hedw. var. antipyretica,NA,NA,NA,Bryopsida,Isobryales,Fontinalaceae,Fontinalis,NA,antipyretica,var. antipyretica,NA,NA,variety,NA,NA
D17,BIGC,2019,4,BIGC.AOS.aquatic.plant.transect.10,NA,plant,submerged,CHPO14,Chiloscyphus polyanthos (L.) Corda,NA,NA,NA,Hepaticopsida,Jungermanniales,Geocalycaceae,Chiloscyphus,NA,polyanthos,NA,NA,NA,species,2020-05-15T19:00:00Z,NA
D17,BIGC,2019,4,BIGC.AOS.aquatic.plant.transect.10,NA,plant,submerged,CHPO14,Chiloscyphus polyanthos (L.) Corda,NA,NA,NA,Hepaticopsida,Jungermanniales,Geocalycaceae,Chiloscyphus,NA,polyanthos,NA,NA,NA,species,2020-05-15T19:00:00Z,NA
D17,BIGC,2019,4,BIGC.AOS.aquatic.plant.transect.10,NA,plant,submerged,FOANA,Fontinalis antipyretica Hedw. var. antipyretica,NA,NA,NA,Bryopsida,Isobryales,Fontinalaceae,Fontinalis,NA,antipyretica,var. antipyretica,NA,NA,variety,NA,NA
D17,BIGC,2019,4,BIGC.AOS.aquatic.plant.transect.10,NA,plant,submerged,FOANA,Fontinalis antipyretica Hedw. var. antipyretica,NA,NA,NA,Bryopsida,Isobryales,Fontinalaceae,Fontinalis,NA,antipyretica,var. antipyretica,NA,NA,variety,NA,NA
D17,BIGC,2019,4,BIGC.AOS.aquatic.plant.transect.10,NA,plant,emergent,WOFI,Woodwardia fimbriata Sm.,NA,Pteridophyta,NA,Filicopsida,Polypodiales,Blechnaceae,Woodwardia,NA,fimbriata,NA,NA,NA,species,NA,NA
D17,BIGC,2019,4,BIGC.AOS.aquatic.plant.transect.09,NA,plant,submerged,2PLANT,Unknown plant,PaulsLeafyLiverwort,NA,NA,NA,NA,NA,NA,NA,NA,NA,NA,NA,kingdom,NA,NA
D17,BIGC,2019,4,BIGC.AOS.aquatic.plant.transect.09,NA,plant,submerged,POACEA,Poaceae sp.,NA,Magnoliophyta,NA,Liliopsida,Cyperales,Poaceae,NA,NA,sp.,NA,NA,NA,family,NA,NA
D17,BIGC,2019,4,BIGC.AOS.aquatic.plant.transect.09,NA,plant,submerged,FOANA,Fontinalis antipyretica Hedw. var. antipyretica,NA,NA,NA,Bryopsida,Isobryales,Fontinalaceae,Fontinalis,NA,antipyretica,var. antipyretica,NA,NA,variety,NA,NA
D17,BIGC,2019,4,BIGC.AOS.aquatic.plant.transect.09,NA,plant,submerged,CHPO14,Chiloscyphus polyanthos (L.) Corda,NA,NA,NA,Hepaticopsida,Jungermanniales,Geocalycaceae,Chiloscyphus,NA,polyanthos,NA,NA,NA,species,2020-05-15T19:00:00Z,NA
D17,BIGC,2019,4,BIGC.AOS.aquatic.plant.transect.09,NA,plant,submerged,2PLANT,Unknown plant,PaulsLeafyLiverwort,NA,NA,NA,NA,NA,NA,NA,NA,NA,NA,NA,kingdom,NA,NA
D17,BIGC,2019,4,BIGC.AOS.aquatic.plant.transect.09,NA,plant,submerged,FOANA,Fontinalis antipyretica Hedw. var. antipyretica,NA,NA,NA,Bryopsida,Isobryales,Fontinalaceae,Fontinalis,NA,antipyretica,var. antipyretica,NA,NA,variety,NA,NA
D17,BIGC,2019,4,BIGC.AOS.aquatic.plant.transect.09,NA,plant,submerged,FOANA,Fontinalis antipyretica Hedw. var. antipyretica,NA,NA,NA,Bryopsida,Isobryales,Fontinalaceae,Fontinalis,NA,antipyretica,var. antipyretica,NA,NA,variety,NA,NA
D17,BIGC,2019,4,BIGC.AOS.aquatic.plant.transect.09,NA,plant,submerged,FOANA,Fontinalis antipyretica Hedw. var. antipyretica,NA,NA,NA,Bryopsida,Isobryales,Fontinalaceae,Fontinalis,NA,antipyretica,var. antipyretica,NA,NA,variety,NA,NA
D17,BIGC,2019,4,BIGC.AOS.aquatic.plant.transect.09,NA,plant,submerged,2PLANT,Unknown plant,DangleRoots,NA,NA,NA,NA,NA,NA,NA,NA,NA,NA,NA,kingdom,NA,NA
D17,BIGC,2019,4,BIGC.AOS.aquatic.plant.transect.08,NA,plant,submerged,FOANA,Fontinalis antipyretica Hedw. var. antipyretica,NA,NA,NA,Bryopsida,Isobryales,Fontinalaceae,Fontinalis,NA,antipyretica,var. antipyretica,NA,NA,variety,NA,NA
D17,BIGC,2019,4,BIGC.AOS.aquatic.plant.transect.08,NA,plant,submerged,FOANA,Fontinalis antipyretica Hedw. var. antipyretica,NA,NA,NA,Bryopsida,Isobryales,Fontinalaceae,Fontinalis,NA,antipyretica,var. antipyretica,NA,NA,variety,NA,NA
D17,BIGC,2019,4,BIGC.AOS.aquatic.plant.transect.08,NA,plant,submerged,FOANA,Fontinalis antipyretica Hedw. var. antipyretica,NA,NA,NA,Bryopsida,Isobryales,Fontinalaceae,Fontinalis,NA,antipyretica,var. antipyretica,NA,NA,variety,NA,NA
D17,BIGC,2019,4,BIGC.AOS.aquatic.plant.transect.08,NA,plant,submerged,CHPO14,Chiloscyphus polyanthos (L.) Corda,NA,NA,NA,Hepaticopsida,Jungermanniales,Geocalycaceae,Chiloscyphus,NA,polyanthos,NA,NA,NA,species,2020-05-15T19:00:00Z,NA
D17,BIGC,2019,4,BIGC.AOS.aquatic.plant.transect.08,NA,plant,submerged,CHPO14,Chiloscyphus polyanthos (L.) Corda,NA,NA,NA,Hepaticopsida,Jungermanniales,Geocalycaceae,Chiloscyphus,NA,polyanthos,NA,NA,NA,species,2020-05-15T19:00:00Z,NA
D17,BIGC,2019,4,BIGC.AOS.aquatic.plant.transect.08,NA,plant,submerged,FOANA,Fontinalis antipyretica Hedw. var. antipyretica,NA,NA,NA,Bryopsida,Isobryales,Fontinalaceae,Fontinalis,NA,antipyretica,var. antipyretica,NA,NA,variety,NA,NA
D17,BIGC,2019,4,BIGC.AOS.aquatic.plant.transect.08,NA,plant,submerged,FOANA,Fontinalis antipyretica Hedw. var. antipyretica,NA,NA,NA,Bryopsida,Isobryales,Fontinalaceae,Fontinalis,NA,antipyretica,var. antipyretica,NA,NA,variety,NA,NA
D17,BIGC,2019,4,BIGC.AOS.aquatic.plant.transect.08,NA,plant,submerged,FOANA,Fontinalis antipyretica Hedw. var. antipyretica,NA,NA,NA,Bryopsida,Isobryales,Fontinalaceae,Fontinalis,NA,antipyretica,var. antipyretica,NA,NA,variety,NA,NA
D17,BIGC,2019,4,BIGC.AOS.aquatic.plant.transect.08,NA,plant,submerged,FOANA,Fontinalis antipyretica Hedw. var. antipyretica,NA,NA,NA,Bryopsida,Isobryales,Fontinalaceae,Fontinalis,NA,antipyretica,var. antipyretica,NA,NA,variety,NA,NA
D17,BIGC,2019,4,BIGC.AOS.aquatic.plant.transect.08,NA,plant,submerged,FOANA,Fontinalis antipyretica Hedw. var. antipyretica,NA,NA,NA,Bryopsida,Isobryales,Fontinalaceae,Fontinalis,NA,antipyretica,var. antipyretica,NA,NA,variety,NA,NA
D17,BIGC,2019,4,BIGC.AOS.aquatic.plant.transect.08,NA,plant,submerged,CHPO14,Chiloscyphus polyanthos (L.) Corda,NA,NA,NA,Hepaticopsida,Jungermanniales,Geocalycaceae,Chiloscyphus,NA,polyanthos,NA,NA,NA,species,2020-05-15T19:00:00Z,NA
D17,BIGC,2019,4,BIGC.AOS.aquatic.plant.transect.08,NA,plant,submerged,CHPO14,Chiloscyphus polyanthos (L.) Corda,NA,NA,NA,Hepaticopsida,Jungermanniales,Geocalycaceae,Chiloscyphus,NA,polyanthos,NA,NA,NA,species,2020-05-15T19:00:00Z,NA
D17,BIGC,2019,4,BIGC.AOS.aquatic.plant.transect.08,NA,plant,submerged,FOANA,Fontinalis antipyretica Hedw. var. antipyretica,NA,NA,NA,Bryopsida,Isobryales,Fontinalaceae,Fontinalis,NA,antipyretica,var. antipyretica,NA,NA,variety,NA,NA
D17,BIGC,2019,4,BIGC.AOS.aquatic.plant.transect.08,NA,plant,submerged,2PLANT,Unknown plant,DangleRoots,NA,NA,NA,NA,NA,NA,NA,NA,NA,NA,NA,kingdom,NA,NA
D17,BIGC,2019,4,BIGC.AOS.aquatic.plant.transect.08,NA,plant,submerged,CHPO14,Chiloscyphus polyanthos (L.) Corda,NA,NA,NA,Hepaticopsida,Jungermanniales,Geocalycaceae,Chiloscyphus,NA,polyanthos,NA,NA,NA,species,2020-05-15T19:00:00Z,NA
D17,BIGC,2019,4,BIGC.AOS.aquatic.plant.transect.08,NA,plant,submerged,CHPO14,Chiloscyphus polyanthos (L.) Corda,NA,NA,NA,Hepaticopsida,Jungermanniales,Geocalycaceae,Chiloscyphus,NA,polyanthos,NA,NA,NA,species,2020-05-15T19:00:00Z,NA
D17,BIGC,2019,4,BIGC.AOS.aquatic.plant.transect.08,NA,plant,submerged,CHPO14,Chiloscyphus polyanthos (L.) Corda,NA,NA,NA,Hepaticopsida,Jungermanniales,Geocalycaceae,Chiloscyphus,NA,polyanthos,NA,NA,NA,species,2020-05-15T19:00:00Z,NA
D17,BIGC,2019,4,BIGC.AOS.aquatic.plant.transect.08,NA,plant,submerged,CHPO14,Chiloscyphus polyanthos (L.) Corda,NA,NA,NA,Hepaticopsida,Jungermanniales,Geocalycaceae,Chiloscyphus,NA,polyanthos,NA,NA,NA,species,2020-05-15T19:00:00Z,NA
D17,BIGC,2019,4,BIGC.AOS.aquatic.plant.transect.08,NA,plant,submerged,FOANA,Fontinalis antipyretica Hedw. var. antipyretica,NA,NA,NA,Bryopsida,Isobryales,Fontinalaceae,Fontinalis,NA,antipyretica,var. antipyretica,NA,NA,variety,NA,NA
D17,BIGC,2019,4,BIGC.AOS.aquatic.plant.transect.08,NA,plant,submerged,FOANA,Fontinalis antipyretica Hedw. var. antipyretica,NA,NA,NA,Bryopsida,Isobryales,Fontinalaceae,Fontinalis,NA,antipyretica,var. antipyretica,NA,NA,variety,NA,NA
D17,BIGC,2019,4,BIGC.AOS.aquatic.plant.transect.08,NA,plant,submerged,FOANA,Fontinalis antipyretica Hedw. var. antipyretica,NA,NA,NA,Bryopsida,Isobryales,Fontinalaceae,Fontinalis,NA,antipyretica,var. antipyretica,NA,NA,variety,NA,NA
D17,BIGC,2021,4,BIGC.AOS.aquatic.plant.transect.01,NA,plant,submerged,CHPO14,Chiloscyphus polyanthos (L.) Corda,NA,NA,NA,Hepaticopsida,Jungermanniales,Geocalycaceae,Chiloscyphus,NA,polyanthos,NA,NA,NA,species,2021-04-20T15:47:00Z,NA
D17,BIGC,2021,4,BIGC.AOS.aquatic.plant.transect.02,NA,plant,submerged,CHPO14,Chiloscyphus polyanthos (L.) Corda,NA,NA,NA,Hepaticopsida,Jungermanniales,Geocalycaceae,Chiloscyphus,NA,polyanthos,NA,NA,NA,species,2021-04-20T16:03:00Z,NA
D17,BIGC,2021,4,BIGC.AOS.aquatic.plant.transect.02,NA,plant,submerged,EQUIS,Equisetum sp.,NA,Equisetophyta,NA,Equisetopsida,Equisetales,Equisetaceae,Equisetum,NA,sp.,NA,NA,NA,genus,NA,NA
D17,BIGC,2021,4,BIGC.AOS.aquatic.plant.transect.02,NA,plant,submerged,CHPO14,Chiloscyphus polyanthos (L.) Corda,NA,NA,NA,Hepaticopsida,Jungermanniales,Geocalycaceae,Chiloscyphus,NA,polyanthos,NA,NA,NA,species,2021-04-20T16:03:00Z,NA
D17,BIGC,2021,4,BIGC.AOS.aquatic.plant.transect.03,NA,plant,submerged,CHPO14,Chiloscyphus polyanthos (L.) Corda,NA,NA,NA,Hepaticopsida,Jungermanniales,Geocalycaceae,Chiloscyphus,NA,polyanthos,NA,NA,NA,species,2021-04-20T16:22:00Z,NA
D17,BIGC,2021,4,BIGC.AOS.aquatic.plant.transect.03,NA,plant,submerged,CHPO14,Chiloscyphus polyanthos (L.) Corda,NA,NA,NA,Hepaticopsida,Jungermanniales,Geocalycaceae,Chiloscyphus,NA,polyanthos,NA,NA,NA,species,2021-04-20T16:22:00Z,NA
D17,BIGC,2021,4,BIGC.AOS.aquatic.plant.transect.05,NA,plant,submerged,FOANA,Fontinalis antipyretica Hedw. var. antipyretica,NA,NA,NA,Bryopsida,Isobryales,Fontinalaceae,Fontinalis,NA,antipyretica,var. antipyretica,NA,NA,variety,NA,NA
D17,BIGC,2021,4,BIGC.AOS.aquatic.plant.transect.07,NA,plant,emergent,NASTU2,Nasturtium sp.,NA,Magnoliophyta,NA,Magnoliopsida,Capparales,Brassicaceae,Nasturtium,NA,sp.,NA,NA,NA,genus,NA,NA
D17,BIGC,2021,4,BIGC.AOS.aquatic.plant.transect.07,NA,plant,submerged,CHPO14,Chiloscyphus polyanthos (L.) Corda,NA,NA,NA,Hepaticopsida,Jungermanniales,Geocalycaceae,Chiloscyphus,NA,polyanthos,NA,NA,NA,species,2021-04-22T15:34:00Z,NA
D17,BIGC,2021,4,BIGC.AOS.aquatic.plant.transect.07,NA,plant,submerged,CHPO14,Chiloscyphus polyanthos (L.) Corda,NA,NA,NA,Hepaticopsida,Jungermanniales,Geocalycaceae,Chiloscyphus,NA,polyanthos,NA,NA,NA,species,2021-04-22T15:34:00Z,NA
D17,BIGC,2021,4,BIGC.AOS.aquatic.plant.transect.07,NA,plant,submerged,FOANA,Fontinalis antipyretica Hedw. var. antipyretica,NA,NA,NA,Bryopsida,Isobryales,Fontinalaceae,Fontinalis,NA,antipyretica,var. antipyretica,NA,NA,variety,NA,NA
D17,BIGC,2021,4,BIGC.AOS.aquatic.plant.transect.07,NA,plant,submerged,FOANA,Fontinalis antipyretica Hedw. var. antipyretica,NA,NA,NA,Bryopsida,Isobryales,Fontinalaceae,Fontinalis,NA,antipyretica,var. antipyretica,NA,NA,variety,NA,NA
D17,BIGC,2021,4,BIGC.AOS.aquatic.plant.transect.07,NA,plant,submerged,FOANA,Fontinalis antipyretica Hedw. var. antipyretica,NA,NA,NA,Bryopsida,Isobryales,Fontinalaceae,Fontinalis,NA,antipyretica,var. antipyretica,NA,NA,variety,NA,NA
D17,BIGC,2021,4,BIGC.AOS.aquatic.plant.transect.07,NA,plant,submerged,CHPO14,Chiloscyphus polyanthos (L.) Corda,NA,NA,NA,Hepaticopsida,Jungermanniales,Geocalycaceae,Chiloscyphus,NA,polyanthos,NA,NA,NA,species,2021-04-22T15:34:00Z,NA
D17,BIGC,2021,4,BIGC.AOS.aquatic.plant.transect.08,NA,plant,emergent,NASTU2,Nasturtium sp.,NA,Magnoliophyta,NA,Magnoliopsida,Capparales,Brassicaceae,Nasturtium,NA,sp.,NA,NA,NA,genus,NA,NA
D17,BIGC,2021,4,BIGC.AOS.aquatic.plant.transect.08,NA,plant,submerged,FOANA,Fontinalis antipyretica Hedw. var. antipyretica,NA,NA,NA,Bryopsida,Isobryales,Fontinalaceae,Fontinalis,NA,antipyretica,var. antipyretica,NA,NA,variety,NA,NA
D17,BIGC,2021,4,BIGC.AOS.aquatic.plant.transect.08,NA,plant,emergent,MARCH,Marchantia sp.,NA,NA,NA,Hepaticopsida,Marchantiales,Marchantiaceae,Marchantia,NA,sp.,NA,NA,NA,genus,NA,NA
D17,BIGC,2019,7,BIGC.AOS.aquatic.plant.transect.02,NA,plant,emergent,2PLANT,Unknown plant,Lilcedar,NA,NA,NA,NA,NA,NA,NA,NA,NA,NA,NA,kingdom,NA,NA
D17,BIGC,2019,7,BIGC.AOS.aquatic.plant.transect.02,NA,plant,submerged,CHPO14,Chiloscyphus polyanthos (L.) Corda,NA,NA,NA,Hepaticopsida,Jungermanniales,Geocalycaceae,Chiloscyphus,NA,polyanthos,NA,NA,NA,species,2020-05-15T19:00:00Z,NA
D17,BIGC,2019,7,BIGC.AOS.aquatic.plant.transect.02,NA,plant,submerged,CHPO14,Chiloscyphus polyanthos (L.) Corda,NA,NA,NA,Hepaticopsida,Jungermanniales,Geocalycaceae,Chiloscyphus,NA,polyanthos,NA,NA,NA,species,2020-05-15T19:00:00Z,NA
D17,BIGC,2019,7,BIGC.AOS.aquatic.plant.transect.02,NA,plant,submerged,CHPO14,Chiloscyphus polyanthos (L.) Corda,NA,NA,NA,Hepaticopsida,Jungermanniales,Geocalycaceae,Chiloscyphus,NA,polyanthos,NA,NA,NA,species,2020-05-15T19:00:00Z,NA
D17,BIGC,2019,7,BIGC.AOS.aquatic.plant.transect.02,NA,plant,submerged,CHPO14,Chiloscyphus polyanthos (L.) Corda,NA,NA,NA,Hepaticopsida,Jungermanniales,Geocalycaceae,Chiloscyphus,NA,polyanthos,NA,NA,NA,species,2020-05-15T19:00:00Z,NA
D17,BIGC,2019,7,BIGC.AOS.aquatic.plant.transect.02,NA,plant,submerged,CHPO14,Chiloscyphus polyanthos (L.) Corda,NA,NA,NA,Hepaticopsida,Jungermanniales,Geocalycaceae,Chiloscyphus,NA,polyanthos,NA,NA,NA,species,2020-05-15T19:00:00Z,NA
D17,BIGC,2019,7,BIGC.AOS.aquatic.plant.transect.03,NA,plant,submerged,CHPO14,Chiloscyphus polyanthos (L.) Corda,NA,NA,NA,Hepaticopsida,Jungermanniales,Geocalycaceae,Chiloscyphus,NA,polyanthos,NA,NA,NA,species,2020-05-15T19:00:00Z,NA
D17,BIGC,2019,7,BIGC.AOS.aquatic.plant.transect.03,NA,plant,submerged,CHPO14,Chiloscyphus polyanthos (L.) Corda,NA,NA,NA,Hepaticopsida,Jungermanniales,Geocalycaceae,Chiloscyphus,NA,polyanthos,NA,NA,NA,species,2020-05-15T19:00:00Z,NA
D17,BIGC,2019,7,BIGC.AOS.aquatic.plant.transect.03,NA,plant,submerged,CHPO14,Chiloscyphus polyanthos (L.) Corda,NA,NA,NA,Hepaticopsida,Jungermanniales,Geocalycaceae,Chiloscyphus,NA,polyanthos,NA,NA,NA,species,2020-05-15T19:00:00Z,NA
D17,BIGC,2019,7,BIGC.AOS.aquatic.plant.transect.03,NA,plant,submerged,CHPO14,Chiloscyphus polyanthos (L.) Corda,NA,NA,NA,Hepaticopsida,Jungermanniales,Geocalycaceae,Chiloscyphus,NA,polyanthos,NA,NA,NA,species,2020-05-15T19:00:00Z,NA
D17,BIGC,2019,7,BIGC.AOS.aquatic.plant.transect.05,NA,plant,submerged,FOANA,Fontinalis antipyretica Hedw. var. antipyretica,NA,NA,NA,Bryopsida,Isobryales,Fontinalaceae,Fontinalis,NA,antipyretica,var. antipyretica,NA,NA,variety,NA,NA
D17,BIGC,2019,7,BIGC.AOS.aquatic.plant.transect.06,NA,plant,emergent,2PLANT,Unknown plant,RiverRush,NA,NA,NA,NA,NA,NA,NA,NA,NA,NA,NA,kingdom,NA,NA
D17,BIGC,2019,7,BIGC.AOS.aquatic.plant.transect.06,NA,macroalgae,submerged,NA,NA,macroalgae13.20190716.T6,NA,NA,NA,NA,NA,NA,NA,NA,NA,NA,NA,NA,NA,NA
D17,BIGC,2019,7,BIGC.AOS.aquatic.plant.transect.06,NA,plant,submerged,FOANA,Fontinalis antipyretica Hedw. var. antipyretica,NA,NA,NA,Bryopsida,Isobryales,Fontinalaceae,Fontinalis,NA,antipyretica,var. antipyretica,NA,NA,variety,NA,NA
D17,BIGC,2019,7,BIGC.AOS.aquatic.plant.transect.06,NA,plant,submerged,FOANA,Fontinalis antipyretica Hedw. var. antipyretica,NA,NA,NA,Bryopsida,Isobryales,Fontinalaceae,Fontinalis,NA,antipyretica,var. antipyretica,NA,NA,variety,NA,NA
D17,BIGC,2019,7,BIGC.AOS.aquatic.plant.transect.06,NA,plant,emergent,2PLANT,Unknown plant,RiverRush,NA,NA,NA,NA,NA,NA,NA,NA,NA,NA,NA,kingdom,NA,NA
D17,BIGC,2019,7,BIGC.AOS.aquatic.plant.transect.07,NA,plant,emergent,2PLANT,Unknown plant,DangleRoots,NA,NA,NA,NA,NA,NA,NA,NA,NA,NA,NA,kingdom,NA,NA
D17,BIGC,2019,7,BIGC.AOS.aquatic.plant.transect.07,NA,plant,emergent,2PLANT,Unknown plant,Westernpanicum,NA,NA,NA,NA,NA,NA,NA,NA,NA,NA,NA,kingdom,NA,NA
D17,BIGC,2019,7,BIGC.AOS.aquatic.plant.transect.07,NA,plant,emergent,2PLANT,Unknown plant,Strawblantro,NA,NA,NA,NA,NA,NA,NA,NA,NA,NA,NA,kingdom,NA,NA
D17,BIGC,2019,7,BIGC.AOS.aquatic.plant.transect.07,NA,plant,emergent,2PLANT,Unknown plant,Lilcedar,NA,NA,NA,NA,NA,NA,NA,NA,NA,NA,NA,kingdom,NA,NA
D17,BIGC,2019,7,BIGC.AOS.aquatic.plant.transect.07,NA,plant,submerged,FOANA,Fontinalis antipyretica Hedw. var. antipyretica,NA,NA,NA,Bryopsida,Isobryales,Fontinalaceae,Fontinalis,NA,antipyretica,var. antipyretica,NA,NA,variety,NA,NA
D17,BIGC,2019,7,BIGC.AOS.aquatic.plant.transect.07,NA,plant,emergent,2PLANT,Unknown plant,Westernpanicum,NA,NA,NA,NA,NA,NA,NA,NA,NA,NA,NA,kingdom,NA,NA
D17,BIGC,2019,7,BIGC.AOS.aquatic.plant.transect.07,NA,plant,submerged,FOANA,Fontinalis antipyretica Hedw. var. antipyretica,NA,NA,NA,Bryopsida,Isobryales,Fontinalaceae,Fontinalis,NA,antipyretica,var. antipyretica,NA,NA,variety,NA,NA
D17,BIGC,2019,7,BIGC.AOS.aquatic.plant.transect.07,NA,plant,submerged,CHPO14,Chiloscyphus polyanthos (L.) Corda,NA,NA,NA,Hepaticopsida,Jungermanniales,Geocalycaceae,Chiloscyphus,NA,polyanthos,NA,NA,NA,species,2020-05-15T19:00:00Z,NA
D17,BIGC,2019,7,BIGC.AOS.aquatic.plant.transect.07,NA,plant,submerged,FOANA,Fontinalis antipyretica Hedw. var. antipyretica,NA,NA,NA,Bryopsida,Isobryales,Fontinalaceae,Fontinalis,NA,antipyretica,var. antipyretica,NA,NA,variety,NA,NA
D17,BIGC,2019,7,BIGC.AOS.aquatic.plant.transect.08,NA,plant,submerged,FOANA,Fontinalis antipyretica Hedw. var. antipyretica,NA,NA,NA,Bryopsida,Isobryales,Fontinalaceae,Fontinalis,NA,antipyretica,var. antipyretica,NA,NA,variety,NA,NA
D17,BIGC,2019,7,BIGC.AOS.aquatic.plant.transect.08,NA,plant,submerged,CHPO14,Chiloscyphus polyanthos (L.) Corda,NA,NA,NA,Hepaticopsida,Jungermanniales,Geocalycaceae,Chiloscyphus,NA,polyanthos,NA,NA,NA,species,2020-05-15T19:00:00Z,NA
D17,BIGC,2019,7,BIGC.AOS.aquatic.plant.transect.08,NA,plant,submerged,CHPO14,Chiloscyphus polyanthos (L.) Corda,NA,NA,NA,Hepaticopsida,Jungermanniales,Geocalycaceae,Chiloscyphus,NA,polyanthos,NA,NA,NA,species,2020-05-15T19:00:00Z,NA
D17,BIGC,2019,7,BIGC.AOS.aquatic.plant.transect.08,NA,plant,submerged,FOANA,Fontinalis antipyretica Hedw. var. antipyretica,NA,NA,NA,Bryopsida,Isobryales,Fontinalaceae,Fontinalis,NA,antipyretica,var. antipyretica,NA,NA,variety,NA,NA
D17,BIGC,2019,7,BIGC.AOS.aquatic.plant.transect.08,NA,plant,submerged,CHPO14,Chiloscyphus polyanthos (L.) Corda,NA,NA,NA,Hepaticopsida,Jungermanniales,Geocalycaceae,Chiloscyphus,NA,polyanthos,NA,NA,NA,species,2020-05-15T19:00:00Z,NA
D17,BIGC,2019,7,BIGC.AOS.aquatic.plant.transect.08,NA,plant,emergent,FOANA,Fontinalis antipyretica Hedw. var. antipyretica,NA,NA,NA,Bryopsida,Isobryales,Fontinalaceae,Fontinalis,NA,antipyretica,var. antipyretica,NA,NA,variety,NA,NA
D17,BIGC,2019,7,BIGC.AOS.aquatic.plant.transect.08,NA,plant,submerged,FOANA,Fontinalis antipyretica Hedw. var. antipyretica,NA,NA,NA,Bryopsida,Isobryales,Fontinalaceae,Fontinalis,NA,antipyretica,var. antipyretica,NA,NA,variety,NA,NA
D17,BIGC,2019,7,BIGC.AOS.aquatic.plant.transect.08,NA,plant,submerged,CHPO14,Chiloscyphus polyanthos (L.) Corda,NA,NA,NA,Hepaticopsida,Jungermanniales,Geocalycaceae,Chiloscyphus,NA,polyanthos,NA,NA,NA,species,2020-05-15T19:00:00Z,NA
D17,BIGC,2019,7,BIGC.AOS.aquatic.plant.transect.09,NA,plant,submerged,FOANA,Fontinalis antipyretica Hedw. var. antipyretica,NA,NA,NA,Bryopsida,Isobryales,Fontinalaceae,Fontinalis,NA,antipyretica,var. antipyretica,NA,NA,variety,NA,NA
D17,BIGC,2019,7,BIGC.AOS.aquatic.plant.transect.09,NA,plant,submerged,FOANA,Fontinalis antipyretica Hedw. var. antipyretica,NA,NA,NA,Bryopsida,Isobryales,Fontinalaceae,Fontinalis,NA,antipyretica,var. antipyretica,NA,NA,variety,NA,NA
D17,BIGC,2019,7,BIGC.AOS.aquatic.plant.transect.09,NA,plant,submerged,CHPO14,Chiloscyphus polyanthos (L.) Corda,NA,NA,NA,Hepaticopsida,Jungermanniales,Geocalycaceae,Chiloscyphus,NA,polyanthos,NA,NA,NA,species,2020-05-15T19:00:00Z,NA
D17,BIGC,2019,7,BIGC.AOS.aquatic.plant.transect.09,NA,plant,submerged,FOANA,Fontinalis antipyretica Hedw. var. antipyretica,NA,NA,NA,Bryopsida,Isobryales,Fontinalaceae,Fontinalis,NA,antipyretica,var. antipyretica,NA,NA,variety,NA,NA
D17,BIGC,2019,7,BIGC.AOS.aquatic.plant.transect.09,NA,plant,emergent,2PLANT,Unknown plant,Lilcedar,NA,NA,NA,NA,NA,NA,NA,NA,NA,NA,NA,kingdom,NA,NA
D17,BIGC,2019,7,BIGC.AOS.aquatic.plant.transect.09,NA,plant,submerged,CHPO14,Chiloscyphus polyanthos (L.) Corda,NA,NA,NA,Hepaticopsida,Jungermanniales,Geocalycaceae,Chiloscyphus,NA,polyanthos,NA,NA,NA,species,2020-05-15T19:00:00Z,NA
D17,BIGC,2019,7,BIGC.AOS.aquatic.plant.transect.09,NA,plant,submerged,CHPO14,Chiloscyphus polyanthos (L.) Corda,NA,NA,NA,Hepaticopsida,Jungermanniales,Geocalycaceae,Chiloscyphus,NA,polyanthos,NA,NA,NA,species,2020-05-15T19:00:00Z,NA
D17,BIGC,2019,7,BIGC.AOS.aquatic.plant.transect.09,NA,plant,submerged,FOANA,Fontinalis antipyretica Hedw. var. antipyretica,NA,NA,NA,Bryopsida,Isobryales,Fontinalaceae,Fontinalis,NA,antipyretica,var. antipyretica,NA,NA,variety,NA,NA
D17,BIGC,2019,7,BIGC.AOS.aquatic.plant.transect.09,NA,plant,submerged,CHPO14,Chiloscyphus polyanthos (L.) Corda,NA,NA,NA,Hepaticopsida,Jungermanniales,Geocalycaceae,Chiloscyphus,NA,polyanthos,NA,NA,NA,species,2020-05-15T19:00:00Z,NA
D17,BIGC,2019,7,BIGC.AOS.aquatic.plant.transect.10,NA,plant,submerged,FOANA,Fontinalis antipyretica Hedw. var. antipyretica,NA,NA,NA,Bryopsida,Isobryales,Fontinalaceae,Fontinalis,NA,antipyretica,var. antipyretica,NA,NA,variety,NA,NA
D17,BIGC,2019,7,BIGC.AOS.aquatic.plant.transect.10,NA,plant,submerged,CHPO14,Chiloscyphus polyanthos (L.) Corda,NA,NA,NA,Hepaticopsida,Jungermanniales,Geocalycaceae,Chiloscyphus,NA,polyanthos,NA,NA,NA,species,2020-05-15T19:00:00Z,NA
D17,BIGC,2019,7,BIGC.AOS.aquatic.plant.transect.10,NA,plant,emergent,2PLANT,Unknown plant,Strawblantro,NA,NA,NA,NA,NA,NA,NA,NA,NA,NA,NA,kingdom,NA,NA
D17,BIGC,2019,7,BIGC.AOS.aquatic.plant.transect.10,NA,plant,emergent,2PLANT,Unknown plant,Strawblantro,NA,NA,NA,NA,NA,NA,NA,NA,NA,NA,NA,kingdom,NA,NA
D17,BIGC,2019,7,BIGC.AOS.aquatic.plant.transect.10,NA,plant,submerged,FOANA,Fontinalis antipyretica Hedw. var. antipyretica,NA,NA,NA,Bryopsida,Isobryales,Fontinalaceae,Fontinalis,NA,antipyretica,var. antipyretica,NA,NA,variety,NA,NA
D17,BIGC,2019,7,BIGC.AOS.aquatic.plant.transect.10,NA,plant,emergent,2PLANT,Unknown plant,Lilcedar,NA,NA,NA,NA,NA,NA,NA,NA,NA,NA,NA,kingdom,NA,NA
D17,BIGC,2019,7,BIGC.AOS.aquatic.plant.transect.10,NA,plant,submerged,CHPO14,Chiloscyphus polyanthos (L.) Corda,NA,NA,NA,Hepaticopsida,Jungermanniales,Geocalycaceae,Chiloscyphus,NA,polyanthos,NA,NA,NA,species,2020-05-15T19:00:00Z,NA
D17,BIGC,2019,7,BIGC.AOS.aquatic.plant.transect.10,NA,plant,submerged,CHPO14,Chiloscyphus polyanthos (L.) Corda,NA,NA,NA,Hepaticopsida,Jungermanniales,Geocalycaceae,Chiloscyphus,NA,polyanthos,NA,NA,NA,species,2020-05-15T19:00:00Z,NA
D17,BIGC,2019,7,BIGC.AOS.aquatic.plant.transect.10,NA,plant,submerged,CHPO14,Chiloscyphus polyanthos (L.) Corda,NA,NA,NA,Hepaticopsida,Jungermanniales,Geocalycaceae,Chiloscyphus,NA,polyanthos,NA,NA,NA,species,2020-05-15T19:00:00Z,NA
D17,BIGC,2019,7,BIGC.AOS.aquatic.plant.transect.10,NA,plant,submerged,FOANA,Fontinalis antipyretica Hedw. var. antipyretica,NA,NA,NA,Bryopsida,Isobryales,Fontinalaceae,Fontinalis,NA,antipyretica,var. antipyretica,NA,NA,variety,NA,NA
D17,BIGC,2019,9,BIGC.AOS.aquatic.plant.transect.02,NA,plant,submerged,CHPO14,Chiloscyphus polyanthos (L.) Corda,NA,NA,NA,Hepaticopsida,Jungermanniales,Geocalycaceae,Chiloscyphus,NA,polyanthos,NA,NA,NA,species,2020-05-15T19:00:00Z,NA
D17,BIGC,2019,9,BIGC.AOS.aquatic.plant.transect.02,NA,plant,submerged,CHPO14,Chiloscyphus polyanthos (L.) Corda,NA,NA,NA,Hepaticopsida,Jungermanniales,Geocalycaceae,Chiloscyphus,NA,polyanthos,NA,NA,NA,species,2020-05-15T19:00:00Z,NA
D17,BIGC,2019,9,BIGC.AOS.aquatic.plant.transect.02,NA,plant,submerged,CHPO14,Chiloscyphus polyanthos (L.) Corda,NA,NA,NA,Hepaticopsida,Jungermanniales,Geocalycaceae,Chiloscyphus,NA,polyanthos,NA,NA,NA,species,2020-05-15T19:00:00Z,NA
D17,BIGC,2019,9,BIGC.AOS.aquatic.plant.transect.02,NA,plant,submerged,CHPO14,Chiloscyphus polyanthos (L.) Corda,NA,NA,NA,Hepaticopsida,Jungermanniales,Geocalycaceae,Chiloscyphus,NA,polyanthos,NA,NA,NA,species,2020-05-15T19:00:00Z,NA
D17,BIGC,2019,9,BIGC.AOS.aquatic.plant.transect.02,NA,plant,submerged,CHPO14,Chiloscyphus polyanthos (L.) Corda,NA,NA,NA,Hepaticopsida,Jungermanniales,Geocalycaceae,Chiloscyphus,NA,polyanthos,NA,NA,NA,species,2020-05-15T19:00:00Z,NA
D17,BIGC,2019,9,BIGC.AOS.aquatic.plant.transect.02,NA,plant,submerged,CHPO14,Chiloscyphus polyanthos (L.) Corda,NA,NA,NA,Hepaticopsida,Jungermanniales,Geocalycaceae,Chiloscyphus,NA,polyanthos,NA,NA,NA,species,2020-05-15T19:00:00Z,NA
D17,BIGC,2019,9,BIGC.AOS.aquatic.plant.transect.02,NA,plant,submerged,CHPO14,Chiloscyphus polyanthos (L.) Corda,NA,NA,NA,Hepaticopsida,Jungermanniales,Geocalycaceae,Chiloscyphus,NA,polyanthos,NA,NA,NA,species,2020-05-15T19:00:00Z,NA
D17,BIGC,2019,9,BIGC.AOS.aquatic.plant.transect.02,NA,plant,submerged,CHPO14,Chiloscyphus polyanthos (L.) Corda,NA,NA,NA,Hepaticopsida,Jungermanniales,Geocalycaceae,Chiloscyphus,NA,polyanthos,NA,NA,NA,species,2020-05-15T19:00:00Z,NA
D17,BIGC,2019,9,BIGC.AOS.aquatic.plant.transect.02,NA,plant,submerged,CHPO14,Chiloscyphus polyanthos (L.) Corda,NA,NA,NA,Hepaticopsida,Jungermanniales,Geocalycaceae,Chiloscyphus,NA,polyanthos,NA,NA,NA,species,2020-05-15T19:00:00Z,NA
D17,BIGC,2019,9,BIGC.AOS.aquatic.plant.transect.02,NA,plant,emergent,CHPO14,Chiloscyphus polyanthos (L.) Corda,NA,NA,NA,Hepaticopsida,Jungermanniales,Geocalycaceae,Chiloscyphus,NA,polyanthos,NA,NA,NA,species,2020-05-15T19:00:00Z,NA
D17,BIGC,2019,9,BIGC.AOS.aquatic.plant.transect.02,NA,plant,submerged,CHPO14,Chiloscyphus polyanthos (L.) Corda,NA,NA,NA,Hepaticopsida,Jungermanniales,Geocalycaceae,Chiloscyphus,NA,polyanthos,NA,NA,NA,species,2020-05-15T19:00:00Z,NA
D17,BIGC,2019,9,BIGC.AOS.aquatic.plant.transect.03,NA,plant,emergent,MARCH,Marchantia sp.,NA,NA,NA,Hepaticopsida,Marchantiales,Marchantiaceae,Marchantia,NA,sp.,NA,NA,NA,genus,NA,NA
D17,BIGC,2019,9,BIGC.AOS.aquatic.plant.transect.03,NA,plant,submerged,CHPO14,Chiloscyphus polyanthos (L.) Corda,NA,NA,NA,Hepaticopsida,Jungermanniales,Geocalycaceae,Chiloscyphus,NA,polyanthos,NA,NA,NA,species,2020-05-15T19:00:00Z,NA
D17,BIGC,2019,9,BIGC.AOS.aquatic.plant.transect.03,NA,plant,emergent,CHPO14,Chiloscyphus polyanthos (L.) Corda,NA,NA,NA,Hepaticopsida,Jungermanniales,Geocalycaceae,Chiloscyphus,NA,polyanthos,NA,NA,NA,species,2020-05-15T19:00:00Z,NA
D17,BIGC,2019,9,BIGC.AOS.aquatic.plant.transect.03,NA,plant,submerged,CHPO14,Chiloscyphus polyanthos (L.) Corda,NA,NA,NA,Hepaticopsida,Jungermanniales,Geocalycaceae,Chiloscyphus,NA,polyanthos,NA,NA,NA,species,2020-05-15T19:00:00Z,NA
D17,BIGC,2019,9,BIGC.AOS.aquatic.plant.transect.06,NA,macroalgae,submerged,NA,NA,NA,NA,NA,NA,NA,NA,NA,NA,NA,NA,NA,NA,NA,NA,NA
D17,BIGC,2019,9,BIGC.AOS.aquatic.plant.transect.06,NA,plant,submerged,FOANA,Fontinalis antipyretica Hedw. var. antipyretica,NA,NA,NA,Bryopsida,Isobryales,Fontinalaceae,Fontinalis,NA,antipyretica,var. antipyretica,NA,NA,variety,NA,NA
D17,BIGC,2019,9,BIGC.AOS.aquatic.plant.transect.06,NA,plant,emergent,JUEF,Juncus effusus L.,NA,Magnoliophyta,NA,Liliopsida,Juncales,Juncaceae,Juncus,NA,effusus,NA,NA,NA,species,NA,NA
D17,BIGC,2019,9,BIGC.AOS.aquatic.plant.transect.06,NA,plant,submerged,FOANA,Fontinalis antipyretica Hedw. var. antipyretica,NA,NA,NA,Bryopsida,Isobryales,Fontinalaceae,Fontinalis,NA,antipyretica,var. antipyretica,NA,NA,variety,NA,NA
D17,BIGC,2019,9,BIGC.AOS.aquatic.plant.transect.06,NA,plant,emergent,JUEF,Juncus effusus L.,NA,Magnoliophyta,NA,Liliopsida,Juncales,Juncaceae,Juncus,NA,effusus,NA,NA,NA,species,NA,NA
D17,BIGC,2019,9,BIGC.AOS.aquatic.plant.transect.06,NA,plant,emergent,JUEF,Juncus effusus L.,NA,Magnoliophyta,NA,Liliopsida,Juncales,Juncaceae,Juncus,NA,effusus,NA,NA,NA,species,NA,NA
D17,BIGC,2019,9,BIGC.AOS.aquatic.plant.transect.06,NA,plant,submerged,CHPO14,Chiloscyphus polyanthos (L.) Corda,NA,NA,NA,Hepaticopsida,Jungermanniales,Geocalycaceae,Chiloscyphus,NA,polyanthos,NA,NA,NA,species,2020-05-15T19:00:00Z,NA
D17,BIGC,2019,9,BIGC.AOS.aquatic.plant.transect.07,NA,macroalgae,submerged,NA,NA,NA,NA,NA,NA,NA,NA,NA,NA,NA,NA,NA,NA,NA,NA,NA
D17,BIGC,2019,9,BIGC.AOS.aquatic.plant.transect.07,NA,plant,submerged,CHPO14,Chiloscyphus polyanthos (L.) Corda,NA,NA,NA,Hepaticopsida,Jungermanniales,Geocalycaceae,Chiloscyphus,NA,polyanthos,NA,NA,NA,species,2020-05-15T19:00:00Z,NA
D17,BIGC,2019,9,BIGC.AOS.aquatic.plant.transect.07,NA,plant,submerged,FOANA,Fontinalis antipyretica Hedw. var. antipyretica,NA,NA,NA,Bryopsida,Isobryales,Fontinalaceae,Fontinalis,NA,antipyretica,var. antipyretica,NA,NA,variety,NA,NA
D17,BIGC,2019,9,BIGC.AOS.aquatic.plant.transect.07,NA,plant,submerged,CHPO14,Chiloscyphus polyanthos (L.) Corda,NA,NA,NA,Hepaticopsida,Jungermanniales,Geocalycaceae,Chiloscyphus,NA,polyanthos,NA,NA,NA,species,2020-05-15T19:00:00Z,NA
D17,BIGC,2019,9,BIGC.AOS.aquatic.plant.transect.07,NA,plant,submerged,CHPO14,Chiloscyphus polyanthos (L.) Corda,NA,NA,NA,Hepaticopsida,Jungermanniales,Geocalycaceae,Chiloscyphus,NA,polyanthos,NA,NA,NA,species,2020-05-15T19:00:00Z,NA
D17,BIGC,2019,9,BIGC.AOS.aquatic.plant.transect.07,NA,plant,submerged,FOANA,Fontinalis antipyretica Hedw. var. antipyretica,NA,NA,NA,Bryopsida,Isobryales,Fontinalaceae,Fontinalis,NA,antipyretica,var. antipyretica,NA,NA,variety,NA,NA
D17,BIGC,2019,9,BIGC.AOS.aquatic.plant.transect.08,NA,plant,submerged,FOANA,Fontinalis antipyretica Hedw. var. antipyretica,NA,NA,NA,Bryopsida,Isobryales,Fontinalaceae,Fontinalis,NA,antipyretica,var. antipyretica,NA,NA,variety,NA,NA
D17,BIGC,2019,9,BIGC.AOS.aquatic.plant.transect.08,NA,plant,submerged,CHPO14,Chiloscyphus polyanthos (L.) Corda,NA,NA,NA,Hepaticopsida,Jungermanniales,Geocalycaceae,Chiloscyphus,NA,polyanthos,NA,NA,NA,species,2020-05-15T19:00:00Z,NA
D17,BIGC,2019,9,BIGC.AOS.aquatic.plant.transect.08,NA,plant,submerged,FOANA,Fontinalis antipyretica Hedw. var. antipyretica,NA,NA,NA,Bryopsida,Isobryales,Fontinalaceae,Fontinalis,NA,antipyretica,var. antipyretica,NA,NA,variety,NA,NA
D17,BIGC,2019,9,BIGC.AOS.aquatic.plant.transect.08,NA,plant,submerged,CHPO14,Chiloscyphus polyanthos (L.) Corda,NA,NA,NA,Hepaticopsida,Jungermanniales,Geocalycaceae,Chiloscyphus,NA,polyanthos,NA,NA,NA,species,2020-05-15T19:00:00Z,NA
D17,BIGC,2019,9,BIGC.AOS.aquatic.plant.transect.08,NA,plant,submerged,CHPO14,Chiloscyphus polyanthos (L.) Corda,NA,NA,NA,Hepaticopsida,Jungermanniales,Geocalycaceae,Chiloscyphus,NA,polyanthos,NA,NA,NA,species,2020-05-15T19:00:00Z,NA
D17,BIGC,2019,9,BIGC.AOS.aquatic.plant.transect.08,NA,plant,submerged,CHPO14,Chiloscyphus polyanthos (L.) Corda,NA,NA,NA,Hepaticopsida,Jungermanniales,Geocalycaceae,Chiloscyphus,NA,polyanthos,NA,NA,NA,species,2020-05-15T19:00:00Z,NA
D17,BIGC,2019,9,BIGC.AOS.aquatic.plant.transect.08,NA,plant,submerged,CHPO14,Chiloscyphus polyanthos (L.) Corda,NA,NA,NA,Hepaticopsida,Jungermanniales,Geocalycaceae,Chiloscyphus,NA,polyanthos,NA,NA,NA,species,2020-05-15T19:00:00Z,NA
D17,BIGC,2019,9,BIGC.AOS.aquatic.plant.transect.09,NA,plant,submerged,FOANA,Fontinalis antipyretica Hedw. var. antipyretica,NA,NA,NA,Bryopsida,Isobryales,Fontinalaceae,Fontinalis,NA,antipyretica,var. antipyretica,NA,NA,variety,NA,NA
D17,BIGC,2019,9,BIGC.AOS.aquatic.plant.transect.09,NA,plant,submerged,CHPO14,Chiloscyphus polyanthos (L.) Corda,NA,NA,NA,Hepaticopsida,Jungermanniales,Geocalycaceae,Chiloscyphus,NA,polyanthos,NA,NA,NA,species,2020-05-15T19:00:00Z,NA
D17,BIGC,2019,9,BIGC.AOS.aquatic.plant.transect.09,NA,plant,submerged,FOANA,Fontinalis antipyretica Hedw. var. antipyretica,NA,NA,NA,Bryopsida,Isobryales,Fontinalaceae,Fontinalis,NA,antipyretica,var. antipyretica,NA,NA,variety,NA,NA
D17,BIGC,2019,9,BIGC.AOS.aquatic.plant.transect.09,NA,plant,submerged,CHPO14,Chiloscyphus polyanthos (L.) Corda,NA,NA,NA,Hepaticopsida,Jungermanniales,Geocalycaceae,Chiloscyphus,NA,polyanthos,NA,NA,NA,species,2020-05-15T19:00:00Z,NA
D17,BIGC,2019,9,BIGC.AOS.aquatic.plant.transect.10,NA,plant,submerged,FOANA,Fontinalis antipyretica Hedw. var. antipyretica,NA,NA,NA,Bryopsida,Isobryales,Fontinalaceae,Fontinalis,NA,antipyretica,var. antipyretica,NA,NA,variety,NA,NA
D17,BIGC,2019,9,BIGC.AOS.aquatic.plant.transect.10,NA,plant,submerged,CHPO14,Chiloscyphus polyanthos (L.) Corda,NA,NA,NA,Hepaticopsida,Jungermanniales,Geocalycaceae,Chiloscyphus,NA,polyanthos,NA,NA,NA,species,2020-05-15T19:00:00Z,NA
D17,BIGC,2019,9,BIGC.AOS.aquatic.plant.transect.10,NA,plant,emergent,NAOF,Nasturtium officinale W.T. Aiton,NA,Magnoliophyta,NA,Magnoliopsida,Capparales,Brassicaceae,Nasturtium,NA,officinale,NA,NA,NA,species,NA,NA
D17,BIGC,2019,9,BIGC.AOS.aquatic.plant.transect.10,NA,plant,submerged,CHPO14,Chiloscyphus polyanthos (L.) Corda,NA,NA,NA,Hepaticopsida,Jungermanniales,Geocalycaceae,Chiloscyphus,NA,polyanthos,NA,NA,NA,species,2020-05-15T19:00:00Z,NA
D17,BIGC,2019,9,BIGC.AOS.aquatic.plant.transect.10,NA,plant,submerged,FOANA,Fontinalis antipyretica Hedw. var. antipyretica,NA,NA,NA,Bryopsida,Isobryales,Fontinalaceae,Fontinalis,NA,antipyretica,var. antipyretica,NA,NA,variety,NA,NA
D17,BIGC,2019,9,BIGC.AOS.aquatic.plant.transect.10,NA,plant,emergent,FOANA,Fontinalis antipyretica Hedw. var. antipyretica,NA,NA,NA,Bryopsida,Isobryales,Fontinalaceae,Fontinalis,NA,antipyretica,var. antipyretica,NA,NA,variety,NA,NA
D17,BIGC,2019,9,BIGC.AOS.aquatic.plant.transect.10,NA,plant,emergent,CHPO14,Chiloscyphus polyanthos (L.) Corda,NA,NA,NA,Hepaticopsida,Jungermanniales,Geocalycaceae,Chiloscyphus,NA,polyanthos,NA,NA,NA,species,2020-05-15T19:00:00Z,NA
D17,BIGC,2021,7,BIGC.AOS.aquatic.plant.transect.02,NA,plant,emergent,EQAR,Equisetum arvense L.,NA,Equisetophyta,NA,Equisetopsida,Equisetales,Equisetaceae,Equisetum,NA,arvense,NA,NA,NA,species,NA,NA
D17,BIGC,2021,7,BIGC.AOS.aquatic.plant.transect.02,NA,plant,submerged,CHPO14,Chiloscyphus polyanthos (L.) Corda,NA,NA,NA,Hepaticopsida,Jungermanniales,Geocalycaceae,Chiloscyphus,NA,polyanthos,NA,NA,NA,species,2021-07-26T18:31:00Z,NA
D17,BIGC,2021,7,BIGC.AOS.aquatic.plant.transect.02,NA,plant,submerged,CHPO14,Chiloscyphus polyanthos (L.) Corda,NA,NA,NA,Hepaticopsida,Jungermanniales,Geocalycaceae,Chiloscyphus,NA,polyanthos,NA,NA,NA,species,2021-07-26T18:31:00Z,NA
D17,BIGC,2021,7,BIGC.AOS.aquatic.plant.transect.02,NA,plant,emergent,2PLANT,Unknown plant,Strawblantro,NA,NA,NA,NA,NA,NA,NA,NA,NA,NA,NA,kingdom,NA,NA
D17,BIGC,2021,7,BIGC.AOS.aquatic.plant.transect.02,NA,plant,emergent,EQAR,Equisetum arvense L.,NA,Equisetophyta,NA,Equisetopsida,Equisetales,Equisetaceae,Equisetum,NA,arvense,NA,NA,NA,species,NA,NA
D17,BIGC,2021,7,BIGC.AOS.aquatic.plant.transect.02,NA,plant,submerged,CHPO14,Chiloscyphus polyanthos (L.) Corda,NA,NA,NA,Hepaticopsida,Jungermanniales,Geocalycaceae,Chiloscyphus,NA,polyanthos,NA,NA,NA,species,2021-07-26T18:31:00Z,NA
D17,BIGC,2021,7,BIGC.AOS.aquatic.plant.transect.02,NA,plant,submerged,CHPO14,Chiloscyphus polyanthos (L.) Corda,NA,NA,NA,Hepaticopsida,Jungermanniales,Geocalycaceae,Chiloscyphus,NA,polyanthos,NA,NA,NA,species,2021-07-26T18:31:00Z,NA
D17,BIGC,2021,7,BIGC.AOS.aquatic.plant.transect.03,NA,plant,submerged,CHPO14,Chiloscyphus polyanthos (L.) Corda,NA,NA,NA,Hepaticopsida,Jungermanniales,Geocalycaceae,Chiloscyphus,NA,polyanthos,NA,NA,NA,species,2021-07-26T18:54:00Z,NA
D17,BIGC,2021,7,BIGC.AOS.aquatic.plant.transect.03,NA,plant,submerged,CHPO14,Chiloscyphus polyanthos (L.) Corda,NA,NA,NA,Hepaticopsida,Jungermanniales,Geocalycaceae,Chiloscyphus,NA,polyanthos,NA,NA,NA,species,2021-07-26T18:54:00Z,NA
D17,BIGC,2021,7,BIGC.AOS.aquatic.plant.transect.03,NA,plant,submerged,CHPO14,Chiloscyphus polyanthos (L.) Corda,NA,NA,NA,Hepaticopsida,Jungermanniales,Geocalycaceae,Chiloscyphus,NA,polyanthos,NA,NA,NA,species,2021-07-26T18:54:00Z,NA
D17,BIGC,2021,7,BIGC.AOS.aquatic.plant.transect.03,NA,plant,submerged,CHPO14,Chiloscyphus polyanthos (L.) Corda,NA,NA,NA,Hepaticopsida,Jungermanniales,Geocalycaceae,Chiloscyphus,NA,polyanthos,NA,NA,NA,species,2021-07-26T18:54:00Z,NA
D17,BIGC,2021,7,BIGC.AOS.aquatic.plant.transect.05,NA,plant,submerged,FOANA,Fontinalis antipyretica Hedw. var. antipyretica,NA,NA,NA,Bryopsida,Isobryales,Fontinalaceae,Fontinalis,NA,antipyretica,var. antipyretica,NA,NA,variety,NA,NA
D17,BIGC,2021,7,BIGC.AOS.aquatic.plant.transect.05,NA,plant,submerged,FOANA,Fontinalis antipyretica Hedw. var. antipyretica,NA,NA,NA,Bryopsida,Isobryales,Fontinalaceae,Fontinalis,NA,antipyretica,var. antipyretica,NA,NA,variety,NA,NA
D17,BIGC,2021,7,BIGC.AOS.aquatic.plant.transect.05,NA,plant,submerged,FOANA,Fontinalis antipyretica Hedw. var. antipyretica,NA,NA,NA,Bryopsida,Isobryales,Fontinalaceae,Fontinalis,NA,antipyretica,var. antipyretica,NA,NA,variety,NA,NA
D17,BIGC,2021,7,BIGC.AOS.aquatic.plant.transect.05,NA,plant,submerged,FOANA,Fontinalis antipyretica Hedw. var. antipyretica,NA,NA,NA,Bryopsida,Isobryales,Fontinalaceae,Fontinalis,NA,antipyretica,var. antipyretica,NA,NA,variety,NA,NA
D17,BIGC,2021,7,BIGC.AOS.aquatic.plant.transect.06,NA,plant,submerged,FOANA,Fontinalis antipyretica Hedw. var. antipyretica,NA,NA,NA,Bryopsida,Isobryales,Fontinalaceae,Fontinalis,NA,antipyretica,var. antipyretica,NA,NA,variety,NA,NA
D17,BIGC,2021,7,BIGC.AOS.aquatic.plant.transect.06,NA,plant,floating-leaved,NAOF,Nasturtium officinale W.T. Aiton,NA,Magnoliophyta,NA,Magnoliopsida,Capparales,Brassicaceae,Nasturtium,NA,officinale,NA,NA,NA,species,NA,NA
D17,BIGC,2021,7,BIGC.AOS.aquatic.plant.transect.06,NA,plant,submerged,NAOF,Nasturtium officinale W.T. Aiton,NA,Magnoliophyta,NA,Magnoliopsida,Capparales,Brassicaceae,Nasturtium,NA,officinale,NA,NA,NA,species,NA,NA
D17,BIGC,2021,7,BIGC.AOS.aquatic.plant.transect.06,NA,plant,submerged,FOANA,Fontinalis antipyretica Hedw. var. antipyretica,NA,NA,NA,Bryopsida,Isobryales,Fontinalaceae,Fontinalis,NA,antipyretica,var. antipyretica,NA,NA,variety,NA,NA
D17,BIGC,2021,7,BIGC.AOS.aquatic.plant.transect.06,NA,plant,floating-leaved,NAOF,Nasturtium officinale W.T. Aiton,NA,Magnoliophyta,NA,Magnoliopsida,Capparales,Brassicaceae,Nasturtium,NA,officinale,NA,NA,NA,species,NA,NA
D17,BIGC,2021,7,BIGC.AOS.aquatic.plant.transect.06,NA,plant,submerged,FOANA,Fontinalis antipyretica Hedw. var. antipyretica,NA,NA,NA,Bryopsida,Isobryales,Fontinalaceae,Fontinalis,NA,antipyretica,var. antipyretica,NA,NA,variety,NA,NA
D17,BIGC,2021,7,BIGC.AOS.aquatic.plant.transect.06,NA,plant,submerged,NAOF,Nasturtium officinale W.T. Aiton,NA,Magnoliophyta,NA,Magnoliopsida,Capparales,Brassicaceae,Nasturtium,NA,officinale,NA,NA,NA,species,NA,NA
D17,BIGC,2021,7,BIGC.AOS.aquatic.plant.transect.06,NA,plant,floating-leaved,NAOF,Nasturtium officinale W.T. Aiton,NA,Magnoliophyta,NA,Magnoliopsida,Capparales,Brassicaceae,Nasturtium,NA,officinale,NA,NA,NA,species,NA,NA
D17,BIGC,2021,7,BIGC.AOS.aquatic.plant.transect.06,NA,macroalgae,submerged,NA,NA,macroalgae19.20210726.T6,NA,NA,NA,NA,NA,NA,NA,NA,NA,NA,NA,NA,NA,NA
D17,BIGC,2021,7,BIGC.AOS.aquatic.plant.transect.06,NA,plant,submerged,FOANA,Fontinalis antipyretica Hedw. var. antipyretica,NA,NA,NA,Bryopsida,Isobryales,Fontinalaceae,Fontinalis,NA,antipyretica,var. antipyretica,NA,NA,variety,NA,NA
D17,BIGC,2021,7,BIGC.AOS.aquatic.plant.transect.06,NA,plant,submerged,NAOF,Nasturtium officinale W.T. Aiton,NA,Magnoliophyta,NA,Magnoliopsida,Capparales,Brassicaceae,Nasturtium,NA,officinale,NA,NA,NA,species,NA,NA
D17,BIGC,2021,7,BIGC.AOS.aquatic.plant.transect.07,NA,plant,floating-leaved,NAOF,Nasturtium officinale W.T. Aiton,NA,Magnoliophyta,NA,Magnoliopsida,Capparales,Brassicaceae,Nasturtium,NA,officinale,NA,NA,NA,species,NA,NA
D17,BIGC,2021,7,BIGC.AOS.aquatic.plant.transect.07,NA,plant,floating-leaved,NAOF,Nasturtium officinale W.T. Aiton,NA,Magnoliophyta,NA,Magnoliopsida,Capparales,Brassicaceae,Nasturtium,NA,officinale,NA,NA,NA,species,NA,NA
D17,BIGC,2021,7,BIGC.AOS.aquatic.plant.transect.07,NA,plant,submerged,CHPO14,Chiloscyphus polyanthos (L.) Corda,NA,NA,NA,Hepaticopsida,Jungermanniales,Geocalycaceae,Chiloscyphus,NA,polyanthos,NA,NA,NA,species,2021-07-26T20:22:00Z,NA
D17,BIGC,2021,7,BIGC.AOS.aquatic.plant.transect.07,NA,plant,submerged,FOANA,Fontinalis antipyretica Hedw. var. antipyretica,NA,NA,NA,Bryopsida,Isobryales,Fontinalaceae,Fontinalis,NA,antipyretica,var. antipyretica,NA,NA,variety,NA,NA
D17,BIGC,2021,7,BIGC.AOS.aquatic.plant.transect.07,NA,plant,submerged,FOANA,Fontinalis antipyretica Hedw. var. antipyretica,NA,NA,NA,Bryopsida,Isobryales,Fontinalaceae,Fontinalis,NA,antipyretica,var. antipyretica,NA,NA,variety,NA,NA
D17,BIGC,2021,7,BIGC.AOS.aquatic.plant.transect.07,NA,plant,submerged,CHPO14,Chiloscyphus polyanthos (L.) Corda,NA,NA,NA,Hepaticopsida,Jungermanniales,Geocalycaceae,Chiloscyphus,NA,polyanthos,NA,NA,NA,species,2021-07-26T20:22:00Z,NA
D17,BIGC,2021,7,BIGC.AOS.aquatic.plant.transect.07,NA,plant,floating-leaved,NAOF,Nasturtium officinale W.T. Aiton,NA,Magnoliophyta,NA,Magnoliopsida,Capparales,Brassicaceae,Nasturtium,NA,officinale,NA,NA,NA,species,NA,NA
D17,BIGC,2021,7,BIGC.AOS.aquatic.plant.transect.07,NA,plant,submerged,CHPO14,Chiloscyphus polyanthos (L.) Corda,NA,NA,NA,Hepaticopsida,Jungermanniales,Geocalycaceae,Chiloscyphus,NA,polyanthos,NA,NA,NA,species,2021-07-26T20:22:00Z,NA
D17,BIGC,2021,7,BIGC.AOS.aquatic.plant.transect.07,NA,plant,submerged,CHPO14,Chiloscyphus polyanthos (L.) Corda,NA,NA,NA,Hepaticopsida,Jungermanniales,Geocalycaceae,Chiloscyphus,NA,polyanthos,NA,NA,NA,species,2021-07-26T20:22:00Z,NA
D17,BIGC,2021,7,BIGC.AOS.aquatic.plant.transect.07,NA,plant,submerged,CHPO14,Chiloscyphus polyanthos (L.) Corda,NA,NA,NA,Hepaticopsida,Jungermanniales,Geocalycaceae,Chiloscyphus,NA,polyanthos,NA,NA,NA,species,2021-07-26T20:22:00Z,NA
D17,BIGC,2021,7,BIGC.AOS.aquatic.plant.transect.07,NA,plant,submerged,FOANA,Fontinalis antipyretica Hedw. var. antipyretica,NA,NA,NA,Bryopsida,Isobryales,Fontinalaceae,Fontinalis,NA,antipyretica,var. antipyretica,NA,NA,variety,NA,NA
D17,BIGC,2021,7,BIGC.AOS.aquatic.plant.transect.07,NA,plant,submerged,CHPO14,Chiloscyphus polyanthos (L.) Corda,NA,NA,NA,Hepaticopsida,Jungermanniales,Geocalycaceae,Chiloscyphus,NA,polyanthos,NA,NA,NA,species,2021-07-26T20:22:00Z,NA
D17,BIGC,2021,7,BIGC.AOS.aquatic.plant.transect.07,NA,macroalgae,submerged,NA,NA,macroalgae11.20210726.T7,NA,NA,NA,NA,NA,NA,NA,NA,NA,NA,NA,NA,NA,NA
D17,BIGC,2021,7,BIGC.AOS.aquatic.plant.transect.07,NA,plant,submerged,CHPO14,Chiloscyphus polyanthos (L.) Corda,NA,NA,NA,Hepaticopsida,Jungermanniales,Geocalycaceae,Chiloscyphus,NA,polyanthos,NA,NA,NA,species,2021-07-26T20:22:00Z,NA
D17,BIGC,2021,7,BIGC.AOS.aquatic.plant.transect.07,NA,macroalgae,submerged,NA,NA,macroalgae10.20210726.T7,NA,NA,NA,NA,NA,NA,NA,NA,NA,NA,NA,NA,NA,NA
D17,BIGC,2021,7,BIGC.AOS.aquatic.plant.transect.07,NA,plant,submerged,FOANA,Fontinalis antipyretica Hedw. var. antipyretica,NA,NA,NA,Bryopsida,Isobryales,Fontinalaceae,Fontinalis,NA,antipyretica,var. antipyretica,NA,NA,variety,NA,NA
D17,BIGC,2021,7,BIGC.AOS.aquatic.plant.transect.07,NA,plant,submerged,CHPO14,Chiloscyphus polyanthos (L.) Corda,NA,NA,NA,Hepaticopsida,Jungermanniales,Geocalycaceae,Chiloscyphus,NA,polyanthos,NA,NA,NA,species,2021-07-26T20:22:00Z,NA
D17,BIGC,2021,7,BIGC.AOS.aquatic.plant.transect.07,NA,plant,submerged,FOANA,Fontinalis antipyretica Hedw. var. antipyretica,NA,NA,NA,Bryopsida,Isobryales,Fontinalaceae,Fontinalis,NA,antipyretica,var. antipyretica,NA,NA,variety,NA,NA
D17,BIGC,2021,7,BIGC.AOS.aquatic.plant.transect.08,NA,plant,floating-leaved,NAOF,Nasturtium officinale W.T. Aiton,NA,Magnoliophyta,NA,Magnoliopsida,Capparales,Brassicaceae,Nasturtium,NA,officinale,NA,NA,NA,species,NA,NA
D17,BIGC,2021,7,BIGC.AOS.aquatic.plant.transect.08,NA,plant,submerged,FOANA,Fontinalis antipyretica Hedw. var. antipyretica,NA,NA,NA,Bryopsida,Isobryales,Fontinalaceae,Fontinalis,NA,antipyretica,var. antipyretica,NA,NA,variety,NA,NA
D17,BIGC,2021,7,BIGC.AOS.aquatic.plant.transect.08,NA,plant,emergent,2PLANT,Unknown plant,Strawblantro,NA,NA,NA,NA,NA,NA,NA,NA,NA,NA,NA,kingdom,NA,NA
D17,BIGC,2021,7,BIGC.AOS.aquatic.plant.transect.08,NA,plant,submerged,FOANA,Fontinalis antipyretica Hedw. var. antipyretica,NA,NA,NA,Bryopsida,Isobryales,Fontinalaceae,Fontinalis,NA,antipyretica,var. antipyretica,NA,NA,variety,NA,NA
D17,BIGC,2021,7,BIGC.AOS.aquatic.plant.transect.08,NA,plant,submerged,CHPO14,Chiloscyphus polyanthos (L.) Corda,NA,NA,NA,Hepaticopsida,Jungermanniales,Geocalycaceae,Chiloscyphus,NA,polyanthos,NA,NA,NA,species,2021-07-26T20:43:00Z,NA
D17,BIGC,2021,7,BIGC.AOS.aquatic.plant.transect.08,NA,plant,submerged,FOANA,Fontinalis antipyretica Hedw. var. antipyretica,NA,NA,NA,Bryopsida,Isobryales,Fontinalaceae,Fontinalis,NA,antipyretica,var. antipyretica,NA,NA,variety,NA,NA
D17,BIGC,2021,7,BIGC.AOS.aquatic.plant.transect.08,NA,plant,submerged,FOANA,Fontinalis antipyretica Hedw. var. antipyretica,NA,NA,NA,Bryopsida,Isobryales,Fontinalaceae,Fontinalis,NA,antipyretica,var. antipyretica,NA,NA,variety,NA,NA
D17,BIGC,2021,7,BIGC.AOS.aquatic.plant.transect.08,NA,plant,submerged,CHPO14,Chiloscyphus polyanthos (L.) Corda,NA,NA,NA,Hepaticopsida,Jungermanniales,Geocalycaceae,Chiloscyphus,NA,polyanthos,NA,NA,NA,species,2021-07-26T20:43:00Z,NA
D17,BIGC,2021,7,BIGC.AOS.aquatic.plant.transect.08,NA,plant,submerged,FOANA,Fontinalis antipyretica Hedw. var. antipyretica,NA,NA,NA,Bryopsida,Isobryales,Fontinalaceae,Fontinalis,NA,antipyretica,var. antipyretica,NA,NA,variety,NA,NA
D17,BIGC,2021,7,BIGC.AOS.aquatic.plant.transect.08,NA,plant,submerged,FOANA,Fontinalis antipyretica Hedw. var. antipyretica,NA,NA,NA,Bryopsida,Isobryales,Fontinalaceae,Fontinalis,NA,antipyretica,var. antipyretica,NA,NA,variety,NA,NA
D17,BIGC,2021,7,BIGC.AOS.aquatic.plant.transect.08,NA,plant,emergent,NAOF,Nasturtium officinale W.T. Aiton,NA,Magnoliophyta,NA,Magnoliopsida,Capparales,Brassicaceae,Nasturtium,NA,officinale,NA,NA,NA,species,NA,NA
D17,BIGC,2021,7,BIGC.AOS.aquatic.plant.transect.08,NA,plant,submerged,FOANA,Fontinalis antipyretica Hedw. var. antipyretica,NA,NA,NA,Bryopsida,Isobryales,Fontinalaceae,Fontinalis,NA,antipyretica,var. antipyretica,NA,NA,variety,NA,NA
D17,BIGC,2021,7,BIGC.AOS.aquatic.plant.transect.08,NA,plant,submerged,FOANA,Fontinalis antipyretica Hedw. var. antipyretica,NA,NA,NA,Bryopsida,Isobryales,Fontinalaceae,Fontinalis,NA,antipyretica,var. antipyretica,NA,NA,variety,NA,NA
D17,BIGC,2021,7,BIGC.AOS.aquatic.plant.transect.08,NA,plant,submerged,CHPO14,Chiloscyphus polyanthos (L.) Corda,NA,NA,NA,Hepaticopsida,Jungermanniales,Geocalycaceae,Chiloscyphus,NA,polyanthos,NA,NA,NA,species,2021-07-26T20:43:00Z,NA
D17,BIGC,2021,7,BIGC.AOS.aquatic.plant.transect.08,NA,plant,submerged,FOANA,Fontinalis antipyretica Hedw. var. antipyretica,NA,NA,NA,Bryopsida,Isobryales,Fontinalaceae,Fontinalis,NA,antipyretica,var. antipyretica,NA,NA,variety,NA,NA
D17,BIGC,2021,7,BIGC.AOS.aquatic.plant.transect.09,NA,plant,submerged,NAOF,Nasturtium officinale W.T. Aiton,NA,Magnoliophyta,NA,Magnoliopsida,Capparales,Brassicaceae,Nasturtium,NA,officinale,NA,NA,NA,species,NA,NA
D17,BIGC,2021,7,BIGC.AOS.aquatic.plant.transect.10,NA,plant,submerged,FOANA,Fontinalis antipyretica Hedw. var. antipyretica,NA,NA,NA,Bryopsida,Isobryales,Fontinalaceae,Fontinalis,NA,antipyretica,var. antipyretica,NA,NA,variety,NA,NA
D17,BIGC,2021,7,BIGC.AOS.aquatic.plant.transect.10,NA,plant,submerged,FOANA,Fontinalis antipyretica Hedw. var. antipyretica,NA,NA,NA,Bryopsida,Isobryales,Fontinalaceae,Fontinalis,NA,antipyretica,var. antipyretica,NA,NA,variety,NA,NA
D17,BIGC,2021,7,BIGC.AOS.aquatic.plant.transect.10,NA,plant,submerged,FOANA,Fontinalis antipyretica Hedw. var. antipyretica,NA,NA,NA,Bryopsida,Isobryales,Fontinalaceae,Fontinalis,NA,antipyretica,var. antipyretica,NA,NA,variety,NA,NA
D17,BIGC,2021,7,BIGC.AOS.aquatic.plant.transect.10,NA,plant,submerged,FOANA,Fontinalis antipyretica Hedw. var. antipyretica,NA,NA,NA,Bryopsida,Isobryales,Fontinalaceae,Fontinalis,NA,antipyretica,var. antipyretica,NA,NA,variety,NA,NA
D17,BIGC,2021,7,BIGC.AOS.aquatic.plant.transect.10,NA,plant,emergent,NAOF,Nasturtium officinale W.T. Aiton,NA,Magnoliophyta,NA,Magnoliopsida,Capparales,Brassicaceae,Nasturtium,NA,officinale,NA,NA,NA,species,NA,NA
D17,BIGC,2021,7,BIGC.AOS.aquatic.plant.transect.10,NA,plant,submerged,NAOF,Nasturtium officinale W.T. Aiton,NA,Magnoliophyta,NA,Magnoliopsida,Capparales,Brassicaceae,Nasturtium,NA,officinale,NA,NA,NA,species,NA,NA
D17,BIGC,2021,7,BIGC.AOS.aquatic.plant.transect.10,NA,plant,submerged,CHPO14,Chiloscyphus polyanthos (L.) Corda,NA,NA,NA,Hepaticopsida,Jungermanniales,Geocalycaceae,Chiloscyphus,NA,polyanthos,NA,NA,NA,species,2021-07-26T21:17:00Z,NA
D17,BIGC,2021,7,BIGC.AOS.aquatic.plant.transect.10,NA,plant,submerged,FOANA,Fontinalis antipyretica Hedw. var. antipyretica,NA,NA,NA,Bryopsida,Isobryales,Fontinalaceae,Fontinalis,NA,antipyretica,var. antipyretica,NA,NA,variety,NA,NA
D17,BIGC,2021,7,BIGC.AOS.aquatic.plant.transect.10,NA,plant,submerged,FOANA,Fontinalis antipyretica Hedw. var. antipyretica,NA,NA,NA,Bryopsida,Isobryales,Fontinalaceae,Fontinalis,NA,antipyretica,var. antipyretica,NA,NA,variety,NA,NA
D17,BIGC,2021,7,BIGC.AOS.aquatic.plant.transect.10,NA,plant,submerged,FOANA,Fontinalis antipyretica Hedw. var. antipyretica,NA,NA,NA,Bryopsida,Isobryales,Fontinalaceae,Fontinalis,NA,antipyretica,var. antipyretica,NA,NA,variety,NA,NA
D17,BIGC,2021,7,BIGC.AOS.aquatic.plant.transect.10,NA,plant,submerged,CHPO14,Chiloscyphus polyanthos (L.) Corda,NA,NA,NA,Hepaticopsida,Jungermanniales,Geocalycaceae,Chiloscyphus,NA,polyanthos,NA,NA,NA,species,2021-07-26T21:17:00Z,NA
D17,BIGC,2021,7,BIGC.AOS.aquatic.plant.transect.10,NA,plant,emergent,GALIU,Galium sp.,NA,Magnoliophyta,NA,Magnoliopsida,Rubiales,Rubiaceae,Galium,NA,sp.,NA,NA,NA,genus,NA,NA
D17,BIGC,2021,7,BIGC.AOS.aquatic.plant.transect.10,NA,plant,submerged,FOANA,Fontinalis antipyretica Hedw. var. antipyretica,NA,NA,NA,Bryopsida,Isobryales,Fontinalaceae,Fontinalis,NA,antipyretica,var. antipyretica,NA,NA,variety,NA,NA
D17,BIGC,2021,7,BIGC.AOS.aquatic.plant.transect.10,NA,plant,submerged,CHPO14,Chiloscyphus polyanthos (L.) Corda,NA,NA,NA,Hepaticopsida,Jungermanniales,Geocalycaceae,Chiloscyphus,NA,polyanthos,NA,NA,NA,species,2021-07-26T21:17:00Z,NA
D17,BIGC,2021,7,BIGC.AOS.aquatic.plant.transect.10,NA,plant,submerged,CHPO14,Chiloscyphus polyanthos (L.) Corda,NA,NA,NA,Hepaticopsida,Jungermanniales,Geocalycaceae,Chiloscyphus,NA,polyanthos,NA,NA,NA,species,2021-07-26T21:17:00Z,NA
D17,BIGC,2021,7,BIGC.AOS.aquatic.plant.transect.10,NA,plant,submerged,FOANA,Fontinalis antipyretica Hedw. var. antipyretica,NA,NA,NA,Bryopsida,Isobryales,Fontinalaceae,Fontinalis,NA,antipyretica,var. antipyretica,NA,NA,variety,NA,NA
D17,BIGC,2021,7,BIGC.AOS.aquatic.plant.transect.10,NA,plant,submerged,CHPO14,Chiloscyphus polyanthos (L.) Corda,NA,NA,NA,Hepaticopsida,Jungermanniales,Geocalycaceae,Chiloscyphus,NA,polyanthos,NA,NA,NA,species,2021-07-26T21:17:00Z,NA
D17,BIGC,2021,7,BIGC.AOS.aquatic.plant.transect.10,NA,plant,emergent,NAOF,Nasturtium officinale W.T. Aiton,NA,Magnoliophyta,NA,Magnoliopsida,Capparales,Brassicaceae,Nasturtium,NA,officinale,NA,NA,NA,species,NA,NA
D17,BIGC,2022,4,BIGC.AOS.aquatic.plant.transect.03,Sample condition ok,plant,submerged,CHPO14,Chiloscyphus polyanthos (L.) Corda,NA,NA,NA,Hepaticopsida,Jungermanniales,Geocalycaceae,Chiloscyphus,NA,polyanthos,NA,NA,NA,species,2022-04-06T17:36:00Z,NA
D17,BIGC,2022,4,BIGC.AOS.aquatic.plant.transect.03,Sample condition ok,plant,submerged,CHPO14,Chiloscyphus polyanthos (L.) Corda,NA,NA,NA,Hepaticopsida,Jungermanniales,Geocalycaceae,Chiloscyphus,NA,polyanthos,NA,NA,NA,species,2022-04-06T17:36:00Z,NA
D17,BIGC,2022,4,BIGC.AOS.aquatic.plant.transect.03,Sample condition ok,plant,submerged,CHPO14,Chiloscyphus polyanthos (L.) Corda,NA,NA,NA,Hepaticopsida,Jungermanniales,Geocalycaceae,Chiloscyphus,NA,polyanthos,NA,NA,NA,species,2022-04-06T17:36:00Z,NA
D17,BIGC,2022,4,BIGC.AOS.aquatic.plant.transect.04,Sample condition ok,macroalgae,free-floating,UNKALG,Unknown Algae,macroalgae14.20220406.T4,NA,NA,NA,NA,NA,NA,NA,NA,NA,NA,NA,kingdom,NA,NA
D17,BIGC,2022,4,BIGC.AOS.aquatic.plant.transect.05,Sample condition ok,plant,submerged,FOANA,Fontinalis antipyretica Hedw. var. antipyretica,NA,NA,NA,Bryopsida,Isobryales,Fontinalaceae,Fontinalis,NA,antipyretica,var. antipyretica,NA,NA,variety,NA,NA
D17,BIGC,2022,4,BIGC.AOS.aquatic.plant.transect.05,Sample condition ok,plant,submerged,FOANA,Fontinalis antipyretica Hedw. var. antipyretica,NA,NA,NA,Bryopsida,Isobryales,Fontinalaceae,Fontinalis,NA,antipyretica,var. antipyretica,NA,NA,variety,NA,NA
D17,BIGC,2022,4,BIGC.AOS.aquatic.plant.transect.05,Sample condition ok,plant,submerged,FOANA,Fontinalis antipyretica Hedw. var. antipyretica,NA,NA,NA,Bryopsida,Isobryales,Fontinalaceae,Fontinalis,NA,antipyretica,var. antipyretica,NA,NA,variety,NA,NA
D17,BIGC,2022,4,BIGC.AOS.aquatic.plant.transect.06,Sample condition ok,plant,emergent,NAOF,Nasturtium officinale W.T. Aiton,NA,Magnoliophyta,NA,Magnoliopsida,Capparales,Brassicaceae,Nasturtium,NA,officinale,NA,NA,NA,species,NA,NA
D17,BIGC,2022,4,BIGC.AOS.aquatic.plant.transect.06,Sample condition ok,plant,floating-leaved,NAOF,Nasturtium officinale W.T. Aiton,NA,Magnoliophyta,NA,Magnoliopsida,Capparales,Brassicaceae,Nasturtium,NA,officinale,NA,NA,NA,species,NA,NA
D17,BIGC,2022,4,BIGC.AOS.aquatic.plant.transect.06,Sample condition ok,plant,floating-leaved,GALIU,Galium sp.,NA,Magnoliophyta,NA,Magnoliopsida,Rubiales,Rubiaceae,Galium,NA,sp.,NA,NA,NA,genus,NA,NA
D17,BIGC,2022,4,BIGC.AOS.aquatic.plant.transect.06,Sample condition ok,plant,submerged,FOANA,Fontinalis antipyretica Hedw. var. antipyretica,NA,NA,NA,Bryopsida,Isobryales,Fontinalaceae,Fontinalis,NA,antipyretica,var. antipyretica,NA,NA,variety,NA,NA
D17,BIGC,2022,4,BIGC.AOS.aquatic.plant.transect.06,Sample condition ok,macroalgae,free-floating,UNKALG,Unknown Algae,macroalgae18.20220406.T6,NA,NA,NA,NA,NA,NA,NA,NA,NA,NA,NA,kingdom,NA,NA
D17,BIGC,2022,4,BIGC.AOS.aquatic.plant.transect.06,Sample condition ok,plant,emergent,POACEA,Poaceae sp.,NA,Magnoliophyta,NA,Liliopsida,Cyperales,Poaceae,NA,NA,sp.,NA,NA,NA,family,NA,NA
D17,BIGC,2022,4,BIGC.AOS.aquatic.plant.transect.06,Sample condition ok,plant,floating-leaved,NAOF,Nasturtium officinale W.T. Aiton,NA,Magnoliophyta,NA,Magnoliopsida,Capparales,Brassicaceae,Nasturtium,NA,officinale,NA,NA,NA,species,NA,NA
D17,BIGC,2022,4,BIGC.AOS.aquatic.plant.transect.06,Sample condition ok,plant,floating-leaved,NAOF,Nasturtium officinale W.T. Aiton,NA,Magnoliophyta,NA,Magnoliopsida,Capparales,Brassicaceae,Nasturtium,NA,officinale,NA,NA,NA,species,NA,NA
D17,BIGC,2022,4,BIGC.AOS.aquatic.plant.transect.06,Sample condition ok,plant,floating-leaved,NAOF,Nasturtium officinale W.T. Aiton,NA,Magnoliophyta,NA,Magnoliopsida,Capparales,Brassicaceae,Nasturtium,NA,officinale,NA,NA,NA,species,NA,NA
D17,BIGC,2022,4,BIGC.AOS.aquatic.plant.transect.06,Sample condition ok,plant,floating-leaved,NAOF,Nasturtium officinale W.T. Aiton,NA,Magnoliophyta,NA,Magnoliopsida,Capparales,Brassicaceae,Nasturtium,NA,officinale,NA,NA,NA,species,NA,NA
D17,BIGC,2022,4,BIGC.AOS.aquatic.plant.transect.06,Sample condition ok,plant,floating-leaved,NAOF,Nasturtium officinale W.T. Aiton,NA,Magnoliophyta,NA,Magnoliopsida,Capparales,Brassicaceae,Nasturtium,NA,officinale,NA,NA,NA,species,NA,NA
D17,BIGC,2022,4,BIGC.AOS.aquatic.plant.transect.06,Sample condition ok,plant,submerged,FOANA,Fontinalis antipyretica Hedw. var. antipyretica,NA,NA,NA,Bryopsida,Isobryales,Fontinalaceae,Fontinalis,NA,antipyretica,var. antipyretica,NA,NA,variety,NA,NA
D17,BIGC,2022,4,BIGC.AOS.aquatic.plant.transect.06,Sample condition ok,macroalgae,free-floating,UNKALG,Unknown Algae,macroalgae18.20220406.T6,NA,NA,NA,NA,NA,NA,NA,NA,NA,NA,NA,kingdom,NA,NA
D17,BIGC,2022,4,BIGC.AOS.aquatic.plant.transect.07,Sample condition ok,plant,submerged,FOANA,Fontinalis antipyretica Hedw. var. antipyretica,NA,NA,NA,Bryopsida,Isobryales,Fontinalaceae,Fontinalis,NA,antipyretica,var. antipyretica,NA,NA,variety,NA,NA
D17,BIGC,2022,4,BIGC.AOS.aquatic.plant.transect.07,Sample condition ok,plant,submerged,CHPO14,Chiloscyphus polyanthos (L.) Corda,NA,NA,NA,Hepaticopsida,Jungermanniales,Geocalycaceae,Chiloscyphus,NA,polyanthos,NA,NA,NA,species,2022-04-06T19:01:00Z,NA
D17,BIGC,2022,4,BIGC.AOS.aquatic.plant.transect.07,Sample condition ok,plant,emergent,2PLANT,Unknown plant,Worldleafyplant,NA,NA,NA,NA,NA,NA,NA,NA,NA,NA,NA,kingdom,NA,NA
D17,BIGC,2022,4,BIGC.AOS.aquatic.plant.transect.07,Sample condition ok,plant,submerged,CHPO14,Chiloscyphus polyanthos (L.) Corda,NA,NA,NA,Hepaticopsida,Jungermanniales,Geocalycaceae,Chiloscyphus,NA,polyanthos,NA,NA,NA,species,2022-04-06T19:01:00Z,NA
D17,BIGC,2022,4,BIGC.AOS.aquatic.plant.transect.07,Sample condition ok,plant,submerged,FOANA,Fontinalis antipyretica Hedw. var. antipyretica,NA,NA,NA,Bryopsida,Isobryales,Fontinalaceae,Fontinalis,NA,antipyretica,var. antipyretica,NA,NA,variety,NA,NA
D17,BIGC,2022,4,BIGC.AOS.aquatic.plant.transect.07,Sample condition ok,plant,floating-leaved,NAOF,Nasturtium officinale W.T. Aiton,NA,Magnoliophyta,NA,Magnoliopsida,Capparales,Brassicaceae,Nasturtium,NA,officinale,NA,NA,NA,species,NA,NA
D17,BIGC,2022,4,BIGC.AOS.aquatic.plant.transect.07,Sample condition ok,plant,emergent,2PLANT,Unknown plant,Worldleafyplant,NA,NA,NA,NA,NA,NA,NA,NA,NA,NA,NA,kingdom,NA,NA
D17,BIGC,2022,4,BIGC.AOS.aquatic.plant.transect.07,Sample condition ok,plant,submerged,FOANA,Fontinalis antipyretica Hedw. var. antipyretica,NA,NA,NA,Bryopsida,Isobryales,Fontinalaceae,Fontinalis,NA,antipyretica,var. antipyretica,NA,NA,variety,NA,NA
D17,BIGC,2022,4,BIGC.AOS.aquatic.plant.transect.07,Sample condition ok,plant,submerged,FOANA,Fontinalis antipyretica Hedw. var. antipyretica,NA,NA,NA,Bryopsida,Isobryales,Fontinalaceae,Fontinalis,NA,antipyretica,var. antipyretica,NA,NA,variety,NA,NA
D17,BIGC,2022,4,BIGC.AOS.aquatic.plant.transect.07,Sample condition ok,plant,submerged,FOANA,Fontinalis antipyretica Hedw. var. antipyretica,NA,NA,NA,Bryopsida,Isobryales,Fontinalaceae,Fontinalis,NA,antipyretica,var. antipyretica,NA,NA,variety,NA,NA
D17,BIGC,2022,4,BIGC.AOS.aquatic.plant.transect.07,Sample condition ok,plant,submerged,FOANA,Fontinalis antipyretica Hedw. var. antipyretica,NA,NA,NA,Bryopsida,Isobryales,Fontinalaceae,Fontinalis,NA,antipyretica,var. antipyretica,NA,NA,variety,NA,NA
D17,BIGC,2022,4,BIGC.AOS.aquatic.plant.transect.07,Sample condition ok,plant,submerged,FOANA,Fontinalis antipyretica Hedw. var. antipyretica,NA,NA,NA,Bryopsida,Isobryales,Fontinalaceae,Fontinalis,NA,antipyretica,var. antipyretica,NA,NA,variety,NA,NA
D17,BIGC,2022,4,BIGC.AOS.aquatic.plant.transect.07,Sample condition ok,plant,submerged,FOANA,Fontinalis antipyretica Hedw. var. antipyretica,NA,NA,NA,Bryopsida,Isobryales,Fontinalaceae,Fontinalis,NA,antipyretica,var. antipyretica,NA,NA,variety,NA,NA
D17,BIGC,2022,4,BIGC.AOS.aquatic.plant.transect.08,Sample condition ok,plant,submerged,FOANA,Fontinalis antipyretica Hedw. var. antipyretica,NA,NA,NA,Bryopsida,Isobryales,Fontinalaceae,Fontinalis,NA,antipyretica,var. antipyretica,NA,NA,variety,NA,NA
D17,BIGC,2022,4,BIGC.AOS.aquatic.plant.transect.08,Sample condition ok,plant,submerged,FOANA,Fontinalis antipyretica Hedw. var. antipyretica,NA,NA,NA,Bryopsida,Isobryales,Fontinalaceae,Fontinalis,NA,antipyretica,var. antipyretica,NA,NA,variety,NA,NA
D17,BIGC,2022,4,BIGC.AOS.aquatic.plant.transect.08,Sample condition ok,plant,emergent,NAOF,Nasturtium officinale W.T. Aiton,NA,Magnoliophyta,NA,Magnoliopsida,Capparales,Brassicaceae,Nasturtium,NA,officinale,NA,NA,NA,species,NA,NA
D17,BIGC,2022,4,BIGC.AOS.aquatic.plant.transect.08,Sample condition ok,plant,submerged,FOANA,Fontinalis antipyretica Hedw. var. antipyretica,NA,NA,NA,Bryopsida,Isobryales,Fontinalaceae,Fontinalis,NA,antipyretica,var. antipyretica,NA,NA,variety,NA,NA
D17,BIGC,2022,4,BIGC.AOS.aquatic.plant.transect.08,Sample condition ok,plant,submerged,FOANA,Fontinalis antipyretica Hedw. var. antipyretica,NA,NA,NA,Bryopsida,Isobryales,Fontinalaceae,Fontinalis,NA,antipyretica,var. antipyretica,NA,NA,variety,NA,NA
D17,BIGC,2022,4,BIGC.AOS.aquatic.plant.transect.08,Sample condition ok,plant,submerged,FOANA,Fontinalis antipyretica Hedw. var. antipyretica,NA,NA,NA,Bryopsida,Isobryales,Fontinalaceae,Fontinalis,NA,antipyretica,var. antipyretica,NA,NA,variety,NA,NA
D17,BIGC,2022,4,BIGC.AOS.aquatic.plant.transect.08,Sample condition ok,plant,submerged,FOANA,Fontinalis antipyretica Hedw. var. antipyretica,NA,NA,NA,Bryopsida,Isobryales,Fontinalaceae,Fontinalis,NA,antipyretica,var. antipyretica,NA,NA,variety,NA,NA
D17,BIGC,2022,4,BIGC.AOS.aquatic.plant.transect.08,Sample condition ok,plant,submerged,CHPO14,Chiloscyphus polyanthos (L.) Corda,NA,NA,NA,Hepaticopsida,Jungermanniales,Geocalycaceae,Chiloscyphus,NA,polyanthos,NA,NA,NA,species,2022-04-06T19:27:00Z,NA
D17,BIGC,2022,4,BIGC.AOS.aquatic.plant.transect.08,Sample condition ok,plant,submerged,FOANA,Fontinalis antipyretica Hedw. var. antipyretica,NA,NA,NA,Bryopsida,Isobryales,Fontinalaceae,Fontinalis,NA,antipyretica,var. antipyretica,NA,NA,variety,NA,NA
D17,BIGC,2022,4,BIGC.AOS.aquatic.plant.transect.08,Sample condition ok,plant,emergent,NAOF,Nasturtium officinale W.T. Aiton,NA,Magnoliophyta,NA,Magnoliopsida,Capparales,Brassicaceae,Nasturtium,NA,officinale,NA,NA,NA,species,NA,NA
D17,BIGC,2022,4,BIGC.AOS.aquatic.plant.transect.08,Sample condition ok,plant,submerged,FOANA,Fontinalis antipyretica Hedw. var. antipyretica,NA,NA,NA,Bryopsida,Isobryales,Fontinalaceae,Fontinalis,NA,antipyretica,var. antipyretica,NA,NA,variety,NA,NA
D17,BIGC,2022,4,BIGC.AOS.aquatic.plant.transect.09,Sample condition ok,plant,submerged,FOANA,Fontinalis antipyretica Hedw. var. antipyretica,NA,NA,NA,Bryopsida,Isobryales,Fontinalaceae,Fontinalis,NA,antipyretica,var. antipyretica,NA,NA,variety,NA,NA
D17,BIGC,2022,4,BIGC.AOS.aquatic.plant.transect.09,Sample condition ok,plant,emergent,2PLANT,Unknown plant,Strawblantro,NA,NA,NA,NA,NA,NA,NA,NA,NA,NA,NA,kingdom,NA,NA
D17,BIGC,2022,4,BIGC.AOS.aquatic.plant.transect.09,Sample condition ok,plant,submerged,FOANA,Fontinalis antipyretica Hedw. var. antipyretica,NA,NA,NA,Bryopsida,Isobryales,Fontinalaceae,Fontinalis,NA,antipyretica,var. antipyretica,NA,NA,variety,NA,NA
D17,BIGC,2022,4,BIGC.AOS.aquatic.plant.transect.10,Sample condition ok,plant,submerged,FOANA,Fontinalis antipyretica Hedw. var. antipyretica,NA,NA,NA,Bryopsida,Isobryales,Fontinalaceae,Fontinalis,NA,antipyretica,var. antipyretica,NA,NA,variety,NA,NA
D17,BIGC,2022,4,BIGC.AOS.aquatic.plant.transect.10,Sample condition ok,plant,emergent,NAOF,Nasturtium officinale W.T. Aiton,NA,Magnoliophyta,NA,Magnoliopsida,Capparales,Brassicaceae,Nasturtium,NA,officinale,NA,NA,NA,species,NA,NA
D17,BIGC,2022,4,BIGC.AOS.aquatic.plant.transect.10,Sample condition ok,plant,submerged,FOANA,Fontinalis antipyretica Hedw. var. antipyretica,NA,NA,NA,Bryopsida,Isobryales,Fontinalaceae,Fontinalis,NA,antipyretica,var. antipyretica,NA,NA,variety,NA,NA
D17,BIGC,2022,4,BIGC.AOS.aquatic.plant.transect.10,Sample condition ok,plant,emergent,NAOF,Nasturtium officinale W.T. Aiton,NA,Magnoliophyta,NA,Magnoliopsida,Capparales,Brassicaceae,Nasturtium,NA,officinale,NA,NA,NA,species,NA,NA
D17,BIGC,2022,4,BIGC.AOS.aquatic.plant.transect.10,Sample condition ok,plant,submerged,FOANA,Fontinalis antipyretica Hedw. var. antipyretica,NA,NA,NA,Bryopsida,Isobryales,Fontinalaceae,Fontinalis,NA,antipyretica,var. antipyretica,NA,NA,variety,NA,NA
D17,BIGC,2022,4,BIGC.AOS.aquatic.plant.transect.10,Sample condition ok,plant,submerged,FOANA,Fontinalis antipyretica Hedw. var. antipyretica,NA,NA,NA,Bryopsida,Isobryales,Fontinalaceae,Fontinalis,NA,antipyretica,var. antipyretica,NA,NA,variety,NA,NA
D17,BIGC,2022,4,BIGC.AOS.aquatic.plant.transect.10,Sample condition ok,plant,submerged,FOANA,Fontinalis antipyretica Hedw. var. antipyretica,NA,NA,NA,Bryopsida,Isobryales,Fontinalaceae,Fontinalis,NA,antipyretica,var. antipyretica,NA,NA,variety,NA,NA
D17,BIGC,2022,4,BIGC.AOS.aquatic.plant.transect.10,Sample condition ok,plant,emergent,NAOF,Nasturtium officinale W.T. Aiton,NA,Magnoliophyta,NA,Magnoliopsida,Capparales,Brassicaceae,Nasturtium,NA,officinale,NA,NA,NA,species,NA,NA
D17,BIGC,2022,4,BIGC.AOS.aquatic.plant.transect.10,Sample condition ok,plant,submerged,FOANA,Fontinalis antipyretica Hedw. var. antipyretica,NA,NA,NA,Bryopsida,Isobryales,Fontinalaceae,Fontinalis,NA,antipyretica,var. antipyretica,NA,NA,variety,NA,NA
D17,BIGC,2022,4,BIGC.AOS.aquatic.plant.transect.10,Sample condition ok,macroalgae,free-floating,UNKALG,Unknown Algae,macroalgae19.20220406.T10,NA,NA,NA,NA,NA,NA,NA,NA,NA,NA,NA,kingdom,NA,NA
D17,BIGC,2022,4,BIGC.AOS.aquatic.plant.transect.10,Sample condition ok,plant,submerged,FOANA,Fontinalis antipyretica Hedw. var. antipyretica,NA,NA,NA,Bryopsida,Isobryales,Fontinalaceae,Fontinalis,NA,antipyretica,var. antipyretica,NA,NA,variety,NA,NA
D17,BIGC,2022,4,BIGC.AOS.aquatic.plant.transect.10,Sample condition ok,plant,submerged,CHPO14,Chiloscyphus polyanthos (L.) Corda,NA,NA,NA,Hepaticopsida,Jungermanniales,Geocalycaceae,Chiloscyphus,NA,polyanthos,NA,NA,NA,species,2022-04-06T20:03:00Z,NA
D17,BIGC,2022,4,BIGC.AOS.aquatic.plant.transect.10,Sample condition ok,plant,submerged,CHPO14,Chiloscyphus polyanthos (L.) Corda,NA,NA,NA,Hepaticopsida,Jungermanniales,Geocalycaceae,Chiloscyphus,NA,polyanthos,NA,NA,NA,species,2022-04-06T20:03:00Z,NA
D17,BIGC,2022,4,BIGC.AOS.aquatic.plant.transect.10,Sample condition ok,plant,emergent,NAOF,Nasturtium officinale W.T. Aiton,NA,Magnoliophyta,NA,Magnoliopsida,Capparales,Brassicaceae,Nasturtium,NA,officinale,NA,NA,NA,species,NA,NA
D17,BIGC,2022,4,BIGC.AOS.aquatic.plant.transect.10,Sample condition ok,plant,submerged,CHPO14,Chiloscyphus polyanthos (L.) Corda,NA,NA,NA,Hepaticopsida,Jungermanniales,Geocalycaceae,Chiloscyphus,NA,polyanthos,NA,NA,NA,species,2022-04-06T20:03:00Z,NA
D17,BIGC,2022,4,BIGC.AOS.aquatic.plant.transect.10,Sample condition ok,plant,submerged,FOANA,Fontinalis antipyretica Hedw. var. antipyretica,NA,NA,NA,Bryopsida,Isobryales,Fontinalaceae,Fontinalis,NA,antipyretica,var. antipyretica,NA,NA,variety,NA,NA
D17,BIGC,2022,4,BIGC.AOS.aquatic.plant.transect.10,Sample condition ok,plant,submerged,CHPO14,Chiloscyphus polyanthos (L.) Corda,NA,NA,NA,Hepaticopsida,Jungermanniales,Geocalycaceae,Chiloscyphus,NA,polyanthos,NA,NA,NA,species,2022-04-06T20:03:00Z,NA
D17,BIGC,2022,4,BIGC.AOS.aquatic.plant.transect.10,Sample condition ok,plant,submerged,FOANA,Fontinalis antipyretica Hedw. var. antipyretica,NA,NA,NA,Bryopsida,Isobryales,Fontinalaceae,Fontinalis,NA,antipyretica,var. antipyretica,NA,NA,variety,NA,NA
D17,BIGC,2022,4,BIGC.AOS.aquatic.plant.transect.10,Sample condition ok,plant,submerged,FOANA,Fontinalis antipyretica Hedw. var. antipyretica,NA,NA,NA,Bryopsida,Isobryales,Fontinalaceae,Fontinalis,NA,antipyretica,var. antipyretica,NA,NA,variety,NA,NA
D17,BIGC,2022,4,BIGC.AOS.aquatic.plant.transect.10,Sample condition ok,plant,submerged,FOANA,Fontinalis antipyretica Hedw. var. antipyretica,NA,NA,NA,Bryopsida,Isobryales,Fontinalaceae,Fontinalis,NA,antipyretica,var. antipyretica,NA,NA,variety,NA,NA
D17,BIGC,2022,4,BIGC.AOS.aquatic.plant.transect.10,Sample condition ok,plant,emergent,NAOF,Nasturtium officinale W.T. Aiton,NA,Magnoliophyta,NA,Magnoliopsida,Capparales,Brassicaceae,Nasturtium,NA,officinale,NA,NA,NA,species,NA,NA
D17,BIGC,2022,4,BIGC.AOS.aquatic.plant.transect.10,Sample condition ok,plant,submerged,FOANA,Fontinalis antipyretica Hedw. var. antipyretica,NA,NA,NA,Bryopsida,Isobryales,Fontinalaceae,Fontinalis,NA,antipyretica,var. antipyretica,NA,NA,variety,NA,NA
D17,BIGC,2022,4,BIGC.AOS.aquatic.plant.transect.10,Sample condition ok,plant,emergent,NAOF,Nasturtium officinale W.T. Aiton,NA,Magnoliophyta,NA,Magnoliopsida,Capparales,Brassicaceae,Nasturtium,NA,officinale,NA,NA,NA,species,NA,NA
D17,BIGC,2022,10,BIGC.AOS.aquatic.plant.transect.02,Sample condition ok,plant,emergent,CHPO14,Chiloscyphus polyanthos (L.) Corda,NA,NA,NA,Hepaticopsida,Jungermanniales,Geocalycaceae,Chiloscyphus,NA,polyanthos,NA,NA,NA,species,2022-10-06T18:16:00Z,NA
D17,BIGC,2022,10,BIGC.AOS.aquatic.plant.transect.03,Sample condition ok,plant,emergent,2PLANT,Unknown plant,P.pendulum,NA,NA,NA,NA,NA,NA,NA,NA,NA,NA,NA,kingdom,NA,NA
D17,BIGC,2022,10,BIGC.AOS.aquatic.plant.transect.05,Sample condition ok,plant,submerged,FOANA,Fontinalis antipyretica Hedw. var. antipyretica,NA,NA,NA,Bryopsida,Isobryales,Fontinalaceae,Fontinalis,NA,antipyretica,var. antipyretica,NA,NA,variety,NA,NA
D17,BIGC,2022,10,BIGC.AOS.aquatic.plant.transect.06,Sample condition ok,plant,emergent,NAOF,Nasturtium officinale W.T. Aiton,NA,Magnoliophyta,NA,Magnoliopsida,Capparales,Brassicaceae,Nasturtium,NA,officinale,NA,NA,NA,species,NA,NA
D17,BIGC,2022,10,BIGC.AOS.aquatic.plant.transect.06,Sample condition ok,plant,emergent,NAOF,Nasturtium officinale W.T. Aiton,NA,Magnoliophyta,NA,Magnoliopsida,Capparales,Brassicaceae,Nasturtium,NA,officinale,NA,NA,NA,species,NA,NA
D17,BIGC,2022,10,BIGC.AOS.aquatic.plant.transect.06,Sample condition ok,plant,submerged,NAOF,Nasturtium officinale W.T. Aiton,NA,Magnoliophyta,NA,Magnoliopsida,Capparales,Brassicaceae,Nasturtium,NA,officinale,NA,NA,NA,species,NA,NA
D17,BIGC,2022,10,BIGC.AOS.aquatic.plant.transect.06,Sample condition ok,plant,emergent,NAOF,Nasturtium officinale W.T. Aiton,NA,Magnoliophyta,NA,Magnoliopsida,Capparales,Brassicaceae,Nasturtium,NA,officinale,NA,NA,NA,species,NA,NA
D17,BIGC,2022,10,BIGC.AOS.aquatic.plant.transect.06,Sample condition ok,plant,emergent,NAOF,Nasturtium officinale W.T. Aiton,NA,Magnoliophyta,NA,Magnoliopsida,Capparales,Brassicaceae,Nasturtium,NA,officinale,NA,NA,NA,species,NA,NA
D17,BIGC,2022,10,BIGC.AOS.aquatic.plant.transect.06,Sample condition ok,plant,emergent,NAOF,Nasturtium officinale W.T. Aiton,NA,Magnoliophyta,NA,Magnoliopsida,Capparales,Brassicaceae,Nasturtium,NA,officinale,NA,NA,NA,species,NA,NA
D17,BIGC,2022,10,BIGC.AOS.aquatic.plant.transect.07,Sample condition ok,plant,submerged,FOANA,Fontinalis antipyretica Hedw. var. antipyretica,NA,NA,NA,Bryopsida,Isobryales,Fontinalaceae,Fontinalis,NA,antipyretica,var. antipyretica,NA,NA,variety,NA,NA
D17,BIGC,2022,10,BIGC.AOS.aquatic.plant.transect.07,Sample condition ok,plant,submerged,FOANA,Fontinalis antipyretica Hedw. var. antipyretica,NA,NA,NA,Bryopsida,Isobryales,Fontinalaceae,Fontinalis,NA,antipyretica,var. antipyretica,NA,NA,variety,NA,NA
D17,BIGC,2022,10,BIGC.AOS.aquatic.plant.transect.07,Sample condition ok,plant,submerged,CHPO14,Chiloscyphus polyanthos (L.) Corda,NA,NA,NA,Hepaticopsida,Jungermanniales,Geocalycaceae,Chiloscyphus,NA,polyanthos,NA,NA,NA,species,2022-10-06T19:58:00Z,NA
D17,BIGC,2022,10,BIGC.AOS.aquatic.plant.transect.07,Sample condition ok,plant,submerged,FOANA,Fontinalis antipyretica Hedw. var. antipyretica,NA,NA,NA,Bryopsida,Isobryales,Fontinalaceae,Fontinalis,NA,antipyretica,var. antipyretica,NA,NA,variety,NA,NA
D17,BIGC,2022,10,BIGC.AOS.aquatic.plant.transect.07,Sample condition ok,plant,submerged,FOANA,Fontinalis antipyretica Hedw. var. antipyretica,NA,NA,NA,Bryopsida,Isobryales,Fontinalaceae,Fontinalis,NA,antipyretica,var. antipyretica,NA,NA,variety,NA,NA
D17,BIGC,2022,10,BIGC.AOS.aquatic.plant.transect.07,Sample condition ok,plant,submerged,FOANA,Fontinalis antipyretica Hedw. var. antipyretica,NA,NA,NA,Bryopsida,Isobryales,Fontinalaceae,Fontinalis,NA,antipyretica,var. antipyretica,NA,NA,variety,NA,NA
D17,BIGC,2022,10,BIGC.AOS.aquatic.plant.transect.08,Sample condition ok,plant,emergent,FOANA,Fontinalis antipyretica Hedw. var. antipyretica,NA,NA,NA,Bryopsida,Isobryales,Fontinalaceae,Fontinalis,NA,antipyretica,var. antipyretica,NA,NA,variety,NA,NA
D17,BIGC,2022,10,BIGC.AOS.aquatic.plant.transect.08,Sample condition ok,plant,submerged,FOANA,Fontinalis antipyretica Hedw. var. antipyretica,NA,NA,NA,Bryopsida,Isobryales,Fontinalaceae,Fontinalis,NA,antipyretica,var. antipyretica,NA,NA,variety,NA,NA
D17,BIGC,2022,10,BIGC.AOS.aquatic.plant.transect.10,Sample condition ok,plant,emergent,NAOF,Nasturtium officinale W.T. Aiton,NA,Magnoliophyta,NA,Magnoliopsida,Capparales,Brassicaceae,Nasturtium,NA,officinale,NA,NA,NA,species,NA,NA
D17,BIGC,2022,10,BIGC.AOS.aquatic.plant.transect.10,Sample condition ok,plant,emergent,NAOF,Nasturtium officinale W.T. Aiton,NA,Magnoliophyta,NA,Magnoliopsida,Capparales,Brassicaceae,Nasturtium,NA,officinale,NA,NA,NA,species,NA,NA
D17,BIGC,2022,10,BIGC.AOS.aquatic.plant.transect.10,Sample condition ok,plant,submerged,FOANA,Fontinalis antipyretica Hedw. var. antipyretica,NA,NA,NA,Bryopsida,Isobryales,Fontinalaceae,Fontinalis,NA,antipyretica,var. antipyretica,NA,NA,variety,NA,NA
D17,BIGC,2022,10,BIGC.AOS.aquatic.plant.transect.10,Sample condition ok,plant,submerged,NAOF,Nasturtium officinale W.T. Aiton,NA,Magnoliophyta,NA,Magnoliopsida,Capparales,Brassicaceae,Nasturtium,NA,officinale,NA,NA,NA,species,NA,NA
D17,BIGC,2022,10,BIGC.AOS.aquatic.plant.transect.10,Sample condition ok,plant,submerged,FOANA,Fontinalis antipyretica Hedw. var. antipyretica,NA,NA,NA,Bryopsida,Isobryales,Fontinalaceae,Fontinalis,NA,antipyretica,var. antipyretica,NA,NA,variety,NA,NA
D17,BIGC,2022,10,BIGC.AOS.aquatic.plant.transect.10,Sample condition ok,plant,submerged,FOANA,Fontinalis antipyretica Hedw. var. antipyretica,NA,NA,NA,Bryopsida,Isobryales,Fontinalaceae,Fontinalis,NA,antipyretica,var. antipyretica,NA,NA,variety,NA,NA
D17,BIGC,2022,10,BIGC.AOS.aquatic.plant.transect.10,Sample condition ok,plant,submerged,FOANA,Fontinalis antipyretica Hedw. var. antipyretica,NA,NA,NA,Bryopsida,Isobryales,Fontinalaceae,Fontinalis,NA,antipyretica,var. antipyretica,NA,NA,variety,NA,NA
D17,BIGC,2022,10,BIGC.AOS.aquatic.plant.transect.10,Sample condition ok,plant,emergent,NAOF,Nasturtium officinale W.T. Aiton,NA,Magnoliophyta,NA,Magnoliopsida,Capparales,Brassicaceae,Nasturtium,NA,officinale,NA,NA,NA,species,NA,NA
D17,BIGC,2022,10,BIGC.AOS.aquatic.plant.transect.10,Sample condition ok,plant,submerged,FOANA,Fontinalis antipyretica Hedw. var. antipyretica,NA,NA,NA,Bryopsida,Isobryales,Fontinalaceae,Fontinalis,NA,antipyretica,var. antipyretica,NA,NA,variety,NA,NA
D17,BIGC,2022,10,BIGC.AOS.aquatic.plant.transect.10,Sample condition ok,plant,submerged,NAOF,Nasturtium officinale W.T. Aiton,NA,Magnoliophyta,NA,Magnoliopsida,Capparales,Brassicaceae,Nasturtium,NA,officinale,NA,NA,NA,species,NA,NA
D17,BIGC,2022,10,BIGC.AOS.aquatic.plant.transect.10,Sample condition ok,plant,emergent,NAOF,Nasturtium officinale W.T. Aiton,NA,Magnoliophyta,NA,Magnoliopsida,Capparales,Brassicaceae,Nasturtium,NA,officinale,NA,NA,NA,species,NA,NA
D17,BIGC,2022,10,BIGC.AOS.aquatic.plant.transect.09,Sample condition ok,plant,emergent,NAOF,Nasturtium officinale W.T. Aiton,NA,Magnoliophyta,NA,Magnoliopsida,Capparales,Brassicaceae,Nasturtium,NA,officinale,NA,NA,NA,species,NA,NA
D17,BIGC,2022,10,BIGC.AOS.aquatic.plant.transect.09,Sample condition ok,plant,emergent,NAOF,Nasturtium officinale W.T. Aiton,NA,Magnoliophyta,NA,Magnoliopsida,Capparales,Brassicaceae,Nasturtium,NA,officinale,NA,NA,NA,species,NA,NA
D17,BIGC,2022,7,BIGC.AOS.aquatic.plant.transect.02,Sample condition ok,plant,emergent,MAPO16,Marchantia polymorpha L.,NA,NA,NA,Hepaticopsida,Marchantiales,Marchantiaceae,Marchantia,NA,polymorpha,NA,NA,NA,species,NA,NA
D17,BIGC,2022,7,BIGC.AOS.aquatic.plant.transect.02,Sample condition ok,plant,emergent,CORNU,Cornus sp.,NA,Magnoliophyta,NA,Magnoliopsida,Cornales,Cornaceae,Cornus,NA,sp.,NA,NA,NA,genus,NA,NA
D17,BIGC,2022,7,BIGC.AOS.aquatic.plant.transect.02,Sample condition ok,plant,submerged,CHPO14,Chiloscyphus polyanthos (L.) Corda,NA,NA,NA,Hepaticopsida,Jungermanniales,Geocalycaceae,Chiloscyphus,NA,polyanthos,NA,NA,NA,species,2022-07-11T18:15:00Z,NA
D17,BIGC,2022,7,BIGC.AOS.aquatic.plant.transect.03,Sample condition ok,plant,submerged,CHPO14,Chiloscyphus polyanthos (L.) Corda,NA,NA,NA,Hepaticopsida,Jungermanniales,Geocalycaceae,Chiloscyphus,NA,polyanthos,NA,NA,NA,species,2022-07-11T18:54:00Z,NA
D17,BIGC,2022,7,BIGC.AOS.aquatic.plant.transect.03,Sample condition ok,plant,submerged,CHPO14,Chiloscyphus polyanthos (L.) Corda,NA,NA,NA,Hepaticopsida,Jungermanniales,Geocalycaceae,Chiloscyphus,NA,polyanthos,NA,NA,NA,species,2022-07-11T18:54:00Z,NA
D17,BIGC,2022,7,BIGC.AOS.aquatic.plant.transect.03,Sample condition ok,plant,submerged,CHPO14,Chiloscyphus polyanthos (L.) Corda,NA,NA,NA,Hepaticopsida,Jungermanniales,Geocalycaceae,Chiloscyphus,NA,polyanthos,NA,NA,NA,species,2022-07-11T18:54:00Z,NA
D17,BIGC,2022,7,BIGC.AOS.aquatic.plant.transect.03,Sample condition ok,plant,emergent,CHPO14,Chiloscyphus polyanthos (L.) Corda,NA,NA,NA,Hepaticopsida,Jungermanniales,Geocalycaceae,Chiloscyphus,NA,polyanthos,NA,NA,NA,species,2022-07-11T18:54:00Z,NA
D17,BIGC,2022,7,BIGC.AOS.aquatic.plant.transect.03,Sample condition ok,plant,submerged,CHPO14,Chiloscyphus polyanthos (L.) Corda,NA,NA,NA,Hepaticopsida,Jungermanniales,Geocalycaceae,Chiloscyphus,NA,polyanthos,NA,NA,NA,species,2022-07-11T18:54:00Z,NA
D17,BIGC,2022,7,BIGC.AOS.aquatic.plant.transect.05,Sample condition ok,plant,submerged,FOANA,Fontinalis antipyretica Hedw. var. antipyretica,NA,NA,NA,Bryopsida,Isobryales,Fontinalaceae,Fontinalis,NA,antipyretica,var. antipyretica,NA,NA,variety,NA,NA
D17,BIGC,2022,7,BIGC.AOS.aquatic.plant.transect.06,Sample condition ok,plant,submerged,NAOF,Nasturtium officinale W.T. Aiton,NA,Magnoliophyta,NA,Magnoliopsida,Capparales,Brassicaceae,Nasturtium,NA,officinale,NA,NA,NA,species,NA,NA
D17,BIGC,2022,7,BIGC.AOS.aquatic.plant.transect.06,Sample condition ok,plant,submerged,NAOF,Nasturtium officinale W.T. Aiton,NA,Magnoliophyta,NA,Magnoliopsida,Capparales,Brassicaceae,Nasturtium,NA,officinale,NA,NA,NA,species,NA,NA
D17,BIGC,2022,7,BIGC.AOS.aquatic.plant.transect.06,Sample condition ok,plant,submerged,NAOF,Nasturtium officinale W.T. Aiton,NA,Magnoliophyta,NA,Magnoliopsida,Capparales,Brassicaceae,Nasturtium,NA,officinale,NA,NA,NA,species,NA,NA
D17,BIGC,2022,7,BIGC.AOS.aquatic.plant.transect.06,Sample condition ok,plant,submerged,FOANA,Fontinalis antipyretica Hedw. var. antipyretica,NA,NA,NA,Bryopsida,Isobryales,Fontinalaceae,Fontinalis,NA,antipyretica,var. antipyretica,NA,NA,variety,NA,NA
D17,BIGC,2022,7,BIGC.AOS.aquatic.plant.transect.06,Sample condition ok,plant,submerged,FOANA,Fontinalis antipyretica Hedw. var. antipyretica,NA,NA,NA,Bryopsida,Isobryales,Fontinalaceae,Fontinalis,NA,antipyretica,var. antipyretica,NA,NA,variety,NA,NA
D17,BIGC,2022,7,BIGC.AOS.aquatic.plant.transect.06,Sample condition ok,plant,submerged,FOANA,Fontinalis antipyretica Hedw. var. antipyretica,NA,NA,NA,Bryopsida,Isobryales,Fontinalaceae,Fontinalis,NA,antipyretica,var. antipyretica,NA,NA,variety,NA,NA
D17,BIGC,2022,7,BIGC.AOS.aquatic.plant.transect.06,Sample condition ok,plant,emergent,NAOF,Nasturtium officinale W.T. Aiton,NA,Magnoliophyta,NA,Magnoliopsida,Capparales,Brassicaceae,Nasturtium,NA,officinale,NA,NA,NA,species,NA,NA
D17,BIGC,2022,7,BIGC.AOS.aquatic.plant.transect.06,Sample condition ok,plant,submerged,FOANA,Fontinalis antipyretica Hedw. var. antipyretica,NA,NA,NA,Bryopsida,Isobryales,Fontinalaceae,Fontinalis,NA,antipyretica,var. antipyretica,NA,NA,variety,NA,NA
D17,BIGC,2022,7,BIGC.AOS.aquatic.plant.transect.06,Sample condition ok,plant,emergent,NAOF,Nasturtium officinale W.T. Aiton,NA,Magnoliophyta,NA,Magnoliopsida,Capparales,Brassicaceae,Nasturtium,NA,officinale,NA,NA,NA,species,NA,NA
D17,BIGC,2022,7,BIGC.AOS.aquatic.plant.transect.06,Sample condition ok,plant,submerged,CHPO14,Chiloscyphus polyanthos (L.) Corda,NA,NA,NA,Hepaticopsida,Jungermanniales,Geocalycaceae,Chiloscyphus,NA,polyanthos,NA,NA,NA,species,2022-07-11T20:02:00Z,NA
D17,BIGC,2022,7,BIGC.AOS.aquatic.plant.transect.06,Sample condition ok,plant,emergent,NAOF,Nasturtium officinale W.T. Aiton,NA,Magnoliophyta,NA,Magnoliopsida,Capparales,Brassicaceae,Nasturtium,NA,officinale,NA,NA,NA,species,NA,NA
D17,BIGC,2022,7,BIGC.AOS.aquatic.plant.transect.06,Sample condition ok,plant,emergent,NAOF,Nasturtium officinale W.T. Aiton,NA,Magnoliophyta,NA,Magnoliopsida,Capparales,Brassicaceae,Nasturtium,NA,officinale,NA,NA,NA,species,NA,NA
D17,BIGC,2022,7,BIGC.AOS.aquatic.plant.transect.06,Sample condition ok,plant,emergent,NAOF,Nasturtium officinale W.T. Aiton,NA,Magnoliophyta,NA,Magnoliopsida,Capparales,Brassicaceae,Nasturtium,NA,officinale,NA,NA,NA,species,NA,NA
D17,BIGC,2022,7,BIGC.AOS.aquatic.plant.transect.07,Sample condition ok,plant,submerged,FOANA,Fontinalis antipyretica Hedw. var. antipyretica,NA,NA,NA,Bryopsida,Isobryales,Fontinalaceae,Fontinalis,NA,antipyretica,var. antipyretica,NA,NA,variety,NA,NA
D17,BIGC,2022,7,BIGC.AOS.aquatic.plant.transect.07,Sample condition ok,plant,submerged,FOANA,Fontinalis antipyretica Hedw. var. antipyretica,NA,NA,NA,Bryopsida,Isobryales,Fontinalaceae,Fontinalis,NA,antipyretica,var. antipyretica,NA,NA,variety,NA,NA
D17,BIGC,2022,7,BIGC.AOS.aquatic.plant.transect.07,Sample condition ok,plant,emergent,2PLANT,Unknown plant,GreenClump,NA,NA,NA,NA,NA,NA,NA,NA,NA,NA,NA,kingdom,NA,NA
D17,BIGC,2022,7,BIGC.AOS.aquatic.plant.transect.07,Sample condition ok,plant,submerged,CHPO14,Chiloscyphus polyanthos (L.) Corda,NA,NA,NA,Hepaticopsida,Jungermanniales,Geocalycaceae,Chiloscyphus,NA,polyanthos,NA,NA,NA,species,2022-07-11T20:35:00Z,NA
D17,BIGC,2022,7,BIGC.AOS.aquatic.plant.transect.07,Sample condition ok,plant,submerged,CHPO14,Chiloscyphus polyanthos (L.) Corda,NA,NA,NA,Hepaticopsida,Jungermanniales,Geocalycaceae,Chiloscyphus,NA,polyanthos,NA,NA,NA,species,2022-07-11T20:35:00Z,NA
D17,BIGC,2022,7,BIGC.AOS.aquatic.plant.transect.07,Sample condition ok,plant,submerged,CHPO14,Chiloscyphus polyanthos (L.) Corda,NA,NA,NA,Hepaticopsida,Jungermanniales,Geocalycaceae,Chiloscyphus,NA,polyanthos,NA,NA,NA,species,2022-07-11T20:35:00Z,NA
D17,BIGC,2022,7,BIGC.AOS.aquatic.plant.transect.07,Sample condition ok,plant,submerged,FOANA,Fontinalis antipyretica Hedw. var. antipyretica,NA,NA,NA,Bryopsida,Isobryales,Fontinalaceae,Fontinalis,NA,antipyretica,var. antipyretica,NA,NA,variety,NA,NA
D17,BIGC,2022,7,BIGC.AOS.aquatic.plant.transect.07,Sample condition ok,plant,submerged,CHPO14,Chiloscyphus polyanthos (L.) Corda,NA,NA,NA,Hepaticopsida,Jungermanniales,Geocalycaceae,Chiloscyphus,NA,polyanthos,NA,NA,NA,species,2022-07-11T20:35:00Z,NA
D17,BIGC,2022,7,BIGC.AOS.aquatic.plant.transect.07,Sample condition ok,plant,submerged,CHPO14,Chiloscyphus polyanthos (L.) Corda,NA,NA,NA,Hepaticopsida,Jungermanniales,Geocalycaceae,Chiloscyphus,NA,polyanthos,NA,NA,NA,species,2022-07-11T20:35:00Z,NA
D17,BIGC,2022,7,BIGC.AOS.aquatic.plant.transect.07,Sample condition ok,plant,submerged,FOANA,Fontinalis antipyretica Hedw. var. antipyretica,NA,NA,NA,Bryopsida,Isobryales,Fontinalaceae,Fontinalis,NA,antipyretica,var. antipyretica,NA,NA,variety,NA,NA
D17,BIGC,2022,7,BIGC.AOS.aquatic.plant.transect.07,Sample condition ok,plant,submerged,CHPO14,Chiloscyphus polyanthos (L.) Corda,NA,NA,NA,Hepaticopsida,Jungermanniales,Geocalycaceae,Chiloscyphus,NA,polyanthos,NA,NA,NA,species,2022-07-11T20:35:00Z,NA
D17,BIGC,2022,7,BIGC.AOS.aquatic.plant.transect.07,Sample condition ok,plant,submerged,CHPO14,Chiloscyphus polyanthos (L.) Corda,NA,NA,NA,Hepaticopsida,Jungermanniales,Geocalycaceae,Chiloscyphus,NA,polyanthos,NA,NA,NA,species,2022-07-11T20:35:00Z,NA
D17,BIGC,2022,7,BIGC.AOS.aquatic.plant.transect.08,Sample condition ok,plant,emergent,NAOF,Nasturtium officinale W.T. Aiton,NA,Magnoliophyta,NA,Magnoliopsida,Capparales,Brassicaceae,Nasturtium,NA,officinale,NA,NA,NA,species,NA,NA
D17,BIGC,2022,7,BIGC.AOS.aquatic.plant.transect.08,Sample condition ok,plant,submerged,FOANA,Fontinalis antipyretica Hedw. var. antipyretica,NA,NA,NA,Bryopsida,Isobryales,Fontinalaceae,Fontinalis,NA,antipyretica,var. antipyretica,NA,NA,variety,NA,NA
D17,BIGC,2022,7,BIGC.AOS.aquatic.plant.transect.08,Sample condition ok,plant,emergent,NAOF,Nasturtium officinale W.T. Aiton,NA,Magnoliophyta,NA,Magnoliopsida,Capparales,Brassicaceae,Nasturtium,NA,officinale,NA,NA,NA,species,NA,NA
D17,BIGC,2022,7,BIGC.AOS.aquatic.plant.transect.08,Sample condition ok,plant,submerged,CHPO14,Chiloscyphus polyanthos (L.) Corda,NA,NA,NA,Hepaticopsida,Jungermanniales,Geocalycaceae,Chiloscyphus,NA,polyanthos,NA,NA,NA,species,2022-07-11T21:15:00Z,NA
D17,BIGC,2022,7,BIGC.AOS.aquatic.plant.transect.08,Sample condition ok,plant,emergent,OESA,Oenanthe sarmentosa C. Presl ex DC.,NA,Magnoliophyta,NA,Magnoliopsida,Apiales,Apiaceae,Oenanthe,NA,sarmentosa,NA,NA,NA,species,NA,NA
D17,BIGC,2022,7,BIGC.AOS.aquatic.plant.transect.08,Sample condition ok,plant,submerged,CHPO14,Chiloscyphus polyanthos (L.) Corda,NA,NA,NA,Hepaticopsida,Jungermanniales,Geocalycaceae,Chiloscyphus,NA,polyanthos,NA,NA,NA,species,2022-07-11T21:15:00Z,NA
D17,BIGC,2022,7,BIGC.AOS.aquatic.plant.transect.09,Sample condition ok,plant,emergent,2PLANT,Unknown plant,LonePanicum,NA,NA,NA,NA,NA,NA,NA,NA,NA,NA,NA,kingdom,NA,NA
D17,BIGC,2022,7,BIGC.AOS.aquatic.plant.transect.09,Sample condition ok,plant,emergent,2PLANT,Unknown plant,LonePanicum,NA,NA,NA,NA,NA,NA,NA,NA,NA,NA,NA,kingdom,NA,NA
D17,BIGC,2022,7,BIGC.AOS.aquatic.plant.transect.09,Sample condition ok,plant,submerged,FOANA,Fontinalis antipyretica Hedw. var. antipyretica,NA,NA,NA,Bryopsida,Isobryales,Fontinalaceae,Fontinalis,NA,antipyretica,var. antipyretica,NA,NA,variety,NA,NA
D17,BIGC,2022,7,BIGC.AOS.aquatic.plant.transect.10,Sample condition ok,plant,submerged,CHPO14,Chiloscyphus polyanthos (L.) Corda,NA,NA,NA,Hepaticopsida,Jungermanniales,Geocalycaceae,Chiloscyphus,NA,polyanthos,NA,NA,NA,species,2022-07-11T22:20:00Z,NA
D17,BIGC,2022,7,BIGC.AOS.aquatic.plant.transect.10,Sample condition ok,plant,emergent,NAOF,Nasturtium officinale W.T. Aiton,NA,Magnoliophyta,NA,Magnoliopsida,Capparales,Brassicaceae,Nasturtium,NA,officinale,NA,NA,NA,species,NA,NA
D17,BIGC,2022,7,BIGC.AOS.aquatic.plant.transect.10,Sample condition ok,plant,floating-leaved,NAOF,Nasturtium officinale W.T. Aiton,NA,Magnoliophyta,NA,Magnoliopsida,Capparales,Brassicaceae,Nasturtium,NA,officinale,NA,NA,NA,species,NA,NA
D17,BIGC,2022,7,BIGC.AOS.aquatic.plant.transect.10,Sample condition ok,plant,submerged,FOANA,Fontinalis antipyretica Hedw. var. antipyretica,NA,NA,NA,Bryopsida,Isobryales,Fontinalaceae,Fontinalis,NA,antipyretica,var. antipyretica,NA,NA,variety,NA,NA
D17,BIGC,2022,7,BIGC.AOS.aquatic.plant.transect.10,Sample condition ok,plant,submerged,FOANA,Fontinalis antipyretica Hedw. var. antipyretica,NA,NA,NA,Bryopsida,Isobryales,Fontinalaceae,Fontinalis,NA,antipyretica,var. antipyretica,NA,NA,variety,NA,NA
D17,BIGC,2022,7,BIGC.AOS.aquatic.plant.transect.10,Sample condition ok,plant,submerged,FOANA,Fontinalis antipyretica Hedw. var. antipyretica,NA,NA,NA,Bryopsida,Isobryales,Fontinalaceae,Fontinalis,NA,antipyretica,var. antipyretica,NA,NA,variety,NA,NA
D17,BIGC,2022,7,BIGC.AOS.aquatic.plant.transect.10,Sample condition ok,plant,emergent,NAOF,Nasturtium officinale W.T. Aiton,NA,Magnoliophyta,NA,Magnoliopsida,Capparales,Brassicaceae,Nasturtium,NA,officinale,NA,NA,NA,species,NA,NA
D17,BIGC,2022,7,BIGC.AOS.aquatic.plant.transect.10,Sample condition ok,plant,emergent,OESA,Oenanthe sarmentosa C. Presl ex DC.,NA,Magnoliophyta,NA,Magnoliopsida,Apiales,Apiaceae,Oenanthe,NA,sarmentosa,NA,NA,NA,species,NA,NA
D17,BIGC,2022,7,BIGC.AOS.aquatic.plant.transect.10,Sample condition ok,plant,submerged,NAOF,Nasturtium officinale W.T. Aiton,NA,Magnoliophyta,NA,Magnoliopsida,Capparales,Brassicaceae,Nasturtium,NA,officinale,NA,NA,NA,species,NA,NA
D17,BIGC,2022,7,BIGC.AOS.aquatic.plant.transect.10,Sample condition ok,plant,submerged,CHPO14,Chiloscyphus polyanthos (L.) Corda,NA,NA,NA,Hepaticopsida,Jungermanniales,Geocalycaceae,Chiloscyphus,NA,polyanthos,NA,NA,NA,species,2022-07-11T22:20:00Z,NA
D17,BIGC,2022,7,BIGC.AOS.aquatic.plant.transect.10,Sample condition ok,plant,submerged,FOANA,Fontinalis antipyretica Hedw. var. antipyretica,NA,NA,NA,Bryopsida,Isobryales,Fontinalaceae,Fontinalis,NA,antipyretica,var. antipyretica,NA,NA,variety,NA,NA
D17,BIGC,2022,7,BIGC.AOS.aquatic.plant.transect.10,Sample condition ok,plant,emergent,MAPO16,Marchantia polymorpha L.,NA,NA,NA,Hepaticopsida,Marchantiales,Marchantiaceae,Marchantia,NA,polymorpha,NA,NA,NA,species,NA,NA
D17,BIGC,2022,7,BIGC.AOS.aquatic.plant.transect.10,Sample condition ok,plant,submerged,FOANA,Fontinalis antipyretica Hedw. var. antipyretica,NA,NA,NA,Bryopsida,Isobryales,Fontinalaceae,Fontinalis,NA,antipyretica,var. antipyretica,NA,NA,variety,NA,NA
D17,TECR,2019,9,TECR.AOS.aquatic.plant.transect.01,NA,plant,submerged,2PLANT,Unknown plant,SCUN6,NA,NA,NA,NA,NA,NA,NA,NA,NA,NA,NA,kingdom,NA,NA
D17,TECR,2019,9,TECR.AOS.aquatic.plant.transect.01,NA,plant,submerged,FONE3,Fontinalis neomexicana Sull. & Lesq.,NA,NA,NA,Bryopsida,Isobryales,Fontinalaceae,Fontinalis,NA,neomexicana,NA,NA,NA,species,NA,NA
D17,TECR,2019,9,TECR.AOS.aquatic.plant.transect.01,NA,plant,submerged,2PLANT,Unknown plant,SCUN6,NA,NA,NA,NA,NA,NA,NA,NA,NA,NA,NA,kingdom,NA,NA
D17,TECR,2019,9,TECR.AOS.aquatic.plant.transect.01,NA,plant,submerged,2PLANT,Unknown plant,SCUN6,NA,NA,NA,NA,NA,NA,NA,NA,NA,NA,NA,kingdom,NA,NA
D17,TECR,2019,9,TECR.AOS.aquatic.plant.transect.01,NA,plant,emergent,2PLANT,Unknown plant,SCUN6,NA,NA,NA,NA,NA,NA,NA,NA,NA,NA,NA,kingdom,NA,NA
D17,TECR,2019,9,TECR.AOS.aquatic.plant.transect.01,NA,plant,submerged,SCUN6,Scapania undulata (L.) Dumort.,NA,NA,NA,Hepaticopsida,Jungermanniales,Scapaniaceae,Scapania,NA,undulata,NA,NA,NA,species,NA,NA
D17,TECR,2019,9,TECR.AOS.aquatic.plant.transect.01,NA,plant,submerged,2PLANT,Unknown plant,SCUN6,NA,NA,NA,NA,NA,NA,NA,NA,NA,NA,NA,kingdom,NA,NA
D17,TECR,2019,9,TECR.AOS.aquatic.plant.transect.01,NA,plant,submerged,2PLANT,Unknown plant,SCUN6,NA,NA,NA,NA,NA,NA,NA,NA,NA,NA,NA,kingdom,NA,NA
D17,TECR,2019,9,TECR.AOS.aquatic.plant.transect.01,NA,plant,submerged,2PLANT,Unknown plant,SCUN6,NA,NA,NA,NA,NA,NA,NA,NA,NA,NA,NA,kingdom,NA,NA
D17,TECR,2019,9,TECR.AOS.aquatic.plant.transect.01,NA,plant,submerged,FONE3,Fontinalis neomexicana Sull. & Lesq.,NA,NA,NA,Bryopsida,Isobryales,Fontinalaceae,Fontinalis,NA,neomexicana,NA,NA,NA,species,NA,NA
D17,TECR,2019,9,TECR.AOS.aquatic.plant.transect.01,NA,plant,submerged,2PLANT,Unknown plant,SCUN6,NA,NA,NA,NA,NA,NA,NA,NA,NA,NA,NA,kingdom,NA,NA
D17,TECR,2019,9,TECR.AOS.aquatic.plant.transect.01,NA,plant,submerged,2PLANT,Unknown plant,SCUN6,NA,NA,NA,NA,NA,NA,NA,NA,NA,NA,NA,kingdom,NA,NA
D17,TECR,2019,9,TECR.AOS.aquatic.plant.transect.01,NA,plant,submerged,2PLANT,Unknown plant,SCUN6,NA,NA,NA,NA,NA,NA,NA,NA,NA,NA,NA,kingdom,NA,NA
D17,TECR,2019,9,TECR.AOS.aquatic.plant.transect.01,NA,plant,submerged,2PLANT,Unknown plant,SCUN6,NA,NA,NA,NA,NA,NA,NA,NA,NA,NA,NA,kingdom,NA,NA
D17,TECR,2019,9,TECR.AOS.aquatic.plant.transect.01,NA,plant,submerged,2PLANT,Unknown plant,BlackLung,NA,NA,NA,NA,NA,NA,NA,NA,NA,NA,NA,kingdom,NA,NA
D17,TECR,2019,9,TECR.AOS.aquatic.plant.transect.01,NA,plant,emergent,2PLANT,Unknown plant,SCUN6,NA,NA,NA,NA,NA,NA,NA,NA,NA,NA,NA,kingdom,NA,NA
D17,TECR,2019,9,TECR.AOS.aquatic.plant.transect.02,NA,plant,emergent,SCUN6,Scapania undulata (L.) Dumort.,NA,NA,NA,Hepaticopsida,Jungermanniales,Scapaniaceae,Scapania,NA,undulata,NA,NA,NA,species,NA,NA
D17,TECR,2019,9,TECR.AOS.aquatic.plant.transect.02,NA,plant,submerged,SCLER11,Scleropodium sp.,NA,NA,NA,Bryopsida,Hypnales,Brachytheciaceae,Scleropodium,NA,sp.,NA,NA,NA,genus,NA,NA
D17,TECR,2019,9,TECR.AOS.aquatic.plant.transect.02,NA,plant,submerged,SCUN6,Scapania undulata (L.) Dumort.,NA,NA,NA,Hepaticopsida,Jungermanniales,Scapaniaceae,Scapania,NA,undulata,NA,NA,NA,species,NA,NA
D17,TECR,2019,9,TECR.AOS.aquatic.plant.transect.02,NA,plant,submerged,SCLER11,Scleropodium sp.,NA,NA,NA,Bryopsida,Hypnales,Brachytheciaceae,Scleropodium,NA,sp.,NA,NA,NA,genus,NA,NA
D17,TECR,2019,9,TECR.AOS.aquatic.plant.transect.02,NA,plant,emergent,SCUN6,Scapania undulata (L.) Dumort.,NA,NA,NA,Hepaticopsida,Jungermanniales,Scapaniaceae,Scapania,NA,undulata,NA,NA,NA,species,NA,NA
D17,TECR,2019,9,TECR.AOS.aquatic.plant.transect.02,NA,plant,submerged,SCUN6,Scapania undulata (L.) Dumort.,NA,NA,NA,Hepaticopsida,Jungermanniales,Scapaniaceae,Scapania,NA,undulata,NA,NA,NA,species,NA,NA
D17,TECR,2019,9,TECR.AOS.aquatic.plant.transect.02,NA,plant,emergent,SCLER11,Scleropodium sp.,NA,NA,NA,Bryopsida,Hypnales,Brachytheciaceae,Scleropodium,NA,sp.,NA,NA,NA,genus,NA,NA
D17,TECR,2019,9,TECR.AOS.aquatic.plant.transect.02,NA,plant,emergent,SCUN6,Scapania undulata (L.) Dumort.,NA,NA,NA,Hepaticopsida,Jungermanniales,Scapaniaceae,Scapania,NA,undulata,NA,NA,NA,species,NA,NA
D17,TECR,2019,9,TECR.AOS.aquatic.plant.transect.02,NA,plant,submerged,SCUN6,Scapania undulata (L.) Dumort.,NA,NA,NA,Hepaticopsida,Jungermanniales,Scapaniaceae,Scapania,NA,undulata,NA,NA,NA,species,NA,NA
D17,TECR,2019,9,TECR.AOS.aquatic.plant.transect.02,NA,plant,submerged,SCUN6,Scapania undulata (L.) Dumort.,NA,NA,NA,Hepaticopsida,Jungermanniales,Scapaniaceae,Scapania,NA,undulata,NA,NA,NA,species,NA,NA
D17,TECR,2019,9,TECR.AOS.aquatic.plant.transect.03,NA,plant,submerged,FONE3,Fontinalis neomexicana Sull. & Lesq.,NA,NA,NA,Bryopsida,Isobryales,Fontinalaceae,Fontinalis,NA,neomexicana,NA,NA,NA,species,NA,NA
D17,TECR,2019,9,TECR.AOS.aquatic.plant.transect.03,NA,plant,submerged,FONE3,Fontinalis neomexicana Sull. & Lesq.,NA,NA,NA,Bryopsida,Isobryales,Fontinalaceae,Fontinalis,NA,neomexicana,NA,NA,NA,species,NA,NA
D17,TECR,2019,9,TECR.AOS.aquatic.plant.transect.03,NA,plant,submerged,FONE3,Fontinalis neomexicana Sull. & Lesq.,NA,NA,NA,Bryopsida,Isobryales,Fontinalaceae,Fontinalis,NA,neomexicana,NA,NA,NA,species,NA,NA
D17,TECR,2019,9,TECR.AOS.aquatic.plant.transect.03,NA,plant,submerged,FONE3,Fontinalis neomexicana Sull. & Lesq.,NA,NA,NA,Bryopsida,Isobryales,Fontinalaceae,Fontinalis,NA,neomexicana,NA,NA,NA,species,NA,NA
D17,TECR,2019,9,TECR.AOS.aquatic.plant.transect.03,NA,plant,submerged,FONE3,Fontinalis neomexicana Sull. & Lesq.,NA,NA,NA,Bryopsida,Isobryales,Fontinalaceae,Fontinalis,NA,neomexicana,NA,NA,NA,species,NA,NA
D17,TECR,2019,9,TECR.AOS.aquatic.plant.transect.03,NA,plant,submerged,FONE3,Fontinalis neomexicana Sull. & Lesq.,NA,NA,NA,Bryopsida,Isobryales,Fontinalaceae,Fontinalis,NA,neomexicana,NA,NA,NA,species,NA,NA
D17,TECR,2019,9,TECR.AOS.aquatic.plant.transect.03,NA,plant,submerged,FONE3,Fontinalis neomexicana Sull. & Lesq.,NA,NA,NA,Bryopsida,Isobryales,Fontinalaceae,Fontinalis,NA,neomexicana,NA,NA,NA,species,NA,NA
D17,TECR,2019,9,TECR.AOS.aquatic.plant.transect.03,NA,plant,submerged,FONE3,Fontinalis neomexicana Sull. & Lesq.,NA,NA,NA,Bryopsida,Isobryales,Fontinalaceae,Fontinalis,NA,neomexicana,NA,NA,NA,species,NA,NA
D17,TECR,2019,9,TECR.AOS.aquatic.plant.transect.04,NA,plant,emergent,SCUN6,Scapania undulata (L.) Dumort.,NA,NA,NA,Hepaticopsida,Jungermanniales,Scapaniaceae,Scapania,NA,undulata,NA,NA,NA,species,NA,NA
D17,TECR,2019,9,TECR.AOS.aquatic.plant.transect.04,NA,plant,submerged,SCUN6,Scapania undulata (L.) Dumort.,NA,NA,NA,Hepaticopsida,Jungermanniales,Scapaniaceae,Scapania,NA,undulata,NA,NA,NA,species,NA,NA
D17,TECR,2019,9,TECR.AOS.aquatic.plant.transect.04,NA,plant,submerged,CHPO14,Chiloscyphus polyanthos (L.) Corda,NA,NA,NA,Hepaticopsida,Jungermanniales,Geocalycaceae,Chiloscyphus,NA,polyanthos,NA,NA,NA,species,2020-05-15T19:00:00Z,NA
D17,TECR,2019,9,TECR.AOS.aquatic.plant.transect.04,NA,plant,submerged,FONE3,Fontinalis neomexicana Sull. & Lesq.,NA,NA,NA,Bryopsida,Isobryales,Fontinalaceae,Fontinalis,NA,neomexicana,NA,NA,NA,species,NA,NA
D17,TECR,2019,9,TECR.AOS.aquatic.plant.transect.04,NA,plant,emergent,SCUN6,Scapania undulata (L.) Dumort.,NA,NA,NA,Hepaticopsida,Jungermanniales,Scapaniaceae,Scapania,NA,undulata,NA,NA,NA,species,NA,NA
D17,TECR,2019,9,TECR.AOS.aquatic.plant.transect.04,NA,plant,submerged,FONE3,Fontinalis neomexicana Sull. & Lesq.,NA,NA,NA,Bryopsida,Isobryales,Fontinalaceae,Fontinalis,NA,neomexicana,NA,NA,NA,species,NA,NA
D17,TECR,2019,9,TECR.AOS.aquatic.plant.transect.04,NA,plant,submerged,FONE3,Fontinalis neomexicana Sull. & Lesq.,NA,NA,NA,Bryopsida,Isobryales,Fontinalaceae,Fontinalis,NA,neomexicana,NA,NA,NA,species,NA,NA
D17,TECR,2019,9,TECR.AOS.aquatic.plant.transect.04,NA,plant,submerged,CHPO14,Chiloscyphus polyanthos (L.) Corda,NA,NA,NA,Hepaticopsida,Jungermanniales,Geocalycaceae,Chiloscyphus,NA,polyanthos,NA,NA,NA,species,2020-05-15T19:00:00Z,NA
D17,TECR,2019,9,TECR.AOS.aquatic.plant.transect.04,NA,plant,submerged,FONE3,Fontinalis neomexicana Sull. & Lesq.,NA,NA,NA,Bryopsida,Isobryales,Fontinalaceae,Fontinalis,NA,neomexicana,NA,NA,NA,species,NA,NA
D17,TECR,2019,9,TECR.AOS.aquatic.plant.transect.04,NA,plant,submerged,SCUN6,Scapania undulata (L.) Dumort.,NA,NA,NA,Hepaticopsida,Jungermanniales,Scapaniaceae,Scapania,NA,undulata,NA,NA,NA,species,NA,NA
D17,TECR,2019,9,TECR.AOS.aquatic.plant.transect.04,NA,plant,emergent,CHPO14,Chiloscyphus polyanthos (L.) Corda,NA,NA,NA,Hepaticopsida,Jungermanniales,Geocalycaceae,Chiloscyphus,NA,polyanthos,NA,NA,NA,species,2020-05-15T19:00:00Z,NA
D17,TECR,2019,9,TECR.AOS.aquatic.plant.transect.04,NA,plant,emergent,SCUN6,Scapania undulata (L.) Dumort.,NA,NA,NA,Hepaticopsida,Jungermanniales,Scapaniaceae,Scapania,NA,undulata,NA,NA,NA,species,NA,NA
D17,TECR,2019,9,TECR.AOS.aquatic.plant.transect.05,NA,plant,submerged,FONE3,Fontinalis neomexicana Sull. & Lesq.,NA,NA,NA,Bryopsida,Isobryales,Fontinalaceae,Fontinalis,NA,neomexicana,NA,NA,NA,species,NA,NA
D17,TECR,2019,9,TECR.AOS.aquatic.plant.transect.06,NA,plant,submerged,SCUN6,Scapania undulata (L.) Dumort.,NA,NA,NA,Hepaticopsida,Jungermanniales,Scapaniaceae,Scapania,NA,undulata,NA,NA,NA,species,NA,NA
D17,TECR,2019,9,TECR.AOS.aquatic.plant.transect.06,NA,plant,submerged,SCUN6,Scapania undulata (L.) Dumort.,NA,NA,NA,Hepaticopsida,Jungermanniales,Scapaniaceae,Scapania,NA,undulata,NA,NA,NA,species,NA,NA
D17,TECR,2019,9,TECR.AOS.aquatic.plant.transect.06,NA,plant,submerged,FONE3,Fontinalis neomexicana Sull. & Lesq.,NA,NA,NA,Bryopsida,Isobryales,Fontinalaceae,Fontinalis,NA,neomexicana,NA,NA,NA,species,NA,NA
D17,TECR,2019,9,TECR.AOS.aquatic.plant.transect.06,NA,plant,submerged,FONE3,Fontinalis neomexicana Sull. & Lesq.,NA,NA,NA,Bryopsida,Isobryales,Fontinalaceae,Fontinalis,NA,neomexicana,NA,NA,NA,species,NA,NA
D17,TECR,2019,9,TECR.AOS.aquatic.plant.transect.06,NA,plant,submerged,SCUN6,Scapania undulata (L.) Dumort.,NA,NA,NA,Hepaticopsida,Jungermanniales,Scapaniaceae,Scapania,NA,undulata,NA,NA,NA,species,NA,NA
D17,TECR,2019,9,TECR.AOS.aquatic.plant.transect.06,NA,plant,submerged,SCUN6,Scapania undulata (L.) Dumort.,NA,NA,NA,Hepaticopsida,Jungermanniales,Scapaniaceae,Scapania,NA,undulata,NA,NA,NA,species,NA,NA
D17,TECR,2019,9,TECR.AOS.aquatic.plant.transect.06,NA,plant,submerged,FONE3,Fontinalis neomexicana Sull. & Lesq.,NA,NA,NA,Bryopsida,Isobryales,Fontinalaceae,Fontinalis,NA,neomexicana,NA,NA,NA,species,NA,NA
D17,TECR,2019,9,TECR.AOS.aquatic.plant.transect.06,NA,plant,submerged,FONE3,Fontinalis neomexicana Sull. & Lesq.,NA,NA,NA,Bryopsida,Isobryales,Fontinalaceae,Fontinalis,NA,neomexicana,NA,NA,NA,species,NA,NA
D17,TECR,2019,9,TECR.AOS.aquatic.plant.transect.06,NA,plant,submerged,SCUN6,Scapania undulata (L.) Dumort.,NA,NA,NA,Hepaticopsida,Jungermanniales,Scapaniaceae,Scapania,NA,undulata,NA,NA,NA,species,NA,NA
D17,TECR,2019,9,TECR.AOS.aquatic.plant.transect.06,NA,plant,submerged,SCUN6,Scapania undulata (L.) Dumort.,NA,NA,NA,Hepaticopsida,Jungermanniales,Scapaniaceae,Scapania,NA,undulata,NA,NA,NA,species,NA,NA
D17,TECR,2019,9,TECR.AOS.aquatic.plant.transect.06,NA,plant,submerged,SCUN6,Scapania undulata (L.) Dumort.,NA,NA,NA,Hepaticopsida,Jungermanniales,Scapaniaceae,Scapania,NA,undulata,NA,NA,NA,species,NA,NA
D17,TECR,2019,9,TECR.AOS.aquatic.plant.transect.06,NA,plant,submerged,FONE3,Fontinalis neomexicana Sull. & Lesq.,NA,NA,NA,Bryopsida,Isobryales,Fontinalaceae,Fontinalis,NA,neomexicana,NA,NA,NA,species,NA,NA
D17,TECR,2019,9,TECR.AOS.aquatic.plant.transect.06,NA,plant,submerged,FONE3,Fontinalis neomexicana Sull. & Lesq.,NA,NA,NA,Bryopsida,Isobryales,Fontinalaceae,Fontinalis,NA,neomexicana,NA,NA,NA,species,NA,NA
D17,TECR,2019,9,TECR.AOS.aquatic.plant.transect.06,NA,plant,submerged,FONE3,Fontinalis neomexicana Sull. & Lesq.,NA,NA,NA,Bryopsida,Isobryales,Fontinalaceae,Fontinalis,NA,neomexicana,NA,NA,NA,species,NA,NA
D17,TECR,2019,9,TECR.AOS.aquatic.plant.transect.06,NA,plant,submerged,SCUN6,Scapania undulata (L.) Dumort.,NA,NA,NA,Hepaticopsida,Jungermanniales,Scapaniaceae,Scapania,NA,undulata,NA,NA,NA,species,NA,NA
D17,TECR,2019,9,TECR.AOS.aquatic.plant.transect.06,NA,plant,submerged,FONE3,Fontinalis neomexicana Sull. & Lesq.,NA,NA,NA,Bryopsida,Isobryales,Fontinalaceae,Fontinalis,NA,neomexicana,NA,NA,NA,species,NA,NA
D17,TECR,2019,9,TECR.AOS.aquatic.plant.transect.06,NA,plant,submerged,FONE3,Fontinalis neomexicana Sull. & Lesq.,NA,NA,NA,Bryopsida,Isobryales,Fontinalaceae,Fontinalis,NA,neomexicana,NA,NA,NA,species,NA,NA
D17,TECR,2019,9,TECR.AOS.aquatic.plant.transect.06,NA,plant,submerged,SCUN6,Scapania undulata (L.) Dumort.,NA,NA,NA,Hepaticopsida,Jungermanniales,Scapaniaceae,Scapania,NA,undulata,NA,NA,NA,species,NA,NA
D17,TECR,2019,9,TECR.AOS.aquatic.plant.transect.07,NA,plant,submerged,SCUN6,Scapania undulata (L.) Dumort.,NA,NA,NA,Hepaticopsida,Jungermanniales,Scapaniaceae,Scapania,NA,undulata,NA,NA,NA,species,NA,NA
D17,TECR,2019,9,TECR.AOS.aquatic.plant.transect.07,NA,plant,emergent,SCUN6,Scapania undulata (L.) Dumort.,NA,NA,NA,Hepaticopsida,Jungermanniales,Scapaniaceae,Scapania,NA,undulata,NA,NA,NA,species,NA,NA
D17,TECR,2019,9,TECR.AOS.aquatic.plant.transect.07,NA,plant,submerged,SCUN6,Scapania undulata (L.) Dumort.,NA,NA,NA,Hepaticopsida,Jungermanniales,Scapaniaceae,Scapania,NA,undulata,NA,NA,NA,species,NA,NA
D17,TECR,2019,9,TECR.AOS.aquatic.plant.transect.07,NA,plant,submerged,SCUN6,Scapania undulata (L.) Dumort.,NA,NA,NA,Hepaticopsida,Jungermanniales,Scapaniaceae,Scapania,NA,undulata,NA,NA,NA,species,NA,NA
D17,TECR,2019,9,TECR.AOS.aquatic.plant.transect.07,NA,plant,submerged,SCUN6,Scapania undulata (L.) Dumort.,NA,NA,NA,Hepaticopsida,Jungermanniales,Scapaniaceae,Scapania,NA,undulata,NA,NA,NA,species,NA,NA
D17,TECR,2019,9,TECR.AOS.aquatic.plant.transect.07,NA,plant,submerged,CHPO14,Chiloscyphus polyanthos (L.) Corda,NA,NA,NA,Hepaticopsida,Jungermanniales,Geocalycaceae,Chiloscyphus,NA,polyanthos,NA,NA,NA,species,2020-05-15T19:00:00Z,NA
D17,TECR,2019,9,TECR.AOS.aquatic.plant.transect.07,NA,plant,submerged,SCUN6,Scapania undulata (L.) Dumort.,NA,NA,NA,Hepaticopsida,Jungermanniales,Scapaniaceae,Scapania,NA,undulata,NA,NA,NA,species,NA,NA
D17,TECR,2019,9,TECR.AOS.aquatic.plant.transect.07,NA,plant,submerged,CHPO14,Chiloscyphus polyanthos (L.) Corda,NA,NA,NA,Hepaticopsida,Jungermanniales,Geocalycaceae,Chiloscyphus,NA,polyanthos,NA,NA,NA,species,2020-05-15T19:00:00Z,NA
D17,TECR,2019,9,TECR.AOS.aquatic.plant.transect.07,NA,plant,emergent,SCUN6,Scapania undulata (L.) Dumort.,NA,NA,NA,Hepaticopsida,Jungermanniales,Scapaniaceae,Scapania,NA,undulata,NA,NA,NA,species,NA,NA
D17,TECR,2019,9,TECR.AOS.aquatic.plant.transect.07,NA,plant,submerged,SCUN6,Scapania undulata (L.) Dumort.,NA,NA,NA,Hepaticopsida,Jungermanniales,Scapaniaceae,Scapania,NA,undulata,NA,NA,NA,species,NA,NA
D17,TECR,2019,9,TECR.AOS.aquatic.plant.transect.08,NA,plant,submerged,SCUN6,Scapania undulata (L.) Dumort.,NA,NA,NA,Hepaticopsida,Jungermanniales,Scapaniaceae,Scapania,NA,undulata,NA,NA,NA,species,NA,NA
D17,TECR,2019,9,TECR.AOS.aquatic.plant.transect.08,NA,plant,submerged,SCUN6,Scapania undulata (L.) Dumort.,NA,NA,NA,Hepaticopsida,Jungermanniales,Scapaniaceae,Scapania,NA,undulata,NA,NA,NA,species,NA,NA
D17,TECR,2019,9,TECR.AOS.aquatic.plant.transect.08,NA,plant,submerged,SCUN6,Scapania undulata (L.) Dumort.,NA,NA,NA,Hepaticopsida,Jungermanniales,Scapaniaceae,Scapania,NA,undulata,NA,NA,NA,species,NA,NA
D17,TECR,2019,9,TECR.AOS.aquatic.plant.transect.08,NA,plant,submerged,SCUN6,Scapania undulata (L.) Dumort.,NA,NA,NA,Hepaticopsida,Jungermanniales,Scapaniaceae,Scapania,NA,undulata,NA,NA,NA,species,NA,NA
D17,TECR,2019,9,TECR.AOS.aquatic.plant.transect.08,NA,plant,submerged,SCUN6,Scapania undulata (L.) Dumort.,NA,NA,NA,Hepaticopsida,Jungermanniales,Scapaniaceae,Scapania,NA,undulata,NA,NA,NA,species,NA,NA
D17,TECR,2019,9,TECR.AOS.aquatic.plant.transect.08,NA,plant,submerged,FONE3,Fontinalis neomexicana Sull. & Lesq.,NA,NA,NA,Bryopsida,Isobryales,Fontinalaceae,Fontinalis,NA,neomexicana,NA,NA,NA,species,NA,NA
D17,TECR,2019,9,TECR.AOS.aquatic.plant.transect.09,NA,plant,submerged,SCUN6,Scapania undulata (L.) Dumort.,NA,NA,NA,Hepaticopsida,Jungermanniales,Scapaniaceae,Scapania,NA,undulata,NA,NA,NA,species,NA,NA
D17,TECR,2019,9,TECR.AOS.aquatic.plant.transect.09,NA,plant,submerged,BRFR70,Brachythecium frigidum (Müll. Hal.) Besch.,NA,NA,NA,Bryopsida,Hypnales,Brachytheciaceae,Brachythecium,NA,frigidum,NA,NA,NA,species,NA,NA
D17,TECR,2019,9,TECR.AOS.aquatic.plant.transect.09,NA,plant,submerged,FONE3,Fontinalis neomexicana Sull. & Lesq.,NA,NA,NA,Bryopsida,Isobryales,Fontinalaceae,Fontinalis,NA,neomexicana,NA,NA,NA,species,NA,NA
D17,TECR,2019,9,TECR.AOS.aquatic.plant.transect.09,NA,plant,submerged,BRFR70,Brachythecium frigidum (Müll. Hal.) Besch.,NA,NA,NA,Bryopsida,Hypnales,Brachytheciaceae,Brachythecium,NA,frigidum,NA,NA,NA,species,NA,NA
D17,TECR,2019,9,TECR.AOS.aquatic.plant.transect.09,NA,plant,submerged,FONE3,Fontinalis neomexicana Sull. & Lesq.,NA,NA,NA,Bryopsida,Isobryales,Fontinalaceae,Fontinalis,NA,neomexicana,NA,NA,NA,species,NA,NA
D17,TECR,2019,9,TECR.AOS.aquatic.plant.transect.09,NA,plant,submerged,CHPO14,Chiloscyphus polyanthos (L.) Corda,NA,NA,NA,Hepaticopsida,Jungermanniales,Geocalycaceae,Chiloscyphus,NA,polyanthos,NA,NA,NA,species,2020-05-15T19:00:00Z,NA
D17,TECR,2019,9,TECR.AOS.aquatic.plant.transect.09,NA,plant,submerged,KINDBERGIASP,Kindbergia sp.,NA,NA,NA,NA,NA,NA,Kindbergia,NA,sp.,NA,NA,NA,genus,NA,NA
D17,TECR,2019,9,TECR.AOS.aquatic.plant.transect.09,NA,plant,submerged,FONE3,Fontinalis neomexicana Sull. & Lesq.,NA,NA,NA,Bryopsida,Isobryales,Fontinalaceae,Fontinalis,NA,neomexicana,NA,NA,NA,species,NA,NA
D17,TECR,2019,9,TECR.AOS.aquatic.plant.transect.10,NA,plant,submerged,BRFR70,Brachythecium frigidum (Müll. Hal.) Besch.,NA,NA,NA,Bryopsida,Hypnales,Brachytheciaceae,Brachythecium,NA,frigidum,NA,NA,NA,species,NA,NA
D17,TECR,2019,9,TECR.AOS.aquatic.plant.transect.10,NA,plant,emergent,BRFR70,Brachythecium frigidum (Müll. Hal.) Besch.,NA,NA,NA,Bryopsida,Hypnales,Brachytheciaceae,Brachythecium,NA,frigidum,NA,NA,NA,species,NA,NA
D17,TECR,2019,9,TECR.AOS.aquatic.plant.transect.10,NA,plant,submerged,BRFR70,Brachythecium frigidum (Müll. Hal.) Besch.,NA,NA,NA,Bryopsida,Hypnales,Brachytheciaceae,Brachythecium,NA,frigidum,NA,NA,NA,species,NA,NA
D17,TECR,2019,9,TECR.AOS.aquatic.plant.transect.10,NA,plant,submerged,BRFR70,Brachythecium frigidum (Müll. Hal.) Besch.,NA,NA,NA,Bryopsida,Hypnales,Brachytheciaceae,Brachythecium,NA,frigidum,NA,NA,NA,species,NA,NA
D17,TECR,2019,9,TECR.AOS.aquatic.plant.transect.10,NA,plant,emergent,BRFR70,Brachythecium frigidum (Müll. Hal.) Besch.,NA,NA,NA,Bryopsida,Hypnales,Brachytheciaceae,Brachythecium,NA,frigidum,NA,NA,NA,species,NA,NA
D17,TECR,2019,9,TECR.AOS.aquatic.plant.transect.10,NA,plant,submerged,SCUN6,Scapania undulata (L.) Dumort.,NA,NA,NA,Hepaticopsida,Jungermanniales,Scapaniaceae,Scapania,NA,undulata,NA,NA,NA,species,NA,NA
D17,TECR,2019,7,TECR.AOS.aquatic.plant.transect.01,NA,plant,submerged,SCUN6,Scapania undulata (L.) Dumort.,NA,NA,NA,Hepaticopsida,Jungermanniales,Scapaniaceae,Scapania,NA,undulata,NA,NA,NA,species,NA,NA
D17,TECR,2019,7,TECR.AOS.aquatic.plant.transect.01,NA,plant,submerged,FONE3,Fontinalis neomexicana Sull. & Lesq.,NA,NA,NA,Bryopsida,Isobryales,Fontinalaceae,Fontinalis,NA,neomexicana,NA,NA,NA,species,NA,NA
D17,TECR,2019,7,TECR.AOS.aquatic.plant.transect.01,NA,plant,submerged,FONE3,Fontinalis neomexicana Sull. & Lesq.,NA,NA,NA,Bryopsida,Isobryales,Fontinalaceae,Fontinalis,NA,neomexicana,NA,NA,NA,species,NA,NA
D17,TECR,2019,7,TECR.AOS.aquatic.plant.transect.01,NA,plant,submerged,2PLANT,Unknown plant,BlackLung,NA,NA,NA,NA,NA,NA,NA,NA,NA,NA,NA,kingdom,NA,NA
D17,TECR,2019,7,TECR.AOS.aquatic.plant.transect.01,NA,plant,submerged,2PLANT,Unknown plant,CharlieSheen,NA,NA,NA,NA,NA,NA,NA,NA,NA,NA,NA,kingdom,NA,NA
D17,TECR,2019,7,TECR.AOS.aquatic.plant.transect.01,NA,plant,submerged,SCUN6,Scapania undulata (L.) Dumort.,NA,NA,NA,Hepaticopsida,Jungermanniales,Scapaniaceae,Scapania,NA,undulata,NA,NA,NA,species,NA,NA
D17,TECR,2019,7,TECR.AOS.aquatic.plant.transect.01,NA,plant,submerged,SCUN6,Scapania undulata (L.) Dumort.,NA,NA,NA,Hepaticopsida,Jungermanniales,Scapaniaceae,Scapania,NA,undulata,NA,NA,NA,species,NA,NA
D17,TECR,2019,7,TECR.AOS.aquatic.plant.transect.01,NA,plant,submerged,SCUN6,Scapania undulata (L.) Dumort.,NA,NA,NA,Hepaticopsida,Jungermanniales,Scapaniaceae,Scapania,NA,undulata,NA,NA,NA,species,NA,NA
D17,TECR,2019,7,TECR.AOS.aquatic.plant.transect.01,NA,plant,submerged,2PLANT,Unknown plant,CharlieSheen,NA,NA,NA,NA,NA,NA,NA,NA,NA,NA,NA,kingdom,NA,NA
D17,TECR,2019,7,TECR.AOS.aquatic.plant.transect.01,NA,plant,submerged,SCUN6,Scapania undulata (L.) Dumort.,NA,NA,NA,Hepaticopsida,Jungermanniales,Scapaniaceae,Scapania,NA,undulata,NA,NA,NA,species,NA,NA
D17,TECR,2019,7,TECR.AOS.aquatic.plant.transect.01,NA,plant,submerged,SCUN6,Scapania undulata (L.) Dumort.,NA,NA,NA,Hepaticopsida,Jungermanniales,Scapaniaceae,Scapania,NA,undulata,NA,NA,NA,species,NA,NA
D17,TECR,2019,7,TECR.AOS.aquatic.plant.transect.01,NA,plant,submerged,FONE3,Fontinalis neomexicana Sull. & Lesq.,NA,NA,NA,Bryopsida,Isobryales,Fontinalaceae,Fontinalis,NA,neomexicana,NA,NA,NA,species,NA,NA
D17,TECR,2019,7,TECR.AOS.aquatic.plant.transect.01,NA,plant,submerged,SCUN6,Scapania undulata (L.) Dumort.,NA,NA,NA,Hepaticopsida,Jungermanniales,Scapaniaceae,Scapania,NA,undulata,NA,NA,NA,species,NA,NA
D17,TECR,2019,7,TECR.AOS.aquatic.plant.transect.01,NA,plant,submerged,SCUN6,Scapania undulata (L.) Dumort.,NA,NA,NA,Hepaticopsida,Jungermanniales,Scapaniaceae,Scapania,NA,undulata,NA,NA,NA,species,NA,NA
D17,TECR,2019,7,TECR.AOS.aquatic.plant.transect.01,NA,plant,submerged,SCUN6,Scapania undulata (L.) Dumort.,NA,NA,NA,Hepaticopsida,Jungermanniales,Scapaniaceae,Scapania,NA,undulata,NA,NA,NA,species,NA,NA
D17,TECR,2019,7,TECR.AOS.aquatic.plant.transect.01,NA,plant,submerged,SCUN6,Scapania undulata (L.) Dumort.,NA,NA,NA,Hepaticopsida,Jungermanniales,Scapaniaceae,Scapania,NA,undulata,NA,NA,NA,species,NA,NA
D17,TECR,2019,7,TECR.AOS.aquatic.plant.transect.01,NA,plant,submerged,FONE3,Fontinalis neomexicana Sull. & Lesq.,NA,NA,NA,Bryopsida,Isobryales,Fontinalaceae,Fontinalis,NA,neomexicana,NA,NA,NA,species,NA,NA
D17,TECR,2019,7,TECR.AOS.aquatic.plant.transect.01,NA,plant,submerged,SCUN6,Scapania undulata (L.) Dumort.,NA,NA,NA,Hepaticopsida,Jungermanniales,Scapaniaceae,Scapania,NA,undulata,NA,NA,NA,species,NA,NA
D17,TECR,2019,7,TECR.AOS.aquatic.plant.transect.01,NA,plant,submerged,SCUN6,Scapania undulata (L.) Dumort.,NA,NA,NA,Hepaticopsida,Jungermanniales,Scapaniaceae,Scapania,NA,undulata,NA,NA,NA,species,NA,NA
D17,TECR,2019,7,TECR.AOS.aquatic.plant.transect.01,NA,plant,submerged,SCUN6,Scapania undulata (L.) Dumort.,NA,NA,NA,Hepaticopsida,Jungermanniales,Scapaniaceae,Scapania,NA,undulata,NA,NA,NA,species,NA,NA
D17,TECR,2019,7,TECR.AOS.aquatic.plant.transect.01,NA,plant,submerged,SCUN6,Scapania undulata (L.) Dumort.,NA,NA,NA,Hepaticopsida,Jungermanniales,Scapaniaceae,Scapania,NA,undulata,NA,NA,NA,species,NA,NA
D17,TECR,2019,7,TECR.AOS.aquatic.plant.transect.01,NA,plant,submerged,SCUN6,Scapania undulata (L.) Dumort.,NA,NA,NA,Hepaticopsida,Jungermanniales,Scapaniaceae,Scapania,NA,undulata,NA,NA,NA,species,NA,NA
D17,TECR,2019,7,TECR.AOS.aquatic.plant.transect.01,NA,plant,submerged,FONE3,Fontinalis neomexicana Sull. & Lesq.,NA,NA,NA,Bryopsida,Isobryales,Fontinalaceae,Fontinalis,NA,neomexicana,NA,NA,NA,species,NA,NA
D17,TECR,2019,7,TECR.AOS.aquatic.plant.transect.01,NA,plant,submerged,SCUN6,Scapania undulata (L.) Dumort.,NA,NA,NA,Hepaticopsida,Jungermanniales,Scapaniaceae,Scapania,NA,undulata,NA,NA,NA,species,NA,NA
D17,TECR,2019,7,TECR.AOS.aquatic.plant.transect.01,NA,plant,submerged,SCUN6,Scapania undulata (L.) Dumort.,NA,NA,NA,Hepaticopsida,Jungermanniales,Scapaniaceae,Scapania,NA,undulata,NA,NA,NA,species,NA,NA
D17,TECR,2019,7,TECR.AOS.aquatic.plant.transect.03,NA,plant,submerged,2PLANT,Unknown plant,TheOtherHalf,NA,NA,NA,NA,NA,NA,NA,NA,NA,NA,NA,kingdom,NA,NA
D17,TECR,2019,7,TECR.AOS.aquatic.plant.transect.03,NA,plant,submerged,FONE3,Fontinalis neomexicana Sull. & Lesq.,NA,NA,NA,Bryopsida,Isobryales,Fontinalaceae,Fontinalis,NA,neomexicana,NA,NA,NA,species,NA,NA
D17,TECR,2019,7,TECR.AOS.aquatic.plant.transect.03,NA,plant,submerged,FONE3,Fontinalis neomexicana Sull. & Lesq.,NA,NA,NA,Bryopsida,Isobryales,Fontinalaceae,Fontinalis,NA,neomexicana,NA,NA,NA,species,NA,NA
D17,TECR,2019,7,TECR.AOS.aquatic.plant.transect.03,NA,plant,submerged,FONE3,Fontinalis neomexicana Sull. & Lesq.,NA,NA,NA,Bryopsida,Isobryales,Fontinalaceae,Fontinalis,NA,neomexicana,NA,NA,NA,species,NA,NA
D17,TECR,2019,7,TECR.AOS.aquatic.plant.transect.03,NA,plant,submerged,FONE3,Fontinalis neomexicana Sull. & Lesq.,NA,NA,NA,Bryopsida,Isobryales,Fontinalaceae,Fontinalis,NA,neomexicana,NA,NA,NA,species,NA,NA
D17,TECR,2019,7,TECR.AOS.aquatic.plant.transect.03,NA,plant,submerged,FONE3,Fontinalis neomexicana Sull. & Lesq.,NA,NA,NA,Bryopsida,Isobryales,Fontinalaceae,Fontinalis,NA,neomexicana,NA,NA,NA,species,NA,NA
D17,TECR,2019,7,TECR.AOS.aquatic.plant.transect.03,NA,plant,submerged,FONE3,Fontinalis neomexicana Sull. & Lesq.,NA,NA,NA,Bryopsida,Isobryales,Fontinalaceae,Fontinalis,NA,neomexicana,NA,NA,NA,species,NA,NA
D17,TECR,2019,7,TECR.AOS.aquatic.plant.transect.03,NA,plant,submerged,FONE3,Fontinalis neomexicana Sull. & Lesq.,NA,NA,NA,Bryopsida,Isobryales,Fontinalaceae,Fontinalis,NA,neomexicana,NA,NA,NA,species,NA,NA
D17,TECR,2019,7,TECR.AOS.aquatic.plant.transect.03,NA,plant,submerged,FONE3,Fontinalis neomexicana Sull. & Lesq.,NA,NA,NA,Bryopsida,Isobryales,Fontinalaceae,Fontinalis,NA,neomexicana,NA,NA,NA,species,NA,NA
D17,TECR,2019,7,TECR.AOS.aquatic.plant.transect.03,NA,plant,submerged,FONE3,Fontinalis neomexicana Sull. & Lesq.,NA,NA,NA,Bryopsida,Isobryales,Fontinalaceae,Fontinalis,NA,neomexicana,NA,NA,NA,species,NA,NA
D17,TECR,2019,7,TECR.AOS.aquatic.plant.transect.03,NA,plant,submerged,FONE3,Fontinalis neomexicana Sull. & Lesq.,NA,NA,NA,Bryopsida,Isobryales,Fontinalaceae,Fontinalis,NA,neomexicana,NA,NA,NA,species,NA,NA
D17,TECR,2019,7,TECR.AOS.aquatic.plant.transect.03,NA,plant,submerged,FONE3,Fontinalis neomexicana Sull. & Lesq.,NA,NA,NA,Bryopsida,Isobryales,Fontinalaceae,Fontinalis,NA,neomexicana,NA,NA,NA,species,NA,NA
D17,TECR,2019,7,TECR.AOS.aquatic.plant.transect.03,NA,plant,submerged,SCUN6,Scapania undulata (L.) Dumort.,NA,NA,NA,Hepaticopsida,Jungermanniales,Scapaniaceae,Scapania,NA,undulata,NA,NA,NA,species,NA,NA
D17,TECR,2019,7,TECR.AOS.aquatic.plant.transect.03,NA,plant,submerged,FONE3,Fontinalis neomexicana Sull. & Lesq.,NA,NA,NA,Bryopsida,Isobryales,Fontinalaceae,Fontinalis,NA,neomexicana,NA,NA,NA,species,NA,NA
D17,TECR,2019,7,TECR.AOS.aquatic.plant.transect.03,NA,plant,submerged,FONE3,Fontinalis neomexicana Sull. & Lesq.,NA,NA,NA,Bryopsida,Isobryales,Fontinalaceae,Fontinalis,NA,neomexicana,NA,NA,NA,species,NA,NA
D17,TECR,2019,7,TECR.AOS.aquatic.plant.transect.03,NA,plant,submerged,FONE3,Fontinalis neomexicana Sull. & Lesq.,NA,NA,NA,Bryopsida,Isobryales,Fontinalaceae,Fontinalis,NA,neomexicana,NA,NA,NA,species,NA,NA
D17,TECR,2019,7,TECR.AOS.aquatic.plant.transect.03,NA,plant,submerged,FONE3,Fontinalis neomexicana Sull. & Lesq.,NA,NA,NA,Bryopsida,Isobryales,Fontinalaceae,Fontinalis,NA,neomexicana,NA,NA,NA,species,NA,NA
D17,TECR,2019,7,TECR.AOS.aquatic.plant.transect.02,NA,plant,submerged,SCUN6,Scapania undulata (L.) Dumort.,NA,NA,NA,Hepaticopsida,Jungermanniales,Scapaniaceae,Scapania,NA,undulata,NA,NA,NA,species,NA,NA
D17,TECR,2019,7,TECR.AOS.aquatic.plant.transect.02,NA,plant,emergent,2PLANT,Unknown plant,TheOtherHalf,NA,NA,NA,NA,NA,NA,NA,NA,NA,NA,NA,kingdom,NA,NA
D17,TECR,2019,7,TECR.AOS.aquatic.plant.transect.02,NA,plant,submerged,SCUN6,Scapania undulata (L.) Dumort.,NA,NA,NA,Hepaticopsida,Jungermanniales,Scapaniaceae,Scapania,NA,undulata,NA,NA,NA,species,NA,NA
D17,TECR,2019,7,TECR.AOS.aquatic.plant.transect.02,NA,plant,submerged,FONE3,Fontinalis neomexicana Sull. & Lesq.,NA,NA,NA,Bryopsida,Isobryales,Fontinalaceae,Fontinalis,NA,neomexicana,NA,NA,NA,species,NA,NA
D17,TECR,2019,7,TECR.AOS.aquatic.plant.transect.02,NA,plant,submerged,2PLANT,Unknown plant,CharlieSheen,NA,NA,NA,NA,NA,NA,NA,NA,NA,NA,NA,kingdom,NA,NA
D17,TECR,2019,7,TECR.AOS.aquatic.plant.transect.02,NA,plant,submerged,SCUN6,Scapania undulata (L.) Dumort.,NA,NA,NA,Hepaticopsida,Jungermanniales,Scapaniaceae,Scapania,NA,undulata,NA,NA,NA,species,NA,NA
D17,TECR,2019,7,TECR.AOS.aquatic.plant.transect.02,NA,plant,submerged,FONE3,Fontinalis neomexicana Sull. & Lesq.,NA,NA,NA,Bryopsida,Isobryales,Fontinalaceae,Fontinalis,NA,neomexicana,NA,NA,NA,species,NA,NA
D17,TECR,2019,7,TECR.AOS.aquatic.plant.transect.02,NA,plant,submerged,SCUN6,Scapania undulata (L.) Dumort.,NA,NA,NA,Hepaticopsida,Jungermanniales,Scapaniaceae,Scapania,NA,undulata,NA,NA,NA,species,NA,NA
D17,TECR,2019,7,TECR.AOS.aquatic.plant.transect.02,NA,plant,submerged,SCUN6,Scapania undulata (L.) Dumort.,NA,NA,NA,Hepaticopsida,Jungermanniales,Scapaniaceae,Scapania,NA,undulata,NA,NA,NA,species,NA,NA
D17,TECR,2019,7,TECR.AOS.aquatic.plant.transect.02,NA,plant,submerged,SCUN6,Scapania undulata (L.) Dumort.,NA,NA,NA,Hepaticopsida,Jungermanniales,Scapaniaceae,Scapania,NA,undulata,NA,NA,NA,species,NA,NA
D17,TECR,2019,7,TECR.AOS.aquatic.plant.transect.02,NA,plant,submerged,SCUN6,Scapania undulata (L.) Dumort.,NA,NA,NA,Hepaticopsida,Jungermanniales,Scapaniaceae,Scapania,NA,undulata,NA,NA,NA,species,NA,NA
D17,TECR,2019,7,TECR.AOS.aquatic.plant.transect.02,NA,plant,submerged,SCUN6,Scapania undulata (L.) Dumort.,NA,NA,NA,Hepaticopsida,Jungermanniales,Scapaniaceae,Scapania,NA,undulata,NA,NA,NA,species,NA,NA
D17,TECR,2019,7,TECR.AOS.aquatic.plant.transect.02,NA,plant,submerged,2PLANT,Unknown plant,CharlieSheen,NA,NA,NA,NA,NA,NA,NA,NA,NA,NA,NA,kingdom,NA,NA
D17,TECR,2019,7,TECR.AOS.aquatic.plant.transect.02,NA,plant,submerged,2PLANT,Unknown plant,CharlieSheen,NA,NA,NA,NA,NA,NA,NA,NA,NA,NA,NA,kingdom,NA,NA
D17,TECR,2019,7,TECR.AOS.aquatic.plant.transect.02,NA,plant,submerged,FONE3,Fontinalis neomexicana Sull. & Lesq.,NA,NA,NA,Bryopsida,Isobryales,Fontinalaceae,Fontinalis,NA,neomexicana,NA,NA,NA,species,NA,NA
D17,TECR,2019,7,TECR.AOS.aquatic.plant.transect.02,NA,plant,submerged,SCUN6,Scapania undulata (L.) Dumort.,NA,NA,NA,Hepaticopsida,Jungermanniales,Scapaniaceae,Scapania,NA,undulata,NA,NA,NA,species,NA,NA
D17,TECR,2019,7,TECR.AOS.aquatic.plant.transect.02,NA,plant,submerged,2PLANT,Unknown plant,CharlieSheen,NA,NA,NA,NA,NA,NA,NA,NA,NA,NA,NA,kingdom,NA,NA
D17,TECR,2019,7,TECR.AOS.aquatic.plant.transect.02,NA,plant,submerged,SCUN6,Scapania undulata (L.) Dumort.,NA,NA,NA,Hepaticopsida,Jungermanniales,Scapaniaceae,Scapania,NA,undulata,NA,NA,NA,species,NA,NA
D17,TECR,2019,7,TECR.AOS.aquatic.plant.transect.02,NA,plant,submerged,SCUN6,Scapania undulata (L.) Dumort.,NA,NA,NA,Hepaticopsida,Jungermanniales,Scapaniaceae,Scapania,NA,undulata,NA,NA,NA,species,NA,NA
D17,TECR,2019,7,TECR.AOS.aquatic.plant.transect.04,NA,plant,submerged,SCUN6,Scapania undulata (L.) Dumort.,NA,NA,NA,Hepaticopsida,Jungermanniales,Scapaniaceae,Scapania,NA,undulata,NA,NA,NA,species,NA,NA
D17,TECR,2019,7,TECR.AOS.aquatic.plant.transect.04,NA,plant,submerged,2PLANT,Unknown plant,CharlieSheen,NA,NA,NA,NA,NA,NA,NA,NA,NA,NA,NA,kingdom,NA,NA
D17,TECR,2019,7,TECR.AOS.aquatic.plant.transect.04,NA,plant,submerged,SCUN6,Scapania undulata (L.) Dumort.,NA,NA,NA,Hepaticopsida,Jungermanniales,Scapaniaceae,Scapania,NA,undulata,NA,NA,NA,species,NA,NA
D17,TECR,2019,7,TECR.AOS.aquatic.plant.transect.04,NA,plant,submerged,FONE3,Fontinalis neomexicana Sull. & Lesq.,NA,NA,NA,Bryopsida,Isobryales,Fontinalaceae,Fontinalis,NA,neomexicana,NA,NA,NA,species,NA,NA
D17,TECR,2019,7,TECR.AOS.aquatic.plant.transect.04,NA,plant,submerged,SCUN6,Scapania undulata (L.) Dumort.,NA,NA,NA,Hepaticopsida,Jungermanniales,Scapaniaceae,Scapania,NA,undulata,NA,NA,NA,species,NA,NA
D17,TECR,2019,7,TECR.AOS.aquatic.plant.transect.04,NA,plant,submerged,SCUN6,Scapania undulata (L.) Dumort.,NA,NA,NA,Hepaticopsida,Jungermanniales,Scapaniaceae,Scapania,NA,undulata,NA,NA,NA,species,NA,NA
D17,TECR,2019,7,TECR.AOS.aquatic.plant.transect.04,NA,plant,submerged,FONE3,Fontinalis neomexicana Sull. & Lesq.,NA,NA,NA,Bryopsida,Isobryales,Fontinalaceae,Fontinalis,NA,neomexicana,NA,NA,NA,species,NA,NA
D17,TECR,2019,7,TECR.AOS.aquatic.plant.transect.04,NA,plant,submerged,FONE3,Fontinalis neomexicana Sull. & Lesq.,NA,NA,NA,Bryopsida,Isobryales,Fontinalaceae,Fontinalis,NA,neomexicana,NA,NA,NA,species,NA,NA
D17,TECR,2019,7,TECR.AOS.aquatic.plant.transect.04,NA,plant,submerged,FONE3,Fontinalis neomexicana Sull. & Lesq.,NA,NA,NA,Bryopsida,Isobryales,Fontinalaceae,Fontinalis,NA,neomexicana,NA,NA,NA,species,NA,NA
D17,TECR,2019,7,TECR.AOS.aquatic.plant.transect.04,NA,plant,submerged,SCUN6,Scapania undulata (L.) Dumort.,NA,NA,NA,Hepaticopsida,Jungermanniales,Scapaniaceae,Scapania,NA,undulata,NA,NA,NA,species,NA,NA
D17,TECR,2019,7,TECR.AOS.aquatic.plant.transect.04,NA,plant,submerged,SCUN6,Scapania undulata (L.) Dumort.,NA,NA,NA,Hepaticopsida,Jungermanniales,Scapaniaceae,Scapania,NA,undulata,NA,NA,NA,species,NA,NA
D17,TECR,2019,7,TECR.AOS.aquatic.plant.transect.04,NA,plant,submerged,SCUN6,Scapania undulata (L.) Dumort.,NA,NA,NA,Hepaticopsida,Jungermanniales,Scapaniaceae,Scapania,NA,undulata,NA,NA,NA,species,NA,NA
D17,TECR,2019,7,TECR.AOS.aquatic.plant.transect.04,NA,plant,submerged,FONE3,Fontinalis neomexicana Sull. & Lesq.,NA,NA,NA,Bryopsida,Isobryales,Fontinalaceae,Fontinalis,NA,neomexicana,NA,NA,NA,species,NA,NA
D17,TECR,2019,7,TECR.AOS.aquatic.plant.transect.04,NA,plant,emergent,2PLANT,Unknown plant,TheOtherHalf,NA,NA,NA,NA,NA,NA,NA,NA,NA,NA,NA,kingdom,NA,NA
D17,TECR,2019,7,TECR.AOS.aquatic.plant.transect.05,NA,plant,submerged,2PLANT,Unknown plant,TheOtherHalf,NA,NA,NA,NA,NA,NA,NA,NA,NA,NA,NA,kingdom,NA,NA
D17,TECR,2019,7,TECR.AOS.aquatic.plant.transect.05,NA,plant,submerged,2PLANT,Unknown plant,CharlieSheen,NA,NA,NA,NA,NA,NA,NA,NA,NA,NA,NA,kingdom,NA,NA
D17,TECR,2019,7,TECR.AOS.aquatic.plant.transect.05,NA,plant,emergent,SCUN6,Scapania undulata (L.) Dumort.,NA,NA,NA,Hepaticopsida,Jungermanniales,Scapaniaceae,Scapania,NA,undulata,NA,NA,NA,species,NA,NA
D17,TECR,2019,7,TECR.AOS.aquatic.plant.transect.05,NA,plant,submerged,2PLANT,Unknown plant,CharlieSheen,NA,NA,NA,NA,NA,NA,NA,NA,NA,NA,NA,kingdom,NA,NA
D17,TECR,2019,7,TECR.AOS.aquatic.plant.transect.05,NA,plant,submerged,2PLANT,Unknown plant,CharlieSheen,NA,NA,NA,NA,NA,NA,NA,NA,NA,NA,NA,kingdom,NA,NA
D17,TECR,2019,7,TECR.AOS.aquatic.plant.transect.05,NA,plant,submerged,SCUN6,Scapania undulata (L.) Dumort.,NA,NA,NA,Hepaticopsida,Jungermanniales,Scapaniaceae,Scapania,NA,undulata,NA,NA,NA,species,NA,NA
D17,TECR,2019,7,TECR.AOS.aquatic.plant.transect.05,NA,plant,submerged,2PLANT,Unknown plant,TheOtherHalf,NA,NA,NA,NA,NA,NA,NA,NA,NA,NA,NA,kingdom,NA,NA
D17,TECR,2019,7,TECR.AOS.aquatic.plant.transect.05,NA,plant,submerged,SCUN6,Scapania undulata (L.) Dumort.,NA,NA,NA,Hepaticopsida,Jungermanniales,Scapaniaceae,Scapania,NA,undulata,NA,NA,NA,species,NA,NA
D17,TECR,2019,7,TECR.AOS.aquatic.plant.transect.05,NA,plant,submerged,SCUN6,Scapania undulata (L.) Dumort.,NA,NA,NA,Hepaticopsida,Jungermanniales,Scapaniaceae,Scapania,NA,undulata,NA,NA,NA,species,NA,NA
D17,TECR,2019,7,TECR.AOS.aquatic.plant.transect.06,NA,plant,submerged,FONE3,Fontinalis neomexicana Sull. & Lesq.,NA,NA,NA,Bryopsida,Isobryales,Fontinalaceae,Fontinalis,NA,neomexicana,NA,NA,NA,species,NA,NA
D17,TECR,2019,7,TECR.AOS.aquatic.plant.transect.06,NA,plant,submerged,FONE3,Fontinalis neomexicana Sull. & Lesq.,NA,NA,NA,Bryopsida,Isobryales,Fontinalaceae,Fontinalis,NA,neomexicana,NA,NA,NA,species,NA,NA
D17,TECR,2019,7,TECR.AOS.aquatic.plant.transect.06,NA,plant,submerged,FONE3,Fontinalis neomexicana Sull. & Lesq.,NA,NA,NA,Bryopsida,Isobryales,Fontinalaceae,Fontinalis,NA,neomexicana,NA,NA,NA,species,NA,NA
D17,TECR,2019,7,TECR.AOS.aquatic.plant.transect.06,NA,plant,submerged,FONE3,Fontinalis neomexicana Sull. & Lesq.,NA,NA,NA,Bryopsida,Isobryales,Fontinalaceae,Fontinalis,NA,neomexicana,NA,NA,NA,species,NA,NA
D17,TECR,2019,7,TECR.AOS.aquatic.plant.transect.06,NA,plant,submerged,FONE3,Fontinalis neomexicana Sull. & Lesq.,NA,NA,NA,Bryopsida,Isobryales,Fontinalaceae,Fontinalis,NA,neomexicana,NA,NA,NA,species,NA,NA
D17,TECR,2019,7,TECR.AOS.aquatic.plant.transect.06,NA,plant,submerged,FONE3,Fontinalis neomexicana Sull. & Lesq.,NA,NA,NA,Bryopsida,Isobryales,Fontinalaceae,Fontinalis,NA,neomexicana,NA,NA,NA,species,NA,NA
D17,TECR,2019,7,TECR.AOS.aquatic.plant.transect.06,NA,plant,submerged,SCUN6,Scapania undulata (L.) Dumort.,NA,NA,NA,Hepaticopsida,Jungermanniales,Scapaniaceae,Scapania,NA,undulata,NA,NA,NA,species,NA,NA
D17,TECR,2019,7,TECR.AOS.aquatic.plant.transect.06,NA,plant,submerged,FONE3,Fontinalis neomexicana Sull. & Lesq.,NA,NA,NA,Bryopsida,Isobryales,Fontinalaceae,Fontinalis,NA,neomexicana,NA,NA,NA,species,NA,NA
D17,TECR,2019,7,TECR.AOS.aquatic.plant.transect.06,NA,plant,submerged,FONE3,Fontinalis neomexicana Sull. & Lesq.,NA,NA,NA,Bryopsida,Isobryales,Fontinalaceae,Fontinalis,NA,neomexicana,NA,NA,NA,species,NA,NA
D17,TECR,2019,7,TECR.AOS.aquatic.plant.transect.06,NA,plant,submerged,FONE3,Fontinalis neomexicana Sull. & Lesq.,NA,NA,NA,Bryopsida,Isobryales,Fontinalaceae,Fontinalis,NA,neomexicana,NA,NA,NA,species,NA,NA
D17,TECR,2019,7,TECR.AOS.aquatic.plant.transect.06,NA,plant,submerged,SCUN6,Scapania undulata (L.) Dumort.,NA,NA,NA,Hepaticopsida,Jungermanniales,Scapaniaceae,Scapania,NA,undulata,NA,NA,NA,species,NA,NA
D17,TECR,2019,7,TECR.AOS.aquatic.plant.transect.06,NA,plant,submerged,FONE3,Fontinalis neomexicana Sull. & Lesq.,NA,NA,NA,Bryopsida,Isobryales,Fontinalaceae,Fontinalis,NA,neomexicana,NA,NA,NA,species,NA,NA
D17,TECR,2019,7,TECR.AOS.aquatic.plant.transect.06,NA,plant,submerged,FONE3,Fontinalis neomexicana Sull. & Lesq.,NA,NA,NA,Bryopsida,Isobryales,Fontinalaceae,Fontinalis,NA,neomexicana,NA,NA,NA,species,NA,NA
D17,TECR,2019,7,TECR.AOS.aquatic.plant.transect.06,NA,plant,submerged,FONE3,Fontinalis neomexicana Sull. & Lesq.,NA,NA,NA,Bryopsida,Isobryales,Fontinalaceae,Fontinalis,NA,neomexicana,NA,NA,NA,species,NA,NA
D17,TECR,2019,7,TECR.AOS.aquatic.plant.transect.06,NA,plant,submerged,SCUN6,Scapania undulata (L.) Dumort.,NA,NA,NA,Hepaticopsida,Jungermanniales,Scapaniaceae,Scapania,NA,undulata,NA,NA,NA,species,NA,NA
D17,TECR,2019,7,TECR.AOS.aquatic.plant.transect.06,NA,plant,submerged,SCUN6,Scapania undulata (L.) Dumort.,NA,NA,NA,Hepaticopsida,Jungermanniales,Scapaniaceae,Scapania,NA,undulata,NA,NA,NA,species,NA,NA
D17,TECR,2019,7,TECR.AOS.aquatic.plant.transect.06,NA,plant,submerged,2PLANT,Unknown plant,BlackLung,NA,NA,NA,NA,NA,NA,NA,NA,NA,NA,NA,kingdom,NA,NA
D17,TECR,2019,7,TECR.AOS.aquatic.plant.transect.06,NA,plant,submerged,FONE3,Fontinalis neomexicana Sull. & Lesq.,NA,NA,NA,Bryopsida,Isobryales,Fontinalaceae,Fontinalis,NA,neomexicana,NA,NA,NA,species,NA,NA
D17,TECR,2019,7,TECR.AOS.aquatic.plant.transect.06,NA,plant,submerged,FONE3,Fontinalis neomexicana Sull. & Lesq.,NA,NA,NA,Bryopsida,Isobryales,Fontinalaceae,Fontinalis,NA,neomexicana,NA,NA,NA,species,NA,NA
D17,TECR,2019,7,TECR.AOS.aquatic.plant.transect.06,NA,plant,submerged,FONE3,Fontinalis neomexicana Sull. & Lesq.,NA,NA,NA,Bryopsida,Isobryales,Fontinalaceae,Fontinalis,NA,neomexicana,NA,NA,NA,species,NA,NA
D17,TECR,2019,7,TECR.AOS.aquatic.plant.transect.06,NA,plant,submerged,FONE3,Fontinalis neomexicana Sull. & Lesq.,NA,NA,NA,Bryopsida,Isobryales,Fontinalaceae,Fontinalis,NA,neomexicana,NA,NA,NA,species,NA,NA
D17,TECR,2019,7,TECR.AOS.aquatic.plant.transect.06,NA,plant,submerged,FONE3,Fontinalis neomexicana Sull. & Lesq.,NA,NA,NA,Bryopsida,Isobryales,Fontinalaceae,Fontinalis,NA,neomexicana,NA,NA,NA,species,NA,NA
D17,TECR,2019,7,TECR.AOS.aquatic.plant.transect.07,NA,plant,submerged,SCUN6,Scapania undulata (L.) Dumort.,NA,NA,NA,Hepaticopsida,Jungermanniales,Scapaniaceae,Scapania,NA,undulata,NA,NA,NA,species,NA,NA
D17,TECR,2019,7,TECR.AOS.aquatic.plant.transect.07,NA,plant,submerged,SCUN6,Scapania undulata (L.) Dumort.,NA,NA,NA,Hepaticopsida,Jungermanniales,Scapaniaceae,Scapania,NA,undulata,NA,NA,NA,species,NA,NA
D17,TECR,2019,7,TECR.AOS.aquatic.plant.transect.07,NA,plant,submerged,SCUN6,Scapania undulata (L.) Dumort.,NA,NA,NA,Hepaticopsida,Jungermanniales,Scapaniaceae,Scapania,NA,undulata,NA,NA,NA,species,NA,NA
D17,TECR,2019,7,TECR.AOS.aquatic.plant.transect.07,NA,plant,submerged,SCUN6,Scapania undulata (L.) Dumort.,NA,NA,NA,Hepaticopsida,Jungermanniales,Scapaniaceae,Scapania,NA,undulata,NA,NA,NA,species,NA,NA
D17,TECR,2019,7,TECR.AOS.aquatic.plant.transect.07,NA,plant,submerged,SCUN6,Scapania undulata (L.) Dumort.,NA,NA,NA,Hepaticopsida,Jungermanniales,Scapaniaceae,Scapania,NA,undulata,NA,NA,NA,species,NA,NA
D17,TECR,2019,7,TECR.AOS.aquatic.plant.transect.07,NA,plant,submerged,SCUN6,Scapania undulata (L.) Dumort.,NA,NA,NA,Hepaticopsida,Jungermanniales,Scapaniaceae,Scapania,NA,undulata,NA,NA,NA,species,NA,NA
D17,TECR,2019,7,TECR.AOS.aquatic.plant.transect.07,NA,plant,submerged,SCUN6,Scapania undulata (L.) Dumort.,NA,NA,NA,Hepaticopsida,Jungermanniales,Scapaniaceae,Scapania,NA,undulata,NA,NA,NA,species,NA,NA
D17,TECR,2019,7,TECR.AOS.aquatic.plant.transect.07,NA,plant,submerged,SCUN6,Scapania undulata (L.) Dumort.,NA,NA,NA,Hepaticopsida,Jungermanniales,Scapaniaceae,Scapania,NA,undulata,NA,NA,NA,species,NA,NA
D17,TECR,2019,7,TECR.AOS.aquatic.plant.transect.07,NA,plant,submerged,SCUN6,Scapania undulata (L.) Dumort.,NA,NA,NA,Hepaticopsida,Jungermanniales,Scapaniaceae,Scapania,NA,undulata,NA,NA,NA,species,NA,NA
D17,TECR,2019,7,TECR.AOS.aquatic.plant.transect.07,NA,plant,submerged,SCUN6,Scapania undulata (L.) Dumort.,NA,NA,NA,Hepaticopsida,Jungermanniales,Scapaniaceae,Scapania,NA,undulata,NA,NA,NA,species,NA,NA
D17,TECR,2019,7,TECR.AOS.aquatic.plant.transect.08,NA,plant,submerged,2PLANT,Unknown plant,CharlieSheen,NA,NA,NA,NA,NA,NA,NA,NA,NA,NA,NA,kingdom,NA,NA
D17,TECR,2019,7,TECR.AOS.aquatic.plant.transect.08,NA,plant,emergent,SCUN6,Scapania undulata (L.) Dumort.,NA,NA,NA,Hepaticopsida,Jungermanniales,Scapaniaceae,Scapania,NA,undulata,NA,NA,NA,species,NA,NA
D17,TECR,2019,7,TECR.AOS.aquatic.plant.transect.08,NA,plant,submerged,SCUN6,Scapania undulata (L.) Dumort.,NA,NA,NA,Hepaticopsida,Jungermanniales,Scapaniaceae,Scapania,NA,undulata,NA,NA,NA,species,NA,NA
D17,TECR,2019,7,TECR.AOS.aquatic.plant.transect.08,NA,plant,submerged,SCUN6,Scapania undulata (L.) Dumort.,NA,NA,NA,Hepaticopsida,Jungermanniales,Scapaniaceae,Scapania,NA,undulata,NA,NA,NA,species,NA,NA
D17,TECR,2019,7,TECR.AOS.aquatic.plant.transect.08,NA,plant,submerged,FONE3,Fontinalis neomexicana Sull. & Lesq.,NA,NA,NA,Bryopsida,Isobryales,Fontinalaceae,Fontinalis,NA,neomexicana,NA,NA,NA,species,NA,NA
D17,TECR,2019,7,TECR.AOS.aquatic.plant.transect.08,NA,plant,submerged,SCUN6,Scapania undulata (L.) Dumort.,NA,NA,NA,Hepaticopsida,Jungermanniales,Scapaniaceae,Scapania,NA,undulata,NA,NA,NA,species,NA,NA
D17,TECR,2019,7,TECR.AOS.aquatic.plant.transect.08,NA,plant,submerged,SCUN6,Scapania undulata (L.) Dumort.,NA,NA,NA,Hepaticopsida,Jungermanniales,Scapaniaceae,Scapania,NA,undulata,NA,NA,NA,species,NA,NA
D17,TECR,2019,7,TECR.AOS.aquatic.plant.transect.08,NA,plant,submerged,SCUN6,Scapania undulata (L.) Dumort.,NA,NA,NA,Hepaticopsida,Jungermanniales,Scapaniaceae,Scapania,NA,undulata,NA,NA,NA,species,NA,NA
D17,TECR,2019,7,TECR.AOS.aquatic.plant.transect.08,NA,plant,submerged,SCUN6,Scapania undulata (L.) Dumort.,NA,NA,NA,Hepaticopsida,Jungermanniales,Scapaniaceae,Scapania,NA,undulata,NA,NA,NA,species,NA,NA
D17,TECR,2019,7,TECR.AOS.aquatic.plant.transect.08,NA,plant,submerged,SCUN6,Scapania undulata (L.) Dumort.,NA,NA,NA,Hepaticopsida,Jungermanniales,Scapaniaceae,Scapania,NA,undulata,NA,NA,NA,species,NA,NA
D17,TECR,2019,7,TECR.AOS.aquatic.plant.transect.08,NA,plant,submerged,SCUN6,Scapania undulata (L.) Dumort.,NA,NA,NA,Hepaticopsida,Jungermanniales,Scapaniaceae,Scapania,NA,undulata,NA,NA,NA,species,NA,NA
D17,TECR,2019,7,TECR.AOS.aquatic.plant.transect.08,NA,plant,submerged,2PLANT,Unknown plant,TheOtherHalf,NA,NA,NA,NA,NA,NA,NA,NA,NA,NA,NA,kingdom,NA,NA
D17,TECR,2019,7,TECR.AOS.aquatic.plant.transect.08,NA,plant,submerged,FONE3,Fontinalis neomexicana Sull. & Lesq.,NA,NA,NA,Bryopsida,Isobryales,Fontinalaceae,Fontinalis,NA,neomexicana,NA,NA,NA,species,NA,NA
D17,TECR,2019,7,TECR.AOS.aquatic.plant.transect.08,NA,plant,submerged,SCUN6,Scapania undulata (L.) Dumort.,NA,NA,NA,Hepaticopsida,Jungermanniales,Scapaniaceae,Scapania,NA,undulata,NA,NA,NA,species,NA,NA
D17,TECR,2019,7,TECR.AOS.aquatic.plant.transect.08,NA,plant,submerged,SCUN6,Scapania undulata (L.) Dumort.,NA,NA,NA,Hepaticopsida,Jungermanniales,Scapaniaceae,Scapania,NA,undulata,NA,NA,NA,species,NA,NA
D17,TECR,2019,7,TECR.AOS.aquatic.plant.transect.08,NA,plant,submerged,FONE3,Fontinalis neomexicana Sull. & Lesq.,NA,NA,NA,Bryopsida,Isobryales,Fontinalaceae,Fontinalis,NA,neomexicana,NA,NA,NA,species,NA,NA
D17,TECR,2019,7,TECR.AOS.aquatic.plant.transect.09,NA,plant,submerged,FONE3,Fontinalis neomexicana Sull. & Lesq.,NA,NA,NA,Bryopsida,Isobryales,Fontinalaceae,Fontinalis,NA,neomexicana,NA,NA,NA,species,NA,NA
D17,TECR,2019,7,TECR.AOS.aquatic.plant.transect.09,NA,plant,submerged,2PLANT,Unknown plant,CharlieSheen,NA,NA,NA,NA,NA,NA,NA,NA,NA,NA,NA,kingdom,NA,NA
D17,TECR,2019,7,TECR.AOS.aquatic.plant.transect.09,NA,plant,submerged,2PLANT,Unknown plant,CharlieSheen,NA,NA,NA,NA,NA,NA,NA,NA,NA,NA,NA,kingdom,NA,NA
D17,TECR,2019,7,TECR.AOS.aquatic.plant.transect.09,NA,plant,submerged,2PLANT,Unknown plant,TheOtherHalf,NA,NA,NA,NA,NA,NA,NA,NA,NA,NA,NA,kingdom,NA,NA
D17,TECR,2019,7,TECR.AOS.aquatic.plant.transect.09,NA,plant,submerged,FONE3,Fontinalis neomexicana Sull. & Lesq.,NA,NA,NA,Bryopsida,Isobryales,Fontinalaceae,Fontinalis,NA,neomexicana,NA,NA,NA,species,NA,NA
D17,TECR,2019,7,TECR.AOS.aquatic.plant.transect.09,NA,plant,submerged,2PLANT,Unknown plant,CharlieSheen,NA,NA,NA,NA,NA,NA,NA,NA,NA,NA,NA,kingdom,NA,NA
D17,TECR,2019,7,TECR.AOS.aquatic.plant.transect.09,NA,plant,submerged,SCUN6,Scapania undulata (L.) Dumort.,NA,NA,NA,Hepaticopsida,Jungermanniales,Scapaniaceae,Scapania,NA,undulata,NA,NA,NA,species,NA,NA
D17,TECR,2019,7,TECR.AOS.aquatic.plant.transect.09,NA,plant,submerged,FONE3,Fontinalis neomexicana Sull. & Lesq.,NA,NA,NA,Bryopsida,Isobryales,Fontinalaceae,Fontinalis,NA,neomexicana,NA,NA,NA,species,NA,NA
D17,TECR,2019,7,TECR.AOS.aquatic.plant.transect.09,NA,plant,submerged,FONE3,Fontinalis neomexicana Sull. & Lesq.,NA,NA,NA,Bryopsida,Isobryales,Fontinalaceae,Fontinalis,NA,neomexicana,NA,NA,NA,species,NA,NA
D17,TECR,2019,7,TECR.AOS.aquatic.plant.transect.09,NA,plant,submerged,FONE3,Fontinalis neomexicana Sull. & Lesq.,NA,NA,NA,Bryopsida,Isobryales,Fontinalaceae,Fontinalis,NA,neomexicana,NA,NA,NA,species,NA,NA
D17,TECR,2019,7,TECR.AOS.aquatic.plant.transect.09,NA,plant,submerged,FONE3,Fontinalis neomexicana Sull. & Lesq.,NA,NA,NA,Bryopsida,Isobryales,Fontinalaceae,Fontinalis,NA,neomexicana,NA,NA,NA,species,NA,NA
D17,TECR,2019,7,TECR.AOS.aquatic.plant.transect.09,NA,plant,submerged,FONE3,Fontinalis neomexicana Sull. & Lesq.,NA,NA,NA,Bryopsida,Isobryales,Fontinalaceae,Fontinalis,NA,neomexicana,NA,NA,NA,species,NA,NA
D17,TECR,2019,7,TECR.AOS.aquatic.plant.transect.09,NA,plant,submerged,FONE3,Fontinalis neomexicana Sull. & Lesq.,NA,NA,NA,Bryopsida,Isobryales,Fontinalaceae,Fontinalis,NA,neomexicana,NA,NA,NA,species,NA,NA
D17,TECR,2019,7,TECR.AOS.aquatic.plant.transect.09,NA,plant,submerged,FONE3,Fontinalis neomexicana Sull. & Lesq.,NA,NA,NA,Bryopsida,Isobryales,Fontinalaceae,Fontinalis,NA,neomexicana,NA,NA,NA,species,NA,NA
D17,TECR,2019,7,TECR.AOS.aquatic.plant.transect.09,NA,plant,submerged,FONE3,Fontinalis neomexicana Sull. & Lesq.,NA,NA,NA,Bryopsida,Isobryales,Fontinalaceae,Fontinalis,NA,neomexicana,NA,NA,NA,species,NA,NA
D17,TECR,2019,7,TECR.AOS.aquatic.plant.transect.09,NA,plant,submerged,FONE3,Fontinalis neomexicana Sull. & Lesq.,NA,NA,NA,Bryopsida,Isobryales,Fontinalaceae,Fontinalis,NA,neomexicana,NA,NA,NA,species,NA,NA
D17,TECR,2019,7,TECR.AOS.aquatic.plant.transect.10,NA,plant,submerged,SCUN6,Scapania undulata (L.) Dumort.,NA,NA,NA,Hepaticopsida,Jungermanniales,Scapaniaceae,Scapania,NA,undulata,NA,NA,NA,species,NA,NA
D17,TECR,2019,7,TECR.AOS.aquatic.plant.transect.10,NA,plant,submerged,2PLANT,Unknown plant,CharlieSheen,NA,NA,NA,NA,NA,NA,NA,NA,NA,NA,NA,kingdom,NA,NA
D17,TECR,2019,7,TECR.AOS.aquatic.plant.transect.10,NA,plant,submerged,2PLANT,Unknown plant,CharlieSheen,NA,NA,NA,NA,NA,NA,NA,NA,NA,NA,NA,kingdom,NA,NA
D17,TECR,2019,7,TECR.AOS.aquatic.plant.transect.10,NA,plant,submerged,2PLANT,Unknown plant,CharlieSheen,NA,NA,NA,NA,NA,NA,NA,NA,NA,NA,NA,kingdom,NA,NA
D17,TECR,2019,7,TECR.AOS.aquatic.plant.transect.10,NA,plant,submerged,SCUN6,Scapania undulata (L.) Dumort.,NA,NA,NA,Hepaticopsida,Jungermanniales,Scapaniaceae,Scapania,NA,undulata,NA,NA,NA,species,NA,NA
D17,TECR,2019,7,TECR.AOS.aquatic.plant.transect.10,NA,plant,submerged,2PLANT,Unknown plant,CharlieSheen,NA,NA,NA,NA,NA,NA,NA,NA,NA,NA,NA,kingdom,NA,NA
D17,TECR,2019,7,TECR.AOS.aquatic.plant.transect.10,NA,plant,submerged,2PLANT,Unknown plant,CharlieSheen,NA,NA,NA,NA,NA,NA,NA,NA,NA,NA,NA,kingdom,NA,NA
D17,TECR,2019,7,TECR.AOS.aquatic.plant.transect.10,NA,plant,submerged,2PLANT,Unknown plant,CharlieSheen,NA,NA,NA,NA,NA,NA,NA,NA,NA,NA,NA,kingdom,NA,NA
D17,TECR,2019,7,TECR.AOS.aquatic.plant.transect.10,NA,plant,submerged,FONE3,Fontinalis neomexicana Sull. & Lesq.,NA,NA,NA,Bryopsida,Isobryales,Fontinalaceae,Fontinalis,NA,neomexicana,NA,NA,NA,species,NA,NA
D17,TECR,2019,7,TECR.AOS.aquatic.plant.transect.10,NA,plant,submerged,2PLANT,Unknown plant,CharlieSheen,NA,NA,NA,NA,NA,NA,NA,NA,NA,NA,NA,kingdom,NA,NA
D17,TECR,2019,7,TECR.AOS.aquatic.plant.transect.10,NA,plant,submerged,2PLANT,Unknown plant,CharlieSheen,NA,NA,NA,NA,NA,NA,NA,NA,NA,NA,NA,kingdom,NA,NA
D17,TECR,2021,7,TECR.AOS.aquatic.plant.transect.02,NA,plant,submerged,CHPO14,Chiloscyphus polyanthos (L.) Corda,NA,NA,NA,Hepaticopsida,Jungermanniales,Geocalycaceae,Chiloscyphus,NA,polyanthos,NA,NA,NA,species,2021-07-19T18:53:00Z,NA
D17,TECR,2021,7,TECR.AOS.aquatic.plant.transect.02,NA,plant,submerged,BRFR70,Brachythecium frigidum (Müll. Hal.) Besch.,NA,NA,NA,Bryopsida,Hypnales,Brachytheciaceae,Brachythecium,NA,frigidum,NA,NA,NA,species,NA,NA
D17,TECR,2021,7,TECR.AOS.aquatic.plant.transect.02,NA,plant,submerged,SCUN6,Scapania undulata (L.) Dumort.,NA,NA,NA,Hepaticopsida,Jungermanniales,Scapaniaceae,Scapania,NA,undulata,NA,NA,NA,species,NA,NA
D17,TECR,2021,7,TECR.AOS.aquatic.plant.transect.02,NA,plant,submerged,SCUN6,Scapania undulata (L.) Dumort.,NA,NA,NA,Hepaticopsida,Jungermanniales,Scapaniaceae,Scapania,NA,undulata,NA,NA,NA,species,NA,NA
D17,TECR,2021,7,TECR.AOS.aquatic.plant.transect.01,NA,plant,submerged,FONE3,Fontinalis neomexicana Sull. & Lesq.,NA,NA,NA,Bryopsida,Isobryales,Fontinalaceae,Fontinalis,NA,neomexicana,NA,NA,NA,species,NA,NA
D17,TECR,2021,7,TECR.AOS.aquatic.plant.transect.01,NA,plant,submerged,FONE3,Fontinalis neomexicana Sull. & Lesq.,NA,NA,NA,Bryopsida,Isobryales,Fontinalaceae,Fontinalis,NA,neomexicana,NA,NA,NA,species,NA,NA
D17,TECR,2021,7,TECR.AOS.aquatic.plant.transect.01,NA,plant,submerged,PELTI2,Peltigera sp.,NA,NA,NA,Ascomycetes,Peltigerales,Peltigeraceae,Peltigera,NA,sp.,NA,NA,NA,genus,NA,NA
D17,TECR,2021,7,TECR.AOS.aquatic.plant.transect.01,NA,plant,submerged,FONE3,Fontinalis neomexicana Sull. & Lesq.,NA,NA,NA,Bryopsida,Isobryales,Fontinalaceae,Fontinalis,NA,neomexicana,NA,NA,NA,species,NA,NA
D17,TECR,2021,7,TECR.AOS.aquatic.plant.transect.01,NA,plant,emergent,FONE3,Fontinalis neomexicana Sull. & Lesq.,NA,NA,NA,Bryopsida,Isobryales,Fontinalaceae,Fontinalis,NA,neomexicana,NA,NA,NA,species,NA,NA
D17,TECR,2021,7,TECR.AOS.aquatic.plant.transect.01,NA,plant,emergent,SCUN6,Scapania undulata (L.) Dumort.,NA,NA,NA,Hepaticopsida,Jungermanniales,Scapaniaceae,Scapania,NA,undulata,NA,NA,NA,species,NA,NA
D17,TECR,2021,7,TECR.AOS.aquatic.plant.transect.01,NA,plant,submerged,SCUN6,Scapania undulata (L.) Dumort.,NA,NA,NA,Hepaticopsida,Jungermanniales,Scapaniaceae,Scapania,NA,undulata,NA,NA,NA,species,NA,NA
D17,TECR,2021,7,TECR.AOS.aquatic.plant.transect.03,NA,plant,submerged,FONE3,Fontinalis neomexicana Sull. & Lesq.,NA,NA,NA,Bryopsida,Isobryales,Fontinalaceae,Fontinalis,NA,neomexicana,NA,NA,NA,species,NA,NA
D17,TECR,2021,7,TECR.AOS.aquatic.plant.transect.03,NA,plant,submerged,FONE3,Fontinalis neomexicana Sull. & Lesq.,NA,NA,NA,Bryopsida,Isobryales,Fontinalaceae,Fontinalis,NA,neomexicana,NA,NA,NA,species,NA,NA
D17,TECR,2021,7,TECR.AOS.aquatic.plant.transect.03,NA,plant,submerged,FONE3,Fontinalis neomexicana Sull. & Lesq.,NA,NA,NA,Bryopsida,Isobryales,Fontinalaceae,Fontinalis,NA,neomexicana,NA,NA,NA,species,NA,NA
D17,TECR,2021,7,TECR.AOS.aquatic.plant.transect.03,NA,plant,submerged,FONE3,Fontinalis neomexicana Sull. & Lesq.,NA,NA,NA,Bryopsida,Isobryales,Fontinalaceae,Fontinalis,NA,neomexicana,NA,NA,NA,species,NA,NA
D17,TECR,2021,7,TECR.AOS.aquatic.plant.transect.03,NA,plant,submerged,FONE3,Fontinalis neomexicana Sull. & Lesq.,NA,NA,NA,Bryopsida,Isobryales,Fontinalaceae,Fontinalis,NA,neomexicana,NA,NA,NA,species,NA,NA
D17,TECR,2021,7,TECR.AOS.aquatic.plant.transect.03,NA,plant,submerged,FONE3,Fontinalis neomexicana Sull. & Lesq.,NA,NA,NA,Bryopsida,Isobryales,Fontinalaceae,Fontinalis,NA,neomexicana,NA,NA,NA,species,NA,NA
D17,TECR,2021,7,TECR.AOS.aquatic.plant.transect.03,NA,plant,submerged,FONE3,Fontinalis neomexicana Sull. & Lesq.,NA,NA,NA,Bryopsida,Isobryales,Fontinalaceae,Fontinalis,NA,neomexicana,NA,NA,NA,species,NA,NA
D17,TECR,2021,7,TECR.AOS.aquatic.plant.transect.03,NA,plant,submerged,FONE3,Fontinalis neomexicana Sull. & Lesq.,NA,NA,NA,Bryopsida,Isobryales,Fontinalaceae,Fontinalis,NA,neomexicana,NA,NA,NA,species,NA,NA
D17,TECR,2021,7,TECR.AOS.aquatic.plant.transect.03,NA,plant,submerged,FONE3,Fontinalis neomexicana Sull. & Lesq.,NA,NA,NA,Bryopsida,Isobryales,Fontinalaceae,Fontinalis,NA,neomexicana,NA,NA,NA,species,NA,NA
D17,TECR,2021,7,TECR.AOS.aquatic.plant.transect.03,NA,plant,submerged,FONE3,Fontinalis neomexicana Sull. & Lesq.,NA,NA,NA,Bryopsida,Isobryales,Fontinalaceae,Fontinalis,NA,neomexicana,NA,NA,NA,species,NA,NA
D17,TECR,2021,7,TECR.AOS.aquatic.plant.transect.03,NA,plant,submerged,FONE3,Fontinalis neomexicana Sull. & Lesq.,NA,NA,NA,Bryopsida,Isobryales,Fontinalaceae,Fontinalis,NA,neomexicana,NA,NA,NA,species,NA,NA
D17,TECR,2021,7,TECR.AOS.aquatic.plant.transect.03,NA,plant,submerged,FONE3,Fontinalis neomexicana Sull. & Lesq.,NA,NA,NA,Bryopsida,Isobryales,Fontinalaceae,Fontinalis,NA,neomexicana,NA,NA,NA,species,NA,NA
D17,TECR,2021,7,TECR.AOS.aquatic.plant.transect.03,NA,plant,submerged,FONE3,Fontinalis neomexicana Sull. & Lesq.,NA,NA,NA,Bryopsida,Isobryales,Fontinalaceae,Fontinalis,NA,neomexicana,NA,NA,NA,species,NA,NA
D17,TECR,2021,7,TECR.AOS.aquatic.plant.transect.03,NA,plant,submerged,FONE3,Fontinalis neomexicana Sull. & Lesq.,NA,NA,NA,Bryopsida,Isobryales,Fontinalaceae,Fontinalis,NA,neomexicana,NA,NA,NA,species,NA,NA
D17,TECR,2021,7,TECR.AOS.aquatic.plant.transect.04,NA,plant,submerged,FONE3,Fontinalis neomexicana Sull. & Lesq.,NA,NA,NA,Bryopsida,Isobryales,Fontinalaceae,Fontinalis,NA,neomexicana,NA,NA,NA,species,NA,NA
D17,TECR,2021,7,TECR.AOS.aquatic.plant.transect.04,NA,plant,submerged,SCUN6,Scapania undulata (L.) Dumort.,NA,NA,NA,Hepaticopsida,Jungermanniales,Scapaniaceae,Scapania,NA,undulata,NA,NA,NA,species,NA,NA
D17,TECR,2021,7,TECR.AOS.aquatic.plant.transect.04,NA,plant,submerged,SCUN6,Scapania undulata (L.) Dumort.,NA,NA,NA,Hepaticopsida,Jungermanniales,Scapaniaceae,Scapania,NA,undulata,NA,NA,NA,species,NA,NA
D17,TECR,2021,7,TECR.AOS.aquatic.plant.transect.04,NA,plant,submerged,FONE3,Fontinalis neomexicana Sull. & Lesq.,NA,NA,NA,Bryopsida,Isobryales,Fontinalaceae,Fontinalis,NA,neomexicana,NA,NA,NA,species,NA,NA
D17,TECR,2021,7,TECR.AOS.aquatic.plant.transect.05,NA,plant,submerged,FONE3,Fontinalis neomexicana Sull. & Lesq.,NA,NA,NA,Bryopsida,Isobryales,Fontinalaceae,Fontinalis,NA,neomexicana,NA,NA,NA,species,NA,NA
D17,TECR,2021,7,TECR.AOS.aquatic.plant.transect.05,NA,plant,submerged,SCUN6,Scapania undulata (L.) Dumort.,NA,NA,NA,Hepaticopsida,Jungermanniales,Scapaniaceae,Scapania,NA,undulata,NA,NA,NA,species,NA,NA
D17,TECR,2021,7,TECR.AOS.aquatic.plant.transect.05,NA,plant,submerged,CHPO14,Chiloscyphus polyanthos (L.) Corda,NA,NA,NA,Hepaticopsida,Jungermanniales,Geocalycaceae,Chiloscyphus,NA,polyanthos,NA,NA,NA,species,2021-07-19T19:45:00Z,NA
D17,TECR,2021,7,TECR.AOS.aquatic.plant.transect.05,NA,plant,submerged,CHPO14,Chiloscyphus polyanthos (L.) Corda,NA,NA,NA,Hepaticopsida,Jungermanniales,Geocalycaceae,Chiloscyphus,NA,polyanthos,NA,NA,NA,species,2021-07-19T19:45:00Z,NA
D17,TECR,2021,7,TECR.AOS.aquatic.plant.transect.05,NA,plant,submerged,SCUN6,Scapania undulata (L.) Dumort.,NA,NA,NA,Hepaticopsida,Jungermanniales,Scapaniaceae,Scapania,NA,undulata,NA,NA,NA,species,NA,NA
D17,TECR,2021,7,TECR.AOS.aquatic.plant.transect.05,NA,plant,submerged,2PLANT,Unknown plant,BlackLung,NA,NA,NA,NA,NA,NA,NA,NA,NA,NA,NA,kingdom,NA,NA
D17,TECR,2021,7,TECR.AOS.aquatic.plant.transect.06,NA,plant,submerged,PELTI2,Peltigera sp.,NA,NA,NA,Ascomycetes,Peltigerales,Peltigeraceae,Peltigera,NA,sp.,NA,NA,NA,genus,NA,NA
D17,TECR,2021,7,TECR.AOS.aquatic.plant.transect.06,NA,plant,emergent,FONE3,Fontinalis neomexicana Sull. & Lesq.,NA,NA,NA,Bryopsida,Isobryales,Fontinalaceae,Fontinalis,NA,neomexicana,NA,NA,NA,species,NA,NA
D17,TECR,2021,7,TECR.AOS.aquatic.plant.transect.06,NA,plant,submerged,FONE3,Fontinalis neomexicana Sull. & Lesq.,NA,NA,NA,Bryopsida,Isobryales,Fontinalaceae,Fontinalis,NA,neomexicana,NA,NA,NA,species,NA,NA
D17,TECR,2021,7,TECR.AOS.aquatic.plant.transect.06,NA,plant,submerged,FONE3,Fontinalis neomexicana Sull. & Lesq.,NA,NA,NA,Bryopsida,Isobryales,Fontinalaceae,Fontinalis,NA,neomexicana,NA,NA,NA,species,NA,NA
D17,TECR,2021,7,TECR.AOS.aquatic.plant.transect.06,NA,plant,submerged,FONE3,Fontinalis neomexicana Sull. & Lesq.,NA,NA,NA,Bryopsida,Isobryales,Fontinalaceae,Fontinalis,NA,neomexicana,NA,NA,NA,species,NA,NA
D17,TECR,2021,7,TECR.AOS.aquatic.plant.transect.06,NA,plant,submerged,FONE3,Fontinalis neomexicana Sull. & Lesq.,NA,NA,NA,Bryopsida,Isobryales,Fontinalaceae,Fontinalis,NA,neomexicana,NA,NA,NA,species,NA,NA
D17,TECR,2021,7,TECR.AOS.aquatic.plant.transect.06,NA,plant,submerged,SCUN6,Scapania undulata (L.) Dumort.,NA,NA,NA,Hepaticopsida,Jungermanniales,Scapaniaceae,Scapania,NA,undulata,NA,NA,NA,species,NA,NA
D17,TECR,2021,7,TECR.AOS.aquatic.plant.transect.06,NA,plant,submerged,SCUN6,Scapania undulata (L.) Dumort.,NA,NA,NA,Hepaticopsida,Jungermanniales,Scapaniaceae,Scapania,NA,undulata,NA,NA,NA,species,NA,NA
D17,TECR,2021,7,TECR.AOS.aquatic.plant.transect.06,NA,plant,submerged,SCUN6,Scapania undulata (L.) Dumort.,NA,NA,NA,Hepaticopsida,Jungermanniales,Scapaniaceae,Scapania,NA,undulata,NA,NA,NA,species,NA,NA
D17,TECR,2021,7,TECR.AOS.aquatic.plant.transect.06,NA,plant,submerged,SCUN6,Scapania undulata (L.) Dumort.,NA,NA,NA,Hepaticopsida,Jungermanniales,Scapaniaceae,Scapania,NA,undulata,NA,NA,NA,species,NA,NA
D17,TECR,2021,7,TECR.AOS.aquatic.plant.transect.06,NA,plant,submerged,FONE3,Fontinalis neomexicana Sull. & Lesq.,NA,NA,NA,Bryopsida,Isobryales,Fontinalaceae,Fontinalis,NA,neomexicana,NA,NA,NA,species,NA,NA
D17,TECR,2021,7,TECR.AOS.aquatic.plant.transect.06,NA,plant,submerged,SCUN6,Scapania undulata (L.) Dumort.,NA,NA,NA,Hepaticopsida,Jungermanniales,Scapaniaceae,Scapania,NA,undulata,NA,NA,NA,species,NA,NA
D17,TECR,2021,7,TECR.AOS.aquatic.plant.transect.06,NA,plant,submerged,SCUN6,Scapania undulata (L.) Dumort.,NA,NA,NA,Hepaticopsida,Jungermanniales,Scapaniaceae,Scapania,NA,undulata,NA,NA,NA,species,NA,NA
D17,TECR,2021,7,TECR.AOS.aquatic.plant.transect.06,NA,plant,submerged,SCUN6,Scapania undulata (L.) Dumort.,NA,NA,NA,Hepaticopsida,Jungermanniales,Scapaniaceae,Scapania,NA,undulata,NA,NA,NA,species,NA,NA
D17,TECR,2021,7,TECR.AOS.aquatic.plant.transect.06,NA,plant,submerged,FONE3,Fontinalis neomexicana Sull. & Lesq.,NA,NA,NA,Bryopsida,Isobryales,Fontinalaceae,Fontinalis,NA,neomexicana,NA,NA,NA,species,NA,NA
D17,TECR,2021,7,TECR.AOS.aquatic.plant.transect.06,NA,plant,submerged,FONE3,Fontinalis neomexicana Sull. & Lesq.,NA,NA,NA,Bryopsida,Isobryales,Fontinalaceae,Fontinalis,NA,neomexicana,NA,NA,NA,species,NA,NA
D17,TECR,2021,7,TECR.AOS.aquatic.plant.transect.06,NA,plant,submerged,FONE3,Fontinalis neomexicana Sull. & Lesq.,NA,NA,NA,Bryopsida,Isobryales,Fontinalaceae,Fontinalis,NA,neomexicana,NA,NA,NA,species,NA,NA
D17,TECR,2021,7,TECR.AOS.aquatic.plant.transect.07,NA,plant,submerged,SCUN6,Scapania undulata (L.) Dumort.,NA,NA,NA,Hepaticopsida,Jungermanniales,Scapaniaceae,Scapania,NA,undulata,NA,NA,NA,species,NA,NA
D17,TECR,2021,7,TECR.AOS.aquatic.plant.transect.07,NA,plant,submerged,SCUN6,Scapania undulata (L.) Dumort.,NA,NA,NA,Hepaticopsida,Jungermanniales,Scapaniaceae,Scapania,NA,undulata,NA,NA,NA,species,NA,NA
D17,TECR,2021,7,TECR.AOS.aquatic.plant.transect.07,NA,plant,submerged,SCUN6,Scapania undulata (L.) Dumort.,NA,NA,NA,Hepaticopsida,Jungermanniales,Scapaniaceae,Scapania,NA,undulata,NA,NA,NA,species,NA,NA
D17,TECR,2021,7,TECR.AOS.aquatic.plant.transect.07,NA,plant,submerged,SCUN6,Scapania undulata (L.) Dumort.,NA,NA,NA,Hepaticopsida,Jungermanniales,Scapaniaceae,Scapania,NA,undulata,NA,NA,NA,species,NA,NA
D17,TECR,2021,7,TECR.AOS.aquatic.plant.transect.07,NA,plant,submerged,2PLANT,Unknown plant,BlackLung,NA,NA,NA,NA,NA,NA,NA,NA,NA,NA,NA,kingdom,NA,NA
D17,TECR,2021,7,TECR.AOS.aquatic.plant.transect.08,NA,plant,submerged,CHPO14,Chiloscyphus polyanthos (L.) Corda,NA,NA,NA,Hepaticopsida,Jungermanniales,Geocalycaceae,Chiloscyphus,NA,polyanthos,NA,NA,NA,species,2021-07-19T20:22:00Z,NA
D17,TECR,2021,7,TECR.AOS.aquatic.plant.transect.08,NA,plant,submerged,CHPO14,Chiloscyphus polyanthos (L.) Corda,NA,NA,NA,Hepaticopsida,Jungermanniales,Geocalycaceae,Chiloscyphus,NA,polyanthos,NA,NA,NA,species,2021-07-19T20:22:00Z,NA
D17,TECR,2021,7,TECR.AOS.aquatic.plant.transect.08,NA,plant,submerged,FONE3,Fontinalis neomexicana Sull. & Lesq.,NA,NA,NA,Bryopsida,Isobryales,Fontinalaceae,Fontinalis,NA,neomexicana,NA,NA,NA,species,NA,NA
D17,TECR,2021,7,TECR.AOS.aquatic.plant.transect.09,NA,plant,submerged,FONE3,Fontinalis neomexicana Sull. & Lesq.,NA,NA,NA,Bryopsida,Isobryales,Fontinalaceae,Fontinalis,NA,neomexicana,NA,NA,NA,species,NA,NA
D17,TECR,2021,7,TECR.AOS.aquatic.plant.transect.09,NA,plant,submerged,FONE3,Fontinalis neomexicana Sull. & Lesq.,NA,NA,NA,Bryopsida,Isobryales,Fontinalaceae,Fontinalis,NA,neomexicana,NA,NA,NA,species,NA,NA
D17,TECR,2021,7,TECR.AOS.aquatic.plant.transect.09,NA,plant,submerged,SCLER11,Scleropodium sp.,NA,NA,NA,Bryopsida,Hypnales,Brachytheciaceae,Scleropodium,NA,sp.,NA,NA,NA,genus,NA,NA
D17,TECR,2021,7,TECR.AOS.aquatic.plant.transect.09,NA,plant,submerged,EUPR7,Eurhynchium praelongum (Hedw.) Schimp.,NA,NA,NA,Bryopsida,Hypnales,Brachytheciaceae,Eurhynchium,NA,praelongum,NA,NA,NA,species,NA,NA
D17,TECR,2021,7,TECR.AOS.aquatic.plant.transect.09,NA,plant,submerged,FONE3,Fontinalis neomexicana Sull. & Lesq.,NA,NA,NA,Bryopsida,Isobryales,Fontinalaceae,Fontinalis,NA,neomexicana,NA,NA,NA,species,NA,NA
D17,TECR,2021,7,TECR.AOS.aquatic.plant.transect.09,NA,plant,submerged,FONE3,Fontinalis neomexicana Sull. & Lesq.,NA,NA,NA,Bryopsida,Isobryales,Fontinalaceae,Fontinalis,NA,neomexicana,NA,NA,NA,species,NA,NA
D17,TECR,2021,7,TECR.AOS.aquatic.plant.transect.09,NA,plant,submerged,EUPR7,Eurhynchium praelongum (Hedw.) Schimp.,NA,NA,NA,Bryopsida,Hypnales,Brachytheciaceae,Eurhynchium,NA,praelongum,NA,NA,NA,species,NA,NA
D17,TECR,2021,7,TECR.AOS.aquatic.plant.transect.09,NA,plant,submerged,FONE3,Fontinalis neomexicana Sull. & Lesq.,NA,NA,NA,Bryopsida,Isobryales,Fontinalaceae,Fontinalis,NA,neomexicana,NA,NA,NA,species,NA,NA
D17,TECR,2021,7,TECR.AOS.aquatic.plant.transect.09,NA,plant,submerged,SCUN6,Scapania undulata (L.) Dumort.,NA,NA,NA,Hepaticopsida,Jungermanniales,Scapaniaceae,Scapania,NA,undulata,NA,NA,NA,species,NA,NA
D17,TECR,2021,7,TECR.AOS.aquatic.plant.transect.09,NA,plant,submerged,FONE3,Fontinalis neomexicana Sull. & Lesq.,NA,NA,NA,Bryopsida,Isobryales,Fontinalaceae,Fontinalis,NA,neomexicana,NA,NA,NA,species,NA,NA
D17,TECR,2021,7,TECR.AOS.aquatic.plant.transect.09,NA,plant,submerged,FONE3,Fontinalis neomexicana Sull. & Lesq.,NA,NA,NA,Bryopsida,Isobryales,Fontinalaceae,Fontinalis,NA,neomexicana,NA,NA,NA,species,NA,NA
D17,TECR,2021,7,TECR.AOS.aquatic.plant.transect.09,NA,plant,submerged,FONE3,Fontinalis neomexicana Sull. & Lesq.,NA,NA,NA,Bryopsida,Isobryales,Fontinalaceae,Fontinalis,NA,neomexicana,NA,NA,NA,species,NA,NA
D17,TECR,2021,7,TECR.AOS.aquatic.plant.transect.09,NA,plant,submerged,FONE3,Fontinalis neomexicana Sull. & Lesq.,NA,NA,NA,Bryopsida,Isobryales,Fontinalaceae,Fontinalis,NA,neomexicana,NA,NA,NA,species,NA,NA
D17,TECR,2021,7,TECR.AOS.aquatic.plant.transect.09,NA,plant,submerged,FONE3,Fontinalis neomexicana Sull. & Lesq.,NA,NA,NA,Bryopsida,Isobryales,Fontinalaceae,Fontinalis,NA,neomexicana,NA,NA,NA,species,NA,NA
D17,TECR,2021,7,TECR.AOS.aquatic.plant.transect.09,NA,plant,submerged,FONE3,Fontinalis neomexicana Sull. & Lesq.,NA,NA,NA,Bryopsida,Isobryales,Fontinalaceae,Fontinalis,NA,neomexicana,NA,NA,NA,species,NA,NA
D17,TECR,2021,7,TECR.AOS.aquatic.plant.transect.09,NA,plant,submerged,SCUN6,Scapania undulata (L.) Dumort.,NA,NA,NA,Hepaticopsida,Jungermanniales,Scapaniaceae,Scapania,NA,undulata,NA,NA,NA,species,NA,NA
D17,TECR,2021,7,TECR.AOS.aquatic.plant.transect.10,NA,plant,submerged,SCLER11,Scleropodium sp.,NA,NA,NA,Bryopsida,Hypnales,Brachytheciaceae,Scleropodium,NA,sp.,NA,NA,NA,genus,NA,NA
D17,TECR,2022,7,TECR.AOS.aquatic.plant.transect.01,Sample condition ok,plant,submerged,SCUN6,Scapania undulata (L.) Dumort.,NA,NA,NA,Hepaticopsida,Jungermanniales,Scapaniaceae,Scapania,NA,undulata,NA,NA,NA,species,NA,NA
D17,TECR,2022,7,TECR.AOS.aquatic.plant.transect.01,Sample condition ok,plant,submerged,FONE3,Fontinalis neomexicana Sull. & Lesq.,NA,NA,NA,Bryopsida,Isobryales,Fontinalaceae,Fontinalis,NA,neomexicana,NA,NA,NA,species,NA,NA
D17,TECR,2022,7,TECR.AOS.aquatic.plant.transect.01,Sample condition ok,plant,submerged,FONE3,Fontinalis neomexicana Sull. & Lesq.,NA,NA,NA,Bryopsida,Isobryales,Fontinalaceae,Fontinalis,NA,neomexicana,NA,NA,NA,species,NA,NA
D17,TECR,2022,7,TECR.AOS.aquatic.plant.transect.01,Sample condition ok,plant,submerged,SCUN6,Scapania undulata (L.) Dumort.,NA,NA,NA,Hepaticopsida,Jungermanniales,Scapaniaceae,Scapania,NA,undulata,NA,NA,NA,species,NA,NA
D17,TECR,2022,7,TECR.AOS.aquatic.plant.transect.01,Sample condition ok,plant,submerged,FONE3,Fontinalis neomexicana Sull. & Lesq.,NA,NA,NA,Bryopsida,Isobryales,Fontinalaceae,Fontinalis,NA,neomexicana,NA,NA,NA,species,NA,NA
D17,TECR,2022,7,TECR.AOS.aquatic.plant.transect.01,Sample condition ok,plant,emergent,SCUN6,Scapania undulata (L.) Dumort.,NA,NA,NA,Hepaticopsida,Jungermanniales,Scapaniaceae,Scapania,NA,undulata,NA,NA,NA,species,NA,NA
D17,TECR,2022,7,TECR.AOS.aquatic.plant.transect.02,Sample condition ok,plant,submerged,FONE3,Fontinalis neomexicana Sull. & Lesq.,NA,NA,NA,Bryopsida,Isobryales,Fontinalaceae,Fontinalis,NA,neomexicana,NA,NA,NA,species,NA,NA
D17,TECR,2022,7,TECR.AOS.aquatic.plant.transect.02,Sample condition ok,plant,submerged,SCUN6,Scapania undulata (L.) Dumort.,NA,NA,NA,Hepaticopsida,Jungermanniales,Scapaniaceae,Scapania,NA,undulata,NA,NA,NA,species,NA,NA
D17,TECR,2022,7,TECR.AOS.aquatic.plant.transect.02,Sample condition ok,plant,submerged,FONE3,Fontinalis neomexicana Sull. & Lesq.,NA,NA,NA,Bryopsida,Isobryales,Fontinalaceae,Fontinalis,NA,neomexicana,NA,NA,NA,species,NA,NA
D17,TECR,2022,7,TECR.AOS.aquatic.plant.transect.02,Sample condition ok,plant,submerged,FONE3,Fontinalis neomexicana Sull. & Lesq.,NA,NA,NA,Bryopsida,Isobryales,Fontinalaceae,Fontinalis,NA,neomexicana,NA,NA,NA,species,NA,NA
D17,TECR,2022,7,TECR.AOS.aquatic.plant.transect.02,Sample condition ok,plant,submerged,SCUN6,Scapania undulata (L.) Dumort.,NA,NA,NA,Hepaticopsida,Jungermanniales,Scapaniaceae,Scapania,NA,undulata,NA,NA,NA,species,NA,NA
D17,TECR,2022,7,TECR.AOS.aquatic.plant.transect.02,Sample condition ok,plant,emergent,SCUN6,Scapania undulata (L.) Dumort.,NA,NA,NA,Hepaticopsida,Jungermanniales,Scapaniaceae,Scapania,NA,undulata,NA,NA,NA,species,NA,NA
D17,TECR,2022,7,TECR.AOS.aquatic.plant.transect.02,Sample condition ok,plant,submerged,SCUN6,Scapania undulata (L.) Dumort.,NA,NA,NA,Hepaticopsida,Jungermanniales,Scapaniaceae,Scapania,NA,undulata,NA,NA,NA,species,NA,NA
D17,TECR,2022,7,TECR.AOS.aquatic.plant.transect.03,Sample condition ok,plant,submerged,FONE3,Fontinalis neomexicana Sull. & Lesq.,NA,NA,NA,Bryopsida,Isobryales,Fontinalaceae,Fontinalis,NA,neomexicana,NA,NA,NA,species,NA,NA
D17,TECR,2022,7,TECR.AOS.aquatic.plant.transect.03,Sample condition ok,plant,submerged,FONE3,Fontinalis neomexicana Sull. & Lesq.,NA,NA,NA,Bryopsida,Isobryales,Fontinalaceae,Fontinalis,NA,neomexicana,NA,NA,NA,species,NA,NA
D17,TECR,2022,7,TECR.AOS.aquatic.plant.transect.03,Sample condition ok,plant,submerged,FONE3,Fontinalis neomexicana Sull. & Lesq.,NA,NA,NA,Bryopsida,Isobryales,Fontinalaceae,Fontinalis,NA,neomexicana,NA,NA,NA,species,NA,NA
D17,TECR,2022,7,TECR.AOS.aquatic.plant.transect.03,Sample condition ok,plant,submerged,FONE3,Fontinalis neomexicana Sull. & Lesq.,NA,NA,NA,Bryopsida,Isobryales,Fontinalaceae,Fontinalis,NA,neomexicana,NA,NA,NA,species,NA,NA
D17,TECR,2022,7,TECR.AOS.aquatic.plant.transect.03,Sample condition ok,plant,submerged,FONE3,Fontinalis neomexicana Sull. & Lesq.,NA,NA,NA,Bryopsida,Isobryales,Fontinalaceae,Fontinalis,NA,neomexicana,NA,NA,NA,species,NA,NA
D17,TECR,2022,7,TECR.AOS.aquatic.plant.transect.03,Sample condition ok,plant,submerged,FONE3,Fontinalis neomexicana Sull. & Lesq.,NA,NA,NA,Bryopsida,Isobryales,Fontinalaceae,Fontinalis,NA,neomexicana,NA,NA,NA,species,NA,NA
D17,TECR,2022,7,TECR.AOS.aquatic.plant.transect.03,Sample condition ok,plant,submerged,FONE3,Fontinalis neomexicana Sull. & Lesq.,NA,NA,NA,Bryopsida,Isobryales,Fontinalaceae,Fontinalis,NA,neomexicana,NA,NA,NA,species,NA,NA
D17,TECR,2022,7,TECR.AOS.aquatic.plant.transect.03,Sample condition ok,plant,submerged,FONE3,Fontinalis neomexicana Sull. & Lesq.,NA,NA,NA,Bryopsida,Isobryales,Fontinalaceae,Fontinalis,NA,neomexicana,NA,NA,NA,species,NA,NA
D17,TECR,2022,7,TECR.AOS.aquatic.plant.transect.03,Sample condition ok,plant,submerged,FONE3,Fontinalis neomexicana Sull. & Lesq.,NA,NA,NA,Bryopsida,Isobryales,Fontinalaceae,Fontinalis,NA,neomexicana,NA,NA,NA,species,NA,NA
D17,TECR,2022,7,TECR.AOS.aquatic.plant.transect.03,Sample condition ok,plant,submerged,FONE3,Fontinalis neomexicana Sull. & Lesq.,NA,NA,NA,Bryopsida,Isobryales,Fontinalaceae,Fontinalis,NA,neomexicana,NA,NA,NA,species,NA,NA
D17,TECR,2022,7,TECR.AOS.aquatic.plant.transect.03,Sample condition ok,plant,submerged,FONE3,Fontinalis neomexicana Sull. & Lesq.,NA,NA,NA,Bryopsida,Isobryales,Fontinalaceae,Fontinalis,NA,neomexicana,NA,NA,NA,species,NA,NA
D17,TECR,2022,7,TECR.AOS.aquatic.plant.transect.03,Sample condition ok,plant,submerged,FONE3,Fontinalis neomexicana Sull. & Lesq.,NA,NA,NA,Bryopsida,Isobryales,Fontinalaceae,Fontinalis,NA,neomexicana,NA,NA,NA,species,NA,NA
D17,TECR,2022,7,TECR.AOS.aquatic.plant.transect.03,Sample condition ok,plant,submerged,FONE3,Fontinalis neomexicana Sull. & Lesq.,NA,NA,NA,Bryopsida,Isobryales,Fontinalaceae,Fontinalis,NA,neomexicana,NA,NA,NA,species,NA,NA
D17,TECR,2022,7,TECR.AOS.aquatic.plant.transect.04,Sample condition ok,plant,submerged,FONE3,Fontinalis neomexicana Sull. & Lesq.,NA,NA,NA,Bryopsida,Isobryales,Fontinalaceae,Fontinalis,NA,neomexicana,NA,NA,NA,species,NA,NA
D17,TECR,2022,7,TECR.AOS.aquatic.plant.transect.04,Sample condition ok,plant,submerged,CHPO14,Chiloscyphus polyanthos (L.) Corda,NA,NA,NA,Hepaticopsida,Jungermanniales,Geocalycaceae,Chiloscyphus,NA,polyanthos,NA,NA,NA,species,2022-07-21T18:03:00Z,NA
D17,TECR,2022,7,TECR.AOS.aquatic.plant.transect.04,Sample condition ok,plant,submerged,FONE3,Fontinalis neomexicana Sull. & Lesq.,NA,NA,NA,Bryopsida,Isobryales,Fontinalaceae,Fontinalis,NA,neomexicana,NA,NA,NA,species,NA,NA
D17,TECR,2022,7,TECR.AOS.aquatic.plant.transect.04,Sample condition ok,plant,submerged,FONE3,Fontinalis neomexicana Sull. & Lesq.,NA,NA,NA,Bryopsida,Isobryales,Fontinalaceae,Fontinalis,NA,neomexicana,NA,NA,NA,species,NA,NA
D17,TECR,2022,7,TECR.AOS.aquatic.plant.transect.04,Sample condition ok,plant,submerged,FONE3,Fontinalis neomexicana Sull. & Lesq.,NA,NA,NA,Bryopsida,Isobryales,Fontinalaceae,Fontinalis,NA,neomexicana,NA,NA,NA,species,NA,NA
D17,TECR,2022,7,TECR.AOS.aquatic.plant.transect.04,Sample condition ok,plant,submerged,FONE3,Fontinalis neomexicana Sull. & Lesq.,NA,NA,NA,Bryopsida,Isobryales,Fontinalaceae,Fontinalis,NA,neomexicana,NA,NA,NA,species,NA,NA
D17,TECR,2022,7,TECR.AOS.aquatic.plant.transect.05,Sample condition ok,plant,emergent,SCUN6,Scapania undulata (L.) Dumort.,NA,NA,NA,Hepaticopsida,Jungermanniales,Scapaniaceae,Scapania,NA,undulata,NA,NA,NA,species,NA,NA
D17,TECR,2022,7,TECR.AOS.aquatic.plant.transect.05,Sample condition ok,plant,submerged,FONE3,Fontinalis neomexicana Sull. & Lesq.,NA,NA,NA,Bryopsida,Isobryales,Fontinalaceae,Fontinalis,NA,neomexicana,NA,NA,NA,species,NA,NA
D17,TECR,2022,7,TECR.AOS.aquatic.plant.transect.05,Sample condition ok,plant,submerged,SCUN6,Scapania undulata (L.) Dumort.,NA,NA,NA,Hepaticopsida,Jungermanniales,Scapaniaceae,Scapania,NA,undulata,NA,NA,NA,species,NA,NA
D17,TECR,2022,7,TECR.AOS.aquatic.plant.transect.05,Sample condition ok,plant,submerged,CHPO14,Chiloscyphus polyanthos (L.) Corda,NA,NA,NA,Hepaticopsida,Jungermanniales,Geocalycaceae,Chiloscyphus,NA,polyanthos,NA,NA,NA,species,2022-07-21T18:28:00Z,NA
D17,TECR,2022,7,TECR.AOS.aquatic.plant.transect.05,Sample condition ok,plant,submerged,FONE3,Fontinalis neomexicana Sull. & Lesq.,NA,NA,NA,Bryopsida,Isobryales,Fontinalaceae,Fontinalis,NA,neomexicana,NA,NA,NA,species,NA,NA
D17,TECR,2022,7,TECR.AOS.aquatic.plant.transect.05,Sample condition ok,plant,emergent,CHPO14,Chiloscyphus polyanthos (L.) Corda,NA,NA,NA,Hepaticopsida,Jungermanniales,Geocalycaceae,Chiloscyphus,NA,polyanthos,NA,NA,NA,species,2022-07-21T18:28:00Z,NA
D17,TECR,2022,7,TECR.AOS.aquatic.plant.transect.05,Sample condition ok,plant,submerged,CHPO14,Chiloscyphus polyanthos (L.) Corda,NA,NA,NA,Hepaticopsida,Jungermanniales,Geocalycaceae,Chiloscyphus,NA,polyanthos,NA,NA,NA,species,2022-07-21T18:28:00Z,NA
D17,TECR,2022,7,TECR.AOS.aquatic.plant.transect.06,Sample condition ok,plant,submerged,FONE3,Fontinalis neomexicana Sull. & Lesq.,NA,NA,NA,Bryopsida,Isobryales,Fontinalaceae,Fontinalis,NA,neomexicana,NA,NA,NA,species,NA,NA
D17,TECR,2022,7,TECR.AOS.aquatic.plant.transect.06,Sample condition ok,plant,submerged,FONE3,Fontinalis neomexicana Sull. & Lesq.,NA,NA,NA,Bryopsida,Isobryales,Fontinalaceae,Fontinalis,NA,neomexicana,NA,NA,NA,species,NA,NA
D17,TECR,2022,7,TECR.AOS.aquatic.plant.transect.06,Sample condition ok,plant,submerged,FONE3,Fontinalis neomexicana Sull. & Lesq.,NA,NA,NA,Bryopsida,Isobryales,Fontinalaceae,Fontinalis,NA,neomexicana,NA,NA,NA,species,NA,NA
D17,TECR,2022,7,TECR.AOS.aquatic.plant.transect.06,Sample condition ok,plant,submerged,SCUN6,Scapania undulata (L.) Dumort.,NA,NA,NA,Hepaticopsida,Jungermanniales,Scapaniaceae,Scapania,NA,undulata,NA,NA,NA,species,NA,NA
D17,TECR,2022,7,TECR.AOS.aquatic.plant.transect.06,Sample condition ok,plant,submerged,FONE3,Fontinalis neomexicana Sull. & Lesq.,NA,NA,NA,Bryopsida,Isobryales,Fontinalaceae,Fontinalis,NA,neomexicana,NA,NA,NA,species,NA,NA
D17,TECR,2022,7,TECR.AOS.aquatic.plant.transect.06,Sample condition ok,plant,submerged,FONE3,Fontinalis neomexicana Sull. & Lesq.,NA,NA,NA,Bryopsida,Isobryales,Fontinalaceae,Fontinalis,NA,neomexicana,NA,NA,NA,species,NA,NA
D17,TECR,2022,7,TECR.AOS.aquatic.plant.transect.06,Sample condition ok,plant,submerged,FONE3,Fontinalis neomexicana Sull. & Lesq.,NA,NA,NA,Bryopsida,Isobryales,Fontinalaceae,Fontinalis,NA,neomexicana,NA,NA,NA,species,NA,NA
D17,TECR,2022,7,TECR.AOS.aquatic.plant.transect.06,Sample condition ok,plant,submerged,FONE3,Fontinalis neomexicana Sull. & Lesq.,NA,NA,NA,Bryopsida,Isobryales,Fontinalaceae,Fontinalis,NA,neomexicana,NA,NA,NA,species,NA,NA
D17,TECR,2022,7,TECR.AOS.aquatic.plant.transect.06,Sample condition ok,plant,submerged,FONE3,Fontinalis neomexicana Sull. & Lesq.,NA,NA,NA,Bryopsida,Isobryales,Fontinalaceae,Fontinalis,NA,neomexicana,NA,NA,NA,species,NA,NA
D17,TECR,2022,7,TECR.AOS.aquatic.plant.transect.06,Sample condition ok,plant,submerged,FONE3,Fontinalis neomexicana Sull. & Lesq.,NA,NA,NA,Bryopsida,Isobryales,Fontinalaceae,Fontinalis,NA,neomexicana,NA,NA,NA,species,NA,NA
D17,TECR,2022,7,TECR.AOS.aquatic.plant.transect.06,Sample condition ok,plant,submerged,FONE3,Fontinalis neomexicana Sull. & Lesq.,NA,NA,NA,Bryopsida,Isobryales,Fontinalaceae,Fontinalis,NA,neomexicana,NA,NA,NA,species,NA,NA
D17,TECR,2022,7,TECR.AOS.aquatic.plant.transect.06,Sample condition ok,plant,submerged,FONE3,Fontinalis neomexicana Sull. & Lesq.,NA,NA,NA,Bryopsida,Isobryales,Fontinalaceae,Fontinalis,NA,neomexicana,NA,NA,NA,species,NA,NA
D17,TECR,2022,7,TECR.AOS.aquatic.plant.transect.06,Sample condition ok,plant,submerged,SCUN6,Scapania undulata (L.) Dumort.,NA,NA,NA,Hepaticopsida,Jungermanniales,Scapaniaceae,Scapania,NA,undulata,NA,NA,NA,species,NA,NA
D17,TECR,2022,7,TECR.AOS.aquatic.plant.transect.06,Sample condition ok,plant,submerged,SCUN6,Scapania undulata (L.) Dumort.,NA,NA,NA,Hepaticopsida,Jungermanniales,Scapaniaceae,Scapania,NA,undulata,NA,NA,NA,species,NA,NA
D17,TECR,2022,7,TECR.AOS.aquatic.plant.transect.06,Sample condition ok,plant,submerged,FONE3,Fontinalis neomexicana Sull. & Lesq.,NA,NA,NA,Bryopsida,Isobryales,Fontinalaceae,Fontinalis,NA,neomexicana,NA,NA,NA,species,NA,NA
D17,TECR,2022,7,TECR.AOS.aquatic.plant.transect.06,Sample condition ok,plant,submerged,FONE3,Fontinalis neomexicana Sull. & Lesq.,NA,NA,NA,Bryopsida,Isobryales,Fontinalaceae,Fontinalis,NA,neomexicana,NA,NA,NA,species,NA,NA
D17,TECR,2022,7,TECR.AOS.aquatic.plant.transect.06,Sample condition ok,plant,submerged,FONE3,Fontinalis neomexicana Sull. & Lesq.,NA,NA,NA,Bryopsida,Isobryales,Fontinalaceae,Fontinalis,NA,neomexicana,NA,NA,NA,species,NA,NA
D17,TECR,2022,7,TECR.AOS.aquatic.plant.transect.06,Sample condition ok,plant,submerged,SCUN6,Scapania undulata (L.) Dumort.,NA,NA,NA,Hepaticopsida,Jungermanniales,Scapaniaceae,Scapania,NA,undulata,NA,NA,NA,species,NA,NA
D17,TECR,2022,7,TECR.AOS.aquatic.plant.transect.06,Sample condition ok,plant,submerged,FONE3,Fontinalis neomexicana Sull. & Lesq.,NA,NA,NA,Bryopsida,Isobryales,Fontinalaceae,Fontinalis,NA,neomexicana,NA,NA,NA,species,NA,NA
D17,TECR,2022,7,TECR.AOS.aquatic.plant.transect.07,Sample condition ok,plant,emergent,CHPO14,Chiloscyphus polyanthos (L.) Corda,NA,NA,NA,Hepaticopsida,Jungermanniales,Geocalycaceae,Chiloscyphus,NA,polyanthos,NA,NA,NA,species,2022-07-21T19:39:00Z,NA
D17,TECR,2022,7,TECR.AOS.aquatic.plant.transect.07,Sample condition ok,plant,submerged,SCUN6,Scapania undulata (L.) Dumort.,NA,NA,NA,Hepaticopsida,Jungermanniales,Scapaniaceae,Scapania,NA,undulata,NA,NA,NA,species,NA,NA
D17,TECR,2022,7,TECR.AOS.aquatic.plant.transect.07,Sample condition ok,plant,submerged,CHPO14,Chiloscyphus polyanthos (L.) Corda,NA,NA,NA,Hepaticopsida,Jungermanniales,Geocalycaceae,Chiloscyphus,NA,polyanthos,NA,NA,NA,species,2022-07-21T19:39:00Z,NA
D17,TECR,2022,7,TECR.AOS.aquatic.plant.transect.08,Sample condition ok,plant,submerged,FONE3,Fontinalis neomexicana Sull. & Lesq.,NA,NA,NA,Bryopsida,Isobryales,Fontinalaceae,Fontinalis,NA,neomexicana,NA,NA,NA,species,NA,NA
D17,TECR,2022,7,TECR.AOS.aquatic.plant.transect.08,Sample condition ok,plant,submerged,FONE3,Fontinalis neomexicana Sull. & Lesq.,NA,NA,NA,Bryopsida,Isobryales,Fontinalaceae,Fontinalis,NA,neomexicana,NA,NA,NA,species,NA,NA
D17,TECR,2022,7,TECR.AOS.aquatic.plant.transect.08,Sample condition ok,plant,submerged,FONE3,Fontinalis neomexicana Sull. & Lesq.,NA,NA,NA,Bryopsida,Isobryales,Fontinalaceae,Fontinalis,NA,neomexicana,NA,NA,NA,species,NA,NA
D17,TECR,2022,7,TECR.AOS.aquatic.plant.transect.09,Sample condition ok,plant,submerged,FONE3,Fontinalis neomexicana Sull. & Lesq.,NA,NA,NA,Bryopsida,Isobryales,Fontinalaceae,Fontinalis,NA,neomexicana,NA,NA,NA,species,NA,NA
D17,TECR,2022,7,TECR.AOS.aquatic.plant.transect.09,Sample condition ok,plant,submerged,FONE3,Fontinalis neomexicana Sull. & Lesq.,NA,NA,NA,Bryopsida,Isobryales,Fontinalaceae,Fontinalis,NA,neomexicana,NA,NA,NA,species,NA,NA
D17,TECR,2022,7,TECR.AOS.aquatic.plant.transect.09,Sample condition ok,plant,submerged,FONE3,Fontinalis neomexicana Sull. & Lesq.,NA,NA,NA,Bryopsida,Isobryales,Fontinalaceae,Fontinalis,NA,neomexicana,NA,NA,NA,species,NA,NA
D17,TECR,2021,9,TECR.AOS.aquatic.plant.transect.01,NA,plant,submerged,FONE3,Fontinalis neomexicana Sull. & Lesq.,NA,NA,NA,Bryopsida,Isobryales,Fontinalaceae,Fontinalis,NA,neomexicana,NA,NA,NA,species,NA,NA
D17,TECR,2021,9,TECR.AOS.aquatic.plant.transect.01,NA,plant,submerged,FONE3,Fontinalis neomexicana Sull. & Lesq.,NA,NA,NA,Bryopsida,Isobryales,Fontinalaceae,Fontinalis,NA,neomexicana,NA,NA,NA,species,NA,NA
D17,TECR,2021,9,TECR.AOS.aquatic.plant.transect.01,NA,plant,submerged,FONE3,Fontinalis neomexicana Sull. & Lesq.,NA,NA,NA,Bryopsida,Isobryales,Fontinalaceae,Fontinalis,NA,neomexicana,NA,NA,NA,species,NA,NA
D17,TECR,2021,9,TECR.AOS.aquatic.plant.transect.01,NA,plant,submerged,CHPO14,Chiloscyphus polyanthos (L.) Corda,NA,NA,NA,Hepaticopsida,Jungermanniales,Geocalycaceae,Chiloscyphus,NA,polyanthos,NA,NA,NA,species,2021-09-14T17:25:00Z,NA
D17,TECR,2021,9,TECR.AOS.aquatic.plant.transect.02,NA,plant,submerged,CHPO14,Chiloscyphus polyanthos (L.) Corda,NA,NA,NA,Hepaticopsida,Jungermanniales,Geocalycaceae,Chiloscyphus,NA,polyanthos,NA,NA,NA,species,2021-09-14T17:39:00Z,NA
D17,TECR,2021,9,TECR.AOS.aquatic.plant.transect.02,NA,plant,submerged,CHPO14,Chiloscyphus polyanthos (L.) Corda,NA,NA,NA,Hepaticopsida,Jungermanniales,Geocalycaceae,Chiloscyphus,NA,polyanthos,NA,NA,NA,species,2021-09-14T17:39:00Z,NA
D17,TECR,2021,9,TECR.AOS.aquatic.plant.transect.03,NA,plant,submerged,FONE3,Fontinalis neomexicana Sull. & Lesq.,NA,NA,NA,Bryopsida,Isobryales,Fontinalaceae,Fontinalis,NA,neomexicana,NA,NA,NA,species,NA,NA
D17,TECR,2021,9,TECR.AOS.aquatic.plant.transect.03,NA,plant,submerged,FONE3,Fontinalis neomexicana Sull. & Lesq.,NA,NA,NA,Bryopsida,Isobryales,Fontinalaceae,Fontinalis,NA,neomexicana,NA,NA,NA,species,NA,NA
D17,TECR,2021,9,TECR.AOS.aquatic.plant.transect.03,NA,plant,submerged,FONE3,Fontinalis neomexicana Sull. & Lesq.,NA,NA,NA,Bryopsida,Isobryales,Fontinalaceae,Fontinalis,NA,neomexicana,NA,NA,NA,species,NA,NA
D17,TECR,2021,9,TECR.AOS.aquatic.plant.transect.03,NA,plant,submerged,FONE3,Fontinalis neomexicana Sull. & Lesq.,NA,NA,NA,Bryopsida,Isobryales,Fontinalaceae,Fontinalis,NA,neomexicana,NA,NA,NA,species,NA,NA
D17,TECR,2021,9,TECR.AOS.aquatic.plant.transect.03,NA,plant,submerged,FONE3,Fontinalis neomexicana Sull. & Lesq.,NA,NA,NA,Bryopsida,Isobryales,Fontinalaceae,Fontinalis,NA,neomexicana,NA,NA,NA,species,NA,NA
D17,TECR,2021,9,TECR.AOS.aquatic.plant.transect.03,NA,plant,submerged,FONE3,Fontinalis neomexicana Sull. & Lesq.,NA,NA,NA,Bryopsida,Isobryales,Fontinalaceae,Fontinalis,NA,neomexicana,NA,NA,NA,species,NA,NA
D17,TECR,2021,9,TECR.AOS.aquatic.plant.transect.03,NA,plant,submerged,FONE3,Fontinalis neomexicana Sull. & Lesq.,NA,NA,NA,Bryopsida,Isobryales,Fontinalaceae,Fontinalis,NA,neomexicana,NA,NA,NA,species,NA,NA
D17,TECR,2021,9,TECR.AOS.aquatic.plant.transect.03,NA,plant,submerged,FONE3,Fontinalis neomexicana Sull. & Lesq.,NA,NA,NA,Bryopsida,Isobryales,Fontinalaceae,Fontinalis,NA,neomexicana,NA,NA,NA,species,NA,NA
D17,TECR,2021,9,TECR.AOS.aquatic.plant.transect.03,NA,plant,submerged,FONE3,Fontinalis neomexicana Sull. & Lesq.,NA,NA,NA,Bryopsida,Isobryales,Fontinalaceae,Fontinalis,NA,neomexicana,NA,NA,NA,species,NA,NA
D17,TECR,2021,9,TECR.AOS.aquatic.plant.transect.03,NA,plant,submerged,FONE3,Fontinalis neomexicana Sull. & Lesq.,NA,NA,NA,Bryopsida,Isobryales,Fontinalaceae,Fontinalis,NA,neomexicana,NA,NA,NA,species,NA,NA
D17,TECR,2021,9,TECR.AOS.aquatic.plant.transect.03,NA,plant,submerged,FONE3,Fontinalis neomexicana Sull. & Lesq.,NA,NA,NA,Bryopsida,Isobryales,Fontinalaceae,Fontinalis,NA,neomexicana,NA,NA,NA,species,NA,NA
D17,TECR,2021,9,TECR.AOS.aquatic.plant.transect.03,NA,plant,submerged,FONE3,Fontinalis neomexicana Sull. & Lesq.,NA,NA,NA,Bryopsida,Isobryales,Fontinalaceae,Fontinalis,NA,neomexicana,NA,NA,NA,species,NA,NA
D17,TECR,2021,9,TECR.AOS.aquatic.plant.transect.03,NA,plant,submerged,FONE3,Fontinalis neomexicana Sull. & Lesq.,NA,NA,NA,Bryopsida,Isobryales,Fontinalaceae,Fontinalis,NA,neomexicana,NA,NA,NA,species,NA,NA
D17,TECR,2021,9,TECR.AOS.aquatic.plant.transect.03,NA,plant,submerged,FONE3,Fontinalis neomexicana Sull. & Lesq.,NA,NA,NA,Bryopsida,Isobryales,Fontinalaceae,Fontinalis,NA,neomexicana,NA,NA,NA,species,NA,NA
D17,TECR,2021,9,TECR.AOS.aquatic.plant.transect.03,NA,plant,submerged,FONE3,Fontinalis neomexicana Sull. & Lesq.,NA,NA,NA,Bryopsida,Isobryales,Fontinalaceae,Fontinalis,NA,neomexicana,NA,NA,NA,species,NA,NA
D17,TECR,2021,9,TECR.AOS.aquatic.plant.transect.04,NA,plant,submerged,CHPO14,Chiloscyphus polyanthos (L.) Corda,NA,NA,NA,Hepaticopsida,Jungermanniales,Geocalycaceae,Chiloscyphus,NA,polyanthos,NA,NA,NA,species,2021-09-14T18:17:00Z,NA
D17,TECR,2021,9,TECR.AOS.aquatic.plant.transect.04,NA,plant,submerged,FONE3,Fontinalis neomexicana Sull. & Lesq.,NA,NA,NA,Bryopsida,Isobryales,Fontinalaceae,Fontinalis,NA,neomexicana,NA,NA,NA,species,NA,NA
D17,TECR,2021,9,TECR.AOS.aquatic.plant.transect.04,NA,plant,submerged,2PLANT,Unknown plant,BlackLung,NA,NA,NA,NA,NA,NA,NA,NA,NA,NA,NA,kingdom,NA,NA
D17,TECR,2021,9,TECR.AOS.aquatic.plant.transect.04,NA,plant,submerged,FONE3,Fontinalis neomexicana Sull. & Lesq.,NA,NA,NA,Bryopsida,Isobryales,Fontinalaceae,Fontinalis,NA,neomexicana,NA,NA,NA,species,NA,NA
D17,TECR,2021,9,TECR.AOS.aquatic.plant.transect.04,NA,plant,submerged,SCUN6,Scapania undulata (L.) Dumort.,NA,NA,NA,Hepaticopsida,Jungermanniales,Scapaniaceae,Scapania,NA,undulata,NA,NA,NA,species,NA,NA
D17,TECR,2021,9,TECR.AOS.aquatic.plant.transect.04,NA,plant,submerged,SCUN6,Scapania undulata (L.) Dumort.,NA,NA,NA,Hepaticopsida,Jungermanniales,Scapaniaceae,Scapania,NA,undulata,NA,NA,NA,species,NA,NA
D17,TECR,2021,9,TECR.AOS.aquatic.plant.transect.05,NA,plant,submerged,CHPO14,Chiloscyphus polyanthos (L.) Corda,NA,NA,NA,Hepaticopsida,Jungermanniales,Geocalycaceae,Chiloscyphus,NA,polyanthos,NA,NA,NA,species,2021-09-14T18:34:00Z,NA
D17,TECR,2021,9,TECR.AOS.aquatic.plant.transect.05,NA,plant,submerged,SCUN6,Scapania undulata (L.) Dumort.,NA,NA,NA,Hepaticopsida,Jungermanniales,Scapaniaceae,Scapania,NA,undulata,NA,NA,NA,species,NA,NA
D17,TECR,2021,9,TECR.AOS.aquatic.plant.transect.05,NA,plant,submerged,FONE3,Fontinalis neomexicana Sull. & Lesq.,NA,NA,NA,Bryopsida,Isobryales,Fontinalaceae,Fontinalis,NA,neomexicana,NA,NA,NA,species,NA,NA
D17,TECR,2021,9,TECR.AOS.aquatic.plant.transect.05,NA,plant,submerged,CHPO14,Chiloscyphus polyanthos (L.) Corda,NA,NA,NA,Hepaticopsida,Jungermanniales,Geocalycaceae,Chiloscyphus,NA,polyanthos,NA,NA,NA,species,2021-09-14T18:34:00Z,NA
D17,TECR,2021,9,TECR.AOS.aquatic.plant.transect.06,NA,plant,submerged,CHPO14,Chiloscyphus polyanthos (L.) Corda,NA,NA,NA,Hepaticopsida,Jungermanniales,Geocalycaceae,Chiloscyphus,NA,polyanthos,NA,NA,NA,species,2021-09-14T18:47:00Z,NA
D17,TECR,2021,9,TECR.AOS.aquatic.plant.transect.06,NA,plant,submerged,SCUN6,Scapania undulata (L.) Dumort.,NA,NA,NA,Hepaticopsida,Jungermanniales,Scapaniaceae,Scapania,NA,undulata,NA,NA,NA,species,NA,NA
D17,TECR,2021,9,TECR.AOS.aquatic.plant.transect.06,NA,plant,submerged,CHPO14,Chiloscyphus polyanthos (L.) Corda,NA,NA,NA,Hepaticopsida,Jungermanniales,Geocalycaceae,Chiloscyphus,NA,polyanthos,NA,NA,NA,species,2021-09-14T18:47:00Z,NA
D17,TECR,2021,9,TECR.AOS.aquatic.plant.transect.06,NA,plant,submerged,FONE3,Fontinalis neomexicana Sull. & Lesq.,NA,NA,NA,Bryopsida,Isobryales,Fontinalaceae,Fontinalis,NA,neomexicana,NA,NA,NA,species,NA,NA
D17,TECR,2021,9,TECR.AOS.aquatic.plant.transect.06,NA,plant,submerged,SCUN6,Scapania undulata (L.) Dumort.,NA,NA,NA,Hepaticopsida,Jungermanniales,Scapaniaceae,Scapania,NA,undulata,NA,NA,NA,species,NA,NA
D17,TECR,2021,9,TECR.AOS.aquatic.plant.transect.06,NA,plant,submerged,SCUN6,Scapania undulata (L.) Dumort.,NA,NA,NA,Hepaticopsida,Jungermanniales,Scapaniaceae,Scapania,NA,undulata,NA,NA,NA,species,NA,NA
D17,TECR,2021,9,TECR.AOS.aquatic.plant.transect.06,NA,plant,submerged,FONE3,Fontinalis neomexicana Sull. & Lesq.,NA,NA,NA,Bryopsida,Isobryales,Fontinalaceae,Fontinalis,NA,neomexicana,NA,NA,NA,species,NA,NA
D17,TECR,2021,9,TECR.AOS.aquatic.plant.transect.06,NA,plant,submerged,SCUN6,Scapania undulata (L.) Dumort.,NA,NA,NA,Hepaticopsida,Jungermanniales,Scapaniaceae,Scapania,NA,undulata,NA,NA,NA,species,NA,NA
D17,TECR,2021,9,TECR.AOS.aquatic.plant.transect.06,NA,plant,submerged,SCUN6,Scapania undulata (L.) Dumort.,NA,NA,NA,Hepaticopsida,Jungermanniales,Scapaniaceae,Scapania,NA,undulata,NA,NA,NA,species,NA,NA
D17,TECR,2021,9,TECR.AOS.aquatic.plant.transect.06,NA,plant,submerged,FONE3,Fontinalis neomexicana Sull. & Lesq.,NA,NA,NA,Bryopsida,Isobryales,Fontinalaceae,Fontinalis,NA,neomexicana,NA,NA,NA,species,NA,NA
D17,TECR,2021,9,TECR.AOS.aquatic.plant.transect.06,NA,plant,submerged,2PLANT,Unknown plant,BlackLung,NA,NA,NA,NA,NA,NA,NA,NA,NA,NA,NA,kingdom,NA,NA
D17,TECR,2021,9,TECR.AOS.aquatic.plant.transect.06,NA,plant,submerged,FONE3,Fontinalis neomexicana Sull. & Lesq.,NA,NA,NA,Bryopsida,Isobryales,Fontinalaceae,Fontinalis,NA,neomexicana,NA,NA,NA,species,NA,NA
D17,TECR,2021,9,TECR.AOS.aquatic.plant.transect.06,NA,plant,submerged,FONE3,Fontinalis neomexicana Sull. & Lesq.,NA,NA,NA,Bryopsida,Isobryales,Fontinalaceae,Fontinalis,NA,neomexicana,NA,NA,NA,species,NA,NA
D17,TECR,2021,9,TECR.AOS.aquatic.plant.transect.06,NA,plant,submerged,FONE3,Fontinalis neomexicana Sull. & Lesq.,NA,NA,NA,Bryopsida,Isobryales,Fontinalaceae,Fontinalis,NA,neomexicana,NA,NA,NA,species,NA,NA
D17,TECR,2021,9,TECR.AOS.aquatic.plant.transect.06,NA,plant,submerged,FONE3,Fontinalis neomexicana Sull. & Lesq.,NA,NA,NA,Bryopsida,Isobryales,Fontinalaceae,Fontinalis,NA,neomexicana,NA,NA,NA,species,NA,NA
D17,TECR,2021,9,TECR.AOS.aquatic.plant.transect.06,NA,plant,submerged,FONE3,Fontinalis neomexicana Sull. & Lesq.,NA,NA,NA,Bryopsida,Isobryales,Fontinalaceae,Fontinalis,NA,neomexicana,NA,NA,NA,species,NA,NA
D17,TECR,2021,9,TECR.AOS.aquatic.plant.transect.06,NA,plant,submerged,SCUN6,Scapania undulata (L.) Dumort.,NA,NA,NA,Hepaticopsida,Jungermanniales,Scapaniaceae,Scapania,NA,undulata,NA,NA,NA,species,NA,NA
D17,TECR,2021,9,TECR.AOS.aquatic.plant.transect.06,NA,plant,submerged,SCUN6,Scapania undulata (L.) Dumort.,NA,NA,NA,Hepaticopsida,Jungermanniales,Scapaniaceae,Scapania,NA,undulata,NA,NA,NA,species,NA,NA
D17,TECR,2021,9,TECR.AOS.aquatic.plant.transect.06,NA,plant,submerged,SCUN6,Scapania undulata (L.) Dumort.,NA,NA,NA,Hepaticopsida,Jungermanniales,Scapaniaceae,Scapania,NA,undulata,NA,NA,NA,species,NA,NA
D17,TECR,2021,9,TECR.AOS.aquatic.plant.transect.06,NA,plant,submerged,FONE3,Fontinalis neomexicana Sull. & Lesq.,NA,NA,NA,Bryopsida,Isobryales,Fontinalaceae,Fontinalis,NA,neomexicana,NA,NA,NA,species,NA,NA
D17,TECR,2021,9,TECR.AOS.aquatic.plant.transect.06,NA,plant,submerged,SCUN6,Scapania undulata (L.) Dumort.,NA,NA,NA,Hepaticopsida,Jungermanniales,Scapaniaceae,Scapania,NA,undulata,NA,NA,NA,species,NA,NA
D17,TECR,2021,9,TECR.AOS.aquatic.plant.transect.06,NA,plant,submerged,FONE3,Fontinalis neomexicana Sull. & Lesq.,NA,NA,NA,Bryopsida,Isobryales,Fontinalaceae,Fontinalis,NA,neomexicana,NA,NA,NA,species,NA,NA
D17,TECR,2021,9,TECR.AOS.aquatic.plant.transect.06,NA,plant,submerged,2PLANT,Unknown plant,BlackLung,NA,NA,NA,NA,NA,NA,NA,NA,NA,NA,NA,kingdom,NA,NA
D17,TECR,2021,9,TECR.AOS.aquatic.plant.transect.07,NA,plant,submerged,SCUN6,Scapania undulata (L.) Dumort.,NA,NA,NA,Hepaticopsida,Jungermanniales,Scapaniaceae,Scapania,NA,undulata,NA,NA,NA,species,NA,NA
D17,TECR,2021,9,TECR.AOS.aquatic.plant.transect.07,NA,plant,submerged,SCUN6,Scapania undulata (L.) Dumort.,NA,NA,NA,Hepaticopsida,Jungermanniales,Scapaniaceae,Scapania,NA,undulata,NA,NA,NA,species,NA,NA
D17,TECR,2021,9,TECR.AOS.aquatic.plant.transect.07,NA,plant,submerged,2PLANT,Unknown plant,BlackLung,NA,NA,NA,NA,NA,NA,NA,NA,NA,NA,NA,kingdom,NA,NA
D17,TECR,2021,9,TECR.AOS.aquatic.plant.transect.07,NA,plant,submerged,SCUN6,Scapania undulata (L.) Dumort.,NA,NA,NA,Hepaticopsida,Jungermanniales,Scapaniaceae,Scapania,NA,undulata,NA,NA,NA,species,NA,NA
D17,TECR,2021,9,TECR.AOS.aquatic.plant.transect.08,NA,plant,submerged,FONE3,Fontinalis neomexicana Sull. & Lesq.,NA,NA,NA,Bryopsida,Isobryales,Fontinalaceae,Fontinalis,NA,neomexicana,NA,NA,NA,species,NA,NA
D17,TECR,2021,9,TECR.AOS.aquatic.plant.transect.09,NA,plant,submerged,CHPO14,Chiloscyphus polyanthos (L.) Corda,NA,NA,NA,Hepaticopsida,Jungermanniales,Geocalycaceae,Chiloscyphus,NA,polyanthos,NA,NA,NA,species,2021-09-14T19:27:00Z,NA
D17,TECR,2021,9,TECR.AOS.aquatic.plant.transect.09,NA,plant,submerged,FONE3,Fontinalis neomexicana Sull. & Lesq.,NA,NA,NA,Bryopsida,Isobryales,Fontinalaceae,Fontinalis,NA,neomexicana,NA,NA,NA,species,NA,NA
D17,TECR,2021,9,TECR.AOS.aquatic.plant.transect.09,NA,plant,submerged,FONE3,Fontinalis neomexicana Sull. & Lesq.,NA,NA,NA,Bryopsida,Isobryales,Fontinalaceae,Fontinalis,NA,neomexicana,NA,NA,NA,species,NA,NA
D17,TECR,2021,9,TECR.AOS.aquatic.plant.transect.09,NA,plant,submerged,FONE3,Fontinalis neomexicana Sull. & Lesq.,NA,NA,NA,Bryopsida,Isobryales,Fontinalaceae,Fontinalis,NA,neomexicana,NA,NA,NA,species,NA,NA
D17,TECR,2021,9,TECR.AOS.aquatic.plant.transect.09,NA,plant,submerged,FONE3,Fontinalis neomexicana Sull. & Lesq.,NA,NA,NA,Bryopsida,Isobryales,Fontinalaceae,Fontinalis,NA,neomexicana,NA,NA,NA,species,NA,NA
D17,TECR,2021,9,TECR.AOS.aquatic.plant.transect.09,NA,plant,submerged,FONE3,Fontinalis neomexicana Sull. & Lesq.,NA,NA,NA,Bryopsida,Isobryales,Fontinalaceae,Fontinalis,NA,neomexicana,NA,NA,NA,species,NA,NA
D17,TECR,2021,9,TECR.AOS.aquatic.plant.transect.09,NA,plant,submerged,FONE3,Fontinalis neomexicana Sull. & Lesq.,NA,NA,NA,Bryopsida,Isobryales,Fontinalaceae,Fontinalis,NA,neomexicana,NA,NA,NA,species,NA,NA
D17,TECR,2021,9,TECR.AOS.aquatic.plant.transect.09,NA,plant,submerged,FONE3,Fontinalis neomexicana Sull. & Lesq.,NA,NA,NA,Bryopsida,Isobryales,Fontinalaceae,Fontinalis,NA,neomexicana,NA,NA,NA,species,NA,NA
D17,TECR,2021,9,TECR.AOS.aquatic.plant.transect.09,NA,plant,submerged,FONE3,Fontinalis neomexicana Sull. & Lesq.,NA,NA,NA,Bryopsida,Isobryales,Fontinalaceae,Fontinalis,NA,neomexicana,NA,NA,NA,species,NA,NA
D17,TECR,2021,9,TECR.AOS.aquatic.plant.transect.09,NA,plant,submerged,EUPR7,Eurhynchium praelongum (Hedw.) Schimp.,NA,NA,NA,Bryopsida,Hypnales,Brachytheciaceae,Eurhynchium,NA,praelongum,NA,NA,NA,species,NA,NA
D17,TECR,2021,9,TECR.AOS.aquatic.plant.transect.10,NA,plant,submerged,SCUN6,Scapania undulata (L.) Dumort.,NA,NA,NA,Hepaticopsida,Jungermanniales,Scapaniaceae,Scapania,NA,undulata,NA,NA,NA,species,NA,NA
D17,TECR,2022,5,TECR.AOS.aquatic.plant.transect.01,Sample condition ok,plant,submerged,FONE3,Fontinalis neomexicana Sull. & Lesq.,NA,NA,NA,Bryopsida,Isobryales,Fontinalaceae,Fontinalis,NA,neomexicana,NA,NA,NA,species,NA,NA
D17,TECR,2022,5,TECR.AOS.aquatic.plant.transect.01,Sample condition ok,plant,submerged,FONE3,Fontinalis neomexicana Sull. & Lesq.,NA,NA,NA,Bryopsida,Isobryales,Fontinalaceae,Fontinalis,NA,neomexicana,NA,NA,NA,species,NA,NA
D17,TECR,2022,5,TECR.AOS.aquatic.plant.transect.01,Sample condition ok,plant,submerged,FONE3,Fontinalis neomexicana Sull. & Lesq.,NA,NA,NA,Bryopsida,Isobryales,Fontinalaceae,Fontinalis,NA,neomexicana,NA,NA,NA,species,NA,NA
D17,TECR,2022,5,TECR.AOS.aquatic.plant.transect.01,Sample condition ok,plant,submerged,SCUN6,Scapania undulata (L.) Dumort.,NA,NA,NA,Hepaticopsida,Jungermanniales,Scapaniaceae,Scapania,NA,undulata,NA,NA,NA,species,NA,NA
D17,TECR,2022,5,TECR.AOS.aquatic.plant.transect.01,Sample condition ok,plant,submerged,FONE3,Fontinalis neomexicana Sull. & Lesq.,NA,NA,NA,Bryopsida,Isobryales,Fontinalaceae,Fontinalis,NA,neomexicana,NA,NA,NA,species,NA,NA
D17,TECR,2022,5,TECR.AOS.aquatic.plant.transect.01,Sample condition ok,plant,submerged,FONE3,Fontinalis neomexicana Sull. & Lesq.,NA,NA,NA,Bryopsida,Isobryales,Fontinalaceae,Fontinalis,NA,neomexicana,NA,NA,NA,species,NA,NA
D17,TECR,2022,5,TECR.AOS.aquatic.plant.transect.01,Sample condition ok,plant,submerged,FONE3,Fontinalis neomexicana Sull. & Lesq.,NA,NA,NA,Bryopsida,Isobryales,Fontinalaceae,Fontinalis,NA,neomexicana,NA,NA,NA,species,NA,NA
D17,TECR,2022,5,TECR.AOS.aquatic.plant.transect.01,Sample condition ok,plant,submerged,SCUN6,Scapania undulata (L.) Dumort.,NA,NA,NA,Hepaticopsida,Jungermanniales,Scapaniaceae,Scapania,NA,undulata,NA,NA,NA,species,NA,NA
D17,TECR,2022,5,TECR.AOS.aquatic.plant.transect.01,Sample condition ok,plant,submerged,FONE3,Fontinalis neomexicana Sull. & Lesq.,NA,NA,NA,Bryopsida,Isobryales,Fontinalaceae,Fontinalis,NA,neomexicana,NA,NA,NA,species,NA,NA
D17,TECR,2022,5,TECR.AOS.aquatic.plant.transect.01,Sample condition ok,plant,submerged,SCUN6,Scapania undulata (L.) Dumort.,NA,NA,NA,Hepaticopsida,Jungermanniales,Scapaniaceae,Scapania,NA,undulata,NA,NA,NA,species,NA,NA
D17,TECR,2022,5,TECR.AOS.aquatic.plant.transect.02,Sample condition ok,plant,submerged,FONE3,Fontinalis neomexicana Sull. & Lesq.,NA,NA,NA,Bryopsida,Isobryales,Fontinalaceae,Fontinalis,NA,neomexicana,NA,NA,NA,species,NA,NA
D17,TECR,2022,5,TECR.AOS.aquatic.plant.transect.02,Sample condition ok,plant,submerged,SCUN6,Scapania undulata (L.) Dumort.,NA,NA,NA,Hepaticopsida,Jungermanniales,Scapaniaceae,Scapania,NA,undulata,NA,NA,NA,species,NA,NA
D17,TECR,2022,5,TECR.AOS.aquatic.plant.transect.02,Sample condition ok,plant,emergent,SCUN6,Scapania undulata (L.) Dumort.,NA,NA,NA,Hepaticopsida,Jungermanniales,Scapaniaceae,Scapania,NA,undulata,NA,NA,NA,species,NA,NA
D17,TECR,2022,5,TECR.AOS.aquatic.plant.transect.02,Sample condition ok,plant,submerged,SCUN6,Scapania undulata (L.) Dumort.,NA,NA,NA,Hepaticopsida,Jungermanniales,Scapaniaceae,Scapania,NA,undulata,NA,NA,NA,species,NA,NA
D17,TECR,2022,5,TECR.AOS.aquatic.plant.transect.02,Sample condition ok,plant,emergent,SCUN6,Scapania undulata (L.) Dumort.,NA,NA,NA,Hepaticopsida,Jungermanniales,Scapaniaceae,Scapania,NA,undulata,NA,NA,NA,species,NA,NA
D17,TECR,2022,5,TECR.AOS.aquatic.plant.transect.02,Sample condition ok,plant,submerged,SCUN6,Scapania undulata (L.) Dumort.,NA,NA,NA,Hepaticopsida,Jungermanniales,Scapaniaceae,Scapania,NA,undulata,NA,NA,NA,species,NA,NA
D17,TECR,2022,5,TECR.AOS.aquatic.plant.transect.02,Sample condition ok,plant,emergent,SCLER12,Sclerophora sp.,NA,NA,NA,Ascomycetes,Caliciales,Coniocybaceae,Sclerophora,NA,sp.,NA,NA,NA,genus,NA,NA
D17,TECR,2022,5,TECR.AOS.aquatic.plant.transect.02,Sample condition ok,plant,emergent,SCUN6,Scapania undulata (L.) Dumort.,NA,NA,NA,Hepaticopsida,Jungermanniales,Scapaniaceae,Scapania,NA,undulata,NA,NA,NA,species,NA,NA
D17,TECR,2022,5,TECR.AOS.aquatic.plant.transect.02,Sample condition ok,plant,submerged,FONE3,Fontinalis neomexicana Sull. & Lesq.,NA,NA,NA,Bryopsida,Isobryales,Fontinalaceae,Fontinalis,NA,neomexicana,NA,NA,NA,species,NA,NA
D17,TECR,2022,5,TECR.AOS.aquatic.plant.transect.02,Sample condition ok,plant,submerged,SCUN6,Scapania undulata (L.) Dumort.,NA,NA,NA,Hepaticopsida,Jungermanniales,Scapaniaceae,Scapania,NA,undulata,NA,NA,NA,species,NA,NA
D17,TECR,2022,5,TECR.AOS.aquatic.plant.transect.02,Sample condition ok,plant,emergent,SCLER11,Scleropodium sp.,NA,NA,NA,Bryopsida,Hypnales,Brachytheciaceae,Scleropodium,NA,sp.,NA,NA,NA,genus,NA,NA
D17,TECR,2022,5,TECR.AOS.aquatic.plant.transect.03,Sample condition ok,plant,submerged,FONE3,Fontinalis neomexicana Sull. & Lesq.,NA,NA,NA,Bryopsida,Isobryales,Fontinalaceae,Fontinalis,NA,neomexicana,NA,NA,NA,species,NA,NA
D17,TECR,2022,5,TECR.AOS.aquatic.plant.transect.03,Sample condition ok,plant,submerged,SCUN6,Scapania undulata (L.) Dumort.,NA,NA,NA,Hepaticopsida,Jungermanniales,Scapaniaceae,Scapania,NA,undulata,NA,NA,NA,species,NA,NA
D17,TECR,2022,5,TECR.AOS.aquatic.plant.transect.03,Sample condition ok,plant,submerged,FONE3,Fontinalis neomexicana Sull. & Lesq.,NA,NA,NA,Bryopsida,Isobryales,Fontinalaceae,Fontinalis,NA,neomexicana,NA,NA,NA,species,NA,NA
D17,TECR,2022,5,TECR.AOS.aquatic.plant.transect.03,Sample condition ok,plant,submerged,FONE3,Fontinalis neomexicana Sull. & Lesq.,NA,NA,NA,Bryopsida,Isobryales,Fontinalaceae,Fontinalis,NA,neomexicana,NA,NA,NA,species,NA,NA
D17,TECR,2022,5,TECR.AOS.aquatic.plant.transect.03,Sample condition ok,plant,submerged,FONE3,Fontinalis neomexicana Sull. & Lesq.,NA,NA,NA,Bryopsida,Isobryales,Fontinalaceae,Fontinalis,NA,neomexicana,NA,NA,NA,species,NA,NA
D17,TECR,2022,5,TECR.AOS.aquatic.plant.transect.03,Sample condition ok,plant,submerged,FONE3,Fontinalis neomexicana Sull. & Lesq.,NA,NA,NA,Bryopsida,Isobryales,Fontinalaceae,Fontinalis,NA,neomexicana,NA,NA,NA,species,NA,NA
D17,TECR,2022,5,TECR.AOS.aquatic.plant.transect.03,Sample condition ok,plant,submerged,FONE3,Fontinalis neomexicana Sull. & Lesq.,NA,NA,NA,Bryopsida,Isobryales,Fontinalaceae,Fontinalis,NA,neomexicana,NA,NA,NA,species,NA,NA
D17,TECR,2022,5,TECR.AOS.aquatic.plant.transect.03,Sample condition ok,plant,submerged,FONE3,Fontinalis neomexicana Sull. & Lesq.,NA,NA,NA,Bryopsida,Isobryales,Fontinalaceae,Fontinalis,NA,neomexicana,NA,NA,NA,species,NA,NA
D17,TECR,2022,5,TECR.AOS.aquatic.plant.transect.03,Sample condition ok,plant,submerged,FONE3,Fontinalis neomexicana Sull. & Lesq.,NA,NA,NA,Bryopsida,Isobryales,Fontinalaceae,Fontinalis,NA,neomexicana,NA,NA,NA,species,NA,NA
D17,TECR,2022,5,TECR.AOS.aquatic.plant.transect.03,Sample condition ok,plant,submerged,FONE3,Fontinalis neomexicana Sull. & Lesq.,NA,NA,NA,Bryopsida,Isobryales,Fontinalaceae,Fontinalis,NA,neomexicana,NA,NA,NA,species,NA,NA
D17,TECR,2022,5,TECR.AOS.aquatic.plant.transect.03,Sample condition ok,plant,submerged,FONE3,Fontinalis neomexicana Sull. & Lesq.,NA,NA,NA,Bryopsida,Isobryales,Fontinalaceae,Fontinalis,NA,neomexicana,NA,NA,NA,species,NA,NA
D17,TECR,2022,5,TECR.AOS.aquatic.plant.transect.03,Sample condition ok,plant,emergent,SCLER11,Scleropodium sp.,NA,NA,NA,Bryopsida,Hypnales,Brachytheciaceae,Scleropodium,NA,sp.,NA,NA,NA,genus,NA,NA
D17,TECR,2022,5,TECR.AOS.aquatic.plant.transect.04,Sample condition ok,plant,emergent,SCUN6,Scapania undulata (L.) Dumort.,NA,NA,NA,Hepaticopsida,Jungermanniales,Scapaniaceae,Scapania,NA,undulata,NA,NA,NA,species,NA,NA
D17,TECR,2022,5,TECR.AOS.aquatic.plant.transect.04,Sample condition ok,plant,submerged,FONE3,Fontinalis neomexicana Sull. & Lesq.,NA,NA,NA,Bryopsida,Isobryales,Fontinalaceae,Fontinalis,NA,neomexicana,NA,NA,NA,species,NA,NA
D17,TECR,2022,5,TECR.AOS.aquatic.plant.transect.04,Sample condition ok,plant,submerged,SCUN6,Scapania undulata (L.) Dumort.,NA,NA,NA,Hepaticopsida,Jungermanniales,Scapaniaceae,Scapania,NA,undulata,NA,NA,NA,species,NA,NA
D17,TECR,2022,5,TECR.AOS.aquatic.plant.transect.04,Sample condition ok,plant,submerged,SCUN6,Scapania undulata (L.) Dumort.,NA,NA,NA,Hepaticopsida,Jungermanniales,Scapaniaceae,Scapania,NA,undulata,NA,NA,NA,species,NA,NA
D17,TECR,2022,5,TECR.AOS.aquatic.plant.transect.04,Sample condition ok,plant,submerged,FONE3,Fontinalis neomexicana Sull. & Lesq.,NA,NA,NA,Bryopsida,Isobryales,Fontinalaceae,Fontinalis,NA,neomexicana,NA,NA,NA,species,NA,NA
D17,TECR,2022,5,TECR.AOS.aquatic.plant.transect.04,Sample condition ok,plant,submerged,SCUN6,Scapania undulata (L.) Dumort.,NA,NA,NA,Hepaticopsida,Jungermanniales,Scapaniaceae,Scapania,NA,undulata,NA,NA,NA,species,NA,NA
D17,TECR,2022,5,TECR.AOS.aquatic.plant.transect.04,Sample condition ok,plant,submerged,FONE3,Fontinalis neomexicana Sull. & Lesq.,NA,NA,NA,Bryopsida,Isobryales,Fontinalaceae,Fontinalis,NA,neomexicana,NA,NA,NA,species,NA,NA
D17,TECR,2022,5,TECR.AOS.aquatic.plant.transect.04,Sample condition ok,plant,submerged,FONE3,Fontinalis neomexicana Sull. & Lesq.,NA,NA,NA,Bryopsida,Isobryales,Fontinalaceae,Fontinalis,NA,neomexicana,NA,NA,NA,species,NA,NA
D17,TECR,2022,5,TECR.AOS.aquatic.plant.transect.04,Sample condition ok,plant,submerged,SCUN6,Scapania undulata (L.) Dumort.,NA,NA,NA,Hepaticopsida,Jungermanniales,Scapaniaceae,Scapania,NA,undulata,NA,NA,NA,species,NA,NA
D17,TECR,2022,5,TECR.AOS.aquatic.plant.transect.04,Sample condition ok,plant,submerged,FONE3,Fontinalis neomexicana Sull. & Lesq.,NA,NA,NA,Bryopsida,Isobryales,Fontinalaceae,Fontinalis,NA,neomexicana,NA,NA,NA,species,NA,NA
D17,TECR,2022,5,TECR.AOS.aquatic.plant.transect.04,Sample condition ok,plant,submerged,SCUN6,Scapania undulata (L.) Dumort.,NA,NA,NA,Hepaticopsida,Jungermanniales,Scapaniaceae,Scapania,NA,undulata,NA,NA,NA,species,NA,NA
D17,TECR,2022,5,TECR.AOS.aquatic.plant.transect.04,Sample condition ok,plant,submerged,SCUN6,Scapania undulata (L.) Dumort.,NA,NA,NA,Hepaticopsida,Jungermanniales,Scapaniaceae,Scapania,NA,undulata,NA,NA,NA,species,NA,NA
D17,TECR,2022,5,TECR.AOS.aquatic.plant.transect.04,Sample condition ok,plant,emergent,SCUN6,Scapania undulata (L.) Dumort.,NA,NA,NA,Hepaticopsida,Jungermanniales,Scapaniaceae,Scapania,NA,undulata,NA,NA,NA,species,NA,NA
D17,TECR,2022,5,TECR.AOS.aquatic.plant.transect.04,Sample condition ok,plant,submerged,FONE3,Fontinalis neomexicana Sull. & Lesq.,NA,NA,NA,Bryopsida,Isobryales,Fontinalaceae,Fontinalis,NA,neomexicana,NA,NA,NA,species,NA,NA
D17,TECR,2022,5,TECR.AOS.aquatic.plant.transect.04,Sample condition ok,plant,submerged,SCUN6,Scapania undulata (L.) Dumort.,NA,NA,NA,Hepaticopsida,Jungermanniales,Scapaniaceae,Scapania,NA,undulata,NA,NA,NA,species,NA,NA
D17,TECR,2022,5,TECR.AOS.aquatic.plant.transect.04,Sample condition ok,plant,submerged,SCUN6,Scapania undulata (L.) Dumort.,NA,NA,NA,Hepaticopsida,Jungermanniales,Scapaniaceae,Scapania,NA,undulata,NA,NA,NA,species,NA,NA
D17,TECR,2022,5,TECR.AOS.aquatic.plant.transect.05,Sample condition ok,plant,emergent,SCLER11,Scleropodium sp.,NA,NA,NA,Bryopsida,Hypnales,Brachytheciaceae,Scleropodium,NA,sp.,NA,NA,NA,genus,NA,NA
D17,TECR,2022,5,TECR.AOS.aquatic.plant.transect.05,Sample condition ok,plant,submerged,SCLER11,Scleropodium sp.,NA,NA,NA,Bryopsida,Hypnales,Brachytheciaceae,Scleropodium,NA,sp.,NA,NA,NA,genus,NA,NA
D17,TECR,2022,5,TECR.AOS.aquatic.plant.transect.05,Sample condition ok,plant,submerged,SCUN6,Scapania undulata (L.) Dumort.,NA,NA,NA,Hepaticopsida,Jungermanniales,Scapaniaceae,Scapania,NA,undulata,NA,NA,NA,species,NA,NA
D17,TECR,2022,5,TECR.AOS.aquatic.plant.transect.05,Sample condition ok,plant,submerged,FONE3,Fontinalis neomexicana Sull. & Lesq.,NA,NA,NA,Bryopsida,Isobryales,Fontinalaceae,Fontinalis,NA,neomexicana,NA,NA,NA,species,NA,NA
D17,TECR,2022,5,TECR.AOS.aquatic.plant.transect.06,Sample condition ok,plant,submerged,FONE3,Fontinalis neomexicana Sull. & Lesq.,NA,NA,NA,Bryopsida,Isobryales,Fontinalaceae,Fontinalis,NA,neomexicana,NA,NA,NA,species,NA,NA
D17,TECR,2022,5,TECR.AOS.aquatic.plant.transect.06,Sample condition ok,plant,submerged,FONE3,Fontinalis neomexicana Sull. & Lesq.,NA,NA,NA,Bryopsida,Isobryales,Fontinalaceae,Fontinalis,NA,neomexicana,NA,NA,NA,species,NA,NA
D17,TECR,2022,5,TECR.AOS.aquatic.plant.transect.06,Sample condition ok,plant,submerged,PELTI2,Peltigera sp.,NA,NA,NA,Ascomycetes,Peltigerales,Peltigeraceae,Peltigera,NA,sp.,NA,NA,NA,genus,NA,NA
D17,TECR,2022,5,TECR.AOS.aquatic.plant.transect.06,Sample condition ok,plant,submerged,FONE3,Fontinalis neomexicana Sull. & Lesq.,NA,NA,NA,Bryopsida,Isobryales,Fontinalaceae,Fontinalis,NA,neomexicana,NA,NA,NA,species,NA,NA
D17,TECR,2022,5,TECR.AOS.aquatic.plant.transect.06,Sample condition ok,plant,submerged,FONE3,Fontinalis neomexicana Sull. & Lesq.,NA,NA,NA,Bryopsida,Isobryales,Fontinalaceae,Fontinalis,NA,neomexicana,NA,NA,NA,species,NA,NA
D17,TECR,2022,5,TECR.AOS.aquatic.plant.transect.06,Sample condition ok,plant,submerged,FONE3,Fontinalis neomexicana Sull. & Lesq.,NA,NA,NA,Bryopsida,Isobryales,Fontinalaceae,Fontinalis,NA,neomexicana,NA,NA,NA,species,NA,NA
D17,TECR,2022,5,TECR.AOS.aquatic.plant.transect.06,Sample condition ok,plant,submerged,SCUN6,Scapania undulata (L.) Dumort.,NA,NA,NA,Hepaticopsida,Jungermanniales,Scapaniaceae,Scapania,NA,undulata,NA,NA,NA,species,NA,NA
D17,TECR,2022,5,TECR.AOS.aquatic.plant.transect.06,Sample condition ok,plant,submerged,SCUN6,Scapania undulata (L.) Dumort.,NA,NA,NA,Hepaticopsida,Jungermanniales,Scapaniaceae,Scapania,NA,undulata,NA,NA,NA,species,NA,NA
D17,TECR,2022,5,TECR.AOS.aquatic.plant.transect.06,Sample condition ok,plant,submerged,FONE3,Fontinalis neomexicana Sull. & Lesq.,NA,NA,NA,Bryopsida,Isobryales,Fontinalaceae,Fontinalis,NA,neomexicana,NA,NA,NA,species,NA,NA
D17,TECR,2022,5,TECR.AOS.aquatic.plant.transect.06,Sample condition ok,plant,submerged,FONE3,Fontinalis neomexicana Sull. & Lesq.,NA,NA,NA,Bryopsida,Isobryales,Fontinalaceae,Fontinalis,NA,neomexicana,NA,NA,NA,species,NA,NA
D17,TECR,2022,5,TECR.AOS.aquatic.plant.transect.06,Sample condition ok,plant,submerged,SCUN6,Scapania undulata (L.) Dumort.,NA,NA,NA,Hepaticopsida,Jungermanniales,Scapaniaceae,Scapania,NA,undulata,NA,NA,NA,species,NA,NA
D17,TECR,2022,5,TECR.AOS.aquatic.plant.transect.06,Sample condition ok,plant,submerged,FONE3,Fontinalis neomexicana Sull. & Lesq.,NA,NA,NA,Bryopsida,Isobryales,Fontinalaceae,Fontinalis,NA,neomexicana,NA,NA,NA,species,NA,NA
D17,TECR,2022,5,TECR.AOS.aquatic.plant.transect.06,Sample condition ok,plant,submerged,SCUN6,Scapania undulata (L.) Dumort.,NA,NA,NA,Hepaticopsida,Jungermanniales,Scapaniaceae,Scapania,NA,undulata,NA,NA,NA,species,NA,NA
D17,TECR,2022,5,TECR.AOS.aquatic.plant.transect.06,Sample condition ok,plant,submerged,FONE3,Fontinalis neomexicana Sull. & Lesq.,NA,NA,NA,Bryopsida,Isobryales,Fontinalaceae,Fontinalis,NA,neomexicana,NA,NA,NA,species,NA,NA
D17,TECR,2022,5,TECR.AOS.aquatic.plant.transect.06,Sample condition ok,plant,submerged,FONE3,Fontinalis neomexicana Sull. & Lesq.,NA,NA,NA,Bryopsida,Isobryales,Fontinalaceae,Fontinalis,NA,neomexicana,NA,NA,NA,species,NA,NA
D17,TECR,2022,5,TECR.AOS.aquatic.plant.transect.07,Sample condition ok,plant,submerged,SCUN6,Scapania undulata (L.) Dumort.,NA,NA,NA,Hepaticopsida,Jungermanniales,Scapaniaceae,Scapania,NA,undulata,NA,NA,NA,species,NA,NA
D17,TECR,2022,5,TECR.AOS.aquatic.plant.transect.07,Sample condition ok,plant,submerged,SCUN6,Scapania undulata (L.) Dumort.,NA,NA,NA,Hepaticopsida,Jungermanniales,Scapaniaceae,Scapania,NA,undulata,NA,NA,NA,species,NA,NA
D17,TECR,2022,5,TECR.AOS.aquatic.plant.transect.07,Sample condition ok,plant,submerged,SCUN6,Scapania undulata (L.) Dumort.,NA,NA,NA,Hepaticopsida,Jungermanniales,Scapaniaceae,Scapania,NA,undulata,NA,NA,NA,species,NA,NA
D17,TECR,2022,5,TECR.AOS.aquatic.plant.transect.07,Sample condition ok,plant,submerged,SCUN6,Scapania undulata (L.) Dumort.,NA,NA,NA,Hepaticopsida,Jungermanniales,Scapaniaceae,Scapania,NA,undulata,NA,NA,NA,species,NA,NA
D17,TECR,2022,5,TECR.AOS.aquatic.plant.transect.07,Sample condition ok,plant,submerged,SCUN6,Scapania undulata (L.) Dumort.,NA,NA,NA,Hepaticopsida,Jungermanniales,Scapaniaceae,Scapania,NA,undulata,NA,NA,NA,species,NA,NA
D17,TECR,2022,5,TECR.AOS.aquatic.plant.transect.09,Sample condition ok,plant,submerged,SCUN6,Scapania undulata (L.) Dumort.,NA,NA,NA,Hepaticopsida,Jungermanniales,Scapaniaceae,Scapania,NA,undulata,NA,NA,NA,species,NA,NA
D17,TECR,2022,5,TECR.AOS.aquatic.plant.transect.09,Sample condition ok,plant,submerged,FONE3,Fontinalis neomexicana Sull. & Lesq.,NA,NA,NA,Bryopsida,Isobryales,Fontinalaceae,Fontinalis,NA,neomexicana,NA,NA,NA,species,NA,NA
D17,TECR,2022,5,TECR.AOS.aquatic.plant.transect.09,Sample condition ok,plant,submerged,SCUN6,Scapania undulata (L.) Dumort.,NA,NA,NA,Hepaticopsida,Jungermanniales,Scapaniaceae,Scapania,NA,undulata,NA,NA,NA,species,NA,NA
D17,TECR,2022,5,TECR.AOS.aquatic.plant.transect.09,Sample condition ok,plant,submerged,FONE3,Fontinalis neomexicana Sull. & Lesq.,NA,NA,NA,Bryopsida,Isobryales,Fontinalaceae,Fontinalis,NA,neomexicana,NA,NA,NA,species,NA,NA
D17,TECR,2022,5,TECR.AOS.aquatic.plant.transect.09,Sample condition ok,plant,submerged,FONE3,Fontinalis neomexicana Sull. & Lesq.,NA,NA,NA,Bryopsida,Isobryales,Fontinalaceae,Fontinalis,NA,neomexicana,NA,NA,NA,species,NA,NA
D17,TECR,2022,5,TECR.AOS.aquatic.plant.transect.09,Sample condition ok,plant,submerged,FONE3,Fontinalis neomexicana Sull. & Lesq.,NA,NA,NA,Bryopsida,Isobryales,Fontinalaceae,Fontinalis,NA,neomexicana,NA,NA,NA,species,NA,NA
D17,TECR,2022,5,TECR.AOS.aquatic.plant.transect.09,Sample condition ok,plant,submerged,FONE3,Fontinalis neomexicana Sull. & Lesq.,NA,NA,NA,Bryopsida,Isobryales,Fontinalaceae,Fontinalis,NA,neomexicana,NA,NA,NA,species,NA,NA
D17,TECR,2022,5,TECR.AOS.aquatic.plant.transect.09,Sample condition ok,plant,submerged,FONE3,Fontinalis neomexicana Sull. & Lesq.,NA,NA,NA,Bryopsida,Isobryales,Fontinalaceae,Fontinalis,NA,neomexicana,NA,NA,NA,species,NA,NA
D17,TECR,2022,5,TECR.AOS.aquatic.plant.transect.10,Sample condition ok,plant,submerged,SCUN6,Scapania undulata (L.) Dumort.,NA,NA,NA,Hepaticopsida,Jungermanniales,Scapaniaceae,Scapania,NA,undulata,NA,NA,NA,species,NA,NA
D17,TECR,2022,5,TECR.AOS.aquatic.plant.transect.10,Sample condition ok,plant,submerged,SCUN6,Scapania undulata (L.) Dumort.,NA,NA,NA,Hepaticopsida,Jungermanniales,Scapaniaceae,Scapania,NA,undulata,NA,NA,NA,species,NA,NA
D17,TECR,2022,5,TECR.AOS.aquatic.plant.transect.10,Sample condition ok,plant,submerged,SCUN6,Scapania undulata (L.) Dumort.,NA,NA,NA,Hepaticopsida,Jungermanniales,Scapaniaceae,Scapania,NA,undulata,NA,NA,NA,species,NA,NA
D17,TECR,2022,5,TECR.AOS.aquatic.plant.transect.10,Sample condition ok,plant,submerged,FONE3,Fontinalis neomexicana Sull. & Lesq.,NA,NA,NA,Bryopsida,Isobryales,Fontinalaceae,Fontinalis,NA,neomexicana,NA,NA,NA,species,NA,NA
D17,TECR,2022,5,TECR.AOS.aquatic.plant.transect.10,Sample condition ok,plant,submerged,SCUN6,Scapania undulata (L.) Dumort.,NA,NA,NA,Hepaticopsida,Jungermanniales,Scapaniaceae,Scapania,NA,undulata,NA,NA,NA,species,NA,NA
D17,TECR,2022,5,TECR.AOS.aquatic.plant.transect.10,Sample condition ok,plant,submerged,SCUN6,Scapania undulata (L.) Dumort.,NA,NA,NA,Hepaticopsida,Jungermanniales,Scapaniaceae,Scapania,NA,undulata,NA,NA,NA,species,NA,NA
D17,TECR,2022,5,TECR.AOS.aquatic.plant.transect.10,Sample condition ok,plant,submerged,FONE3,Fontinalis neomexicana Sull. & Lesq.,NA,NA,NA,Bryopsida,Isobryales,Fontinalaceae,Fontinalis,NA,neomexicana,NA,NA,NA,species,NA,NA
D17,TECR,2022,9,TECR.AOS.aquatic.plant.transect.01,Sample condition ok,plant,submerged,FONE3,Fontinalis neomexicana Sull. & Lesq.,NA,NA,NA,Bryopsida,Isobryales,Fontinalaceae,Fontinalis,NA,neomexicana,NA,NA,NA,species,NA,NA
D17,TECR,2022,9,TECR.AOS.aquatic.plant.transect.01,Sample condition ok,plant,emergent,FONE3,Fontinalis neomexicana Sull. & Lesq.,NA,NA,NA,Bryopsida,Isobryales,Fontinalaceae,Fontinalis,NA,neomexicana,NA,NA,NA,species,NA,NA
D17,TECR,2022,9,TECR.AOS.aquatic.plant.transect.01,Sample condition ok,plant,emergent,FONE3,Fontinalis neomexicana Sull. & Lesq.,NA,NA,NA,Bryopsida,Isobryales,Fontinalaceae,Fontinalis,NA,neomexicana,NA,NA,NA,species,NA,NA
D17,TECR,2022,9,TECR.AOS.aquatic.plant.transect.01,Sample condition ok,plant,emergent,FONE3,Fontinalis neomexicana Sull. & Lesq.,NA,NA,NA,Bryopsida,Isobryales,Fontinalaceae,Fontinalis,NA,neomexicana,NA,NA,NA,species,NA,NA
D17,TECR,2022,9,TECR.AOS.aquatic.plant.transect.01,Sample condition ok,plant,submerged,SCUN6,Scapania undulata (L.) Dumort.,NA,NA,NA,Hepaticopsida,Jungermanniales,Scapaniaceae,Scapania,NA,undulata,NA,NA,NA,species,NA,NA
D17,TECR,2022,9,TECR.AOS.aquatic.plant.transect.01,Sample condition ok,plant,submerged,FONE3,Fontinalis neomexicana Sull. & Lesq.,NA,NA,NA,Bryopsida,Isobryales,Fontinalaceae,Fontinalis,NA,neomexicana,NA,NA,NA,species,NA,NA
D17,TECR,2022,9,TECR.AOS.aquatic.plant.transect.01,Sample condition ok,plant,submerged,FONE3,Fontinalis neomexicana Sull. & Lesq.,NA,NA,NA,Bryopsida,Isobryales,Fontinalaceae,Fontinalis,NA,neomexicana,NA,NA,NA,species,NA,NA
D17,TECR,2022,9,TECR.AOS.aquatic.plant.transect.01,Sample condition ok,plant,submerged,FONE3,Fontinalis neomexicana Sull. & Lesq.,NA,NA,NA,Bryopsida,Isobryales,Fontinalaceae,Fontinalis,NA,neomexicana,NA,NA,NA,species,NA,NA
D17,TECR,2022,9,TECR.AOS.aquatic.plant.transect.01,Sample condition ok,plant,emergent,SCUN6,Scapania undulata (L.) Dumort.,NA,NA,NA,Hepaticopsida,Jungermanniales,Scapaniaceae,Scapania,NA,undulata,NA,NA,NA,species,NA,NA
D17,TECR,2022,9,TECR.AOS.aquatic.plant.transect.01,Sample condition ok,plant,emergent,SCUN6,Scapania undulata (L.) Dumort.,NA,NA,NA,Hepaticopsida,Jungermanniales,Scapaniaceae,Scapania,NA,undulata,NA,NA,NA,species,NA,NA
D17,TECR,2022,9,TECR.AOS.aquatic.plant.transect.01,Sample condition ok,plant,submerged,SCUN6,Scapania undulata (L.) Dumort.,NA,NA,NA,Hepaticopsida,Jungermanniales,Scapaniaceae,Scapania,NA,undulata,NA,NA,NA,species,NA,NA
D17,TECR,2022,9,TECR.AOS.aquatic.plant.transect.01,Sample condition ok,plant,emergent,SCUN6,Scapania undulata (L.) Dumort.,NA,NA,NA,Hepaticopsida,Jungermanniales,Scapaniaceae,Scapania,NA,undulata,NA,NA,NA,species,NA,NA
D17,TECR,2022,9,TECR.AOS.aquatic.plant.transect.01,Sample condition ok,plant,emergent,SCUN6,Scapania undulata (L.) Dumort.,NA,NA,NA,Hepaticopsida,Jungermanniales,Scapaniaceae,Scapania,NA,undulata,NA,NA,NA,species,NA,NA
D17,TECR,2022,9,TECR.AOS.aquatic.plant.transect.02,Sample condition ok,plant,submerged,SCUN6,Scapania undulata (L.) Dumort.,NA,NA,NA,Hepaticopsida,Jungermanniales,Scapaniaceae,Scapania,NA,undulata,NA,NA,NA,species,NA,NA
D17,TECR,2022,9,TECR.AOS.aquatic.plant.transect.02,Sample condition ok,plant,emergent,SCUN6,Scapania undulata (L.) Dumort.,NA,NA,NA,Hepaticopsida,Jungermanniales,Scapaniaceae,Scapania,NA,undulata,NA,NA,NA,species,NA,NA
D17,TECR,2022,9,TECR.AOS.aquatic.plant.transect.02,Sample condition ok,plant,submerged,FONE3,Fontinalis neomexicana Sull. & Lesq.,NA,NA,NA,Bryopsida,Isobryales,Fontinalaceae,Fontinalis,NA,neomexicana,NA,NA,NA,species,NA,NA
D17,TECR,2022,9,TECR.AOS.aquatic.plant.transect.02,Sample condition ok,plant,submerged,FONE3,Fontinalis neomexicana Sull. & Lesq.,NA,NA,NA,Bryopsida,Isobryales,Fontinalaceae,Fontinalis,NA,neomexicana,NA,NA,NA,species,NA,NA
D17,TECR,2022,9,TECR.AOS.aquatic.plant.transect.02,Sample condition ok,plant,emergent,SCUN6,Scapania undulata (L.) Dumort.,NA,NA,NA,Hepaticopsida,Jungermanniales,Scapaniaceae,Scapania,NA,undulata,NA,NA,NA,species,NA,NA
D17,TECR,2022,9,TECR.AOS.aquatic.plant.transect.02,Sample condition ok,plant,submerged,SCUN6,Scapania undulata (L.) Dumort.,NA,NA,NA,Hepaticopsida,Jungermanniales,Scapaniaceae,Scapania,NA,undulata,NA,NA,NA,species,NA,NA
D17,TECR,2022,9,TECR.AOS.aquatic.plant.transect.02,Sample condition ok,plant,submerged,FONE3,Fontinalis neomexicana Sull. & Lesq.,NA,NA,NA,Bryopsida,Isobryales,Fontinalaceae,Fontinalis,NA,neomexicana,NA,NA,NA,species,NA,NA
D17,TECR,2022,9,TECR.AOS.aquatic.plant.transect.02,Sample condition ok,plant,submerged,SCUN6,Scapania undulata (L.) Dumort.,NA,NA,NA,Hepaticopsida,Jungermanniales,Scapaniaceae,Scapania,NA,undulata,NA,NA,NA,species,NA,NA
D17,TECR,2022,9,TECR.AOS.aquatic.plant.transect.02,Sample condition ok,plant,submerged,CHPO14,Chiloscyphus polyanthos (L.) Corda,NA,NA,NA,Hepaticopsida,Jungermanniales,Geocalycaceae,Chiloscyphus,NA,polyanthos,NA,NA,NA,species,2022-09-12T17:29:00Z,NA
D17,TECR,2022,9,TECR.AOS.aquatic.plant.transect.02,Sample condition ok,plant,emergent,SCUN6,Scapania undulata (L.) Dumort.,NA,NA,NA,Hepaticopsida,Jungermanniales,Scapaniaceae,Scapania,NA,undulata,NA,NA,NA,species,NA,NA
D17,TECR,2022,9,TECR.AOS.aquatic.plant.transect.02,Sample condition ok,plant,emergent,SCUN6,Scapania undulata (L.) Dumort.,NA,NA,NA,Hepaticopsida,Jungermanniales,Scapaniaceae,Scapania,NA,undulata,NA,NA,NA,species,NA,NA
D17,TECR,2022,9,TECR.AOS.aquatic.plant.transect.02,Sample condition ok,plant,submerged,SCUN6,Scapania undulata (L.) Dumort.,NA,NA,NA,Hepaticopsida,Jungermanniales,Scapaniaceae,Scapania,NA,undulata,NA,NA,NA,species,NA,NA
D17,TECR,2022,9,TECR.AOS.aquatic.plant.transect.03,Sample condition ok,plant,emergent,FONE3,Fontinalis neomexicana Sull. & Lesq.,NA,NA,NA,Bryopsida,Isobryales,Fontinalaceae,Fontinalis,NA,neomexicana,NA,NA,NA,species,NA,NA
D17,TECR,2022,9,TECR.AOS.aquatic.plant.transect.03,Sample condition ok,plant,submerged,FONE3,Fontinalis neomexicana Sull. & Lesq.,NA,NA,NA,Bryopsida,Isobryales,Fontinalaceae,Fontinalis,NA,neomexicana,NA,NA,NA,species,NA,NA
D17,TECR,2022,9,TECR.AOS.aquatic.plant.transect.03,Sample condition ok,plant,submerged,2PLANT,Unknown plant,BlackLung,NA,NA,NA,NA,NA,NA,NA,NA,NA,NA,NA,kingdom,NA,NA
D17,TECR,2022,9,TECR.AOS.aquatic.plant.transect.03,Sample condition ok,plant,submerged,FONE3,Fontinalis neomexicana Sull. & Lesq.,NA,NA,NA,Bryopsida,Isobryales,Fontinalaceae,Fontinalis,NA,neomexicana,NA,NA,NA,species,NA,NA
D17,TECR,2022,9,TECR.AOS.aquatic.plant.transect.03,Sample condition ok,plant,submerged,FONE3,Fontinalis neomexicana Sull. & Lesq.,NA,NA,NA,Bryopsida,Isobryales,Fontinalaceae,Fontinalis,NA,neomexicana,NA,NA,NA,species,NA,NA
D17,TECR,2022,9,TECR.AOS.aquatic.plant.transect.03,Sample condition ok,plant,submerged,FONE3,Fontinalis neomexicana Sull. & Lesq.,NA,NA,NA,Bryopsida,Isobryales,Fontinalaceae,Fontinalis,NA,neomexicana,NA,NA,NA,species,NA,NA
D17,TECR,2022,9,TECR.AOS.aquatic.plant.transect.03,Sample condition ok,plant,submerged,FONE3,Fontinalis neomexicana Sull. & Lesq.,NA,NA,NA,Bryopsida,Isobryales,Fontinalaceae,Fontinalis,NA,neomexicana,NA,NA,NA,species,NA,NA
D17,TECR,2022,9,TECR.AOS.aquatic.plant.transect.03,Sample condition ok,plant,submerged,FONE3,Fontinalis neomexicana Sull. & Lesq.,NA,NA,NA,Bryopsida,Isobryales,Fontinalaceae,Fontinalis,NA,neomexicana,NA,NA,NA,species,NA,NA
D17,TECR,2022,9,TECR.AOS.aquatic.plant.transect.03,Sample condition ok,plant,submerged,FONE3,Fontinalis neomexicana Sull. & Lesq.,NA,NA,NA,Bryopsida,Isobryales,Fontinalaceae,Fontinalis,NA,neomexicana,NA,NA,NA,species,NA,NA
D17,TECR,2022,9,TECR.AOS.aquatic.plant.transect.03,Sample condition ok,plant,emergent,FONE3,Fontinalis neomexicana Sull. & Lesq.,NA,NA,NA,Bryopsida,Isobryales,Fontinalaceae,Fontinalis,NA,neomexicana,NA,NA,NA,species,NA,NA
D17,TECR,2022,9,TECR.AOS.aquatic.plant.transect.03,Sample condition ok,plant,submerged,FONE3,Fontinalis neomexicana Sull. & Lesq.,NA,NA,NA,Bryopsida,Isobryales,Fontinalaceae,Fontinalis,NA,neomexicana,NA,NA,NA,species,NA,NA
D17,TECR,2022,9,TECR.AOS.aquatic.plant.transect.03,Sample condition ok,plant,emergent,FONE3,Fontinalis neomexicana Sull. & Lesq.,NA,NA,NA,Bryopsida,Isobryales,Fontinalaceae,Fontinalis,NA,neomexicana,NA,NA,NA,species,NA,NA
D17,TECR,2022,9,TECR.AOS.aquatic.plant.transect.04,Sample condition ok,plant,emergent,FONE3,Fontinalis neomexicana Sull. & Lesq.,NA,NA,NA,Bryopsida,Isobryales,Fontinalaceae,Fontinalis,NA,neomexicana,NA,NA,NA,species,NA,NA
D17,TECR,2022,9,TECR.AOS.aquatic.plant.transect.04,Sample condition ok,plant,emergent,SCUN6,Scapania undulata (L.) Dumort.,NA,NA,NA,Hepaticopsida,Jungermanniales,Scapaniaceae,Scapania,NA,undulata,NA,NA,NA,species,NA,NA
D17,TECR,2022,9,TECR.AOS.aquatic.plant.transect.04,Sample condition ok,plant,submerged,SCUN6,Scapania undulata (L.) Dumort.,NA,NA,NA,Hepaticopsida,Jungermanniales,Scapaniaceae,Scapania,NA,undulata,NA,NA,NA,species,NA,NA
D17,TECR,2022,9,TECR.AOS.aquatic.plant.transect.04,Sample condition ok,plant,submerged,FONE3,Fontinalis neomexicana Sull. & Lesq.,NA,NA,NA,Bryopsida,Isobryales,Fontinalaceae,Fontinalis,NA,neomexicana,NA,NA,NA,species,NA,NA
D17,TECR,2022,9,TECR.AOS.aquatic.plant.transect.04,Sample condition ok,plant,emergent,FONE3,Fontinalis neomexicana Sull. & Lesq.,NA,NA,NA,Bryopsida,Isobryales,Fontinalaceae,Fontinalis,NA,neomexicana,NA,NA,NA,species,NA,NA
D17,TECR,2022,9,TECR.AOS.aquatic.plant.transect.04,Sample condition ok,plant,submerged,CHPO14,Chiloscyphus polyanthos (L.) Corda,NA,NA,NA,Hepaticopsida,Jungermanniales,Geocalycaceae,Chiloscyphus,NA,polyanthos,NA,NA,NA,species,2022-09-12T18:28:00Z,NA
D17,TECR,2022,9,TECR.AOS.aquatic.plant.transect.04,Sample condition ok,plant,submerged,FONE3,Fontinalis neomexicana Sull. & Lesq.,NA,NA,NA,Bryopsida,Isobryales,Fontinalaceae,Fontinalis,NA,neomexicana,NA,NA,NA,species,NA,NA
D17,TECR,2022,9,TECR.AOS.aquatic.plant.transect.04,Sample condition ok,plant,emergent,FONE3,Fontinalis neomexicana Sull. & Lesq.,NA,NA,NA,Bryopsida,Isobryales,Fontinalaceae,Fontinalis,NA,neomexicana,NA,NA,NA,species,NA,NA
D17,TECR,2022,9,TECR.AOS.aquatic.plant.transect.05,Sample condition ok,plant,submerged,CHPO14,Chiloscyphus polyanthos (L.) Corda,NA,NA,NA,Hepaticopsida,Jungermanniales,Geocalycaceae,Chiloscyphus,NA,polyanthos,NA,NA,NA,species,2022-09-12T18:46:00Z,NA
D17,TECR,2022,9,TECR.AOS.aquatic.plant.transect.05,Sample condition ok,plant,submerged,CHPO14,Chiloscyphus polyanthos (L.) Corda,NA,NA,NA,Hepaticopsida,Jungermanniales,Geocalycaceae,Chiloscyphus,NA,polyanthos,NA,NA,NA,species,2022-09-12T18:46:00Z,NA
D17,TECR,2022,9,TECR.AOS.aquatic.plant.transect.05,Sample condition ok,plant,submerged,CHPO14,Chiloscyphus polyanthos (L.) Corda,NA,NA,NA,Hepaticopsida,Jungermanniales,Geocalycaceae,Chiloscyphus,NA,polyanthos,NA,NA,NA,species,2022-09-12T18:46:00Z,NA
D17,TECR,2022,9,TECR.AOS.aquatic.plant.transect.05,Sample condition ok,plant,submerged,CHPO14,Chiloscyphus polyanthos (L.) Corda,NA,NA,NA,Hepaticopsida,Jungermanniales,Geocalycaceae,Chiloscyphus,NA,polyanthos,NA,NA,NA,species,2022-09-12T18:46:00Z,NA
D17,TECR,2022,9,TECR.AOS.aquatic.plant.transect.06,Sample condition ok,plant,emergent,FONE3,Fontinalis neomexicana Sull. & Lesq.,NA,NA,NA,Bryopsida,Isobryales,Fontinalaceae,Fontinalis,NA,neomexicana,NA,NA,NA,species,NA,NA
D17,TECR,2022,9,TECR.AOS.aquatic.plant.transect.06,Sample condition ok,plant,emergent,FONE3,Fontinalis neomexicana Sull. & Lesq.,NA,NA,NA,Bryopsida,Isobryales,Fontinalaceae,Fontinalis,NA,neomexicana,NA,NA,NA,species,NA,NA
D17,TECR,2022,9,TECR.AOS.aquatic.plant.transect.06,Sample condition ok,plant,emergent,FONE3,Fontinalis neomexicana Sull. & Lesq.,NA,NA,NA,Bryopsida,Isobryales,Fontinalaceae,Fontinalis,NA,neomexicana,NA,NA,NA,species,NA,NA
D17,TECR,2022,9,TECR.AOS.aquatic.plant.transect.06,Sample condition ok,plant,submerged,CHPO14,Chiloscyphus polyanthos (L.) Corda,NA,NA,NA,Hepaticopsida,Jungermanniales,Geocalycaceae,Chiloscyphus,NA,polyanthos,NA,NA,NA,species,2022-09-12T19:12:00Z,NA
D17,TECR,2022,9,TECR.AOS.aquatic.plant.transect.06,Sample condition ok,plant,submerged,CHPO14,Chiloscyphus polyanthos (L.) Corda,NA,NA,NA,Hepaticopsida,Jungermanniales,Geocalycaceae,Chiloscyphus,NA,polyanthos,NA,NA,NA,species,2022-09-12T19:12:00Z,NA
D17,TECR,2022,9,TECR.AOS.aquatic.plant.transect.06,Sample condition ok,plant,submerged,FONE3,Fontinalis neomexicana Sull. & Lesq.,NA,NA,NA,Bryopsida,Isobryales,Fontinalaceae,Fontinalis,NA,neomexicana,NA,NA,NA,species,NA,NA
D17,TECR,2022,9,TECR.AOS.aquatic.plant.transect.07,Sample condition ok,plant,submerged,2PLANT,Unknown plant,BlackLung,NA,NA,NA,NA,NA,NA,NA,NA,NA,NA,NA,kingdom,NA,NA
D17,TECR,2022,9,TECR.AOS.aquatic.plant.transect.07,Sample condition ok,plant,submerged,SCUN6,Scapania undulata (L.) Dumort.,NA,NA,NA,Hepaticopsida,Jungermanniales,Scapaniaceae,Scapania,NA,undulata,NA,NA,NA,species,NA,NA
D17,TECR,2022,9,TECR.AOS.aquatic.plant.transect.07,Sample condition ok,plant,submerged,SCUN6,Scapania undulata (L.) Dumort.,NA,NA,NA,Hepaticopsida,Jungermanniales,Scapaniaceae,Scapania,NA,undulata,NA,NA,NA,species,NA,NA
D17,TECR,2022,9,TECR.AOS.aquatic.plant.transect.07,Sample condition ok,plant,submerged,CHPO14,Chiloscyphus polyanthos (L.) Corda,NA,NA,NA,Hepaticopsida,Jungermanniales,Geocalycaceae,Chiloscyphus,NA,polyanthos,NA,NA,NA,species,2022-09-12T19:22:00Z,NA
D17,TECR,2022,9,TECR.AOS.aquatic.plant.transect.08,Sample condition ok,plant,submerged,CHPO14,Chiloscyphus polyanthos (L.) Corda,NA,NA,NA,Hepaticopsida,Jungermanniales,Geocalycaceae,Chiloscyphus,NA,polyanthos,NA,NA,NA,species,2022-09-12T19:37:00Z,NA
D17,TECR,2022,9,TECR.AOS.aquatic.plant.transect.09,Sample condition ok,plant,submerged,FONE3,Fontinalis neomexicana Sull. & Lesq.,NA,NA,NA,Bryopsida,Isobryales,Fontinalaceae,Fontinalis,NA,neomexicana,NA,NA,NA,species,NA,NA
D17,TECR,2022,9,TECR.AOS.aquatic.plant.transect.09,Sample condition ok,plant,submerged,FONE3,Fontinalis neomexicana Sull. & Lesq.,NA,NA,NA,Bryopsida,Isobryales,Fontinalaceae,Fontinalis,NA,neomexicana,NA,NA,NA,species,NA,NA
D17,TECR,2022,9,TECR.AOS.aquatic.plant.transect.09,Sample condition ok,plant,submerged,FONE3,Fontinalis neomexicana Sull. & Lesq.,NA,NA,NA,Bryopsida,Isobryales,Fontinalaceae,Fontinalis,NA,neomexicana,NA,NA,NA,species,NA,NA
D17,TECR,2022,9,TECR.AOS.aquatic.plant.transect.09,Sample condition ok,plant,submerged,FONE3,Fontinalis neomexicana Sull. & Lesq.,NA,NA,NA,Bryopsida,Isobryales,Fontinalaceae,Fontinalis,NA,neomexicana,NA,NA,NA,species,NA,NA
D17,TECR,2022,9,TECR.AOS.aquatic.plant.transect.09,Sample condition ok,plant,submerged,FONE3,Fontinalis neomexicana Sull. & Lesq.,NA,NA,NA,Bryopsida,Isobryales,Fontinalaceae,Fontinalis,NA,neomexicana,NA,NA,NA,species,NA,NA
D17,TECR,2022,9,TECR.AOS.aquatic.plant.transect.10,Sample condition ok,plant,submerged,FONE3,Fontinalis neomexicana Sull. & Lesq.,NA,NA,NA,Bryopsida,Isobryales,Fontinalaceae,Fontinalis,NA,neomexicana,NA,NA,NA,species,NA,NA
D17,TECR,2022,9,TECR.AOS.aquatic.plant.transect.10,Sample condition ok,plant,submerged,FONE3,Fontinalis neomexicana Sull. & Lesq.,NA,NA,NA,Bryopsida,Isobryales,Fontinalaceae,Fontinalis,NA,neomexicana,NA,NA,NA,species,NA,NA
