uid,domainID,siteID,namedLocation,pointNumber,collectDate,eventID,sampleID,sampleCode,sampleCondition,herbariumSampleID,herbariumSampleCode,herbariumSampleCondition,expertIdentificationRequired,aquaticPlantType,growthForm,taxonID,scientificName,morphospeciesID,morphospeciesIDRemarks,phylum,division,class,order,family,genus,section,specificEpithet,infraspecificEpithet,variety,form,scientificNameAuthorship,identificationQualifier,identificationReferences,taxonRank,remarks,identifiedBy,identifiedDate,identificationHistoryID,dataQF,publicationDate,release
86a3725c-1319-4b75-861f-200608e9632b,D07,LECO,LECO.AOS.aquatic.plant.transect.03,3,2016-03-23T17:00:00Z,LECO.20160323,LECO.20160323.B.SALEBROSUM.T3,NA,NA,NA,NA,NA,N,plant,submerged,NEONTPC35115004,Brachythecium salebrosum (Hoffm. ex F. Weber & D. Mohr) Schimp.,NA,NA,NA,NA,Equisetopsida,NA,Brachytheciaceae,Brachythecium,NA,salebrosum,NA,NA,NA,(Hoffm. ex F. Weber & D. Mohr) Schimp.,NA,NA,species,NA,NA,NA,NA,NA,20260113T222828Z,RELEASE-2026
a98899d1-9884-40cf-9779-9f31c44a5f76,D07,LECO,LECO.AOS.aquatic.plant.transect.01,19,2019-03-26T15:42:00Z,LECO.20190326,LECO.20190326.AP4.T01,NA,NA,NA,NA,NA,N,plant,submerged,NEONTPC35115043,Brachythecium salebrosum var. palustre Schimp.,NA,NA,NA,NA,Equisetopsida,NA,Brachytheciaceae,Brachythecium,NA,salebrosum,palustre,NA,NA,Schimp.,NA,"McKnight, Common Mosses of the Northeast and Appalachians (2013)",variety,NA,NA,NA,NA,NA,20260113T221928Z,RELEASE-2026
0d115ad5-9850-4491-a4a1-af7eb3f841be,D07,LECO,LECO.AOS.aquatic.plant.transect.01,11,2019-03-26T15:42:00Z,LECO.20190326,LECO.20190326.AP2.T01,NA,NA,NA,NA,NA,N,plant,submerged,POPI14,Porella pinnata L.,NA,NA,NA,NA,Hepaticopsida,Jungermanniales,Porellaceae,Porella,NA,pinnata,NA,NA,NA,L.,NA,NA,species,NA,NA,NA,NA,NA,20260113T221928Z,RELEASE-2026
e76ddfa6-c461-4c3b-9283-95684f5e88c6,D07,LECO,LECO.AOS.aquatic.plant.transect.01,12,2019-03-26T15:42:00Z,LECO.20190326,LECO.20190326.AP3.T01,NA,NA,NA,NA,NA,N,plant,submerged,POPI14,Porella pinnata L.,NA,NA,NA,NA,Hepaticopsida,Jungermanniales,Porellaceae,Porella,NA,pinnata,NA,NA,NA,L.,NA,NA,species,NA,NA,NA,NA,NA,20260113T221928Z,RELEASE-2026
042b7600-3005-43d0-919e-4c453fc4cb3d,D07,LECO,LECO.AOS.aquatic.plant.transect.01,7,2019-03-26T15:42:00Z,LECO.20190326,LECO.20190326.AP1.T01,NA,NA,NA,NA,NA,N,plant,submerged,POPI14,Porella pinnata L.,NA,NA,NA,NA,Hepaticopsida,Jungermanniales,Porellaceae,Porella,NA,pinnata,NA,NA,NA,L.,NA,NA,species,NA,NA,NA,NA,NA,20260113T221928Z,RELEASE-2026
67a409bc-c8ad-4197-8ab5-973bebd94e57,D07,LECO,LECO.AOS.aquatic.plant.transect.02,19,2019-03-26T16:21:00Z,LECO.20190326,LECO.20190326.AP2.T02,NA,NA,NA,NA,NA,N,plant,submerged,POPI14,Porella pinnata L.,NA,NA,NA,NA,Hepaticopsida,Jungermanniales,Porellaceae,Porella,NA,pinnata,NA,NA,NA,L.,NA,NA,species,NA,NA,NA,NA,NA,20260113T221928Z,RELEASE-2026
8c4e3a32-489d-48da-9071-1bf68d930fa4,D07,LECO,LECO.AOS.aquatic.plant.transect.02,5,2019-03-26T16:21:00Z,LECO.20190326,LECO.20190326.AP1.T02,NA,NA,NA,NA,NA,N,plant,submerged,POPI14,Porella pinnata L.,NA,NA,NA,NA,Hepaticopsida,Jungermanniales,Porellaceae,Porella,NA,pinnata,NA,NA,NA,L.,NA,NA,species,NA,NA,NA,NA,NA,20260113T221928Z,RELEASE-2026
b94f3837-89e1-4644-9cdc-79efb1576a89,D07,LECO,LECO.AOS.aquatic.plant.transect.03,2,2019-03-26T16:43:00Z,LECO.20190326,LECO.20190326.AP1.T03,NA,NA,NA,NA,NA,N,plant,submerged,POPI14,Porella pinnata L.,NA,NA,NA,NA,Hepaticopsida,Jungermanniales,Porellaceae,Porella,NA,pinnata,NA,NA,NA,L.,NA,NA,species,NA,NA,NA,NA,NA,20260113T221928Z,RELEASE-2026
6ab2a65b-9855-4aa6-a299-c6f5a08ca958,D07,LECO,LECO.AOS.aquatic.plant.transect.04,4,2019-03-26T17:35:00Z,LECO.20190326,LECO.20190326.AP3.T04,NA,NA,NA,NA,NA,N,plant,submerged,NEONTPC35115060,Brachythecium salicinum Schimp.,NA,NA,NA,NA,Equisetopsida,NA,Brachytheciaceae,Brachythecium,NA,salicinum,NA,NA,NA,Schimp.,NA,NA,species,NA,NA,NA,NA,NA,20260113T221928Z,RELEASE-2026
f2ed4ff2-291d-4e29-94c4-7f45cacee290,D07,LECO,LECO.AOS.aquatic.plant.transect.04,3,2019-03-26T17:35:00Z,LECO.20190326,LECO.20190326.AP2.T04,NA,NA,NA,NA,NA,N,plant,submerged,POPI14,Porella pinnata L.,NA,NA,NA,NA,Hepaticopsida,Jungermanniales,Porellaceae,Porella,NA,pinnata,NA,NA,NA,L.,NA,NA,species,NA,NA,NA,NA,NA,20260113T221928Z,RELEASE-2026
a4797aed-f97e-43f6-a734-458d681de1b4,D07,LECO,LECO.AOS.aquatic.plant.transect.04,2,2019-03-26T17:35:00Z,LECO.20190326,LECO.20190326.AP1.T04,NA,NA,NA,NA,NA,N,plant,submerged,POPI14,Porella pinnata L.,NA,NA,NA,NA,Hepaticopsida,Jungermanniales,Porellaceae,Porella,NA,pinnata,NA,NA,NA,L.,NA,NA,species,NA,NA,NA,NA,NA,20260113T221928Z,RELEASE-2026
c98843ce-decb-469d-afb2-626022a4cb49,D07,LECO,LECO.AOS.aquatic.plant.transect.05,20,2019-03-26T17:54:00Z,LECO.20190326,LECO.20190326.AP2.T05,NA,NA,NA,NA,NA,N,plant,submerged,POPI14,Porella pinnata L.,NA,NA,NA,NA,Hepaticopsida,Jungermanniales,Porellaceae,Porella,NA,pinnata,NA,NA,NA,L.,NA,NA,species,NA,NA,NA,NA,NA,20260113T221928Z,RELEASE-2026
6e8ea7bb-08bb-45a6-a57f-7e6c4a302aef,D07,LECO,LECO.AOS.aquatic.plant.transect.05,19,2019-03-26T17:54:00Z,LECO.20190326,LECO.20190326.AP1.T05,NA,NA,NA,NA,NA,N,plant,submerged,NEONTPC35115060,Brachythecium salicinum Schimp.,NA,NA,NA,NA,Equisetopsida,NA,Brachytheciaceae,Brachythecium,NA,salicinum,NA,NA,NA,Schimp.,NA,NA,species,NA,NA,NA,NA,NA,20260113T221928Z,RELEASE-2026
166daf9b-ede5-497b-a759-37bab896a156,D07,LECO,LECO.AOS.aquatic.plant.transect.06,20,2019-03-26T18:14:00Z,LECO.20190326,LECO.20190326.AP1.T06,NA,NA,NA,NA,NA,N,plant,submerged,POPI14,Porella pinnata L.,NA,NA,NA,NA,Hepaticopsida,Jungermanniales,Porellaceae,Porella,NA,pinnata,NA,NA,NA,L.,NA,NA,species,NA,NA,NA,NA,NA,20260113T221928Z,RELEASE-2026
558ff204-e595-4c40-b98f-925f9da24c90,D07,LECO,LECO.AOS.aquatic.plant.transect.07,16,2019-03-26T18:57:00Z,LECO.20190326,LECO.20190326.AP4.T07,NA,NA,NA,NA,NA,N,plant,submerged,POPI14,Porella pinnata L.,NA,NA,NA,NA,Hepaticopsida,Jungermanniales,Porellaceae,Porella,NA,pinnata,NA,NA,NA,L.,NA,NA,species,NA,NA,NA,NA,NA,20260113T221928Z,RELEASE-2026
27aa2aa2-c15d-4fb5-be1b-a271c9dd3b39,D07,LECO,LECO.AOS.aquatic.plant.transect.07,6,2019-03-26T18:57:00Z,LECO.20190326,LECO.20190326.AP2.T07,NA,NA,NA,NA,NA,N,plant,submerged,POPI14,Porella pinnata L.,NA,NA,NA,NA,Hepaticopsida,Jungermanniales,Porellaceae,Porella,NA,pinnata,NA,NA,NA,L.,NA,NA,species,NA,NA,NA,NA,NA,20260113T221928Z,RELEASE-2026
7aec62d5-29cb-4513-98fc-6771262d8bcc,D07,LECO,LECO.AOS.aquatic.plant.transect.07,11,2019-03-26T18:57:00Z,LECO.20190326,LECO.20190326.AP3.T07,NA,NA,NA,NA,NA,N,plant,submerged,POPI14,Porella pinnata L.,NA,NA,NA,NA,Hepaticopsida,Jungermanniales,Porellaceae,Porella,NA,pinnata,NA,NA,NA,L.,NA,NA,species,NA,NA,NA,NA,NA,20260113T221928Z,RELEASE-2026
fb2c103c-2db6-42bd-a04f-969dd18c97d1,D07,LECO,LECO.AOS.aquatic.plant.transect.07,3,2019-03-26T18:57:00Z,LECO.20190326,LECO.20190326.AP1.T07,NA,NA,NA,NA,NA,N,plant,submerged,POPI14,Porella pinnata L.,NA,NA,NA,NA,Hepaticopsida,Jungermanniales,Porellaceae,Porella,NA,pinnata,NA,NA,NA,L.,NA,NA,species,NA,NA,NA,NA,NA,20260113T221928Z,RELEASE-2026
33f05e5c-2904-4f7d-accb-b668eb2f4fa0,D07,LECO,LECO.AOS.aquatic.plant.transect.08,19,2019-03-26T19:11:00Z,LECO.20190326,LECO.20190326.AP5.T08,NA,NA,NA,NA,NA,N,plant,submerged,POPI14,Porella pinnata L.,NA,NA,NA,NA,Hepaticopsida,Jungermanniales,Porellaceae,Porella,NA,pinnata,NA,NA,NA,L.,NA,NA,species,NA,NA,NA,NA,NA,20260113T221928Z,RELEASE-2026
c030c3b7-2b6a-4c41-9508-53b69b27428b,D07,LECO,LECO.AOS.aquatic.plant.transect.08,17,2019-03-26T19:11:00Z,LECO.20190326,LECO.20190326.AP4.T08,NA,NA,NA,NA,NA,N,plant,submerged,NEONTPC35115060,Brachythecium salicinum Schimp.,NA,NA,NA,NA,Equisetopsida,NA,Brachytheciaceae,Brachythecium,NA,salicinum,NA,NA,NA,Schimp.,NA,NA,species,NA,NA,NA,NA,NA,20260113T221928Z,RELEASE-2026
1a3f8625-2f76-438c-b6c1-23b93d153cdb,D07,LECO,LECO.AOS.aquatic.plant.transect.08,1,2019-03-26T19:11:00Z,LECO.20190326,LECO.20190326.AP1.T08,NA,NA,NA,NA,NA,N,plant,submerged,POPI14,Porella pinnata L.,NA,NA,NA,NA,Hepaticopsida,Jungermanniales,Porellaceae,Porella,NA,pinnata,NA,NA,NA,L.,NA,NA,species,NA,NA,NA,NA,NA,20260113T221928Z,RELEASE-2026
30eebf68-79df-4acd-a704-c4f74e04592d,D07,LECO,LECO.AOS.aquatic.plant.transect.08,3,2019-03-26T19:11:00Z,LECO.20190326,LECO.20190326.AP2.T08,NA,NA,NA,NA,NA,N,plant,submerged,POPI14,Porella pinnata L.,NA,NA,NA,NA,Hepaticopsida,Jungermanniales,Porellaceae,Porella,NA,pinnata,NA,NA,NA,L.,NA,NA,species,NA,NA,NA,NA,NA,20260113T221928Z,RELEASE-2026
07d04dc0-e36c-4cbd-9ab2-94d64df0a15d,D07,LECO,LECO.AOS.aquatic.plant.transect.08,14,2019-03-26T19:11:00Z,LECO.20190326,LECO.20190326.AP3.T08,NA,NA,NA,NA,NA,N,plant,submerged,POPI14,Porella pinnata L.,NA,NA,NA,NA,Hepaticopsida,Jungermanniales,Porellaceae,Porella,NA,pinnata,NA,NA,NA,L.,NA,NA,species,NA,NA,NA,NA,NA,20260113T221928Z,RELEASE-2026
c10e29e4-aca0-46df-8a03-bb3be35e01e8,D07,LECO,LECO.AOS.aquatic.plant.transect.09,14,2019-03-26T19:39:00Z,LECO.20190326,LECO.20190326.AP1.T09,NA,NA,NA,NA,NA,N,plant,submerged,POPI14,Porella pinnata L.,NA,NA,NA,NA,Hepaticopsida,Jungermanniales,Porellaceae,Porella,NA,pinnata,NA,NA,NA,L.,NA,NA,species,NA,NA,NA,NA,NA,20260113T221928Z,RELEASE-2026
452bff4c-8714-4e93-a12c-6b776cd3bf3a,D07,LECO,LECO.AOS.aquatic.plant.transect.10,14,2019-03-26T20:01:00Z,LECO.20190326,LECO.20190326.AP4.T10,NA,NA,NA,NA,NA,N,plant,submerged,POPI14,Porella pinnata L.,NA,NA,NA,NA,Hepaticopsida,Jungermanniales,Porellaceae,Porella,NA,pinnata,NA,NA,NA,L.,NA,NA,species,NA,NA,NA,NA,NA,20260113T221928Z,RELEASE-2026
ffbe39ee-3bf3-45b4-8b01-045c31d46545,D07,LECO,LECO.AOS.aquatic.plant.transect.10,11,2019-03-26T20:01:00Z,LECO.20190326,LECO.20190326.AP3.T10,NA,NA,NA,NA,NA,N,plant,submerged,POPI14,Porella pinnata L.,NA,NA,NA,NA,Hepaticopsida,Jungermanniales,Porellaceae,Porella,NA,pinnata,NA,NA,NA,L.,NA,NA,species,NA,NA,NA,NA,NA,20260113T221928Z,RELEASE-2026
7f5ea427-bd89-42ee-8ac2-dbff7870beca,D07,LECO,LECO.AOS.aquatic.plant.transect.10,8,2019-03-26T20:01:00Z,LECO.20190326,LECO.20190326.AP2.T10,NA,NA,NA,NA,NA,N,plant,submerged,POPI14,Porella pinnata L.,NA,NA,NA,NA,Hepaticopsida,Jungermanniales,Porellaceae,Porella,NA,pinnata,NA,NA,NA,L.,NA,NA,species,NA,NA,NA,NA,NA,20260113T221928Z,RELEASE-2026
2dfaeaf1-40c7-47e6-985e-4403edb44895,D07,LECO,LECO.AOS.aquatic.plant.transect.10,7,2019-03-26T20:01:00Z,LECO.20190326,LECO.20190326.AP1.T10,NA,NA,NA,NA,NA,N,plant,submerged,POPI14,Porella pinnata L.,NA,NA,NA,NA,Hepaticopsida,Jungermanniales,Porellaceae,Porella,NA,pinnata,NA,NA,NA,L.,NA,NA,species,NA,NA,NA,NA,NA,20260113T221928Z,RELEASE-2026
2f5e8c0a-ac0e-45c7-8c0f-b924b3780aee,D07,LECO,LECO.AOS.aquatic.plant.transect.10,15,2019-03-26T20:01:00Z,LECO.20190326,LECO.20190326.AP5.T10,NA,NA,NA,NA,NA,N,plant,submerged,NEONTPC35115060,Brachythecium salicinum Schimp.,NA,NA,NA,NA,Equisetopsida,NA,Brachytheciaceae,Brachythecium,NA,salicinum,NA,NA,NA,Schimp.,NA,NA,species,NA,NA,NA,NA,NA,20260113T221928Z,RELEASE-2026
0d653bcb-67a3-45c1-9196-62404c8f3c27,D07,LECO,LECO.AOS.aquatic.plant.transect.02,16,2018-07-23T16:51:00Z,LECO.20180723,LECO.20180723.AP1.T02,NA,NA,NA,NA,NA,N,plant,submerged,POPI14,Porella pinnata L.,NA,NA,NA,NA,Hepaticopsida,Jungermanniales,Porellaceae,Porella,NA,pinnata,NA,NA,NA,L.,NA,NA,species,NA,NA,NA,NA,NA,20260113T222322Z,RELEASE-2026
8a8109af-c141-4aa6-897d-ca8ea1f7217e,D07,LECO,LECO.AOS.aquatic.plant.transect.05,7,2018-07-23T17:55:00Z,LECO.20180723,LECO.20180723.AP3.T05,NA,NA,NA,NA,NA,N,plant,submerged,POPI14,Porella pinnata L.,NA,NA,NA,NA,Hepaticopsida,Jungermanniales,Porellaceae,Porella,NA,pinnata,NA,NA,NA,L.,NA,NA,species,NA,NA,NA,NA,NA,20260113T222322Z,RELEASE-2026
99b17e64-ba73-4617-8bce-d818a0d05287,D07,LECO,LECO.AOS.aquatic.plant.transect.05,5,2018-07-23T17:55:00Z,LECO.20180723,LECO.20180723.AP1.T05,NA,NA,NA,NA,NA,N,plant,submerged,POPI14,Porella pinnata L.,NA,NA,NA,NA,Hepaticopsida,Jungermanniales,Porellaceae,Porella,NA,pinnata,NA,NA,NA,L.,NA,NA,species,NA,NA,NA,NA,NA,20260113T222322Z,RELEASE-2026
1be832d4-69a1-4a4d-9f3e-5ee9d36e90b0,D07,LECO,LECO.AOS.aquatic.plant.transect.05,6,2018-07-23T17:55:00Z,LECO.20180723,LECO.20180723.AP2.T05,NA,NA,NA,NA,NA,N,plant,submerged,POPI14,Porella pinnata L.,NA,NA,NA,NA,Hepaticopsida,Jungermanniales,Porellaceae,Porella,NA,pinnata,NA,NA,NA,L.,NA,NA,species,NA,NA,NA,NA,NA,20260113T222322Z,RELEASE-2026
361e53d9-5c1c-476f-8448-fe664936f8a0,D07,LECO,LECO.AOS.aquatic.plant.transect.01,9,2018-10-16T15:31:00Z,LECO.20181016,LECO.20181016.AP3.T01,NA,NA,NA,NA,NA,N,plant,submerged,POREL,Porella sp.,NA,NA,NA,NA,Hepaticopsida,Jungermanniales,Porellaceae,Porella,NA,sp.,NA,NA,NA,L.,NA,NA,genus,NA,NA,NA,NA,NA,20260113T222031Z,RELEASE-2026
50d1cb66-476d-4da4-aaf7-e95c987f1d05,D07,LECO,LECO.AOS.aquatic.plant.transect.01,12,2018-10-16T15:31:00Z,LECO.20181016,LECO.20181016.AP4.T01,NA,NA,NA,NA,NA,N,plant,submerged,POREL,Porella sp.,NA,NA,NA,NA,Hepaticopsida,Jungermanniales,Porellaceae,Porella,NA,sp.,NA,NA,NA,L.,NA,NA,genus,NA,NA,NA,NA,NA,20260113T222031Z,RELEASE-2026
5a694a6b-104d-4f4d-aad0-6789de78b15d,D07,LECO,LECO.AOS.aquatic.plant.transect.01,15,2018-10-16T15:31:00Z,LECO.20181016,LECO.20181016.AP5.T01,NA,NA,NA,NA,NA,N,plant,submerged,POREL,Porella sp.,NA,NA,NA,NA,Hepaticopsida,Jungermanniales,Porellaceae,Porella,NA,sp.,NA,NA,NA,L.,NA,NA,genus,NA,NA,NA,NA,NA,20260113T222031Z,RELEASE-2026
9a05f093-43f2-4cc2-bb0f-36c9c88761c5,D07,LECO,LECO.AOS.aquatic.plant.transect.01,6,2018-10-16T15:31:00Z,LECO.20181016,LECO.20181016.AP2.T01,NA,NA,NA,NA,NA,N,plant,submerged,POREL,Porella sp.,NA,NA,NA,NA,Hepaticopsida,Jungermanniales,Porellaceae,Porella,NA,sp.,NA,NA,NA,L.,NA,NA,genus,NA,NA,NA,NA,NA,20260113T222031Z,RELEASE-2026
8ef3b6cf-cf17-41e0-b6ac-f0d523ee221e,D07,LECO,LECO.AOS.aquatic.plant.transect.01,16,2018-10-16T15:31:00Z,LECO.20181016,LECO.20181016.AP6.T01,NA,NA,NA,NA,NA,N,plant,submerged,POREL,Porella sp.,NA,NA,NA,NA,Hepaticopsida,Jungermanniales,Porellaceae,Porella,NA,sp.,NA,NA,NA,L.,NA,NA,genus,NA,NA,NA,NA,NA,20260113T222031Z,RELEASE-2026
b082f272-c62e-4b88-9776-6b888dad7ae5,D07,LECO,LECO.AOS.aquatic.plant.transect.01,18,2018-10-16T15:31:00Z,LECO.20181016,LECO.20181016.AP7.T01,NA,NA,NA,NA,NA,N,plant,submerged,POREL,Porella sp.,NA,NA,NA,NA,Hepaticopsida,Jungermanniales,Porellaceae,Porella,NA,sp.,NA,NA,NA,L.,NA,NA,genus,NA,NA,NA,NA,NA,20260113T222031Z,RELEASE-2026
b998e619-8208-4465-8d58-eca0272e592c,D07,LECO,LECO.AOS.aquatic.plant.transect.01,1,2018-10-16T15:31:00Z,LECO.20181016,LECO.20181016.AP1.T01,NA,NA,NA,NA,NA,N,plant,submerged,POREL,Porella sp.,NA,NA,NA,NA,Hepaticopsida,Jungermanniales,Porellaceae,Porella,NA,sp.,NA,NA,NA,L.,NA,NA,genus,NA,NA,NA,NA,NA,20260113T222031Z,RELEASE-2026
e215c7d4-6cf0-458b-b6ff-78cdbbbacdcf,D07,LECO,LECO.AOS.aquatic.plant.transect.02,6,2018-10-16T15:51:00Z,LECO.20181016,LECO.20181016.AP4.T02,NA,NA,NA,NA,NA,N,plant,submerged,POREL,Porella sp.,NA,NA,NA,NA,Hepaticopsida,Jungermanniales,Porellaceae,Porella,NA,sp.,NA,NA,NA,L.,NA,NA,genus,NA,NA,NA,NA,NA,20260113T222031Z,RELEASE-2026
aa994ef1-bc0a-46ec-b0f7-cc1f6a90d413,D07,LECO,LECO.AOS.aquatic.plant.transect.02,7,2018-10-16T15:51:00Z,LECO.20181016,LECO.20181016.AP5.T02,NA,NA,NA,NA,NA,N,plant,submerged,POREL,Porella sp.,NA,NA,NA,NA,Hepaticopsida,Jungermanniales,Porellaceae,Porella,NA,sp.,NA,NA,NA,L.,NA,NA,genus,NA,NA,NA,NA,NA,20260113T222031Z,RELEASE-2026
243d549e-926a-4779-91c0-8f4605fd3d14,D07,LECO,LECO.AOS.aquatic.plant.transect.02,1,2018-10-16T15:51:00Z,LECO.20181016,LECO.20181016.AP1.T02,NA,NA,NA,NA,NA,N,plant,submerged,POREL,Porella sp.,NA,NA,NA,NA,Hepaticopsida,Jungermanniales,Porellaceae,Porella,NA,sp.,NA,NA,NA,L.,NA,NA,genus,NA,NA,NA,NA,NA,20260113T222031Z,RELEASE-2026
17268664-d252-4bb3-99c6-94587d31998b,D07,LECO,LECO.AOS.aquatic.plant.transect.02,3,2018-10-16T15:51:00Z,LECO.20181016,LECO.20181016.AP3.T02,NA,NA,NA,NA,NA,N,plant,submerged,POREL,Porella sp.,NA,NA,NA,NA,Hepaticopsida,Jungermanniales,Porellaceae,Porella,NA,sp.,NA,NA,NA,L.,NA,NA,genus,NA,NA,NA,NA,NA,20260113T222031Z,RELEASE-2026
dd5e4fb2-066e-4219-9ae9-cb7aea4ea630,D07,LECO,LECO.AOS.aquatic.plant.transect.02,2,2018-10-16T15:51:00Z,LECO.20181016,LECO.20181016.AP2.T02,NA,NA,NA,NA,NA,N,plant,submerged,POREL,Porella sp.,NA,NA,NA,NA,Hepaticopsida,Jungermanniales,Porellaceae,Porella,NA,sp.,NA,NA,NA,L.,NA,NA,genus,NA,NA,NA,NA,NA,20260113T222031Z,RELEASE-2026
99af3421-0c55-4c51-8c3a-2e66fbe6c544,D07,LECO,LECO.AOS.aquatic.plant.transect.03,2,2018-10-16T16:23:00Z,LECO.20181016,LECO.20181016.AP1.T03,NA,NA,NA,NA,NA,N,plant,submerged,POREL,Porella sp.,NA,NA,NA,NA,Hepaticopsida,Jungermanniales,Porellaceae,Porella,NA,sp.,NA,NA,NA,L.,NA,NA,genus,NA,NA,NA,NA,NA,20260113T222031Z,RELEASE-2026
79234777-3ccd-4b76-87cd-c2ee6fb75a1a,D07,LECO,LECO.AOS.aquatic.plant.transect.03,3,2018-10-16T16:23:00Z,LECO.20181016,LECO.20181016.AP2.T03,NA,NA,NA,NA,NA,N,plant,submerged,POREL,Porella sp.,NA,NA,NA,NA,Hepaticopsida,Jungermanniales,Porellaceae,Porella,NA,sp.,NA,NA,NA,L.,NA,NA,genus,NA,NA,NA,NA,NA,20260113T222031Z,RELEASE-2026
4ca0a2d1-192d-46a6-ab0f-93dbf855672c,D07,LECO,LECO.AOS.aquatic.plant.transect.05,13,2018-10-16T17:45:00Z,LECO.20181016,LECO.20181016.AP1.T05,NA,NA,NA,NA,NA,N,plant,submerged,POREL,Porella sp.,NA,NA,NA,NA,Hepaticopsida,Jungermanniales,Porellaceae,Porella,NA,sp.,NA,NA,NA,L.,NA,NA,genus,NA,NA,NA,NA,NA,20260113T222031Z,RELEASE-2026
ecbfec9a-4d68-4d1b-b545-525cbadded90,D07,LECO,LECO.AOS.aquatic.plant.transect.05,19,2018-10-16T17:45:00Z,LECO.20181016,LECO.20181016.AP4.T05,NA,NA,NA,NA,NA,N,plant,submerged,POREL,Porella sp.,NA,NA,NA,NA,Hepaticopsida,Jungermanniales,Porellaceae,Porella,NA,sp.,NA,NA,NA,L.,NA,NA,genus,NA,NA,NA,NA,NA,20260113T222031Z,RELEASE-2026
2cb3d37c-2bdf-4373-80d2-79ae15b41811,D07,LECO,LECO.AOS.aquatic.plant.transect.05,14,2018-10-16T17:45:00Z,LECO.20181016,LECO.20181016.AP2.T05,NA,NA,NA,NA,NA,N,plant,submerged,POREL,Porella sp.,NA,NA,NA,NA,Hepaticopsida,Jungermanniales,Porellaceae,Porella,NA,sp.,NA,NA,NA,L.,NA,NA,genus,NA,NA,NA,NA,NA,20260113T222031Z,RELEASE-2026
05d611cd-ea13-4e8d-bfc5-1b5a1f6dd621,D07,LECO,LECO.AOS.aquatic.plant.transect.05,17,2018-10-16T17:45:00Z,LECO.20181016,LECO.20181016.AP3.T05,NA,NA,NA,NA,NA,N,plant,submerged,POREL,Porella sp.,NA,NA,NA,NA,Hepaticopsida,Jungermanniales,Porellaceae,Porella,NA,sp.,NA,NA,NA,L.,NA,NA,genus,NA,NA,NA,NA,NA,20260113T222031Z,RELEASE-2026
98b3e2c0-0268-4d43-a482-0ab2d4cf0425,D07,LECO,LECO.AOS.aquatic.plant.transect.07,15,2018-10-16T18:04:00Z,LECO.20181016,LECO.20181016.AP2.T07,NA,NA,NA,NA,NA,N,plant,submerged,POREL,Porella sp.,NA,NA,NA,NA,Hepaticopsida,Jungermanniales,Porellaceae,Porella,NA,sp.,NA,NA,NA,L.,NA,NA,genus,NA,NA,NA,NA,NA,20260113T222031Z,RELEASE-2026
af631265-8e7e-4ccf-9284-5e67891acb65,D07,LECO,LECO.AOS.aquatic.plant.transect.07,5,2018-10-16T18:04:00Z,LECO.20181016,LECO.20181016.AP1.T07,NA,NA,NA,NA,NA,N,plant,submerged,POREL,Porella sp.,NA,NA,NA,NA,Hepaticopsida,Jungermanniales,Porellaceae,Porella,NA,sp.,NA,NA,NA,L.,NA,NA,genus,NA,NA,NA,NA,NA,20260113T222031Z,RELEASE-2026
ebe93b34-4a48-4baf-add0-79564821391d,D07,LECO,LECO.AOS.aquatic.plant.transect.08,16,2018-10-16T19:02:00Z,LECO.20181016,LECO.20181016.AP2.T08,NA,NA,NA,NA,NA,N,plant,submerged,POREL,Porella sp.,NA,NA,NA,NA,Hepaticopsida,Jungermanniales,Porellaceae,Porella,NA,sp.,NA,NA,NA,L.,NA,NA,genus,NA,NA,NA,NA,NA,20260113T222031Z,RELEASE-2026
13f9a14e-dadd-4364-9a38-ab24b7a20346,D07,LECO,LECO.AOS.aquatic.plant.transect.08,20,2018-10-16T19:02:00Z,LECO.20181016,LECO.20181016.AP5.T08,NA,NA,NA,NA,NA,N,plant,submerged,POREL,Porella sp.,NA,NA,NA,NA,Hepaticopsida,Jungermanniales,Porellaceae,Porella,NA,sp.,NA,NA,NA,L.,NA,NA,genus,NA,NA,NA,NA,NA,20260113T222031Z,RELEASE-2026
b66cca97-296f-4443-aa77-8f952d5a7d9f,D07,LECO,LECO.AOS.aquatic.plant.transect.08,18,2018-10-16T19:02:00Z,LECO.20181016,LECO.20181016.AP3.T08,NA,NA,NA,NA,NA,N,plant,submerged,POREL,Porella sp.,NA,NA,NA,NA,Hepaticopsida,Jungermanniales,Porellaceae,Porella,NA,sp.,NA,NA,NA,L.,NA,NA,genus,NA,NA,NA,NA,NA,20260113T222031Z,RELEASE-2026
a242b306-ed9f-4ece-b1d6-2c265f86804a,D07,LECO,LECO.AOS.aquatic.plant.transect.08,19,2018-10-16T19:02:00Z,LECO.20181016,LECO.20181016.AP4.T08,NA,NA,NA,NA,NA,N,plant,submerged,POREL,Porella sp.,NA,NA,NA,NA,Hepaticopsida,Jungermanniales,Porellaceae,Porella,NA,sp.,NA,NA,NA,L.,NA,NA,genus,NA,NA,NA,NA,NA,20260113T222031Z,RELEASE-2026
b65ccf29-7694-4e53-9b9c-29eb3366f044,D07,LECO,LECO.AOS.aquatic.plant.transect.08,7,2018-10-16T19:02:00Z,LECO.20181016,LECO.20181016.AP1.T08,NA,NA,NA,NA,NA,N,plant,submerged,POREL,Porella sp.,NA,NA,NA,NA,Hepaticopsida,Jungermanniales,Porellaceae,Porella,NA,sp.,NA,NA,NA,L.,NA,NA,genus,NA,NA,NA,NA,NA,20260113T222031Z,RELEASE-2026
b3ed7b3f-4f64-4f4e-8cfd-68954539d6e4,D07,LECO,LECO.AOS.aquatic.plant.transect.09,8,2018-10-16T19:44:00Z,LECO.20181016,LECO.20181016.AP1.T09,NA,NA,NA,NA,NA,N,plant,submerged,POREL,Porella sp.,NA,NA,NA,NA,Hepaticopsida,Jungermanniales,Porellaceae,Porella,NA,sp.,NA,NA,NA,L.,NA,NA,genus,NA,NA,NA,NA,NA,20260113T222031Z,RELEASE-2026
1ed067ac-52df-40a0-92d4-48960c7ef255,D07,LECO,LECO.AOS.aquatic.plant.transect.10,19,2018-10-16T20:17:00Z,LECO.20181016,LECO.20181016.AP5.T10,NA,NA,NA,NA,NA,N,plant,submerged,POREL,Porella sp.,NA,NA,NA,NA,Hepaticopsida,Jungermanniales,Porellaceae,Porella,NA,sp.,NA,NA,NA,L.,NA,NA,genus,NA,NA,NA,NA,NA,20260113T222031Z,RELEASE-2026
eddd8088-40e8-409f-9315-d785a138327d,D07,LECO,LECO.AOS.aquatic.plant.transect.10,10,2018-10-16T20:17:00Z,LECO.20181016,LECO.20181016.AP1.T10,NA,NA,NA,NA,NA,N,plant,submerged,POREL,Porella sp.,NA,NA,NA,NA,Hepaticopsida,Jungermanniales,Porellaceae,Porella,NA,sp.,NA,NA,NA,L.,NA,NA,genus,NA,NA,NA,NA,NA,20260113T222031Z,RELEASE-2026
4d855027-1aab-4dbe-b546-d9cbcd8820f7,D07,LECO,LECO.AOS.aquatic.plant.transect.10,13,2018-10-16T20:17:00Z,LECO.20181016,LECO.20181016.AP3.T10,NA,NA,NA,NA,NA,N,plant,submerged,POREL,Porella sp.,NA,NA,NA,NA,Hepaticopsida,Jungermanniales,Porellaceae,Porella,NA,sp.,NA,NA,NA,L.,NA,NA,genus,NA,NA,NA,NA,NA,20260113T222031Z,RELEASE-2026
6b66cb69-0fac-453d-86d7-1c435b3daf2a,D07,LECO,LECO.AOS.aquatic.plant.transect.10,11,2018-10-16T20:17:00Z,LECO.20181016,LECO.20181016.AP2.T10,NA,NA,NA,NA,NA,N,plant,submerged,POREL,Porella sp.,NA,NA,NA,NA,Hepaticopsida,Jungermanniales,Porellaceae,Porella,NA,sp.,NA,NA,NA,L.,NA,NA,genus,NA,NA,NA,NA,NA,20260113T222031Z,RELEASE-2026
0a6b6753-23a5-4771-b0cb-b0acfc833b19,D07,LECO,LECO.AOS.aquatic.plant.transect.10,18,2018-10-16T20:17:00Z,LECO.20181016,LECO.20181016.AP4.T10,NA,NA,NA,NA,NA,N,plant,submerged,POREL,Porella sp.,NA,NA,NA,NA,Hepaticopsida,Jungermanniales,Porellaceae,Porella,NA,sp.,NA,NA,NA,L.,NA,NA,genus,NA,NA,NA,NA,NA,20260113T222031Z,RELEASE-2026
e61ed284-4bf1-45ce-b52a-8ffdb60993bf,D07,LECO,LECO.AOS.aquatic.plant.transect.01,17,2019-07-16T14:56:00Z,LECO.20190716,LECO.20190716.AP1.T01,NA,NA,NA,NA,NA,N,plant,submerged,POPI14,Porella pinnata L.,NA,NA,NA,NA,Hepaticopsida,Jungermanniales,Porellaceae,Porella,NA,pinnata,NA,NA,NA,L.,NA,NA,species,NA,NA,NA,NA,NA,20260113T223603Z,RELEASE-2026
dd2009bf-5ab8-4eb8-8f48-1349c482f7f1,D07,LECO,LECO.AOS.aquatic.plant.transect.02,4,2019-07-16T15:47:00Z,LECO.20190716,LECO.20190716.AP1.T02,NA,NA,NA,NA,NA,N,plant,submerged,POPI14,Porella pinnata L.,NA,NA,NA,NA,Hepaticopsida,Jungermanniales,Porellaceae,Porella,NA,pinnata,NA,NA,NA,L.,NA,NA,species,NA,NA,NA,NA,NA,20260113T223603Z,RELEASE-2026
6b12fb49-f269-42eb-98bf-566ad088bf5b,D07,LECO,LECO.AOS.aquatic.plant.transect.03,1,2019-07-16T16:21:00Z,LECO.20190716,LECO.20190716.AP1.T03,NA,NA,NA,NA,NA,N,plant,submerged,POPI14,Porella pinnata L.,NA,NA,NA,NA,Hepaticopsida,Jungermanniales,Porellaceae,Porella,NA,pinnata,NA,NA,NA,L.,NA,NA,species,NA,NA,NA,NA,NA,20260113T223603Z,RELEASE-2026
224895ef-1b38-4f37-a8d8-e09db68edb99,D07,LECO,LECO.AOS.aquatic.plant.transect.05,13,2019-07-16T17:22:00Z,LECO.20190716,LECO.20190716.AP1.T05,NA,NA,NA,NA,NA,N,plant,submerged,POPI14,Porella pinnata L.,NA,NA,NA,NA,Hepaticopsida,Jungermanniales,Porellaceae,Porella,NA,pinnata,NA,NA,NA,L.,NA,NA,species,NA,NA,NA,NA,NA,20260113T223603Z,RELEASE-2026
d0f8c880-c218-4645-8c13-e137ba369ef7,D07,LECO,LECO.AOS.aquatic.plant.transect.05,14,2019-07-16T17:22:00Z,LECO.20190716,LECO.20190716.AP2.T05,NA,NA,NA,NA,NA,N,plant,submerged,POPI14,Porella pinnata L.,NA,NA,NA,NA,Hepaticopsida,Jungermanniales,Porellaceae,Porella,NA,pinnata,NA,NA,NA,L.,NA,NA,species,NA,NA,NA,NA,NA,20260113T223603Z,RELEASE-2026
18e8eff7-79a8-4ce9-a446-5ecf838acc15,D07,LECO,LECO.AOS.aquatic.plant.transect.06,20,2019-07-16T17:39:00Z,LECO.20190716,LECO.20190716.AP1.T06,NA,NA,NA,NA,NA,N,plant,submerged,POPI14,Porella pinnata L.,NA,NA,NA,NA,Hepaticopsida,Jungermanniales,Porellaceae,Porella,NA,pinnata,NA,NA,NA,L.,NA,NA,species,NA,NA,NA,NA,NA,20260113T223603Z,RELEASE-2026
a972a4ff-f02a-45bf-a894-f12daa4f7cde,D07,LECO,LECO.AOS.aquatic.plant.transect.07,5,2019-07-16T18:01:00Z,LECO.20190716,LECO.20190716.AP1.T07,NA,NA,NA,NA,NA,N,plant,submerged,POPI14,Porella pinnata L.,NA,NA,NA,NA,Hepaticopsida,Jungermanniales,Porellaceae,Porella,NA,pinnata,NA,NA,NA,L.,NA,NA,species,NA,NA,NA,NA,NA,20260113T223603Z,RELEASE-2026
11ab67bc-061a-41ad-bbaf-393cb78a61f5,D07,LECO,LECO.AOS.aquatic.plant.transect.07,9,2019-07-16T18:01:00Z,LECO.20190716,LECO.20190716.AP2.T07,NA,NA,NA,NA,NA,N,plant,submerged,POPI14,Porella pinnata L.,NA,NA,NA,NA,Hepaticopsida,Jungermanniales,Porellaceae,Porella,NA,pinnata,NA,NA,NA,L.,NA,NA,species,NA,NA,NA,NA,NA,20260113T223603Z,RELEASE-2026
0baaa73d-b27c-4e61-924b-bcf717a15b7d,D07,LECO,LECO.AOS.aquatic.plant.transect.07,14,2019-07-16T18:01:00Z,LECO.20190716,LECO.20190716.AP3.T07,NA,NA,NA,NA,NA,N,plant,submerged,POPI14,Porella pinnata L.,NA,NA,NA,NA,Hepaticopsida,Jungermanniales,Porellaceae,Porella,NA,pinnata,NA,NA,NA,L.,NA,NA,species,NA,NA,NA,NA,NA,20260113T223603Z,RELEASE-2026
8ad2a9a3-bb45-4a70-bdda-38b375f7ea8f,D07,LECO,LECO.AOS.aquatic.plant.transect.08,20,2019-07-16T18:14:00Z,LECO.20190716,LECO.20190716.AP2.T08,NA,NA,NA,NA,NA,N,plant,submerged,POPI14,Porella pinnata L.,NA,NA,NA,NA,Hepaticopsida,Jungermanniales,Porellaceae,Porella,NA,pinnata,NA,NA,NA,L.,NA,NA,species,NA,NA,NA,NA,NA,20260113T223603Z,RELEASE-2026
35458e3f-eab1-430c-9a96-fdab8aa977fe,D07,LECO,LECO.AOS.aquatic.plant.transect.08,10,2019-07-16T18:14:00Z,LECO.20190716,LECO.20190716.AP1.T08,NA,NA,NA,NA,NA,N,plant,submerged,BRSAS,Brachythecium salebrosum (F. Weber & D. Mohr) Schimp. var. salebrosum,NA,NA,NA,NA,Bryopsida,Hypnales,Brachytheciaceae,Brachythecium,NA,salebrosum,var. salebrosum,NA,NA,(F. Weber & D. Mohr) Schimp.,NA,"McKnight, Common Mosses of the Northeast and Appalachians (2013)",variety,NA,NA,NA,NA,NA,20260113T223603Z,RELEASE-2026
a156c6d7-51f0-4b59-8dd6-d5b6d64ead1a,D07,LECO,LECO.AOS.aquatic.plant.transect.10,9,2019-07-16T19:06:00Z,LECO.20190716,LECO.20190716.AP1.T10,NA,NA,NA,NA,NA,N,plant,submerged,BRSAS,Brachythecium salebrosum (F. Weber & D. Mohr) Schimp. var. salebrosum,NA,NA,NA,NA,Bryopsida,Hypnales,Brachytheciaceae,Brachythecium,NA,salebrosum,var. salebrosum,NA,NA,(F. Weber & D. Mohr) Schimp.,NA,NA,variety,NA,NA,NA,NA,NA,20260113T223603Z,RELEASE-2026
f17778ab-f3a5-49a0-b4d8-f792b0f123c4,D07,LECO,LECO.AOS.aquatic.plant.transect.03,5,2019-10-14T16:34:00Z,LECO.20191014,LECO.20191014.AP1.T03,NA,NA,NA,NA,NA,N,plant,submerged,POPI14,Porella pinnata L.,NA,NA,NA,NA,Hepaticopsida,Jungermanniales,Porellaceae,Porella,NA,pinnata,NA,NA,NA,L.,NA,NA,species,NA,NA,NA,NA,NA,20260113T221943Z,RELEASE-2026
1fc19fee-e51c-4613-807c-27b2030434be,D07,LECO,LECO.AOS.aquatic.plant.transect.05,15,2019-10-14T17:33:00Z,LECO.20191014,LECO.20191014.AP1.T05,NA,NA,NA,NA,NA,N,plant,submerged,POPI14,Porella pinnata L.,NA,NA,NA,NA,Hepaticopsida,Jungermanniales,Porellaceae,Porella,NA,pinnata,NA,NA,NA,L.,NA,NA,species,NA,NA,NA,NA,NA,20260113T221943Z,RELEASE-2026
88cabcaa-fadc-4410-b049-9eadbb5ad75c,D07,LECO,LECO.AOS.aquatic.plant.transect.01,12,2020-07-15T15:21:00Z,LECO.20200715,LECO.20200715.AP1.T01,NA,NA,NA,NA,NA,N,plant,submerged,POPI14,Porella pinnata L.,NA,NA,NA,NA,Hepaticopsida,Jungermanniales,Porellaceae,Porella,NA,pinnata,NA,NA,NA,L.,NA,"McKnight, Common Mosses of the Northeast and Appalachians (2013)",species,NA,NA,NA,NA,NA,20260113T222608Z,RELEASE-2026
6e41e07f-ec4e-45dc-af7b-3c00a979d2e1,D07,LECO,LECO.AOS.aquatic.plant.transect.03,2,2020-07-15T15:53:00Z,LECO.20200715,LECO.20200715.AP1.T03,NA,NA,NA,NA,NA,N,plant,submerged,POPI14,Porella pinnata L.,NA,NA,NA,NA,Hepaticopsida,Jungermanniales,Porellaceae,Porella,NA,pinnata,NA,NA,NA,L.,NA,"McKnight, Common Mosses of the Northeast and Appalachians (2013)",species,NA,NA,NA,NA,NA,20260113T222608Z,RELEASE-2026
b6b8ea93-6abf-4c9d-b303-200bc61f65cf,D07,LECO,LECO.AOS.aquatic.plant.transect.05,18,2020-07-15T16:13:00Z,LECO.20200715,LECO.20200715.AP1.T05,NA,NA,NA,NA,NA,N,plant,submerged,POPI14,Porella pinnata L.,NA,NA,NA,NA,Hepaticopsida,Jungermanniales,Porellaceae,Porella,NA,pinnata,NA,NA,NA,L.,NA,"McKnight, Common Mosses of the Northeast and Appalachians (2013)",species,NA,NA,NA,NA,NA,20260113T222608Z,RELEASE-2026
817d425a-89b5-45cf-bd28-b13e7e101cd5,D07,LECO,LECO.AOS.aquatic.plant.transect.07,19,2020-07-15T17:07:00Z,LECO.20200715,LECO.20200715.AP1.T07,NA,NA,NA,NA,NA,N,plant,submerged,BRSAS,Brachythecium salebrosum (F. Weber & D. Mohr) Schimp. var. salebrosum,NA,NA,NA,NA,Bryopsida,Hypnales,Brachytheciaceae,Brachythecium,NA,salebrosum,var. salebrosum,NA,NA,(F. Weber & D. Mohr) Schimp.,NA,"McKnight, Common Mosses of the Northeast and Appalachians (2013)",variety,NA,NA,NA,NA,NA,20260113T222608Z,RELEASE-2026
e4db7158-b835-447a-8054-a8e68364c2b8,D07,LECO,LECO.AOS.aquatic.plant.transect.01,2,2020-06-09T16:00:00Z,LECO.20200609,LECO.20200609.AP1.T01,NA,NA,NA,NA,NA,N,plant,submerged,POPI14,Porella pinnata L.,NA,NA,NA,NA,Hepaticopsida,Jungermanniales,Porellaceae,Porella,NA,pinnata,NA,NA,NA,L.,NA,"McKnight, Common Mosses of the Northeast and Appalachians (2013)",species,NA,NA,NA,NA,NA,20260113T223303Z,RELEASE-2026
78e69e1f-eab3-423e-b937-130dda2d491c,D07,LECO,LECO.AOS.aquatic.plant.transect.02,15,2020-06-09T16:36:00Z,LECO.20200609,LECO.20200609.AP2.T02,NA,NA,NA,NA,NA,N,plant,submerged,POPI14,Porella pinnata L.,NA,NA,NA,NA,Hepaticopsida,Jungermanniales,Porellaceae,Porella,NA,pinnata,NA,NA,NA,L.,NA,"McKnight, Common Mosses of the Northeast and Appalachians (2013)",species,NA,NA,NA,NA,NA,20260113T223303Z,RELEASE-2026
801da081-f139-4bc8-8cc7-e44c2d7b7443,D07,LECO,LECO.AOS.aquatic.plant.transect.02,3,2020-06-09T16:36:00Z,LECO.20200609,LECO.20200609.AP1.T02,NA,NA,NA,NA,NA,N,plant,submerged,POPI14,Porella pinnata L.,NA,NA,NA,NA,Hepaticopsida,Jungermanniales,Porellaceae,Porella,NA,pinnata,NA,NA,NA,L.,NA,"McKnight, Common Mosses of the Northeast and Appalachians (2013)",species,NA,NA,NA,NA,NA,20260113T223303Z,RELEASE-2026
7ad8cceb-ab52-40e1-a983-66ef0c8890ce,D07,LECO,LECO.AOS.aquatic.plant.transect.03,5,2020-06-09T16:51:00Z,LECO.20200609,LECO.20200609.AP1.T03,NA,NA,NA,NA,NA,N,plant,submerged,POPI14,Porella pinnata L.,NA,NA,NA,NA,Hepaticopsida,Jungermanniales,Porellaceae,Porella,NA,pinnata,NA,NA,NA,L.,NA,"McKnight, Common Mosses of the Northeast and Appalachians (2013)",species,NA,NA,NA,NA,NA,20260113T223303Z,RELEASE-2026
d920c392-2177-473b-a14c-243a334feda0,D07,LECO,LECO.AOS.aquatic.plant.transect.05,15,2020-06-09T18:23:00Z,LECO.20200609,LECO.20200609.AP1.T05,NA,NA,NA,NA,NA,N,plant,submerged,POPI14,Porella pinnata L.,NA,NA,NA,NA,Hepaticopsida,Jungermanniales,Porellaceae,Porella,NA,pinnata,NA,NA,NA,L.,NA,"McKnight, Common Mosses of the Northeast and Appalachians (2013)",species,NA,NA,NA,NA,NA,20260113T223303Z,RELEASE-2026
066e5a50-ea39-4375-8ae0-c907cf4df22c,D07,LECO,LECO.AOS.aquatic.plant.transect.05,16,2020-06-09T18:23:00Z,LECO.20200609,LECO.20200609.AP2.T05,NA,NA,NA,NA,NA,N,plant,submerged,POPI14,Porella pinnata L.,NA,NA,NA,NA,Hepaticopsida,Jungermanniales,Porellaceae,Porella,NA,pinnata,NA,NA,NA,L.,NA,"McKnight, Common Mosses of the Northeast and Appalachians (2013)",species,NA,NA,NA,NA,NA,20260113T223303Z,RELEASE-2026
04815d1f-f1d3-459e-ae94-28edceafd8b1,D07,LECO,LECO.AOS.aquatic.plant.transect.07,1,2020-06-09T18:59:00Z,LECO.20200609,LECO.20200609.AP1.T07,NA,NA,NA,NA,NA,N,plant,submerged,BRSAS,Brachythecium salebrosum (F. Weber & D. Mohr) Schimp. var. salebrosum,NA,NA,NA,NA,Bryopsida,Hypnales,Brachytheciaceae,Brachythecium,NA,salebrosum,var. salebrosum,NA,NA,(F. Weber & D. Mohr) Schimp.,NA,"McKnight, Common Mosses of the Northeast and Appalachians (2013)",variety,NA,NA,NA,NA,NA,20260113T223303Z,RELEASE-2026
4e75f2f1-bf9b-4c8f-8079-2017ea29d6b0,D07,LECO,LECO.AOS.aquatic.plant.transect.08,20,2020-06-09T19:21:00Z,LECO.20200609,LECO.20200609.AP1.T08,NA,NA,NA,NA,NA,N,plant,submerged,POPI14,Porella pinnata L.,NA,NA,NA,NA,Hepaticopsida,Jungermanniales,Porellaceae,Porella,NA,pinnata,NA,NA,NA,L.,NA,"McKnight, Common Mosses of the Northeast and Appalachians (2013)",species,NA,NA,NA,NA,NA,20260113T223303Z,RELEASE-2026
e2d525ef-2af0-4989-98cd-5f87fdf785a0,D07,LECO,LECO.AOS.aquatic.plant.transect.10,11,2020-06-09T19:49:00Z,LECO.20200609,LECO.20200609.AP2.T10,NA,NA,NA,NA,NA,N,plant,submerged,BRSAS,Brachythecium salebrosum (F. Weber & D. Mohr) Schimp. var. salebrosum,NA,NA,NA,NA,Bryopsida,Hypnales,Brachytheciaceae,Brachythecium,NA,salebrosum,var. salebrosum,NA,NA,(F. Weber & D. Mohr) Schimp.,NA,"McKnight, Common Mosses of the Northeast and Appalachians (2013)",variety,NA,NA,NA,NA,NA,20260113T223303Z,RELEASE-2026
2b1b575a-7452-457c-b1da-699a18841f9e,D07,LECO,LECO.AOS.aquatic.plant.transect.10,12,2020-06-09T19:49:00Z,LECO.20200609,LECO.20200609.AP3.T10,NA,NA,NA,NA,NA,N,plant,submerged,BRSAS,Brachythecium salebrosum (F. Weber & D. Mohr) Schimp. var. salebrosum,NA,NA,NA,NA,Bryopsida,Hypnales,Brachytheciaceae,Brachythecium,NA,salebrosum,var. salebrosum,NA,NA,(F. Weber & D. Mohr) Schimp.,NA,"McKnight, Common Mosses of the Northeast and Appalachians (2013)",variety,NA,NA,NA,NA,NA,20260113T223303Z,RELEASE-2026
8e66e321-efdd-4194-9816-ef804872e9d5,D07,LECO,LECO.AOS.aquatic.plant.transect.10,8,2020-06-09T19:49:00Z,LECO.20200609,LECO.20200609.AP1.T10,NA,NA,NA,NA,NA,N,plant,submerged,BRSAS,Brachythecium salebrosum (F. Weber & D. Mohr) Schimp. var. salebrosum,NA,NA,NA,NA,Bryopsida,Hypnales,Brachytheciaceae,Brachythecium,NA,salebrosum,var. salebrosum,NA,NA,(F. Weber & D. Mohr) Schimp.,NA,"McKnight, Common Mosses of the Northeast and Appalachians (2013)",variety,NA,NA,NA,NA,NA,20260113T223303Z,RELEASE-2026
a0561ddc-0f73-4979-b17a-b5c4cf37f871,D07,LECO,LECO.AOS.aquatic.plant.transect.10,17,2020-10-26T20:24:00Z,LECO.20201026,LECO.20201026.AP1.T10,NA,NA,NA,NA,NA,N,plant,submerged,BRSAS,Brachythecium salebrosum (F. Weber & D. Mohr) Schimp. var. salebrosum,NA,NA,NA,NA,Bryopsida,Hypnales,Brachytheciaceae,Brachythecium,NA,salebrosum,var. salebrosum,NA,NA,(F. Weber & D. Mohr) Schimp.,NA,"McKnight, Common Mosses of the Northeast and Appalachians (2013)",variety,NA,NA,NA,NA,NA,20260113T223232Z,RELEASE-2026
f1aac40e-aacd-4805-ba03-8448fa23a57f,D07,LECO,LECO.AOS.aquatic.plant.transect.10,18,2020-10-26T20:24:00Z,LECO.20201026,LECO.20201026.AP2.T10,NA,NA,NA,NA,NA,N,plant,submerged,BRSAS,Brachythecium salebrosum (F. Weber & D. Mohr) Schimp. var. salebrosum,NA,NA,NA,NA,Bryopsida,Hypnales,Brachytheciaceae,Brachythecium,NA,salebrosum,var. salebrosum,NA,NA,(F. Weber & D. Mohr) Schimp.,NA,"McKnight, Common Mosses of the Northeast and Appalachians (2013)",variety,NA,NA,NA,NA,NA,20260113T223232Z,RELEASE-2026
17061c25-949e-4135-8425-64053684c67f,D07,LECO,LECO.AOS.aquatic.plant.transect.01,10,2021-08-02T17:11:00Z,LECO.20210802,LECO.20210802.AP3.T01,NA,NA,NA,NA,NA,N,plant,submerged,BRSAS,Brachythecium salebrosum (F. Weber & D. Mohr) Schimp. var. salebrosum,NA,NA,NA,NA,Bryopsida,Hypnales,Brachytheciaceae,Brachythecium,NA,salebrosum,var. salebrosum,NA,NA,(F. Weber & D. Mohr) Schimp.,NA,NA,variety,NA,NA,NA,NA,NA,20260113T222903Z,RELEASE-2026
c443bb79-aa66-47a5-a9f8-8822c4eda01f,D07,LECO,LECO.AOS.aquatic.plant.transect.01,6,2021-08-02T17:11:00Z,LECO.20210802,LECO.20210802.AP1.T01,NA,NA,NA,NA,NA,N,plant,submerged,BRSAS,Brachythecium salebrosum (F. Weber & D. Mohr) Schimp. var. salebrosum,NA,NA,NA,NA,Bryopsida,Hypnales,Brachytheciaceae,Brachythecium,NA,salebrosum,var. salebrosum,NA,NA,(F. Weber & D. Mohr) Schimp.,NA,NA,variety,NA,NA,NA,NA,NA,20260113T222903Z,RELEASE-2026
254e8980-15fb-463c-941b-2d68039534f8,D07,LECO,LECO.AOS.aquatic.plant.transect.01,9,2021-08-02T17:11:00Z,LECO.20210802,LECO.20210802.AP2.T01,NA,NA,NA,NA,NA,N,plant,submerged,BRSAS,Brachythecium salebrosum (F. Weber & D. Mohr) Schimp. var. salebrosum,NA,NA,NA,NA,Bryopsida,Hypnales,Brachytheciaceae,Brachythecium,NA,salebrosum,var. salebrosum,NA,NA,(F. Weber & D. Mohr) Schimp.,NA,NA,variety,NA,NA,NA,NA,NA,20260113T222903Z,RELEASE-2026
d3fb7603-42cb-406e-85d2-238eb1dd39b2,D07,LECO,LECO.AOS.aquatic.plant.transect.02,1,2021-08-02T17:39:00Z,LECO.20210802,LECO.20210802.AP1.T02,NA,NA,NA,NA,NA,N,plant,submerged,POPI14,Porella pinnata L.,NA,NA,NA,NA,Hepaticopsida,Jungermanniales,Porellaceae,Porella,NA,pinnata,NA,NA,NA,L.,NA,NA,species,NA,NA,NA,NA,NA,20260113T222903Z,RELEASE-2026
ce405047-4bc2-48cd-af37-975e0f78e797,D07,LECO,LECO.AOS.aquatic.plant.transect.03,2,2021-08-02T17:52:00Z,LECO.20210802,LECO.20210802.AP1.T03,NA,NA,NA,NA,NA,N,plant,submerged,BRSAS,Brachythecium salebrosum (F. Weber & D. Mohr) Schimp. var. salebrosum,NA,NA,NA,NA,Bryopsida,Hypnales,Brachytheciaceae,Brachythecium,NA,salebrosum,var. salebrosum,NA,NA,(F. Weber & D. Mohr) Schimp.,NA,NA,variety,NA,NA,NA,NA,NA,20260113T222903Z,RELEASE-2026
85e00138-0fbf-4185-874e-a173166237a8,D07,LECO,LECO.AOS.aquatic.plant.transect.04,18,2021-08-02T18:28:00Z,LECO.20210802,LECO.20210802.AP1.T04,NA,NA,NA,NA,NA,N,plant,submerged,BRSAS,Brachythecium salebrosum (F. Weber & D. Mohr) Schimp. var. salebrosum,NA,NA,NA,NA,Bryopsida,Hypnales,Brachytheciaceae,Brachythecium,NA,salebrosum,var. salebrosum,NA,NA,(F. Weber & D. Mohr) Schimp.,NA,NA,variety,NA,NA,NA,NA,NA,20260113T222903Z,RELEASE-2026
99c7b213-4f51-440e-a57a-f3e8c628991c,D07,LECO,LECO.AOS.aquatic.plant.transect.04,20,2021-08-02T18:28:00Z,LECO.20210802,LECO.20210802.AP2.T04,NA,NA,NA,NA,NA,N,plant,submerged,POPI14,Porella pinnata L.,NA,NA,NA,NA,Hepaticopsida,Jungermanniales,Porellaceae,Porella,NA,pinnata,NA,NA,NA,L.,NA,NA,species,NA,NA,NA,NA,NA,20260113T222903Z,RELEASE-2026
585d918f-a0f0-41e1-8174-982141d321dd,D07,LECO,LECO.AOS.aquatic.plant.transect.01,16,2021-03-30T15:48:00Z,LECO.20210330,LECO.20210330.AP1.T01,NA,NA,NA,NA,NA,N,plant,submerged,BRSAS,Brachythecium salebrosum (F. Weber & D. Mohr) Schimp. var. salebrosum,NA,NA,NA,NA,Bryopsida,Hypnales,Brachytheciaceae,Brachythecium,NA,salebrosum,var. salebrosum,NA,NA,(F. Weber & D. Mohr) Schimp.,NA,"McKnight, Common Mosses of the Northeast and Appalachians (2013)",variety,NA,NA,NA,NA,NA,20260113T223227Z,RELEASE-2026
49de3543-67da-48a2-a60a-9361d06ef52b,D07,LECO,LECO.AOS.aquatic.plant.transect.01,19,2021-03-30T15:48:00Z,LECO.20210330,LECO.20210330.AP2.T01,NA,NA,NA,NA,NA,N,plant,submerged,BRSAS,Brachythecium salebrosum (F. Weber & D. Mohr) Schimp. var. salebrosum,NA,NA,NA,NA,Bryopsida,Hypnales,Brachytheciaceae,Brachythecium,NA,salebrosum,var. salebrosum,NA,NA,(F. Weber & D. Mohr) Schimp.,NA,"McKnight, Common Mosses of the Northeast and Appalachians (2013)",variety,NA,NA,NA,NA,NA,20260113T223227Z,RELEASE-2026
af1cfc28-5303-445c-9359-58069c034943,D07,LECO,LECO.AOS.aquatic.plant.transect.01,20,2021-03-30T15:48:00Z,LECO.20210330,LECO.20210330.AP3.T01,NA,NA,NA,NA,NA,N,plant,submerged,BRSAS,Brachythecium salebrosum (F. Weber & D. Mohr) Schimp. var. salebrosum,NA,NA,NA,NA,Bryopsida,Hypnales,Brachytheciaceae,Brachythecium,NA,salebrosum,var. salebrosum,NA,NA,(F. Weber & D. Mohr) Schimp.,NA,"McKnight, Common Mosses of the Northeast and Appalachians (2013)",variety,NA,NA,NA,NA,NA,20260113T223227Z,RELEASE-2026
70d73616-3a7f-4724-9836-244ba077f54f,D07,LECO,LECO.AOS.aquatic.plant.transect.02,4,2021-03-30T16:07:00Z,LECO.20210330,LECO.20210330.AP1.T02,NA,NA,NA,NA,NA,N,plant,submerged,BRSAS,Brachythecium salebrosum (F. Weber & D. Mohr) Schimp. var. salebrosum,NA,NA,NA,NA,Bryopsida,Hypnales,Brachytheciaceae,Brachythecium,NA,salebrosum,var. salebrosum,NA,NA,(F. Weber & D. Mohr) Schimp.,NA,NA,variety,NA,NA,NA,NA,NA,20260113T223227Z,RELEASE-2026
352f4d0e-ea70-450c-a392-115f2693d917,D07,LECO,LECO.AOS.aquatic.plant.transect.02,5,2021-03-30T16:07:00Z,LECO.20210330,LECO.20210330.AP2.T02,NA,NA,NA,NA,NA,N,plant,submerged,BRSAS,Brachythecium salebrosum (F. Weber & D. Mohr) Schimp. var. salebrosum,NA,NA,NA,NA,Bryopsida,Hypnales,Brachytheciaceae,Brachythecium,NA,salebrosum,var. salebrosum,NA,NA,(F. Weber & D. Mohr) Schimp.,NA,NA,variety,NA,NA,NA,NA,NA,20260113T223227Z,RELEASE-2026
1d349809-f181-4d33-bff5-d6dcd6b54400,D07,LECO,LECO.AOS.aquatic.plant.transect.03,16,2021-03-30T16:26:00Z,LECO.20210330,LECO.20210330.AP2.T03,NA,NA,NA,NA,NA,N,plant,submerged,BRSAS,Brachythecium salebrosum (F. Weber & D. Mohr) Schimp. var. salebrosum,NA,NA,NA,NA,Bryopsida,Hypnales,Brachytheciaceae,Brachythecium,NA,salebrosum,var. salebrosum,NA,NA,(F. Weber & D. Mohr) Schimp.,NA,NA,variety,NA,NA,NA,NA,NA,20260113T223227Z,RELEASE-2026
03cd9eec-2a54-4794-9344-de3513352a77,D07,LECO,LECO.AOS.aquatic.plant.transect.03,12,2021-03-30T16:26:00Z,LECO.20210330,LECO.20210330.AP1.T03,NA,NA,NA,NA,NA,N,plant,submerged,BRSAS,Brachythecium salebrosum (F. Weber & D. Mohr) Schimp. var. salebrosum,NA,NA,NA,NA,Bryopsida,Hypnales,Brachytheciaceae,Brachythecium,NA,salebrosum,var. salebrosum,NA,NA,(F. Weber & D. Mohr) Schimp.,NA,NA,variety,NA,NA,NA,NA,NA,20260113T223227Z,RELEASE-2026
be43323b-8917-4852-9abc-efc718568641,D07,LECO,LECO.AOS.aquatic.plant.transect.05,16,2021-03-30T17:20:00Z,LECO.20210330,LECO.20210330.AP2.T05,NA,NA,NA,NA,NA,N,plant,submerged,BRSAS,Brachythecium salebrosum (F. Weber & D. Mohr) Schimp. var. salebrosum,NA,NA,NA,NA,Bryopsida,Hypnales,Brachytheciaceae,Brachythecium,NA,salebrosum,var. salebrosum,NA,NA,(F. Weber & D. Mohr) Schimp.,NA,NA,variety,NA,NA,NA,NA,NA,20260113T223227Z,RELEASE-2026
06aaf9aa-1c62-4536-b46e-c6274391e576,D07,LECO,LECO.AOS.aquatic.plant.transect.05,14,2021-03-30T17:20:00Z,LECO.20210330,LECO.20210330.AP1.T05,NA,NA,NA,NA,NA,N,plant,emergent,BRSAS,Brachythecium salebrosum (F. Weber & D. Mohr) Schimp. var. salebrosum,NA,NA,NA,NA,Bryopsida,Hypnales,Brachytheciaceae,Brachythecium,NA,salebrosum,var. salebrosum,NA,NA,(F. Weber & D. Mohr) Schimp.,NA,NA,variety,NA,NA,NA,NA,NA,20260113T223227Z,RELEASE-2026
9d98f54a-8f99-4184-ba9e-4a0953e7b5c0,D07,LECO,LECO.AOS.aquatic.plant.transect.05,17,2021-03-30T17:20:00Z,LECO.20210330,LECO.20210330.AP3.T05,NA,NA,NA,NA,NA,N,plant,submerged,BRSAS,Brachythecium salebrosum (F. Weber & D. Mohr) Schimp. var. salebrosum,NA,NA,NA,NA,Bryopsida,Hypnales,Brachytheciaceae,Brachythecium,NA,salebrosum,var. salebrosum,NA,NA,(F. Weber & D. Mohr) Schimp.,NA,NA,variety,NA,NA,NA,NA,NA,20260113T223227Z,RELEASE-2026
93b8981c-75e3-49f2-b2e0-87773f31351d,D07,LECO,LECO.AOS.aquatic.plant.transect.06,20,2021-03-30T17:37:00Z,LECO.20210330,LECO.20210330.AP1.T06,NA,NA,NA,NA,NA,N,plant,submerged,BRSAS,Brachythecium salebrosum (F. Weber & D. Mohr) Schimp. var. salebrosum,NA,NA,NA,NA,Bryopsida,Hypnales,Brachytheciaceae,Brachythecium,NA,salebrosum,var. salebrosum,NA,NA,(F. Weber & D. Mohr) Schimp.,NA,"McKnight, Common Mosses of the Northeast and Appalachians (2013)",variety,NA,NA,NA,NA,NA,20260113T223227Z,RELEASE-2026
66245c73-98eb-42ba-a643-bd4ce05ac2b4,D07,LECO,LECO.AOS.aquatic.plant.transect.07,1,2021-03-30T18:12:00Z,LECO.20210330,LECO.20210330.AP1.T07,NA,NA,NA,NA,NA,N,plant,submerged,BRSAS,Brachythecium salebrosum (F. Weber & D. Mohr) Schimp. var. salebrosum,NA,NA,NA,NA,Bryopsida,Hypnales,Brachytheciaceae,Brachythecium,NA,salebrosum,var. salebrosum,NA,NA,(F. Weber & D. Mohr) Schimp.,NA,NA,variety,NA,NA,NA,NA,NA,20260113T223227Z,RELEASE-2026
e7d37868-5ef3-41d6-9768-f6aa2d0c422d,D07,LECO,LECO.AOS.aquatic.plant.transect.07,2,2021-03-30T18:12:00Z,LECO.20210330,LECO.20210330.AP2.T07,NA,NA,NA,NA,NA,N,plant,submerged,BRSAS,Brachythecium salebrosum (F. Weber & D. Mohr) Schimp. var. salebrosum,NA,NA,NA,NA,Bryopsida,Hypnales,Brachytheciaceae,Brachythecium,NA,salebrosum,var. salebrosum,NA,NA,(F. Weber & D. Mohr) Schimp.,NA,NA,variety,NA,NA,NA,NA,NA,20260113T223227Z,RELEASE-2026
0ff550d0-c565-45a5-a73f-bdaa717efb96,D07,LECO,LECO.AOS.aquatic.plant.transect.07,18,2021-03-30T18:12:00Z,LECO.20210330,LECO.20210330.AP3.T07,NA,NA,NA,NA,NA,N,plant,submerged,BRSAS,Brachythecium salebrosum (F. Weber & D. Mohr) Schimp. var. salebrosum,NA,NA,NA,NA,Bryopsida,Hypnales,Brachytheciaceae,Brachythecium,NA,salebrosum,var. salebrosum,NA,NA,(F. Weber & D. Mohr) Schimp.,NA,NA,variety,NA,NA,NA,NA,NA,20260113T223227Z,RELEASE-2026
5e311836-22d1-4361-95cc-b65c99e19a78,D07,LECO,LECO.AOS.aquatic.plant.transect.08,1,2021-03-30T18:26:00Z,LECO.20210330,LECO.20210330.AP1.T08,NA,NA,NA,NA,NA,N,plant,submerged,BRSAS,Brachythecium salebrosum (F. Weber & D. Mohr) Schimp. var. salebrosum,NA,NA,NA,NA,Bryopsida,Hypnales,Brachytheciaceae,Brachythecium,NA,salebrosum,var. salebrosum,NA,NA,(F. Weber & D. Mohr) Schimp.,NA,"McKnight, Common Mosses of the Northeast and Appalachians (2013)",variety,NA,NA,NA,NA,NA,20260113T223227Z,RELEASE-2026
ba49eed0-1e0b-4fa0-95ba-f00c88da03ea,D07,LECO,LECO.AOS.aquatic.plant.transect.08,20,2021-03-30T18:26:00Z,LECO.20210330,LECO.20210330.AP2.T08,NA,NA,NA,NA,NA,N,plant,submerged,BRSAS,Brachythecium salebrosum (F. Weber & D. Mohr) Schimp. var. salebrosum,NA,NA,NA,NA,Bryopsida,Hypnales,Brachytheciaceae,Brachythecium,NA,salebrosum,var. salebrosum,NA,NA,(F. Weber & D. Mohr) Schimp.,NA,"McKnight, Common Mosses of the Northeast and Appalachians (2013)",variety,NA,NA,NA,NA,NA,20260113T223227Z,RELEASE-2026
0a0ff807-8dc9-44cc-b0f7-6bbdabf69c23,D07,LECO,LECO.AOS.aquatic.plant.transect.09,10,2021-03-30T18:51:00Z,LECO.20210330,LECO.20210330.AP1.T09,NA,NA,NA,NA,NA,N,plant,submerged,BRSAS,Brachythecium salebrosum (F. Weber & D. Mohr) Schimp. var. salebrosum,NA,NA,NA,NA,Bryopsida,Hypnales,Brachytheciaceae,Brachythecium,NA,salebrosum,var. salebrosum,NA,NA,(F. Weber & D. Mohr) Schimp.,NA,NA,variety,NA,NA,NA,NA,NA,20260113T223227Z,RELEASE-2026
1a45c2a2-9efb-4f55-8f23-7990d6ef4dd7,D07,LECO,LECO.AOS.aquatic.plant.transect.09,13,2021-03-30T18:51:00Z,LECO.20210330,LECO.20210330.AP2.T09,NA,NA,NA,NA,NA,N,plant,submerged,BRSAS,Brachythecium salebrosum (F. Weber & D. Mohr) Schimp. var. salebrosum,NA,NA,NA,NA,Bryopsida,Hypnales,Brachytheciaceae,Brachythecium,NA,salebrosum,var. salebrosum,NA,NA,(F. Weber & D. Mohr) Schimp.,NA,NA,variety,NA,NA,NA,NA,NA,20260113T223227Z,RELEASE-2026
db4358f6-2bbc-4cbe-aa9e-5b1fce5e1d8b,D07,LECO,LECO.AOS.aquatic.plant.transect.10,16,2021-03-30T19:19:00Z,LECO.20210330,LECO.20210330.AP5.T10,NA,NA,NA,NA,NA,N,plant,submerged,BRSAS,Brachythecium salebrosum (F. Weber & D. Mohr) Schimp. var. salebrosum,NA,NA,NA,NA,Bryopsida,Hypnales,Brachytheciaceae,Brachythecium,NA,salebrosum,var. salebrosum,NA,NA,(F. Weber & D. Mohr) Schimp.,NA,NA,variety,NA,NA,NA,NA,NA,20260113T223227Z,RELEASE-2026
4cd5a583-a04b-4b83-b057-ef22aa03d3a9,D07,LECO,LECO.AOS.aquatic.plant.transect.10,2,2021-03-30T19:19:00Z,LECO.20210330,LECO.20210330.AP1.T10,NA,NA,NA,NA,NA,N,plant,submerged,BRSAS,Brachythecium salebrosum (F. Weber & D. Mohr) Schimp. var. salebrosum,NA,NA,NA,NA,Bryopsida,Hypnales,Brachytheciaceae,Brachythecium,NA,salebrosum,var. salebrosum,NA,NA,(F. Weber & D. Mohr) Schimp.,NA,NA,variety,NA,NA,NA,NA,NA,20260113T223227Z,RELEASE-2026
fa8331e3-fddb-4268-a7dc-15bcbaf8b2ec,D07,LECO,LECO.AOS.aquatic.plant.transect.10,6,2021-03-30T19:19:00Z,LECO.20210330,LECO.20210330.AP4.T10,NA,NA,NA,NA,NA,N,plant,submerged,BRSAS,Brachythecium salebrosum (F. Weber & D. Mohr) Schimp. var. salebrosum,NA,NA,NA,NA,Bryopsida,Hypnales,Brachytheciaceae,Brachythecium,NA,salebrosum,var. salebrosum,NA,NA,(F. Weber & D. Mohr) Schimp.,NA,NA,variety,NA,NA,NA,NA,NA,20260113T223227Z,RELEASE-2026
addab42d-e013-4695-9306-376003a370a9,D07,LECO,LECO.AOS.aquatic.plant.transect.10,5,2021-03-30T19:19:00Z,LECO.20210330,LECO.20210330.AP3.T10,NA,NA,NA,NA,NA,N,plant,submerged,BRSAS,Brachythecium salebrosum (F. Weber & D. Mohr) Schimp. var. salebrosum,NA,NA,NA,NA,Bryopsida,Hypnales,Brachytheciaceae,Brachythecium,NA,salebrosum,var. salebrosum,NA,NA,(F. Weber & D. Mohr) Schimp.,NA,NA,variety,NA,NA,NA,NA,NA,20260113T223227Z,RELEASE-2026
48373647-f41b-4fc4-ad6a-9ae3996b9bb0,D07,LECO,LECO.AOS.aquatic.plant.transect.10,3,2021-03-30T19:19:00Z,LECO.20210330,LECO.20210330.AP2.T10,NA,NA,NA,NA,NA,N,plant,submerged,BRSAS,Brachythecium salebrosum (F. Weber & D. Mohr) Schimp. var. salebrosum,NA,NA,NA,NA,Bryopsida,Hypnales,Brachytheciaceae,Brachythecium,NA,salebrosum,var. salebrosum,NA,NA,(F. Weber & D. Mohr) Schimp.,NA,NA,variety,NA,NA,NA,NA,NA,20260113T223227Z,RELEASE-2026
69819e8f-267b-4cd6-89af-cd8dbde6ac5e,D07,LECO,LECO.AOS.aquatic.plant.transect.02,6,2021-10-18T17:17:00Z,LECO.20211018,LECO.20211018.AP1.T02,NA,NA,NA,NA,NA,N,plant,submerged,BRSAS,Brachythecium salebrosum (F. Weber & D. Mohr) Schimp. var. salebrosum,NA,NA,NA,NA,Bryopsida,Hypnales,Brachytheciaceae,Brachythecium,NA,salebrosum,var. salebrosum,NA,NA,(F. Weber & D. Mohr) Schimp.,NA,"McKnight, Common Mosses of the Northeast and Appalachians (2013)",variety,NA,NA,NA,NA,NA,20260113T222438Z,RELEASE-2026
eb08b5fb-6680-4297-b7ee-77297bfcfacc,D07,LECO,LECO.AOS.aquatic.plant.transect.01,11,2022-07-20T15:37:00Z,LECO.20220720,LECO.20220720.AP11.1.T1,NA,Sample condition ok,NA,NA,NA,N,plant,submerged,BRSAS,Brachythecium salebrosum (F. Weber & D. Mohr) Schimp. var. salebrosum,NA,NA,NA,NA,Bryopsida,Hypnales,Brachytheciaceae,Brachythecium,NA,salebrosum,var. salebrosum,NA,NA,(F. Weber & D. Mohr) Schimp.,NA,"McKnight, Common Mosses of the Northeast and Appalachians (2013)",variety,NA,NA,NA,NA,NA,20260113T222414Z,RELEASE-2026
c727009d-4a8b-4309-aa3b-3eaa9614e9b0,D07,LECO,LECO.AOS.aquatic.plant.transect.01,9,2022-07-20T15:37:00Z,LECO.20220720,LECO.20220720.AP9.1.T1,NA,Sample condition ok,NA,NA,NA,N,plant,submerged,BRSAS,Brachythecium salebrosum (F. Weber & D. Mohr) Schimp. var. salebrosum,NA,NA,NA,NA,Bryopsida,Hypnales,Brachytheciaceae,Brachythecium,NA,salebrosum,var. salebrosum,NA,NA,(F. Weber & D. Mohr) Schimp.,NA,"McKnight, Common Mosses of the Northeast and Appalachians (2013)",variety,NA,NA,NA,NA,NA,20260113T222414Z,RELEASE-2026
0809a61c-9e19-48ea-90df-2735e5d67d40,D07,LECO,LECO.AOS.aquatic.plant.transect.01,8,2022-07-20T15:37:00Z,LECO.20220720,LECO.20220720.AP8.1.T1,NA,Sample condition ok,NA,NA,NA,N,plant,submerged,BRSAS,Brachythecium salebrosum (F. Weber & D. Mohr) Schimp. var. salebrosum,NA,NA,NA,NA,Bryopsida,Hypnales,Brachytheciaceae,Brachythecium,NA,salebrosum,var. salebrosum,NA,NA,(F. Weber & D. Mohr) Schimp.,NA,"McKnight, Common Mosses of the Northeast and Appalachians (2013)",variety,NA,NA,NA,NA,NA,20260113T222414Z,RELEASE-2026
61d10edf-2b6d-49b1-a176-e29cbcf03795,D07,LECO,LECO.AOS.aquatic.plant.transect.05,5,2022-07-20T17:12:00Z,LECO.20220720,LECO.20220720.AP5.1.T5,NA,Sample condition ok,NA,NA,NA,N,plant,submerged,BRSAS,Brachythecium salebrosum (F. Weber & D. Mohr) Schimp. var. salebrosum,NA,NA,NA,NA,Bryopsida,Hypnales,Brachytheciaceae,Brachythecium,NA,salebrosum,var. salebrosum,NA,NA,(F. Weber & D. Mohr) Schimp.,NA,"McKnight, Common Mosses of the Northeast and Appalachians (2013)",variety,NA,NA,NA,NA,NA,20260113T222414Z,RELEASE-2026
45f6678b-fd5e-4457-a6aa-fbc12f1fc0a8,D07,LECO,LECO.AOS.aquatic.plant.transect.07,7,2022-07-20T18:06:00Z,LECO.20220720,LECO.20220720.AP7.1.T7,NA,Sample condition ok,NA,NA,NA,N,plant,submerged,BRSAS,Brachythecium salebrosum (F. Weber & D. Mohr) Schimp. var. salebrosum,NA,NA,NA,NA,Bryopsida,Hypnales,Brachytheciaceae,Brachythecium,NA,salebrosum,var. salebrosum,NA,NA,(F. Weber & D. Mohr) Schimp.,NA,"McKnight, Common Mosses of the Northeast and Appalachians (2013)",variety,NA,NA,NA,NA,NA,20260113T222414Z,RELEASE-2026
1ace7acd-8ec5-456b-9447-079de0be8d5c,D07,LECO,LECO.AOS.aquatic.plant.transect.08,16,2022-07-20T18:52:00Z,LECO.20220720,LECO.20220720.AP16.1.T8,NA,Sample condition ok,NA,NA,NA,N,plant,submerged,BRSAS,Brachythecium salebrosum (F. Weber & D. Mohr) Schimp. var. salebrosum,NA,NA,NA,NA,Bryopsida,Hypnales,Brachytheciaceae,Brachythecium,NA,salebrosum,var. salebrosum,NA,NA,(F. Weber & D. Mohr) Schimp.,NA,"McKnight, Common Mosses of the Northeast and Appalachians (2013)",variety,NA,NA,NA,NA,NA,20260113T222414Z,RELEASE-2026
c3c43c99-d821-4831-a8c1-80f653185846,D07,LECO,LECO.AOS.aquatic.plant.transect.09,18,2022-07-20T19:34:00Z,LECO.20220720,LECO.20220720.AP18.1.T9,NA,Sample condition ok,NA,NA,NA,N,plant,submerged,BRSAS,Brachythecium salebrosum (F. Weber & D. Mohr) Schimp. var. salebrosum,NA,NA,NA,NA,Bryopsida,Hypnales,Brachytheciaceae,Brachythecium,NA,salebrosum,var. salebrosum,NA,NA,(F. Weber & D. Mohr) Schimp.,NA,"McKnight, Common Mosses of the Northeast and Appalachians (2013)",variety,NA,NA,NA,NA,NA,20260113T222414Z,RELEASE-2026
a5450241-c2f5-463a-949b-f9bba885595a,D07,LECO,LECO.AOS.aquatic.plant.transect.10,20,2022-07-20T19:55:00Z,LECO.20220720,LECO.20220720.AP20.1.T10,NA,Sample condition ok,NA,NA,NA,N,plant,submerged,BRSAS,Brachythecium salebrosum (F. Weber & D. Mohr) Schimp. var. salebrosum,NA,NA,NA,NA,Bryopsida,Hypnales,Brachytheciaceae,Brachythecium,NA,salebrosum,var. salebrosum,NA,NA,(F. Weber & D. Mohr) Schimp.,NA,"McKnight, Common Mosses of the Northeast and Appalachians (2013)",variety,NA,NA,NA,NA,NA,20260113T222414Z,RELEASE-2026
28763184-4329-4a98-8e0e-1c2bef78a64a,D07,LECO,LECO.AOS.aquatic.plant.transect.02,1,2022-10-18T17:05:00Z,LECO.20221018,LECO.20221018.AP1.1.T2,NA,Sample condition ok,NA,NA,NA,N,plant,submerged,BRSAS,Brachythecium salebrosum (F. Weber & D. Mohr) Schimp. var. salebrosum,NA,NA,NA,NA,Bryopsida,Hypnales,Brachytheciaceae,Brachythecium,NA,salebrosum,var. salebrosum,NA,NA,(F. Weber & D. Mohr) Schimp.,NA,"McKnight, Common Mosses of the Northeast and Appalachians (2013)",variety,NA,NA,NA,NA,NA,20260113T222131Z,RELEASE-2026
ed03fad5-1f5d-41a7-bcc0-dc8b30cece4c,D07,LECO,LECO.AOS.aquatic.plant.transect.07,7,2022-10-18T19:05:00Z,LECO.20221018,LECO.20221018.AP7.1.T7,NA,Sample condition ok,NA,NA,NA,N,plant,submerged,BRSAS,Brachythecium salebrosum (F. Weber & D. Mohr) Schimp. var. salebrosum,NA,NA,NA,NA,Bryopsida,Hypnales,Brachytheciaceae,Brachythecium,NA,salebrosum,var. salebrosum,NA,NA,(F. Weber & D. Mohr) Schimp.,NA,"McKnight, Common Mosses of the Northeast and Appalachians (2013)",variety,NA,NA,NA,NA,NA,20260113T222131Z,RELEASE-2026
c193a19e-1cd7-4fde-b8c9-a18ee972bc8b,D07,LECO,LECO.AOS.aquatic.plant.transect.07,5,2022-10-18T19:05:00Z,LECO.20221018,LECO.20221018.AP5.1.T7,NA,Sample condition ok,NA,NA,NA,N,plant,submerged,BRSAS,Brachythecium salebrosum (F. Weber & D. Mohr) Schimp. var. salebrosum,NA,NA,NA,NA,Bryopsida,Hypnales,Brachytheciaceae,Brachythecium,NA,salebrosum,var. salebrosum,NA,NA,(F. Weber & D. Mohr) Schimp.,NA,"McKnight, Common Mosses of the Northeast and Appalachians (2013)",variety,NA,NA,NA,NA,NA,20260113T222131Z,RELEASE-2026
4e988bbd-23af-48fd-88dc-db0aebb190eb,D07,LECO,LECO.AOS.aquatic.plant.transect.10,8,2022-10-18T20:28:00Z,LECO.20221018,LECO.20221018.AP8.1.T10,NA,Sample condition ok,NA,NA,NA,N,plant,submerged,BRSAS,Brachythecium salebrosum (F. Weber & D. Mohr) Schimp. var. salebrosum,NA,NA,NA,NA,Bryopsida,Hypnales,Brachytheciaceae,Brachythecium,NA,salebrosum,var. salebrosum,NA,NA,(F. Weber & D. Mohr) Schimp.,NA,"McKnight, Common Mosses of the Northeast and Appalachians (2013)",variety,NA,NA,NA,NA,NA,20260113T222131Z,RELEASE-2026
e2d94208-0bee-4354-9b47-1ea52dc6cc6b,D07,LECO,LECO.AOS.aquatic.plant.transect.10,9,2022-10-18T20:28:00Z,LECO.20221018,LECO.20221018.AP9.1.T10,NA,Sample condition ok,NA,NA,NA,N,plant,submerged,BRSAS,Brachythecium salebrosum (F. Weber & D. Mohr) Schimp. var. salebrosum,NA,NA,NA,NA,Bryopsida,Hypnales,Brachytheciaceae,Brachythecium,NA,salebrosum,var. salebrosum,NA,NA,(F. Weber & D. Mohr) Schimp.,NA,"McKnight, Common Mosses of the Northeast and Appalachians (2013)",variety,NA,NA,NA,NA,NA,20260113T222131Z,RELEASE-2026
66fd6cad-c498-4e3d-bc7b-40a6f28fe346,D07,LECO,LECO.AOS.aquatic.plant.transect.10,7,2022-10-18T20:28:00Z,LECO.20221018,LECO.20221018.AP7.1.T10,NA,Sample condition ok,NA,NA,NA,N,plant,submerged,BRSAS,Brachythecium salebrosum (F. Weber & D. Mohr) Schimp. var. salebrosum,NA,NA,NA,NA,Bryopsida,Hypnales,Brachytheciaceae,Brachythecium,NA,salebrosum,var. salebrosum,NA,NA,(F. Weber & D. Mohr) Schimp.,NA,"McKnight, Common Mosses of the Northeast and Appalachians (2013)",variety,NA,NA,NA,NA,NA,20260113T222131Z,RELEASE-2026
4d56875e-d627-4186-9a1d-8dc029f10d35,D07,LECO,LECO.AOS.aquatic.plant.transect.01,10,2022-03-29T16:05:00Z,LECO.20220329,LECO.20220329.AP10.1.T1,NA,Sample condition ok,NA,NA,NA,N,plant,submerged,BRSAS,Brachythecium salebrosum (F. Weber & D. Mohr) Schimp. var. salebrosum,NA,NA,NA,NA,Bryopsida,Hypnales,Brachytheciaceae,Brachythecium,NA,salebrosum,var. salebrosum,NA,NA,(F. Weber & D. Mohr) Schimp.,NA,"McKnight, Common Mosses of the Northeast and Appalachians (2013)",variety,NA,NA,NA,NA,NA,20260113T222024Z,RELEASE-2026
13a1d0f9-41d5-4d4c-bb53-806f095855e9,D07,LECO,LECO.AOS.aquatic.plant.transect.02,5,2022-03-29T16:27:00Z,LECO.20220329,LECO.20220329.AP5.1.T2,NA,Sample condition ok,NA,NA,NA,N,plant,submerged,BRSAS,Brachythecium salebrosum (F. Weber & D. Mohr) Schimp. var. salebrosum,NA,NA,NA,NA,Bryopsida,Hypnales,Brachytheciaceae,Brachythecium,NA,salebrosum,var. salebrosum,NA,NA,(F. Weber & D. Mohr) Schimp.,NA,"McKnight, Common Mosses of the Northeast and Appalachians (2013)",variety,NA,NA,NA,NA,NA,20260113T222024Z,RELEASE-2026
05efd181-4257-4e69-a3ea-82ca23ff2903,D07,LECO,LECO.AOS.aquatic.plant.transect.02,18,2022-03-29T16:27:00Z,LECO.20220329,LECO.20220329.AP18.1.T2,NA,Sample condition ok,NA,NA,NA,N,plant,submerged,BRSAS,Brachythecium salebrosum (F. Weber & D. Mohr) Schimp. var. salebrosum,NA,NA,NA,NA,Bryopsida,Hypnales,Brachytheciaceae,Brachythecium,NA,salebrosum,var. salebrosum,NA,NA,(F. Weber & D. Mohr) Schimp.,NA,"McKnight, Common Mosses of the Northeast and Appalachians (2013)",variety,NA,NA,NA,NA,NA,20260113T222024Z,RELEASE-2026
0a9e528b-5946-4c21-b82e-60bc9bc24afc,D07,LECO,LECO.AOS.aquatic.plant.transect.03,2,2022-03-29T16:41:00Z,LECO.20220329,LECO.20220329.AP2.1.T3,NA,Sample condition ok,NA,NA,NA,N,plant,submerged,BRSAS,Brachythecium salebrosum (F. Weber & D. Mohr) Schimp. var. salebrosum,NA,NA,NA,NA,Bryopsida,Hypnales,Brachytheciaceae,Brachythecium,NA,salebrosum,var. salebrosum,NA,NA,(F. Weber & D. Mohr) Schimp.,NA,"McKnight, Common Mosses of the Northeast and Appalachians (2013)",variety,NA,NA,NA,NA,NA,20260113T222024Z,RELEASE-2026
b4201d2e-9c1e-47f1-b2ff-37b14487712e,D07,LECO,LECO.AOS.aquatic.plant.transect.07,8,2022-03-29T18:55:00Z,LECO.20220329,LECO.20220329.AP8.1.T7,NA,Sample condition ok,NA,NA,NA,N,plant,submerged,BRSAS,Brachythecium salebrosum (F. Weber & D. Mohr) Schimp. var. salebrosum,NA,NA,NA,NA,Bryopsida,Hypnales,Brachytheciaceae,Brachythecium,NA,salebrosum,var. salebrosum,NA,NA,(F. Weber & D. Mohr) Schimp.,NA,"McKnight, Common Mosses of the Northeast and Appalachians (2013)",variety,NA,NA,NA,NA,NA,20260113T222024Z,RELEASE-2026
bc13ab9e-b702-4cbf-bd82-8f6155610d9c,D07,LECO,LECO.AOS.aquatic.plant.transect.07,12,2022-03-29T18:55:00Z,LECO.20220329,LECO.20220329.AP12.1.T7,NA,Sample condition ok,NA,NA,NA,N,plant,submerged,BRSAS,Brachythecium salebrosum (F. Weber & D. Mohr) Schimp. var. salebrosum,NA,NA,NA,NA,Bryopsida,Hypnales,Brachytheciaceae,Brachythecium,NA,salebrosum,var. salebrosum,NA,NA,(F. Weber & D. Mohr) Schimp.,NA,"McKnight, Common Mosses of the Northeast and Appalachians (2013)",variety,NA,NA,NA,NA,NA,20260113T222024Z,RELEASE-2026
51653c11-1ed4-48db-aed5-094eb25ef501,D07,LECO,LECO.AOS.aquatic.plant.transect.07,1,2022-03-29T18:55:00Z,LECO.20220329,LECO.20220329.AP1.1.T7,NA,Sample condition ok,NA,NA,NA,N,plant,submerged,BRSAS,Brachythecium salebrosum (F. Weber & D. Mohr) Schimp. var. salebrosum,NA,NA,NA,NA,Bryopsida,Hypnales,Brachytheciaceae,Brachythecium,NA,salebrosum,var. salebrosum,NA,NA,(F. Weber & D. Mohr) Schimp.,NA,"McKnight, Common Mosses of the Northeast and Appalachians (2013)",variety,NA,NA,NA,NA,NA,20260113T222024Z,RELEASE-2026
0948e148-2afd-41bb-8279-cc7fc0cc615f,D07,LECO,LECO.AOS.aquatic.plant.transect.08,1,2022-03-29T19:44:00Z,LECO.20220329,LECO.20220329.AP1.1.T8,NA,Sample condition ok,NA,NA,NA,N,plant,submerged,BRSAS,Brachythecium salebrosum (F. Weber & D. Mohr) Schimp. var. salebrosum,NA,NA,NA,NA,Bryopsida,Hypnales,Brachytheciaceae,Brachythecium,NA,salebrosum,var. salebrosum,NA,NA,(F. Weber & D. Mohr) Schimp.,NA,"McKnight, Common Mosses of the Northeast and Appalachians (2013)",variety,NA,NA,NA,NA,NA,20260113T222024Z,RELEASE-2026
ef309ec5-c586-45bc-875a-c829be0bad3a,D07,LECO,LECO.AOS.aquatic.plant.transect.09,17,2022-03-29T20:46:00Z,LECO.20220329,LECO.20220329.AP17.1.T9,NA,Sample condition ok,NA,NA,NA,N,plant,submerged,BRSAS,Brachythecium salebrosum (F. Weber & D. Mohr) Schimp. var. salebrosum,NA,NA,NA,NA,Bryopsida,Hypnales,Brachytheciaceae,Brachythecium,NA,salebrosum,var. salebrosum,NA,NA,(F. Weber & D. Mohr) Schimp.,NA,"McKnight, Common Mosses of the Northeast and Appalachians (2013)",variety,NA,NA,NA,NA,NA,20260113T222024Z,RELEASE-2026
93721ed1-aac0-4f71-8fec-dbf338f7cf81,D07,LECO,LECO.AOS.aquatic.plant.transect.09,18,2022-03-29T20:46:00Z,LECO.20220329,LECO.20220329.AP18.1.T9,NA,Sample condition ok,NA,NA,NA,N,plant,submerged,BRSAS,Brachythecium salebrosum (F. Weber & D. Mohr) Schimp. var. salebrosum,NA,NA,NA,NA,Bryopsida,Hypnales,Brachytheciaceae,Brachythecium,NA,salebrosum,var. salebrosum,NA,NA,(F. Weber & D. Mohr) Schimp.,NA,"McKnight, Common Mosses of the Northeast and Appalachians (2013)",variety,NA,NA,NA,NA,NA,20260113T222024Z,RELEASE-2026
ef7fbc0f-ff87-447d-982d-05dad74bc368,D07,LECO,LECO.AOS.aquatic.plant.transect.10,8,2022-03-29T21:19:00Z,LECO.20220329,LECO.20220329.AP8.1.T10,NA,Sample condition ok,NA,NA,NA,N,plant,submerged,POPI14,Porella pinnata L.,NA,NA,NA,NA,Hepaticopsida,Jungermanniales,Porellaceae,Porella,NA,pinnata,NA,NA,NA,L.,NA,"Davison, A Trailside Guide to Mosses and Liverworts of the Cherokee National Forest (2008)",species,NA,NA,NA,NA,NA,20260113T222024Z,RELEASE-2026
f9f0aee7-d699-4720-8ee1-eaa7acf3351c,D07,LECO,LECO.AOS.aquatic.plant.transect.10,9,2022-03-29T21:19:00Z,LECO.20220329,LECO.20220329.AP9.1.T10,NA,Sample condition ok,NA,NA,NA,N,plant,submerged,BRSAS,Brachythecium salebrosum (F. Weber & D. Mohr) Schimp. var. salebrosum,NA,NA,NA,NA,Bryopsida,Hypnales,Brachytheciaceae,Brachythecium,NA,salebrosum,var. salebrosum,NA,NA,(F. Weber & D. Mohr) Schimp.,NA,"McKnight, Common Mosses of the Northeast and Appalachians (2013)",variety,NA,NA,NA,NA,NA,20260113T222024Z,RELEASE-2026
c4345485-3d9e-4a1e-9ae4-8f23b65fb6b3,D07,LECO,LECO.AOS.aquatic.plant.transect.10,19,2022-03-29T21:19:00Z,LECO.20220329,LECO.20220329.AP19.1.T10,NA,Sample condition ok,NA,NA,NA,N,plant,submerged,BRSAS,Brachythecium salebrosum (F. Weber & D. Mohr) Schimp. var. salebrosum,NA,NA,NA,NA,Bryopsida,Hypnales,Brachytheciaceae,Brachythecium,NA,salebrosum,var. salebrosum,NA,NA,(F. Weber & D. Mohr) Schimp.,NA,"McKnight, Common Mosses of the Northeast and Appalachians (2013)",variety,NA,NA,NA,NA,NA,20260113T222024Z,RELEASE-2026
ed585800-a090-4e8e-98d1-f3fcb275debb,D07,LECO,LECO.AOS.aquatic.plant.transect.10,20,2022-03-29T21:19:00Z,LECO.20220329,LECO.20220329.AP20.1.T10,NA,Sample condition ok,NA,NA,NA,N,plant,submerged,BRSAS,Brachythecium salebrosum (F. Weber & D. Mohr) Schimp. var. salebrosum,NA,NA,NA,NA,Bryopsida,Hypnales,Brachytheciaceae,Brachythecium,NA,salebrosum,var. salebrosum,NA,NA,(F. Weber & D. Mohr) Schimp.,NA,"McKnight, Common Mosses of the Northeast and Appalachians (2013)",variety,NA,NA,NA,NA,NA,20260113T222024Z,RELEASE-2026
e0f55cef-311d-4f9e-b904-b94d7ff5ccce,D07,WALK,WALK.AOS.aquatic.plant.transect.07,12,2016-07-01T16:00:00Z,WALK.20160701,WALK.20160701.AP3.T07,NA,NA,NA,NA,NA,N,plant,submerged,POPI14,Porella pinnata L.,NA,NA,NA,NA,Hepaticopsida,Jungermanniales,Porellaceae,Porella,NA,pinnata,NA,NA,NA,L.,NA,NA,species,NA,NA,NA,NA,NA,20260113T222709Z,RELEASE-2026
37ada6b6-1ebb-4f9b-9714-166d4afd5e26,D07,WALK,WALK.AOS.aquatic.plant.transect.01,4,2016-07-01T16:00:00Z,WALK.20160701,WALK.20160701.AP1.T01,NA,NA,NA,NA,NA,N,plant,submerged,POPI14,Porella pinnata L.,NA,NA,NA,NA,Hepaticopsida,Jungermanniales,Porellaceae,Porella,NA,pinnata,NA,NA,NA,L.,NA,NA,species,NA,NA,NA,NA,NA,20260113T222709Z,RELEASE-2026
b3d85464-0e14-49fd-93d8-983f7e9801a6,D07,WALK,WALK.AOS.aquatic.plant.transect.07,14,2016-07-01T16:00:00Z,WALK.20160701,WALK.20160701.AP4.T07,NA,NA,NA,NA,NA,N,plant,submerged,POPI14,Porella pinnata L.,NA,NA,NA,NA,Hepaticopsida,Jungermanniales,Porellaceae,Porella,NA,pinnata,NA,NA,NA,L.,NA,NA,species,NA,NA,NA,NA,NA,20260113T222709Z,RELEASE-2026
e68d189c-6545-470e-bb3e-4bd70e98b002,D07,WALK,WALK.AOS.aquatic.plant.transect.07,17,2016-07-01T16:00:00Z,WALK.20160701,WALK.20160701.AP7.T07,NA,NA,NA,NA,NA,N,plant,submerged,POPI14,Porella pinnata L.,NA,NA,NA,NA,Hepaticopsida,Jungermanniales,Porellaceae,Porella,NA,pinnata,NA,NA,NA,L.,NA,NA,species,NA,NA,NA,NA,NA,20260113T222709Z,RELEASE-2026
ba64507c-843d-4e75-ac7b-a5b4913a0fcf,D07,WALK,WALK.AOS.aquatic.plant.transect.06,8,2016-07-01T16:00:00Z,WALK.20160701,WALK.20160701.AP1.T06,NA,NA,NA,NA,NA,N,plant,submerged,POPI14,Porella pinnata L.,NA,NA,NA,NA,Hepaticopsida,Jungermanniales,Porellaceae,Porella,NA,pinnata,NA,NA,NA,L.,NA,NA,species,NA,NA,NA,NA,NA,20260113T222709Z,RELEASE-2026
4eecc13a-8f11-4dcb-b63c-42c7b934021d,D07,WALK,WALK.AOS.aquatic.plant.transect.04,8,2016-07-01T16:00:00Z,WALK.20160701,WALK.20160701.AP1.T04,NA,NA,NA,NA,NA,N,plant,submerged,POPI14,Porella pinnata L.,NA,NA,NA,NA,Hepaticopsida,Jungermanniales,Porellaceae,Porella,NA,pinnata,NA,NA,NA,L.,NA,NA,species,NA,NA,NA,NA,NA,20260113T222709Z,RELEASE-2026
62931631-c920-41b8-9008-ce91dde46dce,D07,WALK,WALK.AOS.aquatic.plant.transect.07,10,2016-07-01T16:00:00Z,WALK.20160701,WALK.20160701.AP1.T07,NA,NA,NA,NA,NA,N,plant,submerged,POPI14,Porella pinnata L.,NA,NA,NA,NA,Hepaticopsida,Jungermanniales,Porellaceae,Porella,NA,pinnata,NA,NA,NA,L.,NA,NA,species,NA,NA,NA,NA,NA,20260113T222709Z,RELEASE-2026
ea75adc6-5d4c-42aa-a15b-08587a875aeb,D07,WALK,WALK.AOS.aquatic.plant.transect.07,15,2016-07-01T16:00:00Z,WALK.20160701,WALK.20160701.AP5.T07,NA,NA,NA,NA,NA,N,plant,submerged,POPI14,Porella pinnata L.,NA,NA,NA,NA,Hepaticopsida,Jungermanniales,Porellaceae,Porella,NA,pinnata,NA,NA,NA,L.,NA,NA,species,NA,NA,NA,NA,NA,20260113T222709Z,RELEASE-2026
e9666b37-3899-4d2e-a6fe-2137f2b3ea45,D07,WALK,WALK.AOS.aquatic.plant.transect.04,19,2016-07-01T16:00:00Z,WALK.20160701,WALK.20160701.AP3.T04,NA,NA,NA,NA,NA,N,plant,submerged,POPI14,Porella pinnata L.,NA,NA,NA,NA,Hepaticopsida,Jungermanniales,Porellaceae,Porella,NA,pinnata,NA,NA,NA,L.,NA,NA,species,NA,NA,NA,NA,NA,20260113T222709Z,RELEASE-2026
f66daf5d-3b1b-47bc-b422-cd05373766d2,D07,WALK,WALK.AOS.aquatic.plant.transect.07,16,2016-07-01T16:00:00Z,WALK.20160701,WALK.20160701.AP6.T07,NA,NA,NA,NA,NA,N,plant,submerged,POPI14,Porella pinnata L.,NA,NA,NA,NA,Hepaticopsida,Jungermanniales,Porellaceae,Porella,NA,pinnata,NA,NA,NA,L.,NA,NA,species,NA,NA,NA,NA,NA,20260113T222709Z,RELEASE-2026
d0050f4e-f9c8-45e0-a8cd-9ad495964c20,D07,WALK,WALK.AOS.aquatic.plant.transect.09,14,2016-07-01T16:00:00Z,WALK.20160701,WALK.20160701.AP1.T09,NA,NA,NA,NA,NA,N,plant,submerged,POPI14,Porella pinnata L.,NA,NA,NA,NA,Hepaticopsida,Jungermanniales,Porellaceae,Porella,NA,pinnata,NA,NA,NA,L.,NA,NA,species,NA,NA,NA,NA,NA,20260113T222709Z,RELEASE-2026
a8762605-5fd8-4c7b-b856-fb2ec2f5fbf2,D07,WALK,WALK.AOS.aquatic.plant.transect.07,11,2016-07-01T16:00:00Z,WALK.20160701,WALK.20160701.AP2.T07,NA,NA,NA,NA,NA,N,plant,submerged,POPI14,Porella pinnata L.,NA,NA,NA,NA,Hepaticopsida,Jungermanniales,Porellaceae,Porella,NA,pinnata,NA,NA,NA,L.,NA,NA,species,NA,NA,NA,NA,NA,20260113T222709Z,RELEASE-2026
e731ec62-4a0e-488a-b40a-232463f6ce01,D07,WALK,WALK.AOS.aquatic.plant.transect.01,9,2016-07-01T16:00:00Z,WALK.20160701,WALK.20160701.AP2.T01,NA,NA,NA,NA,NA,N,plant,NA,POPI14,Porella pinnata L.,NA,NA,NA,NA,Hepaticopsida,Jungermanniales,Porellaceae,Porella,NA,pinnata,NA,NA,NA,L.,NA,NA,species,NA,NA,NA,NA,NA,20260113T222709Z,RELEASE-2026
8eaa1e1b-315c-4717-91b1-d3523f7585f1,D07,WALK,WALK.AOS.aquatic.plant.transect.03,10,2016-07-01T16:00:00Z,WALK.20160701,WALK.20160701.AP1.T03,NA,NA,NA,NA,NA,N,plant,submerged,POPI14,Porella pinnata L.,NA,NA,NA,NA,Hepaticopsida,Jungermanniales,Porellaceae,Porella,NA,pinnata,NA,NA,NA,L.,NA,NA,species,NA,NA,NA,NA,NA,20260113T222709Z,RELEASE-2026
93f2c407-059b-4ef0-9e07-14b2082e9119,D07,WALK,WALK.AOS.aquatic.plant.transect.07,21,2016-07-01T16:00:00Z,WALK.20160701,WALK.20160701.AP9.T07,NA,NA,NA,NA,NA,N,plant,submerged,POPI14,Porella pinnata L.,NA,NA,NA,NA,Hepaticopsida,Jungermanniales,Porellaceae,Porella,NA,pinnata,NA,NA,NA,L.,NA,NA,species,NA,NA,NA,NA,NA,20260113T222709Z,RELEASE-2026
86a10bd3-8afb-414b-a669-f6f72e9c2fc9,D07,WALK,WALK.AOS.aquatic.plant.transect.07,20,2016-07-01T16:00:00Z,WALK.20160701,WALK.20160701.AP8.T07,NA,NA,NA,NA,NA,N,plant,submerged,POPI14,Porella pinnata L.,NA,NA,NA,NA,Hepaticopsida,Jungermanniales,Porellaceae,Porella,NA,pinnata,NA,NA,NA,L.,NA,NA,species,NA,NA,NA,NA,NA,20260113T222709Z,RELEASE-2026
b05445c6-e6cd-4b0c-ba74-6bea3f40dc9f,D07,WALK,WALK.AOS.aquatic.plant.transect.05,12,2016-07-01T16:00:00Z,WALK.20160701,WALK.20160701.AP2.T05,NA,NA,NA,NA,NA,N,plant,submerged,POPI14,Porella pinnata L.,NA,NA,NA,NA,Hepaticopsida,Jungermanniales,Porellaceae,Porella,NA,pinnata,NA,NA,NA,L.,NA,NA,species,NA,NA,NA,NA,NA,20260113T222709Z,RELEASE-2026
1c351738-482a-4b69-9a0a-fb91d88b7c4a,D07,WALK,WALK.AOS.aquatic.plant.transect.05,10,2016-07-01T16:00:00Z,WALK.20160701,WALK.20160701.AP1.T05,NA,NA,NA,NA,NA,N,plant,submerged,POPI14,Porella pinnata L.,NA,NA,NA,NA,Hepaticopsida,Jungermanniales,Porellaceae,Porella,NA,pinnata,NA,NA,NA,L.,NA,NA,species,NA,NA,NA,NA,NA,20260113T222709Z,RELEASE-2026
193cafa8-70d2-4b67-840a-ca3c74b433b9,D07,WALK,WALK.AOS.aquatic.plant.transect.04,16,2016-07-01T16:00:00Z,WALK.20160701,WALK.20160701.AP2.T04,NA,NA,NA,NA,NA,N,plant,submerged,POPI14,Porella pinnata L.,NA,NA,NA,NA,Hepaticopsida,Jungermanniales,Porellaceae,Porella,NA,pinnata,NA,NA,NA,L.,NA,NA,species,NA,NA,NA,NA,NA,20260113T222709Z,RELEASE-2026
6263b914-0818-4bf0-bd39-dcdc39dccc86,D07,WALK,WALK.AOS.aquatic.plant.transect.09,14,2015-11-12T17:00:00Z,WALK.20151112,WALK.20151112.AP8.T09,NA,NA,NA,NA,NA,N,plant,submerged,2PLANT,Unknown plant,Species P,NA,NA,NA,NA,NA,NA,NA,NA,NA,NA,NA,NA,NA,NA,NA,kingdom,NA,NA,NA,NA,legacyData,20260113T222547Z,RELEASE-2026
223731ab-8c00-428d-8237-1aa1827cac3e,D07,WALK,WALK.AOS.aquatic.plant.transect.07,5,2015-11-12T17:00:00Z,WALK.20151112,WALK.20151112.AP1.T07,NA,NA,NA,NA,NA,N,plant,submerged,2PLANT,Unknown plant,Species P,NA,NA,NA,NA,NA,NA,NA,NA,NA,NA,NA,NA,NA,NA,NA,kingdom,NA,NA,NA,NA,legacyData,20260113T222547Z,RELEASE-2026
352f38ec-8f99-4982-b110-35682b24079f,D07,WALK,WALK.AOS.aquatic.plant.transect.05,7,2015-11-12T17:00:00Z,WALK.20151112,WALK.20151112.AP2.T05,NA,NA,NA,NA,NA,N,plant,submerged,2PLANT,Unknown plant,Species P,NA,NA,NA,NA,NA,NA,NA,NA,NA,NA,NA,NA,NA,NA,NA,kingdom,NA,NA,NA,NA,legacyData,20260113T222547Z,RELEASE-2026
905cdc6e-bd2a-4f76-ad60-7ae645d357e4,D07,WALK,WALK.AOS.aquatic.plant.transect.09,11,2015-11-12T17:00:00Z,WALK.20151112,WALK.20151112.AP5.T09,NA,NA,NA,NA,NA,N,plant,submerged,2PLANT,Unknown plant,Species P,NA,NA,NA,NA,NA,NA,NA,NA,NA,NA,NA,NA,NA,NA,NA,kingdom,NA,NA,NA,NA,legacyData,20260113T222547Z,RELEASE-2026
93bc1e1d-4ec1-4f77-9175-8f6e7381c428,D07,WALK,WALK.AOS.aquatic.plant.transect.06,18,2015-11-12T17:00:00Z,WALK.20151112,WALK.20151112.AP5.T06,NA,NA,NA,NA,NA,N,plant,submerged,2PLANT,Unknown plant,Species P,NA,NA,NA,NA,NA,NA,NA,NA,NA,NA,NA,NA,NA,NA,NA,kingdom,NA,NA,NA,NA,legacyData,20260113T222547Z,RELEASE-2026
e34c6774-6b07-45ff-9055-7270b5542daf,D07,WALK,WALK.AOS.aquatic.plant.transect.10,9,2015-11-12T17:00:00Z,WALK.20151112,WALK.20151112.AP3.T10,NA,NA,NA,NA,NA,N,plant,submerged,2PLANT,Unknown plant,Species P,NA,NA,NA,NA,NA,NA,NA,NA,NA,NA,NA,NA,NA,NA,NA,kingdom,NA,NA,NA,NA,legacyData,20260113T222547Z,RELEASE-2026
055c40d0-f143-42f7-af11-afb5bc0114ac,D07,WALK,WALK.AOS.aquatic.plant.transect.10,21,2015-11-12T17:00:00Z,WALK.20151112,WALK.20151112.AP8.T10,NA,NA,NA,NA,NA,N,plant,submerged,2PLANT,Unknown plant,Species P,NA,NA,NA,NA,NA,NA,NA,NA,NA,NA,NA,NA,NA,NA,NA,kingdom,NA,NA,NA,NA,legacyData,20260113T222547Z,RELEASE-2026
07857187-0b14-4c1f-8aaa-e8cd74d8306e,D07,WALK,WALK.AOS.aquatic.plant.transect.04,9,2015-11-12T17:00:00Z,WALK.20151112,WALK.20151112.AP2.T04,NA,NA,NA,NA,NA,N,plant,submerged,2PLANT,Unknown plant,Species P,NA,NA,NA,NA,NA,NA,NA,NA,NA,NA,NA,NA,NA,NA,NA,kingdom,NA,NA,NA,NA,legacyData,20260113T222547Z,RELEASE-2026
c5493cdd-c3ec-4666-8cb1-30cba97a95be,D07,WALK,WALK.AOS.aquatic.plant.transect.02,10,2015-11-12T17:00:00Z,WALK.20151112,WALK.20151112.AP8.T02,NA,NA,NA,NA,NA,N,plant,submerged,2PLANT,Unknown plant,Species P,NA,NA,NA,NA,NA,NA,NA,NA,NA,NA,NA,NA,NA,NA,NA,kingdom,NA,NA,NA,NA,legacyData,20260113T222547Z,RELEASE-2026
dd85a46c-9eee-4c4c-841e-5d8f6de9ec13,D07,WALK,WALK.AOS.aquatic.plant.transect.03,14,2015-11-12T17:00:00Z,WALK.20151112,WALK.20151112.AP5.T03,NA,NA,NA,NA,NA,N,plant,submerged,2PLANT,Unknown plant,Species P,NA,NA,NA,NA,NA,NA,NA,NA,NA,NA,NA,NA,NA,NA,NA,kingdom,NA,NA,NA,NA,legacyData,20260113T222547Z,RELEASE-2026
123b8ffa-adf7-4b6a-8500-1ab46a719327,D07,WALK,WALK.AOS.aquatic.plant.transect.06,14,2015-11-12T17:00:00Z,WALK.20151112,WALK.20151112.AP4.T06,NA,NA,NA,NA,NA,N,plant,submerged,2PLANT,Unknown plant,Species P,NA,NA,NA,NA,NA,NA,NA,NA,NA,NA,NA,NA,NA,NA,NA,kingdom,NA,NA,NA,NA,legacyData,20260113T222547Z,RELEASE-2026
d367f94f-49f2-4a2f-a527-b73cbf92bf53,D07,WALK,WALK.AOS.aquatic.plant.transect.05,6,2015-11-12T17:00:00Z,WALK.20151112,WALK.20151112.AP1.T05,NA,NA,NA,NA,NA,N,plant,submerged,2PLANT,Unknown plant,Species P,NA,NA,NA,NA,NA,NA,NA,NA,NA,NA,NA,NA,NA,NA,NA,kingdom,NA,NA,NA,NA,legacyData,20260113T222547Z,RELEASE-2026
ab658fa9-b6e0-4db0-bca2-7e96d11eefc8,D07,WALK,WALK.AOS.aquatic.plant.transect.09,2,2015-11-12T17:00:00Z,WALK.20151112,WALK.20151112.AP1.T09,NA,NA,NA,NA,NA,N,plant,submerged,2PLANT,Unknown plant,Species P,NA,NA,NA,NA,NA,NA,NA,NA,NA,NA,NA,NA,NA,NA,NA,kingdom,NA,NA,NA,NA,legacyData,20260113T222547Z,RELEASE-2026
42a6e75f-73ed-4149-bd48-48aa9fbfaccb,D07,WALK,WALK.AOS.aquatic.plant.transect.02,8,2015-11-12T17:00:00Z,WALK.20151112,WALK.20151112.AP6.T02,NA,NA,NA,NA,NA,N,plant,submerged,2PLANT,Unknown plant,Species P,NA,NA,NA,NA,NA,NA,NA,NA,NA,NA,NA,NA,NA,NA,NA,kingdom,NA,NA,NA,NA,legacyData,20260113T222547Z,RELEASE-2026
1c187fff-a34f-4b3c-ace9-67ddb0d338ad,D07,WALK,WALK.AOS.aquatic.plant.transect.08,7,2015-11-12T17:00:00Z,WALK.20151112,WALK.20151112.AP3.T08,NA,NA,NA,NA,NA,N,plant,submerged,2PLANT,Unknown plant,Species P,NA,NA,NA,NA,NA,NA,NA,NA,NA,NA,NA,NA,NA,NA,NA,kingdom,NA,NA,NA,NA,legacyData,20260113T222547Z,RELEASE-2026
75c4de24-e2f3-4b02-b2bd-19f6fb00cfaf,D07,WALK,WALK.AOS.aquatic.plant.transect.02,4,2015-11-12T17:00:00Z,WALK.20151112,WALK.20151112.AP3.T02,NA,NA,NA,NA,NA,N,plant,submerged,2PLANT,Unknown plant,Species P,NA,NA,NA,NA,NA,NA,NA,NA,NA,NA,NA,NA,NA,NA,NA,kingdom,NA,NA,NA,NA,legacyData,20260113T222547Z,RELEASE-2026
de9de893-c4fb-41b4-8ed9-e41ae8e7208a,D07,WALK,WALK.AOS.aquatic.plant.transect.03,3,2015-11-12T17:00:00Z,WALK.20151112,WALK.20151112.AP1.T03,NA,NA,NA,NA,NA,N,plant,submerged,2PLANT,Unknown plant,Species P,NA,NA,NA,NA,NA,NA,NA,NA,NA,NA,NA,NA,NA,NA,NA,kingdom,NA,NA,NA,NA,legacyData,20260113T222547Z,RELEASE-2026
a3ca14e3-06f1-4978-8bc2-5e8c133191e0,D07,WALK,WALK.AOS.aquatic.plant.transect.09,18,2015-11-12T17:00:00Z,WALK.20151112,WALK.20151112.AP10.T09,NA,NA,NA,NA,NA,N,plant,submerged,2PLANT,Unknown plant,Species P,NA,NA,NA,NA,NA,NA,NA,NA,NA,NA,NA,NA,NA,NA,NA,kingdom,NA,NA,NA,NA,legacyData,20260113T222547Z,RELEASE-2026
52bff927-ba57-40a5-aadb-571e06c16a75,D07,WALK,WALK.AOS.aquatic.plant.transect.03,11,2015-11-12T17:00:00Z,WALK.20151112,WALK.20151112.AP4.T03,NA,NA,NA,NA,NA,N,plant,submerged,2PLANT,Unknown plant,Species P,NA,NA,NA,NA,NA,NA,NA,NA,NA,NA,NA,NA,NA,NA,NA,kingdom,NA,NA,NA,NA,legacyData,20260113T222547Z,RELEASE-2026
f866136a-9774-469a-a895-4fb1ee373976,D07,WALK,WALK.AOS.aquatic.plant.transect.01,6,2015-11-12T17:00:00Z,WALK.20151112,WALK.20151112.AP1.T01,NA,NA,NA,NA,NA,N,plant,submerged,2PLANT,Unknown plant,Species P,NA,NA,NA,NA,NA,NA,NA,NA,NA,NA,NA,NA,NA,NA,NA,kingdom,NA,NA,NA,NA,legacyData,20260113T222547Z,RELEASE-2026
1ab92c15-7437-4cfb-986f-b887a6ad803e,D07,WALK,WALK.AOS.aquatic.plant.transect.09,12,2015-11-12T17:00:00Z,WALK.20151112,WALK.20151112.AP6.T09,NA,NA,NA,NA,NA,N,plant,submerged,2PLANT,Unknown plant,Species P,NA,NA,NA,NA,NA,NA,NA,NA,NA,NA,NA,NA,NA,NA,NA,kingdom,NA,NA,NA,NA,legacyData,20260113T222547Z,RELEASE-2026
a9207dc4-7bfe-4310-8842-ebc72f9f66b9,D07,WALK,WALK.AOS.aquatic.plant.transect.01,12,2015-11-12T17:00:00Z,WALK.20151112,WALK.20151112.AP5.T01,NA,NA,NA,NA,NA,N,plant,submerged,2PLANT,Unknown plant,Species P,NA,NA,NA,NA,NA,NA,NA,NA,NA,NA,NA,NA,NA,NA,NA,kingdom,NA,NA,NA,NA,legacyData,20260113T222547Z,RELEASE-2026
cfa0c825-3215-4801-ba88-2c9e9a8c26ad,D07,WALK,WALK.AOS.aquatic.plant.transect.02,11,2015-11-12T17:00:00Z,WALK.20151112,WALK.20151112.AP9.T02,NA,NA,NA,NA,NA,N,plant,submerged,2PLANT,Unknown plant,Species P,NA,NA,NA,NA,NA,NA,NA,NA,NA,NA,NA,NA,NA,NA,NA,kingdom,NA,NA,NA,NA,legacyData,20260113T222547Z,RELEASE-2026
fe2886a0-8b63-47d3-aed5-57a53c63978f,D07,WALK,WALK.AOS.aquatic.plant.transect.02,3,2015-11-12T17:00:00Z,WALK.20151112,WALK.20151112.AP2.T02,NA,NA,NA,NA,NA,N,plant,submerged,2PLANT,Unknown plant,Species P,NA,NA,NA,NA,NA,NA,NA,NA,NA,NA,NA,NA,NA,NA,NA,kingdom,NA,NA,NA,NA,legacyData,20260113T222547Z,RELEASE-2026
4b8d1e71-6117-4d35-80a3-305e1db3e64d,D07,WALK,WALK.AOS.aquatic.plant.transect.06,1,2015-11-12T17:00:00Z,WALK.20151112,WALK.20151112.AP1.T06,NA,NA,NA,NA,NA,N,plant,submerged,2PLANT,Unknown plant,Species P,NA,NA,NA,NA,NA,NA,NA,NA,NA,NA,NA,NA,NA,NA,NA,kingdom,NA,NA,NA,NA,legacyData,20260113T222547Z,RELEASE-2026
9a9a7718-7814-42cc-bc8c-4d1a73cde3a8,D07,WALK,WALK.AOS.aquatic.plant.transect.09,19,2015-11-12T17:00:00Z,WALK.20151112,WALK.20151112.AP11.T09,NA,NA,NA,NA,NA,N,plant,submerged,2PLANT,Unknown plant,Species P,NA,NA,NA,NA,NA,NA,NA,NA,NA,NA,NA,NA,NA,NA,NA,kingdom,NA,NA,NA,NA,legacyData,20260113T222547Z,RELEASE-2026
d4de62a0-42c3-4b81-aceb-77e1b6d2c185,D07,WALK,WALK.AOS.aquatic.plant.transect.01,10,2015-11-12T17:00:00Z,WALK.20151112,WALK.20151112.AP3.T01,NA,NA,NA,NA,NA,N,plant,submerged,2PLANT,Unknown plant,Species P,NA,NA,NA,NA,NA,NA,NA,NA,NA,NA,NA,NA,NA,NA,NA,kingdom,NA,NA,NA,NA,legacyData,20260113T222547Z,RELEASE-2026
be98b5c5-51b8-489f-ae44-832e40f404f0,D07,WALK,WALK.AOS.aquatic.plant.transect.08,1,2015-11-12T17:00:00Z,WALK.20151112,WALK.20151112.AP1.T08,NA,NA,NA,NA,NA,N,plant,submerged,2PLANT,Unknown plant,Species P,NA,NA,NA,NA,NA,NA,NA,NA,NA,NA,NA,NA,NA,NA,NA,kingdom,NA,NA,NA,NA,legacyData,20260113T222547Z,RELEASE-2026
912ff529-e864-4c54-92f7-0ef731ba5043,D07,WALK,WALK.AOS.aquatic.plant.transect.08,8,2015-11-12T17:00:00Z,WALK.20151112,WALK.20151112.AP4.T08,NA,NA,NA,NA,NA,N,plant,submerged,2PLANT,Unknown plant,Species P,NA,NA,NA,NA,NA,NA,NA,NA,NA,NA,NA,NA,NA,NA,NA,kingdom,NA,NA,NA,NA,legacyData,20260113T222547Z,RELEASE-2026
cfad866b-7817-4d0d-a68c-7067fd452f2f,D07,WALK,WALK.AOS.aquatic.plant.transect.03,7,2015-11-12T17:00:00Z,WALK.20151112,WALK.20151112.AP3.T03,NA,NA,NA,NA,NA,N,plant,submerged,2PLANT,Unknown plant,Species P,NA,NA,NA,NA,NA,NA,NA,NA,NA,NA,NA,NA,NA,NA,NA,kingdom,NA,NA,NA,NA,legacyData,20260113T222547Z,RELEASE-2026
68101d9b-697f-4829-aa4d-52cbe0a4e462,D07,WALK,WALK.AOS.aquatic.plant.transect.10,3,2015-11-12T17:00:00Z,WALK.20151112,WALK.20151112.AP1.T10,NA,NA,NA,NA,NA,N,plant,submerged,2PLANT,Unknown plant,Species P,NA,NA,NA,NA,NA,NA,NA,NA,NA,NA,NA,NA,NA,NA,NA,kingdom,NA,NA,NA,NA,legacyData,20260113T222547Z,RELEASE-2026
ebcd5922-b0c0-4a4c-93fc-22a652f4a7d6,D07,WALK,WALK.AOS.aquatic.plant.transect.04,7,2015-11-12T17:00:00Z,WALK.20151112,WALK.20151112.AP1.T04,NA,NA,NA,NA,NA,N,plant,submerged,2PLANT,Unknown plant,Species P,NA,NA,NA,NA,NA,NA,NA,NA,NA,NA,NA,NA,NA,NA,NA,kingdom,NA,NA,NA,NA,legacyData,20260113T222547Z,RELEASE-2026
78659c4d-ce14-4a04-851f-8745f8fbcba0,D07,WALK,WALK.AOS.aquatic.plant.transect.10,20,2015-11-12T17:00:00Z,WALK.20151112,WALK.20151112.AP7.T10,NA,NA,NA,NA,NA,N,plant,submerged,2PLANT,Unknown plant,Species P,NA,NA,NA,NA,NA,NA,NA,NA,NA,NA,NA,NA,NA,NA,NA,kingdom,NA,NA,NA,NA,legacyData,20260113T222547Z,RELEASE-2026
3f7f7fe5-decb-4737-9af5-d3774bdf9c00,D07,WALK,WALK.AOS.aquatic.plant.transect.02,9,2015-11-12T17:00:00Z,WALK.20151112,WALK.20151112.AP7.T02,NA,NA,NA,NA,NA,N,plant,submerged,2PLANT,Unknown plant,Species P,NA,NA,NA,NA,NA,NA,NA,NA,NA,NA,NA,NA,NA,NA,NA,kingdom,NA,NA,NA,NA,legacyData,20260113T222547Z,RELEASE-2026
fad382a4-516d-4659-a252-a792b96e610e,D07,WALK,WALK.AOS.aquatic.plant.transect.05,9,2015-11-12T17:00:00Z,WALK.20151112,WALK.20151112.AP3.T05,NA,NA,NA,NA,NA,N,plant,submerged,2PLANT,Unknown plant,Species P,NA,NA,NA,NA,NA,NA,NA,NA,NA,NA,NA,NA,NA,NA,NA,kingdom,NA,NA,NA,NA,legacyData,20260113T222547Z,RELEASE-2026
d2544f67-5236-4381-a770-db7956b0a787,D07,WALK,WALK.AOS.aquatic.plant.transect.08,5,2015-11-12T17:00:00Z,WALK.20151112,WALK.20151112.AP2.T08,NA,NA,NA,NA,NA,N,plant,submerged,2PLANT,Unknown plant,Species P,NA,NA,NA,NA,NA,NA,NA,NA,NA,NA,NA,NA,NA,NA,NA,kingdom,NA,NA,NA,NA,legacyData,20260113T222547Z,RELEASE-2026
2033c367-b81b-4520-9e90-f689b170fe17,D07,WALK,WALK.AOS.aquatic.plant.transect.10,12,2015-11-12T17:00:00Z,WALK.20151112,WALK.20151112.AP4.T10,NA,NA,NA,NA,NA,N,plant,submerged,2PLANT,Unknown plant,Species P,NA,NA,NA,NA,NA,NA,NA,NA,NA,NA,NA,NA,NA,NA,NA,kingdom,NA,NA,NA,NA,legacyData,20260113T222547Z,RELEASE-2026
9c1f5cb9-1729-4d3f-973f-ec02db6b8c50,D07,WALK,WALK.AOS.aquatic.plant.transect.02,14,2015-11-12T17:00:00Z,WALK.20151112,WALK.20151112.AP12.T02,NA,NA,NA,NA,NA,N,plant,submerged,2PLANT,Unknown plant,Species P,NA,NA,NA,NA,NA,NA,NA,NA,NA,NA,NA,NA,NA,NA,NA,kingdom,NA,NA,NA,NA,legacyData,20260113T222547Z,RELEASE-2026
4eb8e4f0-2923-405e-8c86-5b753ba55b74,D07,WALK,WALK.AOS.aquatic.plant.transect.06,11,2015-11-12T17:00:00Z,WALK.20151112,WALK.20151112.AP3.T06,NA,NA,NA,NA,NA,N,plant,submerged,2PLANT,Unknown plant,Species P,NA,NA,NA,NA,NA,NA,NA,NA,NA,NA,NA,NA,NA,NA,NA,kingdom,NA,NA,NA,NA,legacyData,20260113T222547Z,RELEASE-2026
95b2cf24-d03c-47dd-baad-d0ae0631837e,D07,WALK,WALK.AOS.aquatic.plant.transect.07,12,2015-11-12T17:00:00Z,WALK.20151112,WALK.20151112.AP5.T07,NA,NA,NA,NA,NA,N,plant,submerged,2PLANT,Unknown plant,Species P,NA,NA,NA,NA,NA,NA,NA,NA,NA,NA,NA,NA,NA,NA,NA,kingdom,NA,NA,NA,NA,legacyData,20260113T222547Z,RELEASE-2026
f7b72666-65d9-46bd-a84a-4e601c18179b,D07,WALK,WALK.AOS.aquatic.plant.transect.10,16,2015-11-12T17:00:00Z,WALK.20151112,WALK.20151112.AP5.T10,NA,NA,NA,NA,NA,N,plant,submerged,2PLANT,Unknown plant,Species P,NA,NA,NA,NA,NA,NA,NA,NA,NA,NA,NA,NA,NA,NA,NA,kingdom,NA,NA,NA,NA,legacyData,20260113T222547Z,RELEASE-2026
362f1776-9e17-4df6-8a2d-465528154ef7,D07,WALK,WALK.AOS.aquatic.plant.transect.09,17,2015-11-12T17:00:00Z,WALK.20151112,WALK.20151112.AP9.T09,NA,NA,NA,NA,NA,N,plant,submerged,2PLANT,Unknown plant,Species P,NA,NA,NA,NA,NA,NA,NA,NA,NA,NA,NA,NA,NA,NA,NA,kingdom,NA,NA,NA,NA,legacyData,20260113T222547Z,RELEASE-2026
5ac339e7-78d7-466d-9039-7f4ddbd5d8a5,D07,WALK,WALK.AOS.aquatic.plant.transect.06,8,2015-11-12T17:00:00Z,WALK.20151112,WALK.20151112.AP2.T06,NA,NA,NA,NA,NA,N,plant,submerged,2PLANT,Unknown plant,Species P,NA,NA,NA,NA,NA,NA,NA,NA,NA,NA,NA,NA,NA,NA,NA,kingdom,NA,NA,NA,NA,legacyData,20260113T222547Z,RELEASE-2026
a263760c-4132-4cc6-babb-c2afd14d1382,D07,WALK,WALK.AOS.aquatic.plant.transect.07,8,2015-11-12T17:00:00Z,WALK.20151112,WALK.20151112.AP2.T07,NA,NA,NA,NA,NA,N,plant,submerged,2PLANT,Unknown plant,Species P,NA,NA,NA,NA,NA,NA,NA,NA,NA,NA,NA,NA,NA,NA,NA,kingdom,NA,NA,NA,NA,legacyData,20260113T222547Z,RELEASE-2026
ff4d0c1d-4a64-4b1a-9de7-0ce15307fe9a,D07,WALK,WALK.AOS.aquatic.plant.transect.02,13,2015-11-12T17:00:00Z,WALK.20151112,WALK.20151112.AP11.T02,NA,NA,NA,NA,NA,N,plant,submerged,2PLANT,Unknown plant,Species P,NA,NA,NA,NA,NA,NA,NA,NA,NA,NA,NA,NA,NA,NA,NA,kingdom,NA,NA,NA,NA,legacyData,20260113T222547Z,RELEASE-2026
4fa63af3-597d-44e3-a53b-9103f3765398,D07,WALK,WALK.AOS.aquatic.plant.transect.09,9,2015-11-12T17:00:00Z,WALK.20151112,WALK.20151112.AP3.T09,NA,NA,NA,NA,NA,N,plant,submerged,2PLANT,Unknown plant,Species P,NA,NA,NA,NA,NA,NA,NA,NA,NA,NA,NA,NA,NA,NA,NA,kingdom,NA,NA,NA,NA,legacyData,20260113T222547Z,RELEASE-2026
ca4beeb6-0aac-4dc8-b85a-83310073f971,D07,WALK,WALK.AOS.aquatic.plant.transect.02,7,2015-11-12T17:00:00Z,WALK.20151112,WALK.20151112.AP5.T02,NA,NA,NA,NA,NA,N,plant,submerged,2PLANT,Unknown plant,Species P,NA,NA,NA,NA,NA,NA,NA,NA,NA,NA,NA,NA,NA,NA,NA,kingdom,NA,NA,NA,NA,legacyData,20260113T222547Z,RELEASE-2026
cd748a2a-a0cd-41b0-bfe6-1cdf6eac8f2b,D07,WALK,WALK.AOS.aquatic.plant.transect.01,11,2015-11-12T17:00:00Z,WALK.20151112,WALK.20151112.AP4.T01,NA,NA,NA,NA,NA,N,plant,submerged,2PLANT,Unknown plant,Species P,NA,NA,NA,NA,NA,NA,NA,NA,NA,NA,NA,NA,NA,NA,NA,kingdom,NA,NA,NA,NA,legacyData,20260113T222547Z,RELEASE-2026
8fbd69db-93d8-44e6-8c4f-2fbf49f16b0b,D07,WALK,WALK.AOS.aquatic.plant.transect.05,11,2015-11-12T17:00:00Z,WALK.20151112,WALK.20151112.AP5.T05,NA,NA,NA,NA,NA,N,plant,submerged,2PLANT,Unknown plant,Species P,NA,NA,NA,NA,NA,NA,NA,NA,NA,NA,NA,NA,NA,NA,NA,kingdom,NA,NA,NA,NA,legacyData,20260113T222547Z,RELEASE-2026
25ab9d79-ec32-4fc5-a170-00a8b2d2d06e,D07,WALK,WALK.AOS.aquatic.plant.transect.07,9,2015-11-12T17:00:00Z,WALK.20151112,WALK.20151112.AP3.T07,NA,NA,NA,NA,NA,N,plant,submerged,2PLANT,Unknown plant,Species P,NA,NA,NA,NA,NA,NA,NA,NA,NA,NA,NA,NA,NA,NA,NA,kingdom,NA,NA,NA,NA,legacyData,20260113T222547Z,RELEASE-2026
d6612baa-b566-46a9-8ae6-bc35e56a503c,D07,WALK,WALK.AOS.aquatic.plant.transect.04,10,2015-11-12T17:00:00Z,WALK.20151112,WALK.20151112.AP3.T04,NA,NA,NA,NA,NA,N,plant,submerged,2PLANT,Unknown plant,Species P,NA,NA,NA,NA,NA,NA,NA,NA,NA,NA,NA,NA,NA,NA,NA,kingdom,NA,NA,NA,NA,legacyData,20260113T222547Z,RELEASE-2026
51a39121-7e67-42c8-9a12-5723f76f7795,D07,WALK,WALK.AOS.aquatic.plant.transect.02,12,2015-11-12T17:00:00Z,WALK.20151112,WALK.20151112.AP10.T02,NA,NA,NA,NA,NA,N,plant,submerged,2PLANT,Unknown plant,Species P,NA,NA,NA,NA,NA,NA,NA,NA,NA,NA,NA,NA,NA,NA,NA,kingdom,NA,NA,NA,NA,legacyData,20260113T222547Z,RELEASE-2026
24f2dce6-5532-4532-b5c1-daef9d0edc05,D07,WALK,WALK.AOS.aquatic.plant.transect.05,10,2015-11-12T17:00:00Z,WALK.20151112,WALK.20151112.AP4.T05,NA,NA,NA,NA,NA,N,plant,submerged,2PLANT,Unknown plant,Species P,NA,NA,NA,NA,NA,NA,NA,NA,NA,NA,NA,NA,NA,NA,NA,kingdom,NA,NA,NA,NA,legacyData,20260113T222547Z,RELEASE-2026
54bb0aa7-649c-4d37-89cf-15b462d0bc09,D07,WALK,WALK.AOS.aquatic.plant.transect.09,13,2015-11-12T17:00:00Z,WALK.20151112,WALK.20151112.AP7.T09,NA,NA,NA,NA,NA,N,plant,submerged,2PLANT,Unknown plant,Species P,NA,NA,NA,NA,NA,NA,NA,NA,NA,NA,NA,NA,NA,NA,NA,kingdom,NA,NA,NA,NA,legacyData,20260113T222547Z,RELEASE-2026
d5a5b178-4e67-4161-b6dc-fa61576c6a2d,D07,WALK,WALK.AOS.aquatic.plant.transect.10,8,2015-11-12T17:00:00Z,WALK.20151112,WALK.20151112.AP2.T10,NA,NA,NA,NA,NA,N,plant,submerged,2PLANT,Unknown plant,Species P,NA,NA,NA,NA,NA,NA,NA,NA,NA,NA,NA,NA,NA,NA,NA,kingdom,NA,NA,NA,NA,legacyData,20260113T222547Z,RELEASE-2026
fdb5afee-c614-48f4-9ee4-22a621828ed1,D07,WALK,WALK.AOS.aquatic.plant.transect.07,11,2015-11-12T17:00:00Z,WALK.20151112,WALK.20151112.AP4.T07,NA,NA,NA,NA,NA,N,plant,submerged,2PLANT,Unknown plant,Species P,NA,NA,NA,NA,NA,NA,NA,NA,NA,NA,NA,NA,NA,NA,NA,kingdom,NA,NA,NA,NA,legacyData,20260113T222547Z,RELEASE-2026
7e4afb12-4677-4e3d-885d-90b945fbc8e0,D07,WALK,WALK.AOS.aquatic.plant.transect.09,10,2015-11-12T17:00:00Z,WALK.20151112,WALK.20151112.AP4.T09,NA,NA,NA,NA,NA,N,plant,submerged,2PLANT,Unknown plant,Species P,NA,NA,NA,NA,NA,NA,NA,NA,NA,NA,NA,NA,NA,NA,NA,kingdom,NA,NA,NA,NA,legacyData,20260113T222547Z,RELEASE-2026
5be1d77e-41fa-41a0-b348-12e58be0373e,D07,WALK,WALK.AOS.aquatic.plant.transect.01,9,2015-11-12T17:00:00Z,WALK.20151112,WALK.20151112.AP2.T01,NA,NA,NA,NA,NA,N,plant,submerged,2PLANT,Unknown plant,Species P,NA,NA,NA,NA,NA,NA,NA,NA,NA,NA,NA,NA,NA,NA,NA,kingdom,NA,NA,NA,NA,legacyData,20260113T222547Z,RELEASE-2026
a083e3fa-7c79-47b4-b614-e29844309439,D07,WALK,WALK.AOS.aquatic.plant.transect.03,5,2015-11-12T17:00:00Z,WALK.20151112,WALK.20151112.AP2.T03,NA,NA,NA,NA,NA,N,plant,submerged,2PLANT,Unknown plant,Species P,NA,NA,NA,NA,NA,NA,NA,NA,NA,NA,NA,NA,NA,NA,NA,kingdom,NA,NA,NA,NA,legacyData,20260113T222547Z,RELEASE-2026
39dc6360-89bf-474a-af78-e5af377c72a8,D07,WALK,WALK.AOS.aquatic.plant.transect.02,6,2015-11-12T17:00:00Z,WALK.20151112,WALK.20151112.AP4.T02,NA,NA,NA,NA,NA,N,plant,submerged,2PLANT,Unknown plant,Species P,NA,NA,NA,NA,NA,NA,NA,NA,NA,NA,NA,NA,NA,NA,NA,kingdom,NA,NA,NA,NA,legacyData,20260113T222547Z,RELEASE-2026
86645363-bcc8-4c29-af93-fa431fc5ce6f,D07,WALK,WALK.AOS.aquatic.plant.transect.10,18,2015-11-12T17:00:00Z,WALK.20151112,WALK.20151112.AP6.T10,NA,NA,NA,NA,NA,N,plant,submerged,2PLANT,Unknown plant,Species P,NA,NA,NA,NA,NA,NA,NA,NA,NA,NA,NA,NA,NA,NA,NA,kingdom,NA,NA,NA,NA,legacyData,20260113T222547Z,RELEASE-2026
d4c13cb6-4c59-4fb1-bb67-c192c6255ffe,D07,WALK,WALK.AOS.aquatic.plant.transect.02,1,2015-11-12T17:00:00Z,WALK.20151112,WALK.20151112.AP1.T02,NA,NA,NA,NA,NA,N,plant,submerged,2PLANT,Unknown plant,Species P,NA,NA,NA,NA,NA,NA,NA,NA,NA,NA,NA,NA,NA,NA,NA,kingdom,NA,NA,NA,NA,legacyData,20260113T222547Z,RELEASE-2026
ff993b1f-069e-4b7a-840e-76901c57c1a4,D07,WALK,WALK.AOS.aquatic.plant.transect.09,6,2015-11-12T17:00:00Z,WALK.20151112,WALK.20151112.AP2.T09,NA,NA,NA,NA,NA,N,plant,submerged,2PLANT,Unknown plant,Species P,NA,NA,NA,NA,NA,NA,NA,NA,NA,NA,NA,NA,NA,NA,NA,kingdom,NA,NA,NA,NA,legacyData,20260113T222547Z,RELEASE-2026
44a5d2d9-69aa-432e-8f72-b3ea9be2afe3,D07,WALK,WALK.AOS.aquatic.plant.transect.03,7,2016-03-09T17:00:00Z,WALK.20160309,WALK.20160309.AP3.T03,NA,NA,NA,NA,NA,N,plant,submerged,POPI14,Porella pinnata L.,NA,NA,NA,NA,Hepaticopsida,Jungermanniales,Porellaceae,Porella,NA,pinnata,NA,NA,NA,L.,NA,NA,species,NA,NA,NA,NA,NA,20260113T222607Z,RELEASE-2026
e6024061-f9d1-4f1f-b6c0-eb8eff321ebd,D07,WALK,WALK.AOS.aquatic.plant.transect.05,12,2016-03-09T17:00:00Z,WALK.20160309,WALK.20160309.AP7.T05,NA,NA,NA,NA,NA,N,plant,submerged,POPI14,Porella pinnata L.,NA,NA,NA,NA,Hepaticopsida,Jungermanniales,Porellaceae,Porella,NA,pinnata,NA,NA,NA,L.,NA,NA,species,NA,NA,NA,NA,NA,20260113T222607Z,RELEASE-2026
4fdccdf6-8206-4823-b470-eb5c00249a02,D07,WALK,WALK.AOS.aquatic.plant.transect.10,13,2016-03-09T17:00:00Z,WALK.20160309,WALK.20160309.AP3.T10,NA,NA,NA,NA,NA,N,plant,submerged,POPI14,Porella pinnata L.,NA,NA,NA,NA,Hepaticopsida,Jungermanniales,Porellaceae,Porella,NA,pinnata,NA,NA,NA,L.,NA,NA,species,NA,NA,NA,NA,NA,20260113T222607Z,RELEASE-2026
da210553-ee96-4ebe-bcdc-6fdc5cfdff05,D07,WALK,WALK.AOS.aquatic.plant.transect.01,12,2016-03-09T17:00:00Z,WALK.20160309,WALK.20160309.AP7.T01,NA,NA,NA,NA,NA,N,plant,submerged,POPI14,Porella pinnata L.,NA,NA,NA,NA,Hepaticopsida,Jungermanniales,Porellaceae,Porella,NA,pinnata,NA,NA,NA,L.,NA,NA,species,NA,NA,NA,NA,NA,20260113T222607Z,RELEASE-2026
1c2409b5-9dfb-4ebe-b721-ad779dd1f1dc,D07,WALK,WALK.AOS.aquatic.plant.transect.01,5,2016-03-09T17:00:00Z,WALK.20160309,WALK.20160309.AP1.T01,NA,NA,NA,NA,NA,N,plant,submerged,POPI14,Porella pinnata L.,NA,NA,NA,NA,Hepaticopsida,Jungermanniales,Porellaceae,Porella,NA,pinnata,NA,NA,NA,L.,NA,NA,species,NA,NA,NA,NA,NA,20260113T222607Z,RELEASE-2026
e538c40f-725c-43f4-b9ba-f5f749816802,D07,WALK,WALK.AOS.aquatic.plant.transect.09,15,2016-03-09T17:00:00Z,WALK.20160309,WALK.20160309.AP6.T09,NA,NA,NA,NA,NA,N,plant,submerged,POPI14,Porella pinnata L.,NA,NA,NA,NA,Hepaticopsida,Jungermanniales,Porellaceae,Porella,NA,pinnata,NA,NA,NA,L.,NA,NA,species,NA,NA,NA,NA,NA,20260113T222607Z,RELEASE-2026
8420168d-aa4d-4d9a-a1a5-53babb303eff,D07,WALK,WALK.AOS.aquatic.plant.transect.02,2,2016-03-09T17:00:00Z,WALK.20160309,WALK.20160309.AP1.T02,NA,NA,NA,NA,NA,N,plant,submerged,POPI14,Porella pinnata L.,NA,NA,NA,NA,Hepaticopsida,Jungermanniales,Porellaceae,Porella,NA,pinnata,NA,NA,NA,L.,NA,NA,species,NA,NA,NA,NA,NA,20260113T222607Z,RELEASE-2026
44d4f4ed-e003-44b6-b527-b3a5bcb43087,D07,WALK,WALK.AOS.aquatic.plant.transect.07,17,2016-03-09T17:00:00Z,WALK.20160309,WALK.20160309.AP5.T07,NA,NA,NA,NA,NA,N,plant,submerged,POPI14,Porella pinnata L.,NA,NA,NA,NA,Hepaticopsida,Jungermanniales,Porellaceae,Porella,NA,pinnata,NA,NA,NA,L.,NA,NA,species,NA,NA,NA,NA,NA,20260113T222607Z,RELEASE-2026
0f0898a4-669b-487a-be4d-49814be537f9,D07,WALK,WALK.AOS.aquatic.plant.transect.06,4,2016-03-09T17:00:00Z,WALK.20160309,WALK.20160309.AP1.T06,NA,NA,NA,NA,NA,N,plant,submerged,POPI14,Porella pinnata L.,NA,NA,NA,NA,Hepaticopsida,Jungermanniales,Porellaceae,Porella,NA,pinnata,NA,NA,NA,L.,NA,NA,species,NA,NA,NA,NA,NA,20260113T222607Z,RELEASE-2026
c8b798ae-1a7a-4f63-bbc9-f28903ae8e00,D07,WALK,WALK.AOS.aquatic.plant.transect.10,14,2016-03-09T17:00:00Z,WALK.20160309,WALK.20160309.AP4.T10,NA,NA,NA,NA,NA,N,plant,submerged,POPI14,Porella pinnata L.,NA,NA,NA,NA,Hepaticopsida,Jungermanniales,Porellaceae,Porella,NA,pinnata,NA,NA,NA,L.,NA,NA,species,NA,NA,NA,NA,NA,20260113T222607Z,RELEASE-2026
291c08cb-9cec-44cd-ad8e-5609b2cf3287,D07,WALK,WALK.AOS.aquatic.plant.transect.09,10,2016-03-09T17:00:00Z,WALK.20160309,WALK.20160309.AP1.T09,NA,NA,NA,NA,NA,N,plant,submerged,POPI14,Porella pinnata L.,NA,NA,NA,NA,Hepaticopsida,Jungermanniales,Porellaceae,Porella,NA,pinnata,NA,NA,NA,L.,NA,NA,species,NA,NA,NA,NA,NA,20260113T222607Z,RELEASE-2026
37b1dcde-ada1-4ac5-985a-64c22b12a36a,D07,WALK,WALK.AOS.aquatic.plant.transect.10,10,2016-03-09T17:00:00Z,WALK.20160309,WALK.20160309.AP1.T10,NA,NA,NA,NA,NA,N,plant,submerged,POPI14,Porella pinnata L.,NA,NA,NA,NA,Hepaticopsida,Jungermanniales,Porellaceae,Porella,NA,pinnata,NA,NA,NA,L.,NA,NA,species,NA,NA,NA,NA,NA,20260113T222607Z,RELEASE-2026
29946bd7-a53a-498a-9b32-fc961cf63087,D07,WALK,WALK.AOS.aquatic.plant.transect.01,7,2016-03-09T17:00:00Z,WALK.20160309,WALK.20160309.AP2.T01,NA,NA,NA,NA,NA,N,plant,submerged,POPI14,Porella pinnata L.,NA,NA,NA,NA,Hepaticopsida,Jungermanniales,Porellaceae,Porella,NA,pinnata,NA,NA,NA,L.,NA,NA,species,NA,NA,NA,NA,NA,20260113T222607Z,RELEASE-2026
d902b6c5-d089-4f7d-be8d-7064aef6abdd,D07,WALK,WALK.AOS.aquatic.plant.transect.08,11,2016-03-09T17:00:00Z,WALK.20160309,WALK.20160309.AP2.T08,NA,NA,NA,NA,NA,N,plant,submerged,POPI14,Porella pinnata L.,NA,NA,NA,NA,Hepaticopsida,Jungermanniales,Porellaceae,Porella,NA,pinnata,NA,NA,NA,L.,NA,NA,species,NA,NA,NA,NA,NA,20260113T222607Z,RELEASE-2026
b712b79b-d4af-4fbe-a6c9-3a5188206336,D07,WALK,WALK.AOS.aquatic.plant.transect.01,10,2016-03-09T17:00:00Z,WALK.20160309,WALK.20160309.AP5.T01,NA,NA,NA,NA,NA,N,plant,submerged,POPI14,Porella pinnata L.,NA,NA,NA,NA,Hepaticopsida,Jungermanniales,Porellaceae,Porella,NA,pinnata,NA,NA,NA,L.,NA,NA,species,NA,NA,NA,NA,NA,20260113T222607Z,RELEASE-2026
8c7cefd2-f036-424e-b60c-c8119908f270,D07,WALK,WALK.AOS.aquatic.plant.transect.07,14,2016-03-09T17:00:00Z,WALK.20160309,WALK.20160309.AP3.T07,NA,NA,NA,NA,NA,N,plant,submerged,POPI14,Porella pinnata L.,NA,NA,NA,NA,Hepaticopsida,Jungermanniales,Porellaceae,Porella,NA,pinnata,NA,NA,NA,L.,NA,NA,species,NA,NA,NA,NA,NA,20260113T222607Z,RELEASE-2026
87a59713-8841-4984-9b57-fb88b7226089,D07,WALK,WALK.AOS.aquatic.plant.transect.08,19,2016-03-09T17:00:00Z,WALK.20160309,WALK.20160309.AP7.T08,NA,NA,NA,NA,NA,N,plant,submerged,POPI14,Porella pinnata L.,NA,NA,NA,NA,Hepaticopsida,Jungermanniales,Porellaceae,Porella,NA,pinnata,NA,NA,NA,L.,NA,NA,species,NA,NA,NA,NA,NA,20260113T222607Z,RELEASE-2026
5dfdfb46-752c-4301-b8d8-ef97911e18fa,D07,WALK,WALK.AOS.aquatic.plant.transect.02,16,2016-03-09T17:00:00Z,WALK.20160309,WALK.20160309.AP8.T02,NA,NA,NA,NA,NA,N,plant,submerged,POPI14,Porella pinnata L.,NA,NA,NA,NA,Hepaticopsida,Jungermanniales,Porellaceae,Porella,NA,pinnata,NA,NA,NA,L.,NA,NA,species,NA,NA,NA,NA,NA,20260113T222607Z,RELEASE-2026
660619a5-1d69-41d3-823d-981111872579,D07,WALK,WALK.AOS.aquatic.plant.transect.08,13,2016-03-09T17:00:00Z,WALK.20160309,WALK.20160309.AP4.T08,NA,NA,NA,NA,NA,N,plant,submerged,POPI14,Porella pinnata L.,NA,NA,NA,NA,Hepaticopsida,Jungermanniales,Porellaceae,Porella,NA,pinnata,NA,NA,NA,L.,NA,NA,species,NA,NA,NA,NA,NA,20260113T222607Z,RELEASE-2026
f4dd3d6f-7c44-48d1-9629-26ef1be03707,D07,WALK,WALK.AOS.aquatic.plant.transect.09,12,2016-03-09T17:00:00Z,WALK.20160309,WALK.20160309.AP3.T09,NA,NA,NA,NA,NA,N,plant,submerged,POPI14,Porella pinnata L.,NA,NA,NA,NA,Hepaticopsida,Jungermanniales,Porellaceae,Porella,NA,pinnata,NA,NA,NA,L.,NA,NA,species,NA,NA,NA,NA,NA,20260113T222607Z,RELEASE-2026
73e0f3e4-3bde-40e9-9e24-f2ead19a592d,D07,WALK,WALK.AOS.aquatic.plant.transect.04,8,2016-03-09T17:00:00Z,WALK.20160309,WALK.20160309.AP4.T04,NA,NA,NA,NA,NA,N,plant,submerged,POPI14,Porella pinnata L.,NA,NA,NA,NA,Hepaticopsida,Jungermanniales,Porellaceae,Porella,NA,pinnata,NA,NA,NA,L.,NA,NA,species,NA,NA,NA,NA,NA,20260113T222607Z,RELEASE-2026
3c493b39-1ba2-4469-b775-f3e5a9b1f58b,D07,WALK,WALK.AOS.aquatic.plant.transect.01,11,2016-03-09T17:00:00Z,WALK.20160309,WALK.20160309.AP6.T01,NA,NA,NA,NA,NA,N,plant,submerged,POPI14,Porella pinnata L.,NA,NA,NA,NA,Hepaticopsida,Jungermanniales,Porellaceae,Porella,NA,pinnata,NA,NA,NA,L.,NA,NA,species,NA,NA,NA,NA,NA,20260113T222607Z,RELEASE-2026
04bf1cf8-e831-4c35-84ea-6a3388878748,D07,WALK,WALK.AOS.aquatic.plant.transect.06,10,2016-03-09T17:00:00Z,WALK.20160309,WALK.20160309.AP2.T06,NA,NA,NA,NA,NA,N,plant,submerged,POPI14,Porella pinnata L.,NA,NA,NA,NA,Hepaticopsida,Jungermanniales,Porellaceae,Porella,NA,pinnata,NA,NA,NA,L.,NA,NA,species,NA,NA,NA,NA,NA,20260113T222607Z,RELEASE-2026
5c612f49-5d07-4f20-8b31-173f4c8726f5,D07,WALK,WALK.AOS.aquatic.plant.transect.07,6,2016-03-09T17:00:00Z,WALK.20160309,WALK.20160309.AP1.T07,NA,NA,NA,NA,NA,N,plant,submerged,POPI14,Porella pinnata L.,NA,NA,NA,NA,Hepaticopsida,Jungermanniales,Porellaceae,Porella,NA,pinnata,NA,NA,NA,L.,NA,NA,species,NA,NA,NA,NA,NA,20260113T222607Z,RELEASE-2026
5c51282d-9f99-4a43-9537-94826e4f81c9,D07,WALK,WALK.AOS.aquatic.plant.transect.06,12,2016-03-09T17:00:00Z,WALK.20160309,WALK.20160309.AP3.T06,NA,NA,NA,NA,NA,N,plant,submerged,POPI14,Porella pinnata L.,NA,NA,NA,NA,Hepaticopsida,Jungermanniales,Porellaceae,Porella,NA,pinnata,NA,NA,NA,L.,NA,NA,species,NA,NA,NA,NA,NA,20260113T222607Z,RELEASE-2026
74063f74-2f31-4d20-99f5-fd8c2c276358,D07,WALK,WALK.AOS.aquatic.plant.transect.04,2,2016-03-09T17:00:00Z,WALK.20160309,WALK.20160309.AP1.T04,NA,NA,NA,NA,NA,N,plant,submerged,POPI14,Porella pinnata L.,NA,NA,NA,NA,Hepaticopsida,Jungermanniales,Porellaceae,Porella,NA,pinnata,NA,NA,NA,L.,NA,NA,species,NA,NA,NA,NA,NA,20260113T222607Z,RELEASE-2026
d6cd6f49-1e32-46b3-9cc5-d0f01d9fd3ad,D07,WALK,WALK.AOS.aquatic.plant.transect.08,18,2016-03-09T17:00:00Z,WALK.20160309,WALK.20160309.AP6.T08,NA,NA,NA,NA,NA,N,plant,submerged,POPI14,Porella pinnata L.,NA,NA,NA,NA,Hepaticopsida,Jungermanniales,Porellaceae,Porella,NA,pinnata,NA,NA,NA,L.,NA,NA,species,NA,NA,NA,NA,NA,20260113T222607Z,RELEASE-2026
6dd2d84d-3d44-4f24-aab4-f775262dff72,D07,WALK,WALK.AOS.aquatic.plant.transect.02,13,2016-03-09T17:00:00Z,WALK.20160309,WALK.20160309.AP6.T02,NA,NA,NA,NA,NA,N,plant,submerged,POPI14,Porella pinnata L.,NA,NA,NA,NA,Hepaticopsida,Jungermanniales,Porellaceae,Porella,NA,pinnata,NA,NA,NA,L.,NA,NA,species,NA,NA,NA,NA,NA,20260113T222607Z,RELEASE-2026
009abd50-b7f6-4b97-9027-24c8f5a530bb,D07,WALK,WALK.AOS.aquatic.plant.transect.04,13,2016-03-09T17:00:00Z,WALK.20160309,WALK.20160309.AP6.T04,NA,NA,NA,NA,NA,N,plant,submerged,POPI14,Porella pinnata L.,NA,NA,NA,NA,Hepaticopsida,Jungermanniales,Porellaceae,Porella,NA,pinnata,NA,NA,NA,L.,NA,NA,species,NA,NA,NA,NA,NA,20260113T222607Z,RELEASE-2026
058185c0-c77c-41fe-a55c-0cf9cfb94b0a,D07,WALK,WALK.AOS.aquatic.plant.transect.05,9,2016-03-09T17:00:00Z,WALK.20160309,WALK.20160309.AP6.T05,NA,NA,NA,NA,NA,N,plant,submerged,POPI14,Porella pinnata L.,NA,NA,NA,NA,Hepaticopsida,Jungermanniales,Porellaceae,Porella,NA,pinnata,NA,NA,NA,L.,NA,NA,species,NA,NA,NA,NA,NA,20260113T222607Z,RELEASE-2026
38dec128-58a2-4256-8304-01e444e5f35f,D07,WALK,WALK.AOS.aquatic.plant.transect.07,15,2016-03-09T17:00:00Z,WALK.20160309,WALK.20160309.AP4.T07,NA,NA,NA,NA,NA,N,plant,submerged,POPI14,Porella pinnata L.,NA,NA,NA,NA,Hepaticopsida,Jungermanniales,Porellaceae,Porella,NA,pinnata,NA,NA,NA,L.,NA,NA,species,NA,NA,NA,NA,NA,20260113T222607Z,RELEASE-2026
aef27f42-1804-4c94-b64b-9e9efaeff03f,D07,WALK,WALK.AOS.aquatic.plant.transect.05,8,2016-03-09T17:00:00Z,WALK.20160309,WALK.20160309.AP5.T05,NA,NA,NA,NA,NA,N,plant,submerged,POPI14,Porella pinnata L.,NA,NA,NA,NA,Hepaticopsida,Jungermanniales,Porellaceae,Porella,NA,pinnata,NA,NA,NA,L.,NA,NA,species,NA,NA,NA,NA,NA,20260113T222607Z,RELEASE-2026
b5b79589-3921-4a81-85b6-1de521ab91de,D07,WALK,WALK.AOS.aquatic.plant.transect.09,18,2016-03-09T17:00:00Z,WALK.20160309,WALK.20160309.AP8.T09,NA,NA,NA,NA,NA,N,plant,submerged,POPI14,Porella pinnata L.,NA,NA,NA,NA,Hepaticopsida,Jungermanniales,Porellaceae,Porella,NA,pinnata,NA,NA,NA,L.,NA,NA,species,NA,NA,NA,NA,NA,20260113T222607Z,RELEASE-2026
b95a1abb-5265-4826-a377-8d72b4f37419,D07,WALK,WALK.AOS.aquatic.plant.transect.03,14,2016-03-09T17:00:00Z,WALK.20160309,WALK.20160309.AP5.T03,NA,NA,NA,NA,NA,N,plant,submerged,POPI14,Porella pinnata L.,NA,NA,NA,NA,Hepaticopsida,Jungermanniales,Porellaceae,Porella,NA,pinnata,NA,NA,NA,L.,NA,NA,species,NA,NA,NA,NA,NA,20260113T222607Z,RELEASE-2026
1b735d8b-5b0a-4256-a634-98020cb1f704,D07,WALK,WALK.AOS.aquatic.plant.transect.04,14,2016-03-09T17:00:00Z,WALK.20160309,WALK.20160309.AP7.T04,NA,NA,NA,NA,NA,N,plant,submerged,POPI14,Porella pinnata L.,NA,NA,NA,NA,Hepaticopsida,Jungermanniales,Porellaceae,Porella,NA,pinnata,NA,NA,NA,L.,NA,NA,species,NA,NA,NA,NA,NA,20260113T222607Z,RELEASE-2026
63a29f52-6ddd-4781-b667-7ca002a6354a,D07,WALK,WALK.AOS.aquatic.plant.transect.01,8,2016-03-09T17:00:00Z,WALK.20160309,WALK.20160309.AP3.T01,NA,NA,NA,NA,NA,N,plant,submerged,POPI14,Porella pinnata L.,NA,NA,NA,NA,Hepaticopsida,Jungermanniales,Porellaceae,Porella,NA,pinnata,NA,NA,NA,L.,NA,NA,species,NA,NA,NA,NA,NA,20260113T222607Z,RELEASE-2026
fd62c202-4cb0-4adb-8dba-92deef3c839a,D07,WALK,WALK.AOS.aquatic.plant.transect.10,18,2016-03-09T17:00:00Z,WALK.20160309,WALK.20160309.AP5.T10,NA,NA,NA,NA,NA,N,plant,submerged,POPI14,Porella pinnata L.,NA,NA,NA,NA,Hepaticopsida,Jungermanniales,Porellaceae,Porella,NA,pinnata,NA,NA,NA,L.,NA,NA,species,NA,NA,NA,NA,NA,20260113T222607Z,RELEASE-2026
b909dc30-bd51-491a-84dc-c01a02f375ae,D07,WALK,WALK.AOS.aquatic.plant.transect.08,10,2016-03-09T17:00:00Z,WALK.20160309,WALK.20160309.AP1.T08,NA,NA,NA,NA,NA,N,plant,submerged,POPI14,Porella pinnata L.,NA,NA,NA,NA,Hepaticopsida,Jungermanniales,Porellaceae,Porella,NA,pinnata,NA,NA,NA,L.,NA,NA,species,NA,NA,NA,NA,NA,20260113T222607Z,RELEASE-2026
e0c53966-078d-4ec3-a9fa-2cd98520f90f,D07,WALK,WALK.AOS.aquatic.plant.transect.03,2,2016-03-09T17:00:00Z,WALK.20160309,WALK.20160309.AP1.T03,NA,NA,NA,NA,NA,N,plant,submerged,POPI14,Porella pinnata L.,NA,NA,NA,NA,Hepaticopsida,Jungermanniales,Porellaceae,Porella,NA,pinnata,NA,NA,NA,L.,NA,NA,species,NA,NA,NA,NA,NA,20260113T222607Z,RELEASE-2026
22b010a4-10ba-421c-9267-c1735338822a,D07,WALK,WALK.AOS.aquatic.plant.transect.03,16,2016-03-09T17:00:00Z,WALK.20160309,WALK.20160309.AP6.T03,NA,NA,NA,NA,NA,N,plant,submerged,POPI14,Porella pinnata L.,NA,NA,NA,NA,Hepaticopsida,Jungermanniales,Porellaceae,Porella,NA,pinnata,NA,NA,NA,L.,NA,NA,species,NA,NA,NA,NA,NA,20260113T222607Z,RELEASE-2026
45e8f5a6-b0bc-436c-9b28-340bb58cd1f0,D07,WALK,WALK.AOS.aquatic.plant.transect.02,5,2016-03-09T17:00:00Z,WALK.20160309,WALK.20160309.AP2.T02,NA,NA,NA,NA,NA,N,plant,submerged,POPI14,Porella pinnata L.,NA,NA,NA,NA,Hepaticopsida,Jungermanniales,Porellaceae,Porella,NA,pinnata,NA,NA,NA,L.,NA,NA,species,NA,NA,NA,NA,NA,20260113T222607Z,RELEASE-2026
8fb6fcd7-0a5b-4fab-b924-ed8abbf5d1c3,D07,WALK,WALK.AOS.aquatic.plant.transect.05,6,2016-03-09T17:00:00Z,WALK.20160309,WALK.20160309.AP3.T05,NA,NA,NA,NA,NA,N,plant,submerged,POPI14,Porella pinnata L.,NA,NA,NA,NA,Hepaticopsida,Jungermanniales,Porellaceae,Porella,NA,pinnata,NA,NA,NA,L.,NA,NA,species,NA,NA,NA,NA,NA,20260113T222607Z,RELEASE-2026
f97e4e16-6982-4400-927f-4c62ac1bb252,D07,WALK,WALK.AOS.aquatic.plant.transect.10,11,2016-03-09T17:00:00Z,WALK.20160309,WALK.20160309.AP2.T10,NA,NA,NA,NA,NA,N,plant,submerged,POPI14,Porella pinnata L.,NA,NA,NA,NA,Hepaticopsida,Jungermanniales,Porellaceae,Porella,NA,pinnata,NA,NA,NA,L.,NA,NA,species,NA,NA,NA,NA,NA,20260113T222607Z,RELEASE-2026
1b5648fa-f8cb-4f54-a55d-5c82a1364366,D07,WALK,WALK.AOS.aquatic.plant.transect.03,10,2016-03-09T17:00:00Z,WALK.20160309,WALK.20160309.AP4.T03,NA,NA,NA,NA,NA,N,plant,NA,POPI14,Porella pinnata L.,NA,NA,NA,NA,Hepaticopsida,Jungermanniales,Porellaceae,Porella,NA,pinnata,NA,NA,NA,L.,NA,NA,species,NA,NA,NA,NA,NA,20260113T222607Z,RELEASE-2026
364272b6-52b0-4501-a2c9-8ff43432085e,D07,WALK,WALK.AOS.aquatic.plant.transect.09,11,2016-03-09T17:00:00Z,WALK.20160309,WALK.20160309.AP2.T09,NA,NA,NA,NA,NA,N,plant,submerged,POPI14,Porella pinnata L.,NA,NA,NA,NA,Hepaticopsida,Jungermanniales,Porellaceae,Porella,NA,pinnata,NA,NA,NA,L.,NA,NA,species,NA,NA,NA,NA,NA,20260113T222607Z,RELEASE-2026
04caf611-3215-4b93-be56-1620ca39336c,D07,WALK,WALK.AOS.aquatic.plant.transect.04,7,2016-03-09T17:00:00Z,WALK.20160309,WALK.20160309.AP3.T04,NA,NA,NA,NA,NA,N,plant,submerged,POPI14,Porella pinnata L.,NA,NA,NA,NA,Hepaticopsida,Jungermanniales,Porellaceae,Porella,NA,pinnata,NA,NA,NA,L.,NA,NA,species,NA,NA,NA,NA,NA,20260113T222607Z,RELEASE-2026
54ad4186-220d-4b0f-b4ad-d8a07cd44abc,D07,WALK,WALK.AOS.aquatic.plant.transect.04,10,2016-03-09T17:00:00Z,WALK.20160309,WALK.20160309.AP5.T04,NA,NA,NA,NA,NA,N,plant,submerged,POPI14,Porella pinnata L.,NA,NA,NA,NA,Hepaticopsida,Jungermanniales,Porellaceae,Porella,NA,pinnata,NA,NA,NA,L.,NA,NA,species,NA,NA,NA,NA,NA,20260113T222607Z,RELEASE-2026
175d8ef6-ca6e-497e-a45e-73edb2a50d19,D07,WALK,WALK.AOS.aquatic.plant.transect.02,12,2016-03-09T17:00:00Z,WALK.20160309,WALK.20160309.AP5.T02,NA,NA,NA,NA,NA,N,plant,submerged,POPI14,Porella pinnata L.,NA,NA,NA,NA,Hepaticopsida,Jungermanniales,Porellaceae,Porella,NA,pinnata,NA,NA,NA,L.,NA,NA,species,NA,NA,NA,NA,NA,20260113T222607Z,RELEASE-2026
4c09f5f5-f18a-472f-9aee-dc4a17b64968,D07,WALK,WALK.AOS.aquatic.plant.transect.05,13,2016-03-09T17:00:00Z,WALK.20160309,WALK.20160309.AP8.T05,NA,NA,NA,NA,NA,N,plant,submerged,POPI14,Porella pinnata L.,NA,NA,NA,NA,Hepaticopsida,Jungermanniales,Porellaceae,Porella,NA,pinnata,NA,NA,NA,L.,NA,NA,species,NA,NA,NA,NA,NA,20260113T222607Z,RELEASE-2026
e9d44bc4-8c58-4462-b2f1-9390953be54d,D07,WALK,WALK.AOS.aquatic.plant.transect.09,13,2016-03-09T17:00:00Z,WALK.20160309,WALK.20160309.AP4.T09,NA,NA,NA,NA,NA,N,plant,submerged,POPI14,Porella pinnata L.,NA,NA,NA,NA,Hepaticopsida,Jungermanniales,Porellaceae,Porella,NA,pinnata,NA,NA,NA,L.,NA,NA,species,NA,NA,NA,NA,NA,20260113T222607Z,RELEASE-2026
20b509f1-db8d-4889-8e98-a12e537970a7,D07,WALK,WALK.AOS.aquatic.plant.transect.02,14,2016-03-09T17:00:00Z,WALK.20160309,WALK.20160309.AP7.T02,NA,NA,NA,NA,NA,N,plant,submerged,COCO38,Conocephalum conicum (L.) Dumort.,NA,NA,NA,NA,Hepaticopsida,Marchantiales,Conocephalaceae,Conocephalum,NA,conicum,NA,NA,NA,(L.) Dumort.,NA,NA,species,NA,NA,NA,NA,NA,20260113T222607Z,RELEASE-2026
e3106d51-903c-4c61-940e-49d2eba5dc12,D07,WALK,WALK.AOS.aquatic.plant.transect.07,12,2016-03-09T17:00:00Z,WALK.20160309,WALK.20160309.AP2.T07,NA,NA,NA,NA,NA,N,plant,submerged,POPI14,Porella pinnata L.,NA,NA,NA,NA,Hepaticopsida,Jungermanniales,Porellaceae,Porella,NA,pinnata,NA,NA,NA,L.,NA,NA,species,NA,NA,NA,NA,NA,20260113T222607Z,RELEASE-2026
40d4dd01-8bd7-45a9-a1de-6263984a227b,D07,WALK,WALK.AOS.aquatic.plant.transect.05,1,2016-03-09T17:00:00Z,WALK.20160309,WALK.20160309.AP1.T05,NA,NA,NA,NA,NA,N,plant,submerged,POPI14,Porella pinnata L.,NA,NA,NA,NA,Hepaticopsida,Jungermanniales,Porellaceae,Porella,NA,pinnata,NA,NA,NA,L.,NA,NA,species,NA,NA,NA,NA,NA,20260113T222607Z,RELEASE-2026
bbc07ff2-9b62-47e8-a763-87cf9844dbb4,D07,WALK,WALK.AOS.aquatic.plant.transect.09,16,2016-03-09T17:00:00Z,WALK.20160309,WALK.20160309.AP7.T09,NA,NA,NA,NA,NA,N,plant,submerged,POPI14,Porella pinnata L.,NA,NA,NA,NA,Hepaticopsida,Jungermanniales,Porellaceae,Porella,NA,pinnata,NA,NA,NA,L.,NA,NA,species,NA,NA,NA,NA,NA,20260113T222607Z,RELEASE-2026
2b2077ed-486e-4f13-98e7-1bbefb216e19,D07,WALK,WALK.AOS.aquatic.plant.transect.09,19,2016-03-09T17:00:00Z,WALK.20160309,WALK.20160309.AP9.T09,NA,NA,NA,NA,NA,N,plant,submerged,POPI14,Porella pinnata L.,NA,NA,NA,NA,Hepaticopsida,Jungermanniales,Porellaceae,Porella,NA,pinnata,NA,NA,NA,L.,NA,NA,species,NA,NA,NA,NA,NA,20260113T222607Z,RELEASE-2026
500b31ab-bec2-4f45-880e-65a7a8b832b8,D07,WALK,WALK.AOS.aquatic.plant.transect.05,5,2016-03-09T17:00:00Z,WALK.20160309,WALK.20160309.AP2.T05,NA,NA,NA,NA,NA,N,plant,submerged,POPI14,Porella pinnata L.,NA,NA,NA,NA,Hepaticopsida,Jungermanniales,Porellaceae,Porella,NA,pinnata,NA,NA,NA,L.,NA,NA,species,NA,NA,NA,NA,NA,20260113T222607Z,RELEASE-2026
b752481d-bf3e-4864-b85c-77ec485acf24,D07,WALK,WALK.AOS.aquatic.plant.transect.05,7,2016-03-09T17:00:00Z,WALK.20160309,WALK.20160309.AP4.T05,NA,NA,NA,NA,NA,N,plant,submerged,POPI14,Porella pinnata L.,NA,NA,NA,NA,Hepaticopsida,Jungermanniales,Porellaceae,Porella,NA,pinnata,NA,NA,NA,L.,NA,NA,species,NA,NA,NA,NA,NA,20260113T222607Z,RELEASE-2026
7afff535-95a4-4117-9b5a-68d8be57438b,D07,WALK,WALK.AOS.aquatic.plant.transect.08,12,2016-03-09T17:00:00Z,WALK.20160309,WALK.20160309.AP3.T08,NA,NA,NA,NA,NA,N,plant,submerged,POPI14,Porella pinnata L.,NA,NA,NA,NA,Hepaticopsida,Jungermanniales,Porellaceae,Porella,NA,pinnata,NA,NA,NA,L.,NA,NA,species,NA,NA,NA,NA,NA,20260113T222607Z,RELEASE-2026
af794bf1-d8e1-490c-a50b-a5ac5d321f4a,D07,WALK,WALK.AOS.aquatic.plant.transect.04,6,2016-03-09T17:00:00Z,WALK.20160309,WALK.20160309.AP2.T04,NA,NA,NA,NA,NA,N,plant,submerged,POPI14,Porella pinnata L.,NA,NA,NA,NA,Hepaticopsida,Jungermanniales,Porellaceae,Porella,NA,pinnata,NA,NA,NA,L.,NA,NA,species,NA,NA,NA,NA,NA,20260113T222607Z,RELEASE-2026
59f57822-27f5-4cc9-986a-48e0f4162374,D07,WALK,WALK.AOS.aquatic.plant.transect.02,20,2016-03-09T17:00:00Z,WALK.20160309,WALK.20160309.AP9.T02,NA,NA,NA,NA,NA,N,plant,submerged,COCO38,Conocephalum conicum (L.) Dumort.,NA,NA,NA,NA,Hepaticopsida,Marchantiales,Conocephalaceae,Conocephalum,NA,conicum,NA,NA,NA,(L.) Dumort.,NA,NA,species,NA,NA,NA,NA,NA,20260113T222607Z,RELEASE-2026
b77a5c09-7abf-4774-85ad-5eff6f2e866a,D07,WALK,WALK.AOS.aquatic.plant.transect.08,14,2016-03-09T17:00:00Z,WALK.20160309,WALK.20160309.AP5.T08,NA,NA,NA,NA,NA,N,plant,submerged,POPI14,Porella pinnata L.,NA,NA,NA,NA,Hepaticopsida,Jungermanniales,Porellaceae,Porella,NA,pinnata,NA,NA,NA,L.,NA,NA,species,NA,NA,NA,NA,NA,20260113T222607Z,RELEASE-2026
5276ec86-dfd3-4b25-b836-519557c57915,D07,WALK,WALK.AOS.aquatic.plant.transect.01,15,2016-03-09T17:00:00Z,WALK.20160309,WALK.20160309.AP8.T01,NA,NA,NA,NA,NA,N,plant,submerged,POPI14,Porella pinnata L.,NA,NA,NA,NA,Hepaticopsida,Jungermanniales,Porellaceae,Porella,NA,pinnata,NA,NA,NA,L.,NA,NA,species,NA,NA,NA,NA,NA,20260113T222607Z,RELEASE-2026
628073e1-0bb1-4940-923a-974cb86455f9,D07,WALK,WALK.AOS.aquatic.plant.transect.09,14,2016-03-09T17:00:00Z,WALK.20160309,WALK.20160309.AP5.T09,NA,NA,NA,NA,NA,N,plant,submerged,POPI14,Porella pinnata L.,NA,NA,NA,NA,Hepaticopsida,Jungermanniales,Porellaceae,Porella,NA,pinnata,NA,NA,NA,L.,NA,NA,species,NA,NA,NA,NA,NA,20260113T222607Z,RELEASE-2026
cc954c77-fd87-4bf7-ab08-02d45b355a84,D07,WALK,WALK.AOS.aquatic.plant.transect.01,9,2016-03-09T17:00:00Z,WALK.20160309,WALK.20160309.AP4.T01,NA,NA,NA,NA,NA,N,plant,submerged,POPI14,Porella pinnata L.,NA,NA,NA,NA,Hepaticopsida,Jungermanniales,Porellaceae,Porella,NA,pinnata,NA,NA,NA,L.,NA,NA,species,NA,NA,NA,NA,NA,20260113T222607Z,RELEASE-2026
faea0fa6-b505-412e-bdb8-b29c8080542d,D07,WALK,WALK.AOS.aquatic.plant.transect.03,3,2016-03-09T17:00:00Z,WALK.20160309,WALK.20160309.AP2.T03,NA,NA,NA,NA,NA,N,plant,submerged,POPI14,Porella pinnata L.,NA,NA,NA,NA,Hepaticopsida,Jungermanniales,Porellaceae,Porella,NA,pinnata,NA,NA,NA,L.,NA,NA,species,NA,NA,NA,NA,NA,20260113T222607Z,RELEASE-2026
cad2a386-cf55-4c16-a343-1d529f037f39,D07,WALK,WALK.AOS.aquatic.plant.transect.03,17,2016-03-09T17:00:00Z,WALK.20160309,WALK.20160309.AP7.T03,NA,NA,NA,NA,NA,N,plant,submerged,POPI14,Porella pinnata L.,NA,NA,NA,NA,Hepaticopsida,Jungermanniales,Porellaceae,Porella,NA,pinnata,NA,NA,NA,L.,NA,NA,species,NA,NA,NA,NA,NA,20260113T222607Z,RELEASE-2026
6c82f8d1-d9ec-4aeb-a1b7-d6cfe8b52dd3,D07,WALK,WALK.AOS.aquatic.plant.transect.02,10,2016-03-09T17:00:00Z,WALK.20160309,WALK.20160309.AP3.T02,NA,NA,NA,NA,NA,N,plant,submerged,POPI14,Porella pinnata L.,NA,NA,NA,NA,Hepaticopsida,Jungermanniales,Porellaceae,Porella,NA,pinnata,NA,NA,NA,L.,NA,NA,species,NA,NA,NA,NA,NA,20260113T222607Z,RELEASE-2026
c446d033-ac50-41da-b7ee-dbb0738630c1,D07,WALK,WALK.AOS.aquatic.plant.transect.02,11,2016-03-09T17:00:00Z,WALK.20160309,WALK.20160309.AP4.T02,NA,NA,NA,NA,NA,N,plant,submerged,POPI14,Porella pinnata L.,NA,NA,NA,NA,Hepaticopsida,Jungermanniales,Porellaceae,Porella,NA,pinnata,NA,NA,NA,L.,NA,NA,species,NA,NA,NA,NA,NA,20260113T222607Z,RELEASE-2026
f292cb63-fd46-40b0-9805-6dc3fc4c3d25,D07,WALK,WALK.AOS.aquatic.plant.transect.03,11,2016-10-31T13:15:00Z,WALK.20161031,WALK.20161031.AP1.T03,NA,NA,NA,NA,NA,N,plant,submerged,POPI14,Porella pinnata L.,NA,NA,NA,NA,Hepaticopsida,Jungermanniales,Porellaceae,Porella,NA,pinnata,NA,NA,NA,L.,NA,NA,species,NA,NA,NA,NA,legacyData,20260113T222508Z,RELEASE-2026
10f3af2c-a9b1-46c8-a722-cf9527b84e47,D07,WALK,WALK.AOS.aquatic.plant.transect.03,21,2016-10-31T13:15:00Z,WALK.20161031,WALK.20161031.AP2.T03,NA,NA,NA,NA,NA,N,plant,submerged,POPI14,Porella pinnata L.,NA,NA,NA,NA,Hepaticopsida,Jungermanniales,Porellaceae,Porella,NA,pinnata,NA,NA,NA,L.,NA,NA,species,NA,NA,NA,NA,legacyData,20260113T222508Z,RELEASE-2026
08135721-a347-415c-b147-1a43005b2ba0,D07,WALK,WALK.AOS.aquatic.plant.transect.04,16,2016-10-31T13:20:00Z,WALK.20161031,WALK.20161031.AP4.T04,NA,NA,NA,NA,NA,N,plant,submerged,POPI14,Porella pinnata L.,NA,NA,NA,NA,Hepaticopsida,Jungermanniales,Porellaceae,Porella,NA,pinnata,NA,NA,NA,L.,NA,NA,species,NA,NA,NA,NA,legacyData,20260113T222508Z,RELEASE-2026
e184e532-b275-4a6d-904e-5018c09cbed0,D07,WALK,WALK.AOS.aquatic.plant.transect.04,11,2016-10-31T13:20:00Z,WALK.20161031,WALK.20161031.AP2.T04,NA,NA,NA,NA,NA,N,plant,submerged,POPI14,Porella pinnata L.,NA,NA,NA,NA,Hepaticopsida,Jungermanniales,Porellaceae,Porella,NA,pinnata,NA,NA,NA,L.,NA,NA,species,NA,NA,NA,NA,legacyData,20260113T222508Z,RELEASE-2026
b2513e87-6c8c-4ad4-bbbd-28eba7b8274a,D07,WALK,WALK.AOS.aquatic.plant.transect.04,8,2016-10-31T13:20:00Z,WALK.20161031,WALK.20161031.AP1.T04,NA,NA,NA,NA,NA,N,plant,submerged,POPI14,Porella pinnata L.,NA,NA,NA,NA,Hepaticopsida,Jungermanniales,Porellaceae,Porella,NA,pinnata,NA,NA,NA,L.,NA,NA,species,NA,NA,NA,NA,legacyData,20260113T222508Z,RELEASE-2026
3f623507-ba3e-4a52-a3e0-ccd781823669,D07,WALK,WALK.AOS.aquatic.plant.transect.04,12,2016-10-31T13:20:00Z,WALK.20161031,WALK.20161031.AP3.T04,NA,NA,NA,NA,NA,N,plant,submerged,POPI14,Porella pinnata L.,NA,NA,NA,NA,Hepaticopsida,Jungermanniales,Porellaceae,Porella,NA,pinnata,NA,NA,NA,L.,NA,NA,species,NA,NA,NA,NA,legacyData,20260113T222508Z,RELEASE-2026
d1429abf-1ea8-43cc-a6bd-cd70dd086b35,D07,WALK,WALK.AOS.aquatic.plant.transect.05,11,2016-10-31T13:30:00Z,WALK.20161031,WALK.20161031.AP3.T05,NA,NA,NA,NA,NA,N,plant,submerged,POPI14,Porella pinnata L.,NA,NA,NA,NA,Hepaticopsida,Jungermanniales,Porellaceae,Porella,NA,pinnata,NA,NA,NA,L.,NA,NA,species,NA,NA,NA,NA,legacyData,20260113T222508Z,RELEASE-2026
9d3a4221-6d77-41ba-bd2f-ceb21a998fae,D07,WALK,WALK.AOS.aquatic.plant.transect.05,7,2016-10-31T13:30:00Z,WALK.20161031,WALK.20161031.AP2.T05,NA,NA,NA,NA,NA,N,plant,submerged,POPI14,Porella pinnata L.,NA,NA,NA,NA,Hepaticopsida,Jungermanniales,Porellaceae,Porella,NA,pinnata,NA,NA,NA,L.,NA,NA,species,NA,NA,NA,NA,legacyData,20260113T222508Z,RELEASE-2026
11a5f23a-0874-4149-86bc-8caf60d5cf34,D07,WALK,WALK.AOS.aquatic.plant.transect.05,4,2016-10-31T13:30:00Z,WALK.20161031,WALK.20161031.AP1.T05,NA,NA,NA,NA,NA,N,plant,submerged,POPI14,Porella pinnata L.,NA,NA,NA,NA,Hepaticopsida,Jungermanniales,Porellaceae,Porella,NA,pinnata,NA,NA,NA,L.,NA,NA,species,NA,NA,NA,NA,legacyData,20260113T222508Z,RELEASE-2026
1c51bb1a-ff18-4b6d-ab29-8fe614e9af84,D07,WALK,WALK.AOS.aquatic.plant.transect.06,12,2016-10-31T13:35:00Z,WALK.20161031,WALK.20161031.AP4.T06,NA,NA,NA,NA,NA,N,plant,submerged,POPI14,Porella pinnata L.,NA,NA,NA,NA,Hepaticopsida,Jungermanniales,Porellaceae,Porella,NA,pinnata,NA,NA,NA,L.,NA,NA,species,NA,NA,NA,NA,legacyData,20260113T222508Z,RELEASE-2026
684ac478-34ff-46fc-a36a-903e793f0e38,D07,WALK,WALK.AOS.aquatic.plant.transect.06,6,2016-10-31T13:35:00Z,WALK.20161031,WALK.20161031.AP2.T06,NA,NA,NA,NA,NA,N,plant,submerged,POPI14,Porella pinnata L.,NA,NA,NA,NA,Hepaticopsida,Jungermanniales,Porellaceae,Porella,NA,pinnata,NA,NA,NA,L.,NA,NA,species,NA,NA,NA,NA,legacyData,20260113T222508Z,RELEASE-2026
4c458324-80a7-4ef5-8b17-bbe577ff5cfb,D07,WALK,WALK.AOS.aquatic.plant.transect.06,1,2016-10-31T13:35:00Z,WALK.20161031,WALK.20161031.AP1.T06,NA,NA,NA,NA,NA,N,plant,submerged,POPI14,Porella pinnata L.,NA,NA,NA,NA,Hepaticopsida,Jungermanniales,Porellaceae,Porella,NA,pinnata,NA,NA,NA,L.,NA,NA,species,NA,NA,NA,NA,legacyData,20260113T222508Z,RELEASE-2026
cc9c1b21-b0f3-49d4-a1ed-362aadab4293,D07,WALK,WALK.AOS.aquatic.plant.transect.06,14,2016-10-31T13:35:00Z,WALK.20161031,WALK.20161031.AP5.T06,NA,NA,NA,NA,NA,N,plant,submerged,POPI14,Porella pinnata L.,NA,NA,NA,NA,Hepaticopsida,Jungermanniales,Porellaceae,Porella,NA,pinnata,NA,NA,NA,L.,NA,NA,species,NA,NA,NA,NA,legacyData,20260113T222508Z,RELEASE-2026
aa0333cf-91b6-4503-b580-9cb7054aa6ca,D07,WALK,WALK.AOS.aquatic.plant.transect.06,8,2016-10-31T13:35:00Z,WALK.20161031,WALK.20161031.AP3.T06,NA,NA,NA,NA,NA,N,plant,submerged,POPI14,Porella pinnata L.,NA,NA,NA,NA,Hepaticopsida,Jungermanniales,Porellaceae,Porella,NA,pinnata,NA,NA,NA,L.,NA,NA,species,NA,NA,NA,NA,legacyData,20260113T222508Z,RELEASE-2026
d31599eb-cbb5-4792-b9fe-e898a457ea46,D07,WALK,WALK.AOS.aquatic.plant.transect.07,13,2016-10-31T13:45:00Z,WALK.20161031,WALK.20161031.AP3.T07,NA,NA,NA,NA,NA,N,plant,submerged,POPI14,Porella pinnata L.,NA,NA,NA,NA,Hepaticopsida,Jungermanniales,Porellaceae,Porella,NA,pinnata,NA,NA,NA,L.,NA,NA,species,NA,NA,NA,NA,legacyData,20260113T222508Z,RELEASE-2026
d474adb5-9e59-4b45-b0f3-9d5c2ef93603,D07,WALK,WALK.AOS.aquatic.plant.transect.07,1,2016-10-31T13:45:00Z,WALK.20161031,WALK.20161031.AP1.T07,NA,NA,NA,NA,NA,N,plant,submerged,POPI14,Porella pinnata L.,NA,NA,NA,NA,Hepaticopsida,Jungermanniales,Porellaceae,Porella,NA,pinnata,NA,NA,NA,L.,NA,NA,species,NA,NA,NA,NA,legacyData,20260113T222508Z,RELEASE-2026
928382ae-a15d-49c3-b265-e6c814805927,D07,WALK,WALK.AOS.aquatic.plant.transect.07,12,2016-10-31T13:45:00Z,WALK.20161031,WALK.20161031.AP2.T07,NA,NA,NA,NA,NA,N,plant,submerged,POPI14,Porella pinnata L.,NA,NA,NA,NA,Hepaticopsida,Jungermanniales,Porellaceae,Porella,NA,pinnata,NA,NA,NA,L.,NA,NA,species,NA,NA,NA,NA,legacyData,20260113T222508Z,RELEASE-2026
0db262dc-84db-4ac8-a13e-58cd1bcf1b6e,D07,WALK,WALK.AOS.aquatic.plant.transect.09,17,2016-10-31T14:05:00Z,WALK.20161031,WALK.20161031.AP1.T09,NA,NA,NA,NA,NA,N,plant,submerged,POPI14,Porella pinnata L.,NA,NA,NA,NA,Hepaticopsida,Jungermanniales,Porellaceae,Porella,NA,pinnata,NA,NA,NA,L.,NA,NA,species,NA,NA,NA,NA,legacyData,20260113T222508Z,RELEASE-2026
27e62bfd-8962-4d77-a380-d643ec41fcc4,D07,WALK,WALK.AOS.aquatic.plant.transect.09,18,2016-10-31T14:05:00Z,WALK.20161031,WALK.20161031.AP2.T09,NA,NA,NA,NA,NA,N,plant,submerged,POPI14,Porella pinnata L.,NA,NA,NA,NA,Hepaticopsida,Jungermanniales,Porellaceae,Porella,NA,pinnata,NA,NA,NA,L.,NA,NA,species,NA,NA,NA,NA,legacyData,20260113T222508Z,RELEASE-2026
afec8bb5-8026-4efe-ada9-0dfec3fe94fa,D07,WALK,WALK.AOS.aquatic.plant.transect.02,11,2017-10-16T13:54:00Z,WALK.20171016,WALK.20171016.AP1.T02,NA,NA,NA,NA,NA,N,plant,submerged,POPI14,Porella pinnata L.,NA,NA,NA,NA,Hepaticopsida,Jungermanniales,Porellaceae,Porella,NA,pinnata,NA,NA,NA,L.,NA,NA,species,NA,NA,NA,NA,NA,20260113T223210Z,RELEASE-2026
b8709dba-ea50-433a-b5ae-6274a3cdb410,D07,WALK,WALK.AOS.aquatic.plant.transect.04,14,2017-10-16T14:16:00Z,WALK.20171016,WALK.20171016.AP2.T04,NA,NA,NA,NA,NA,N,plant,submerged,POPI14,Porella pinnata L.,NA,NA,NA,NA,Hepaticopsida,Jungermanniales,Porellaceae,Porella,NA,pinnata,NA,NA,NA,L.,NA,NA,species,NA,NA,NA,NA,NA,20260113T223210Z,RELEASE-2026
b23d55db-d35e-44e1-95ff-b2363ca85bfe,D07,WALK,WALK.AOS.aquatic.plant.transect.04,13,2017-10-16T14:16:00Z,WALK.20171016,WALK.20171016.AP1.T04,NA,NA,NA,NA,NA,N,plant,submerged,POPI14,Porella pinnata L.,NA,NA,NA,NA,Hepaticopsida,Jungermanniales,Porellaceae,Porella,NA,pinnata,NA,NA,NA,L.,NA,NA,species,NA,NA,NA,NA,NA,20260113T223210Z,RELEASE-2026
885d5e77-9eaf-4561-aec2-b1dce0c40bdc,D07,WALK,WALK.AOS.aquatic.plant.transect.04,15,2017-10-16T14:16:00Z,WALK.20171016,WALK.20171016.AP3.T04,NA,NA,NA,NA,NA,N,plant,submerged,POPI14,Porella pinnata L.,NA,NA,NA,NA,Hepaticopsida,Jungermanniales,Porellaceae,Porella,NA,pinnata,NA,NA,NA,L.,NA,NA,species,NA,NA,NA,NA,NA,20260113T223210Z,RELEASE-2026
fb2a420a-dbc6-4ccd-bcf2-9a7f96132c58,D07,WALK,WALK.AOS.aquatic.plant.transect.05,13,2017-10-16T14:30:00Z,WALK.20171016,WALK.20171016.AP2.T05,NA,NA,NA,NA,NA,N,plant,submerged,POPI14,Porella pinnata L.,NA,NA,NA,NA,Hepaticopsida,Jungermanniales,Porellaceae,Porella,NA,pinnata,NA,NA,NA,L.,NA,NA,species,NA,NA,NA,NA,NA,20260113T223210Z,RELEASE-2026
6832e4e2-c739-4b8b-87bd-e0707e1437f5,D07,WALK,WALK.AOS.aquatic.plant.transect.05,6,2017-10-16T14:30:00Z,WALK.20171016,WALK.20171016.AP1.T05,NA,NA,NA,NA,NA,N,plant,submerged,POPI14,Porella pinnata L.,NA,NA,NA,NA,Hepaticopsida,Jungermanniales,Porellaceae,Porella,NA,pinnata,NA,NA,NA,L.,NA,NA,species,NA,NA,NA,NA,NA,20260113T223210Z,RELEASE-2026
be45e643-431c-470d-8652-f681f7fddfdf,D07,WALK,WALK.AOS.aquatic.plant.transect.06,16,2017-10-16T14:52:00Z,WALK.20171016,WALK.20171016.AP1.T06,NA,NA,NA,NA,NA,N,plant,submerged,POPI14,Porella pinnata L.,NA,NA,NA,NA,Hepaticopsida,Jungermanniales,Porellaceae,Porella,NA,pinnata,NA,NA,NA,L.,NA,NA,species,NA,NA,NA,NA,NA,20260113T223210Z,RELEASE-2026
665e64a8-8150-4b0b-8efd-6e3a38b2b930,D07,WALK,WALK.AOS.aquatic.plant.transect.07,10,2017-10-16T15:14:00Z,WALK.20171016,WALK.20171016.AP2.T07,NA,NA,NA,NA,NA,N,plant,submerged,POPI14,Porella pinnata L.,NA,NA,NA,NA,Hepaticopsida,Jungermanniales,Porellaceae,Porella,NA,pinnata,NA,NA,NA,L.,NA,NA,species,NA,NA,NA,NA,NA,20260113T223210Z,RELEASE-2026
31a916f8-cafb-4c34-8c90-265830b09deb,D07,WALK,WALK.AOS.aquatic.plant.transect.07,11,2017-10-16T15:14:00Z,WALK.20171016,WALK.20171016.AP3.T07,NA,NA,NA,NA,NA,N,plant,submerged,POPI14,Porella pinnata L.,NA,NA,NA,NA,Hepaticopsida,Jungermanniales,Porellaceae,Porella,NA,pinnata,NA,NA,NA,L.,NA,NA,species,NA,NA,NA,NA,NA,20260113T223210Z,RELEASE-2026
83aa01f0-059f-4e64-9131-a10b11f8a240,D07,WALK,WALK.AOS.aquatic.plant.transect.07,14,2017-10-16T15:14:00Z,WALK.20171016,WALK.20171016.AP6.T07,NA,NA,NA,NA,NA,N,plant,submerged,POPI14,Porella pinnata L.,NA,NA,NA,NA,Hepaticopsida,Jungermanniales,Porellaceae,Porella,NA,pinnata,NA,NA,NA,L.,NA,NA,species,NA,NA,NA,NA,NA,20260113T223210Z,RELEASE-2026
f2c0b865-4eac-449b-950a-85add52c9548,D07,WALK,WALK.AOS.aquatic.plant.transect.07,16,2017-10-16T15:14:00Z,WALK.20171016,WALK.20171016.AP8.T07,NA,NA,NA,NA,NA,N,plant,submerged,POPI14,Porella pinnata L.,NA,NA,NA,NA,Hepaticopsida,Jungermanniales,Porellaceae,Porella,NA,pinnata,NA,NA,NA,L.,NA,NA,species,NA,NA,NA,NA,NA,20260113T223210Z,RELEASE-2026
dbc02914-49a1-414a-9bb1-8f6325a63d74,D07,WALK,WALK.AOS.aquatic.plant.transect.07,15,2017-10-16T15:14:00Z,WALK.20171016,WALK.20171016.AP7.T07,NA,NA,NA,NA,NA,N,plant,submerged,POPI14,Porella pinnata L.,NA,NA,NA,NA,Hepaticopsida,Jungermanniales,Porellaceae,Porella,NA,pinnata,NA,NA,NA,L.,NA,NA,species,NA,NA,NA,NA,NA,20260113T223210Z,RELEASE-2026
382b6ba2-513e-4bcd-a59c-c351a53a6dd8,D07,WALK,WALK.AOS.aquatic.plant.transect.07,8,2017-10-16T15:14:00Z,WALK.20171016,WALK.20171016.AP1.T07,NA,NA,NA,NA,NA,N,plant,submerged,POPI14,Porella pinnata L.,NA,NA,NA,NA,Hepaticopsida,Jungermanniales,Porellaceae,Porella,NA,pinnata,NA,NA,NA,L.,NA,NA,species,NA,NA,NA,NA,NA,20260113T223210Z,RELEASE-2026
518f9b42-d312-4e3c-97a0-459b83a81684,D07,WALK,WALK.AOS.aquatic.plant.transect.07,12,2017-10-16T15:14:00Z,WALK.20171016,WALK.20171016.AP4.T07,NA,NA,NA,NA,NA,N,plant,submerged,POPI14,Porella pinnata L.,NA,NA,NA,NA,Hepaticopsida,Jungermanniales,Porellaceae,Porella,NA,pinnata,NA,NA,NA,L.,NA,NA,species,NA,NA,NA,NA,NA,20260113T223210Z,RELEASE-2026
89a5f71a-b545-4156-9b8d-2427eff727e2,D07,WALK,WALK.AOS.aquatic.plant.transect.07,13,2017-10-16T15:14:00Z,WALK.20171016,WALK.20171016.AP5.T07,NA,NA,NA,NA,NA,N,plant,submerged,POPI14,Porella pinnata L.,NA,NA,NA,NA,Hepaticopsida,Jungermanniales,Porellaceae,Porella,NA,pinnata,NA,NA,NA,L.,NA,NA,species,NA,NA,NA,NA,NA,20260113T223210Z,RELEASE-2026
41078922-7e23-4935-a363-55f952d23575,D07,WALK,WALK.AOS.aquatic.plant.transect.06,10,2017-03-06T15:34:00Z,WALK.20170306,WALK.20170306.AP1.T06,NA,NA,NA,NA,NA,N,plant,submerged,POPI14,Porella pinnata L.,NA,NA,NA,NA,Hepaticopsida,Jungermanniales,Porellaceae,Porella,NA,pinnata,NA,NA,NA,L.,NA,NA,species,NA,NA,NA,NA,NA,20260113T223324Z,RELEASE-2026
efd970bb-a8b2-4c9f-801e-4b58fa4a129e,D07,WALK,WALK.AOS.aquatic.plant.transect.06,14,2017-03-06T15:34:00Z,WALK.20170306,WALK.20170306.AP2.T06,NA,NA,NA,NA,NA,N,plant,emergent,POPI14,Porella pinnata L.,NA,NA,NA,NA,Hepaticopsida,Jungermanniales,Porellaceae,Porella,NA,pinnata,NA,NA,NA,L.,NA,NA,species,NA,NA,NA,NA,NA,20260113T223324Z,RELEASE-2026
bbe6557d-6071-49e1-8e7e-f8a3d55a4524,D07,WALK,WALK.AOS.aquatic.plant.transect.07,7,2017-03-06T15:44:00Z,WALK.20170306,WALK.20170306.AP1.T07,NA,NA,NA,NA,NA,N,plant,submerged,POPI14,Porella pinnata L.,NA,NA,NA,NA,Hepaticopsida,Jungermanniales,Porellaceae,Porella,NA,pinnata,NA,NA,NA,L.,NA,NA,species,NA,NA,NA,NA,NA,20260113T223324Z,RELEASE-2026
120a5f20-7dba-45d5-9341-58f1662b0924,D07,WALK,WALK.AOS.aquatic.plant.transect.07,8,2017-03-06T15:44:00Z,WALK.20170306,WALK.20170306.AP2.T07,NA,NA,NA,NA,NA,N,plant,submerged,POPI14,Porella pinnata L.,NA,NA,NA,NA,Hepaticopsida,Jungermanniales,Porellaceae,Porella,NA,pinnata,NA,NA,NA,L.,NA,NA,species,NA,NA,NA,NA,NA,20260113T223324Z,RELEASE-2026
6903a218-d083-49cf-bb54-c56cbcdf497a,D07,WALK,WALK.AOS.aquatic.plant.transect.07,9,2017-03-06T15:44:00Z,WALK.20170306,WALK.20170306.AP3.T07,NA,NA,NA,NA,NA,N,plant,submerged,POPI14,Porella pinnata L.,NA,NA,NA,NA,Hepaticopsida,Jungermanniales,Porellaceae,Porella,NA,pinnata,NA,NA,NA,L.,NA,NA,species,NA,NA,NA,NA,NA,20260113T223324Z,RELEASE-2026
a5d52ec0-3d13-4446-9283-f92b9f9394a7,D07,WALK,WALK.AOS.aquatic.plant.transect.07,16,2017-03-06T15:44:00Z,WALK.20170306,WALK.20170306.AP10.T07,NA,NA,NA,NA,NA,N,plant,submerged,POPI14,Porella pinnata L.,NA,NA,NA,NA,Hepaticopsida,Jungermanniales,Porellaceae,Porella,NA,pinnata,NA,NA,NA,L.,NA,NA,species,NA,NA,NA,NA,NA,20260113T223324Z,RELEASE-2026
6f73a5c4-8c72-4bc9-9686-58513fb8b539,D07,WALK,WALK.AOS.aquatic.plant.transect.07,13,2017-03-06T15:44:00Z,WALK.20170306,WALK.20170306.AP7.T07,NA,NA,NA,NA,NA,N,plant,submerged,POPI14,Porella pinnata L.,NA,NA,NA,NA,Hepaticopsida,Jungermanniales,Porellaceae,Porella,NA,pinnata,NA,NA,NA,L.,NA,NA,species,NA,NA,NA,NA,NA,20260113T223324Z,RELEASE-2026
57a48010-b5c0-4d4b-9580-aea37120d3cb,D07,WALK,WALK.AOS.aquatic.plant.transect.07,11,2017-03-06T15:44:00Z,WALK.20170306,WALK.20170306.AP5.T07,NA,NA,NA,NA,NA,N,plant,submerged,POPI14,Porella pinnata L.,NA,NA,NA,NA,Hepaticopsida,Jungermanniales,Porellaceae,Porella,NA,pinnata,NA,NA,NA,L.,NA,NA,species,NA,NA,NA,NA,NA,20260113T223324Z,RELEASE-2026
9535743c-3a78-428d-b50e-a37d7c56babe,D07,WALK,WALK.AOS.aquatic.plant.transect.07,12,2017-03-06T15:44:00Z,WALK.20170306,WALK.20170306.AP6.T07,NA,NA,NA,NA,NA,N,plant,submerged,POPI14,Porella pinnata L.,NA,NA,NA,NA,Hepaticopsida,Jungermanniales,Porellaceae,Porella,NA,pinnata,NA,NA,NA,L.,NA,NA,species,NA,NA,NA,NA,NA,20260113T223324Z,RELEASE-2026
e8a02cdc-a246-4d89-936c-49b1a4634035,D07,WALK,WALK.AOS.aquatic.plant.transect.07,10,2017-03-06T15:44:00Z,WALK.20170306,WALK.20170306.AP4.T07,NA,NA,NA,NA,NA,N,plant,submerged,POPI14,Porella pinnata L.,NA,NA,NA,NA,Hepaticopsida,Jungermanniales,Porellaceae,Porella,NA,pinnata,NA,NA,NA,L.,NA,NA,species,NA,NA,NA,NA,NA,20260113T223324Z,RELEASE-2026
20de0eaa-ed2b-4e02-b429-76f6f8c2222d,D07,WALK,WALK.AOS.aquatic.plant.transect.07,14,2017-03-06T15:44:00Z,WALK.20170306,WALK.20170306.AP8.T07,NA,NA,NA,NA,NA,N,plant,submerged,POPI14,Porella pinnata L.,NA,NA,NA,NA,Hepaticopsida,Jungermanniales,Porellaceae,Porella,NA,pinnata,NA,NA,NA,L.,NA,NA,species,NA,NA,NA,NA,NA,20260113T223324Z,RELEASE-2026
0b780913-685a-4247-bd19-c3b95fe084de,D07,WALK,WALK.AOS.aquatic.plant.transect.07,15,2017-03-06T15:44:00Z,WALK.20170306,WALK.20170306.AP9.T07,NA,NA,NA,NA,NA,N,plant,submerged,POPI14,Porella pinnata L.,NA,NA,NA,NA,Hepaticopsida,Jungermanniales,Porellaceae,Porella,NA,pinnata,NA,NA,NA,L.,NA,NA,species,NA,NA,NA,NA,NA,20260113T223324Z,RELEASE-2026
4ad2e0c3-b17a-45d6-a281-e606fe43f12b,D07,WALK,WALK.AOS.aquatic.plant.transect.09,14,2017-03-06T16:20:00Z,WALK.20170306,WALK.20170306.MACROALGAE1.T09,NA,NA,NA,NA,NA,N,macroalgae,submerged,NA,NA,macroalgae14,NA,NA,NA,NA,NA,NA,NA,NA,NA,NA,NA,NA,NA,NA,NA,NA,NA,NA,NA,NA,NA,20260113T223324Z,RELEASE-2026
235ed32e-489d-4946-908a-7785ce1ecf78,D07,WALK,WALK.AOS.aquatic.plant.transect.09,15,2017-03-06T16:20:00Z,WALK.20170306,WALK.20170306.MACROALGAE2.T09,NA,NA,NA,NA,NA,N,macroalgae,submerged,NA,NA,macroalgae15,NA,NA,NA,NA,NA,NA,NA,NA,NA,NA,NA,NA,NA,NA,NA,NA,NA,NA,NA,NA,NA,20260113T223324Z,RELEASE-2026
b888245f-0fa0-44fb-a6f9-98deff8a78e5,D07,WALK,WALK.AOS.aquatic.plant.transect.10,13,2017-03-06T16:28:00Z,WALK.20170306,WALK.20170306.AP1.T10,NA,NA,NA,NA,NA,N,plant,submerged,POPI14,Porella pinnata L.,NA,NA,NA,NA,Hepaticopsida,Jungermanniales,Porellaceae,Porella,NA,pinnata,NA,NA,NA,L.,NA,NA,species,NA,NA,NA,NA,NA,20260113T223324Z,RELEASE-2026
1d1fc1b6-f4f1-4b40-b34b-e96c1af6c117,D07,WALK,WALK.AOS.aquatic.plant.transect.05,12,2018-03-13T14:50:00Z,WALK.20180313,WALK.20180313.AP2.T05,NA,NA,NA,NA,NA,N,plant,submerged,POPI14,Porella pinnata L.,NA,NA,NA,NA,Hepaticopsida,Jungermanniales,Porellaceae,Porella,NA,pinnata,NA,NA,NA,L.,NA,NA,species,NA,NA,NA,NA,NA,20260113T222440Z,RELEASE-2026
c5951fe8-1681-4407-ac33-c020ac6a4f23,D07,WALK,WALK.AOS.aquatic.plant.transect.05,4,2018-03-13T14:50:00Z,WALK.20180313,WALK.20180313.AP1.T05,NA,NA,NA,NA,NA,N,plant,submerged,POPI14,Porella pinnata L.,NA,NA,NA,NA,Hepaticopsida,Jungermanniales,Porellaceae,Porella,NA,pinnata,NA,NA,NA,L.,NA,NA,species,NA,NA,NA,NA,NA,20260113T222440Z,RELEASE-2026
bd851a44-7511-4fa8-b4e2-c3ad0aec7f40,D07,WALK,WALK.AOS.aquatic.plant.transect.06,5,2018-03-13T15:48:00Z,WALK.20180313,WALK.20180313.AP1.T06,NA,NA,NA,NA,NA,N,plant,submerged,POPI14,Porella pinnata L.,NA,NA,NA,NA,Hepaticopsida,Jungermanniales,Porellaceae,Porella,NA,pinnata,NA,NA,NA,L.,NA,NA,species,NA,NA,NA,NA,NA,20260113T222440Z,RELEASE-2026
b3cd7dd7-916d-4919-8d90-b9f068ec7643,D07,WALK,WALK.AOS.aquatic.plant.transect.07,12,2018-03-13T15:54:00Z,WALK.20180313,WALK.20180313.AP4.T07,NA,NA,NA,NA,NA,N,plant,submerged,POPI14,Porella pinnata L.,NA,NA,NA,NA,Hepaticopsida,Jungermanniales,Porellaceae,Porella,NA,pinnata,NA,NA,NA,L.,NA,NA,species,NA,NA,NA,NA,NA,20260113T222440Z,RELEASE-2026
77f0e610-f7fc-459a-a494-e54eb8ca8df4,D07,WALK,WALK.AOS.aquatic.plant.transect.07,9,2018-03-13T15:54:00Z,WALK.20180313,WALK.20180313.AP2.T07,NA,NA,NA,NA,NA,N,plant,submerged,POPI14,Porella pinnata L.,NA,NA,NA,NA,Hepaticopsida,Jungermanniales,Porellaceae,Porella,NA,pinnata,NA,NA,NA,L.,NA,NA,species,NA,NA,NA,NA,NA,20260113T222440Z,RELEASE-2026
84be4caf-e898-4dce-bfad-ddd0b03c010a,D07,WALK,WALK.AOS.aquatic.plant.transect.07,11,2018-03-13T15:54:00Z,WALK.20180313,WALK.20180313.AP3.T07,NA,NA,NA,NA,NA,N,plant,submerged,POPI14,Porella pinnata L.,NA,NA,NA,NA,Hepaticopsida,Jungermanniales,Porellaceae,Porella,NA,pinnata,NA,NA,NA,L.,NA,NA,species,NA,NA,NA,NA,NA,20260113T222440Z,RELEASE-2026
22caa691-7483-4725-aa85-5a2213667b74,D07,WALK,WALK.AOS.aquatic.plant.transect.07,8,2018-03-13T15:54:00Z,WALK.20180313,WALK.20180313.AP1.T07,NA,NA,NA,NA,NA,N,plant,submerged,POPI14,Porella pinnata L.,NA,NA,NA,NA,Hepaticopsida,Jungermanniales,Porellaceae,Porella,NA,pinnata,NA,NA,NA,L.,NA,NA,species,NA,NA,NA,NA,NA,20260113T222440Z,RELEASE-2026
00669159-a62f-4786-8d6d-573958e084d4,D07,WALK,WALK.AOS.aquatic.plant.transect.09,12,2018-03-13T16:41:00Z,WALK.20180313,WALK.20180313.MACROALGAE12.T9,NA,NA,NA,NA,NA,Y,macroalgae,submerged,NA,NA,macroalgae12.20180313.T9,NA,NA,NA,NA,NA,NA,NA,NA,NA,NA,NA,NA,NA,NA,NA,NA,NA,NA,NA,NA,NA,20260113T222440Z,RELEASE-2026
fd1d437f-e00a-41f5-baf4-b3ff8a366d77,D07,WALK,WALK.AOS.aquatic.plant.transect.03,11,2017-07-10T13:48:00Z,WALK.20170710,WALK.20170710.AP1.T03,NA,NA,NA,NA,NA,N,plant,submerged,POPI14,Porella pinnata L.,NA,NA,NA,NA,Hepaticopsida,Jungermanniales,Porellaceae,Porella,NA,pinnata,NA,NA,NA,L.,NA,NA,species,NA,NA,NA,NA,NA,20260113T223021Z,RELEASE-2026
6e463754-645f-4e66-851f-82a777acef35,D07,WALK,WALK.AOS.aquatic.plant.transect.04,13,2017-07-10T14:04:00Z,WALK.20170710,WALK.20170710.AP1.T04,NA,NA,NA,NA,NA,N,plant,submerged,POPI14,Porella pinnata L.,NA,NA,NA,NA,Hepaticopsida,Jungermanniales,Porellaceae,Porella,NA,pinnata,NA,NA,NA,L.,NA,NA,species,NA,NA,NA,NA,NA,20260113T223021Z,RELEASE-2026
2c11c46c-6c13-4bb3-9702-481d176357c0,D07,WALK,WALK.AOS.aquatic.plant.transect.04,14,2017-07-10T14:04:00Z,WALK.20170710,WALK.20170710.AP2.T04,NA,NA,NA,NA,NA,N,plant,submerged,POPI14,Porella pinnata L.,NA,NA,NA,NA,Hepaticopsida,Jungermanniales,Porellaceae,Porella,NA,pinnata,NA,NA,NA,L.,NA,NA,species,NA,NA,NA,NA,NA,20260113T223021Z,RELEASE-2026
844bed0a-26c8-4e48-b801-aa37f0c9376e,D07,WALK,WALK.AOS.aquatic.plant.transect.04,17,2017-07-10T14:04:00Z,WALK.20170710,WALK.20170710.AP3.T04,NA,NA,NA,NA,NA,N,plant,submerged,POPI14,Porella pinnata L.,NA,NA,NA,NA,Hepaticopsida,Jungermanniales,Porellaceae,Porella,NA,pinnata,NA,NA,NA,L.,NA,NA,species,Popi14,NA,NA,NA,NA,20260113T223021Z,RELEASE-2026
73710c10-b19b-41a6-aa75-4fe3ee4073ba,D07,WALK,WALK.AOS.aquatic.plant.transect.05,4,2017-07-10T14:18:00Z,WALK.20170710,WALK.20170710.AP1.T05,NA,NA,NA,NA,NA,N,plant,submerged,POPI14,Porella pinnata L.,NA,NA,NA,NA,Hepaticopsida,Jungermanniales,Porellaceae,Porella,NA,pinnata,NA,NA,NA,L.,NA,NA,species,NA,NA,NA,NA,NA,20260113T223021Z,RELEASE-2026
0071d07f-8408-4fee-84dc-f62c7ec79da7,D07,WALK,WALK.AOS.aquatic.plant.transect.06,16,2017-07-10T14:31:00Z,WALK.20170710,WALK.20170710.AP2.T06,NA,NA,NA,NA,NA,N,plant,submerged,POPI14,Porella pinnata L.,NA,NA,NA,NA,Hepaticopsida,Jungermanniales,Porellaceae,Porella,NA,pinnata,NA,NA,NA,L.,NA,NA,species,NA,NA,NA,NA,NA,20260113T223021Z,RELEASE-2026
1f83b71e-7016-4cbd-9c3d-1401032ed1ea,D07,WALK,WALK.AOS.aquatic.plant.transect.06,5,2017-07-10T14:31:00Z,WALK.20170710,WALK.20170710.AP1.T06,NA,NA,NA,NA,NA,N,plant,submerged,COCO38,Conocephalum conicum (L.) Dumort.,NA,NA,NA,NA,Hepaticopsida,Marchantiales,Conocephalaceae,Conocephalum,NA,conicum,NA,NA,NA,(L.) Dumort.,NA,NA,species,NA,NA,NA,NA,NA,20260113T223021Z,RELEASE-2026
bf9cd463-8c54-41cc-a907-55c1609042f1,D07,WALK,WALK.AOS.aquatic.plant.transect.07,14,2017-07-10T14:42:00Z,WALK.20170710,WALK.20170710.AP6.T07,NA,NA,NA,NA,NA,N,plant,submerged,POPI14,Porella pinnata L.,NA,NA,NA,NA,Hepaticopsida,Jungermanniales,Porellaceae,Porella,NA,pinnata,NA,NA,NA,L.,NA,NA,species,NA,NA,NA,NA,NA,20260113T223021Z,RELEASE-2026
d20cd3b9-0f42-482d-b740-e2792ac26fd1,D07,WALK,WALK.AOS.aquatic.plant.transect.07,13,2017-07-10T14:42:00Z,WALK.20170710,WALK.20170710.AP5.T07,NA,NA,NA,NA,NA,N,plant,submerged,POPI14,Porella pinnata L.,NA,NA,NA,NA,Hepaticopsida,Jungermanniales,Porellaceae,Porella,NA,pinnata,NA,NA,NA,L.,NA,NA,species,NA,NA,NA,NA,NA,20260113T223021Z,RELEASE-2026
beea0205-188a-49ed-a790-c5b1b0d9b4be,D07,WALK,WALK.AOS.aquatic.plant.transect.07,10,2017-07-10T14:42:00Z,WALK.20170710,WALK.20170710.AP2.T07,NA,NA,NA,NA,NA,N,plant,submerged,POPI14,Porella pinnata L.,NA,NA,NA,NA,Hepaticopsida,Jungermanniales,Porellaceae,Porella,NA,pinnata,NA,NA,NA,L.,NA,NA,species,NA,NA,NA,NA,NA,20260113T223021Z,RELEASE-2026
58dd3aab-18a2-491e-b16a-2d932ab1be2b,D07,WALK,WALK.AOS.aquatic.plant.transect.07,18,2017-07-10T14:42:00Z,WALK.20170710,WALK.20170710.AP7.T07,NA,NA,NA,NA,NA,N,plant,submerged,POPI14,Porella pinnata L.,NA,NA,NA,NA,Hepaticopsida,Jungermanniales,Porellaceae,Porella,NA,pinnata,NA,NA,NA,L.,NA,NA,species,NA,NA,NA,NA,NA,20260113T223021Z,RELEASE-2026
7d89af1e-b259-4223-beb0-2c7615ef9692,D07,WALK,WALK.AOS.aquatic.plant.transect.07,7,2017-07-10T14:42:00Z,WALK.20170710,WALK.20170710.AP1.T07,NA,NA,NA,NA,NA,N,plant,submerged,POPI14,Porella pinnata L.,NA,NA,NA,NA,Hepaticopsida,Jungermanniales,Porellaceae,Porella,NA,pinnata,NA,NA,NA,L.,NA,NA,species,NA,NA,NA,NA,NA,20260113T223021Z,RELEASE-2026
30896033-b70c-45e5-a2fd-411aa45b8cfa,D07,WALK,WALK.AOS.aquatic.plant.transect.07,12,2017-07-10T14:42:00Z,WALK.20170710,WALK.20170710.AP4.T07,NA,NA,NA,NA,NA,N,plant,submerged,POPI14,Porella pinnata L.,NA,NA,NA,NA,Hepaticopsida,Jungermanniales,Porellaceae,Porella,NA,pinnata,NA,NA,NA,L.,NA,NA,species,NA,NA,NA,NA,NA,20260113T223021Z,RELEASE-2026
dc622c13-9cc5-498c-b40e-403908cdacc0,D07,WALK,WALK.AOS.aquatic.plant.transect.07,11,2017-07-10T14:42:00Z,WALK.20170710,WALK.20170710.AP3.T07,NA,NA,NA,NA,NA,N,plant,submerged,POPI14,Porella pinnata L.,NA,NA,NA,NA,Hepaticopsida,Jungermanniales,Porellaceae,Porella,NA,pinnata,NA,NA,NA,L.,NA,NA,species,NA,NA,NA,NA,NA,20260113T223021Z,RELEASE-2026
a8c1ad46-ee95-466d-a915-6637f9ae3f12,D07,WALK,WALK.AOS.aquatic.plant.transect.01,14,2018-07-17T12:41:00Z,WALK.20180717,WALK.20180717.AP2.T01,NA,NA,NA,NA,NA,N,plant,submerged,POPI14,Porella pinnata L.,NA,NA,NA,NA,Hepaticopsida,Jungermanniales,Porellaceae,Porella,NA,pinnata,NA,NA,NA,L.,NA,NA,species,NA,NA,NA,NA,NA,20260113T222309Z,RELEASE-2026
10d7bf5e-9b9d-45b2-a829-e767a72ad618,D07,WALK,WALK.AOS.aquatic.plant.transect.01,12,2018-07-17T12:41:00Z,WALK.20180717,WALK.20180717.AP1.T01,NA,NA,NA,NA,NA,N,plant,submerged,POPI14,Porella pinnata L.,NA,NA,NA,NA,Hepaticopsida,Jungermanniales,Porellaceae,Porella,NA,pinnata,NA,NA,NA,L.,NA,NA,species,NA,NA,NA,NA,NA,20260113T222309Z,RELEASE-2026
5e63ef0b-4581-40b5-ad2c-56d6ddc866eb,D07,WALK,WALK.AOS.aquatic.plant.transect.02,5,2018-07-17T13:59:00Z,WALK.20180717,WALK.20180717.AP1.T02,NA,NA,NA,NA,NA,N,plant,submerged,POPI14,Porella pinnata L.,NA,NA,NA,NA,Hepaticopsida,Jungermanniales,Porellaceae,Porella,NA,pinnata,NA,NA,NA,L.,NA,NA,species,NA,NA,NA,NA,NA,20260113T222309Z,RELEASE-2026
af122f64-9eab-4756-8aeb-4301a8db8fd1,D07,WALK,WALK.AOS.aquatic.plant.transect.03,16,2018-07-17T14:23:00Z,WALK.20180717,WALK.20180717.AP3.T03,NA,NA,NA,NA,NA,N,plant,submerged,POPI14,Porella pinnata L.,NA,NA,NA,NA,Hepaticopsida,Jungermanniales,Porellaceae,Porella,NA,pinnata,NA,NA,NA,L.,NA,NA,species,NA,NA,NA,NA,NA,20260113T222309Z,RELEASE-2026
adb81bd5-4af3-4325-ab97-babacd76c5f5,D07,WALK,WALK.AOS.aquatic.plant.transect.03,7,2018-07-17T14:23:00Z,WALK.20180717,WALK.20180717.AP1.T03,NA,NA,NA,NA,NA,N,plant,submerged,POPI14,Porella pinnata L.,NA,NA,NA,NA,Hepaticopsida,Jungermanniales,Porellaceae,Porella,NA,pinnata,NA,NA,NA,L.,NA,NA,species,NA,NA,NA,NA,NA,20260113T222309Z,RELEASE-2026
fa491d4c-284b-42cf-a66c-0838a4553b97,D07,WALK,WALK.AOS.aquatic.plant.transect.03,11,2018-07-17T14:23:00Z,WALK.20180717,WALK.20180717.AP2.T03,NA,NA,NA,NA,NA,N,plant,submerged,POPI14,Porella pinnata L.,NA,NA,NA,NA,Hepaticopsida,Jungermanniales,Porellaceae,Porella,NA,pinnata,NA,NA,NA,L.,NA,NA,species,NA,NA,NA,NA,NA,20260113T222309Z,RELEASE-2026
2d44ea6e-6c64-424d-8707-88a8a1e6679c,D07,WALK,WALK.AOS.aquatic.plant.transect.04,12,2018-07-17T14:50:00Z,WALK.20180717,WALK.20180717.AP6.T04,NA,NA,NA,NA,NA,N,plant,submerged,POPI14,Porella pinnata L.,NA,NA,NA,NA,Hepaticopsida,Jungermanniales,Porellaceae,Porella,NA,pinnata,NA,NA,NA,L.,NA,NA,species,NA,NA,NA,NA,NA,20260113T222309Z,RELEASE-2026
59ab7ff8-1ee9-4444-93dd-844f52bb5678,D07,WALK,WALK.AOS.aquatic.plant.transect.04,11,2018-07-17T14:50:00Z,WALK.20180717,WALK.20180717.AP5.T04,NA,NA,NA,NA,NA,N,plant,submerged,POPI14,Porella pinnata L.,NA,NA,NA,NA,Hepaticopsida,Jungermanniales,Porellaceae,Porella,NA,pinnata,NA,NA,NA,L.,NA,NA,species,NA,NA,NA,NA,NA,20260113T222309Z,RELEASE-2026
9112008d-bc54-4fa3-814e-b104f2eb2653,D07,WALK,WALK.AOS.aquatic.plant.transect.04,10,2018-07-17T14:50:00Z,WALK.20180717,WALK.20180717.AP4.T04,NA,NA,NA,NA,NA,N,plant,submerged,POPI14,Porella pinnata L.,NA,NA,NA,NA,Hepaticopsida,Jungermanniales,Porellaceae,Porella,NA,pinnata,NA,NA,NA,L.,NA,NA,species,NA,NA,NA,NA,NA,20260113T222309Z,RELEASE-2026
060f84b7-0843-45f9-8e73-01699451bd70,D07,WALK,WALK.AOS.aquatic.plant.transect.04,5,2018-07-17T14:50:00Z,WALK.20180717,WALK.20180717.AP2.T04,NA,NA,NA,NA,NA,N,plant,submerged,POPI14,Porella pinnata L.,NA,NA,NA,NA,Hepaticopsida,Jungermanniales,Porellaceae,Porella,NA,pinnata,NA,NA,NA,L.,NA,NA,species,NA,NA,NA,NA,NA,20260113T222309Z,RELEASE-2026
37bb88fd-aecf-48cc-a3fb-97fc822bd949,D07,WALK,WALK.AOS.aquatic.plant.transect.04,6,2018-07-17T14:50:00Z,WALK.20180717,WALK.20180717.AP3.T04,NA,NA,NA,NA,NA,N,plant,submerged,POPI14,Porella pinnata L.,NA,NA,NA,NA,Hepaticopsida,Jungermanniales,Porellaceae,Porella,NA,pinnata,NA,NA,NA,L.,NA,NA,species,NA,NA,NA,NA,NA,20260113T222309Z,RELEASE-2026
42ed4790-941c-430f-8898-04bc6acaffed,D07,WALK,WALK.AOS.aquatic.plant.transect.04,3,2018-07-17T14:50:00Z,WALK.20180717,WALK.20180717.AP1.T04,NA,NA,NA,NA,NA,N,plant,submerged,POPI14,Porella pinnata L.,NA,NA,NA,NA,Hepaticopsida,Jungermanniales,Porellaceae,Porella,NA,pinnata,NA,NA,NA,L.,NA,NA,species,NA,NA,NA,NA,NA,20260113T222309Z,RELEASE-2026
635b3ceb-488b-49f5-bb77-aca8e6e929a0,D07,WALK,WALK.AOS.aquatic.plant.transect.05,11,2018-07-17T15:28:00Z,WALK.20180717,WALK.20180717.AP2.T05,NA,NA,NA,NA,NA,N,plant,submerged,POPI14,Porella pinnata L.,NA,NA,NA,NA,Hepaticopsida,Jungermanniales,Porellaceae,Porella,NA,pinnata,NA,NA,NA,L.,NA,NA,species,NA,NA,NA,NA,NA,20260113T222309Z,RELEASE-2026
b423d081-3509-471e-9af5-a34e75b85695,D07,WALK,WALK.AOS.aquatic.plant.transect.05,3,2018-07-17T15:28:00Z,WALK.20180717,WALK.20180717.AP1.T05,NA,NA,NA,NA,NA,N,plant,submerged,POPI14,Porella pinnata L.,NA,NA,NA,NA,Hepaticopsida,Jungermanniales,Porellaceae,Porella,NA,pinnata,NA,NA,NA,L.,NA,NA,species,NA,NA,NA,NA,NA,20260113T222309Z,RELEASE-2026
224dd50c-a541-4513-87d5-0e738e815685,D07,WALK,WALK.AOS.aquatic.plant.transect.06,19,2018-07-17T15:59:00Z,WALK.20180717,WALK.20180717.AP2.T06,NA,NA,NA,NA,NA,N,plant,submerged,POPI14,Porella pinnata L.,NA,NA,NA,NA,Hepaticopsida,Jungermanniales,Porellaceae,Porella,NA,pinnata,NA,NA,NA,L.,NA,NA,species,NA,NA,NA,NA,NA,20260113T222309Z,RELEASE-2026
449154aa-e5cd-48bc-9c84-70f4f89e8773,D07,WALK,WALK.AOS.aquatic.plant.transect.06,16,2018-07-17T15:59:00Z,WALK.20180717,WALK.20180717.AP1.T06,NA,NA,NA,NA,NA,N,plant,submerged,POPI14,Porella pinnata L.,NA,NA,NA,NA,Hepaticopsida,Jungermanniales,Porellaceae,Porella,NA,pinnata,NA,NA,NA,L.,NA,NA,species,NA,NA,NA,NA,NA,20260113T222309Z,RELEASE-2026
8cf47c2b-62c1-4f8f-b40c-03264cdc646b,D07,WALK,WALK.AOS.aquatic.plant.transect.07,16,2018-07-17T16:09:00Z,WALK.20180717,WALK.20180717.AP9.T07,NA,NA,NA,NA,NA,N,plant,submerged,POPI14,Porella pinnata L.,NA,NA,NA,NA,Hepaticopsida,Jungermanniales,Porellaceae,Porella,NA,pinnata,NA,NA,NA,L.,NA,NA,species,NA,NA,NA,NA,NA,20260113T222309Z,RELEASE-2026
800828d2-8470-4f84-93b6-a26b715c0b38,D07,WALK,WALK.AOS.aquatic.plant.transect.07,11,2018-07-17T16:09:00Z,WALK.20180717,WALK.20180717.AP4.T07,NA,NA,NA,NA,NA,N,plant,submerged,POPI14,Porella pinnata L.,NA,NA,NA,NA,Hepaticopsida,Jungermanniales,Porellaceae,Porella,NA,pinnata,NA,NA,NA,L.,NA,NA,species,NA,NA,NA,NA,NA,20260113T222309Z,RELEASE-2026
91f3f8ba-d74f-416e-92dd-eeea5eb271c3,D07,WALK,WALK.AOS.aquatic.plant.transect.07,12,2018-07-17T16:09:00Z,WALK.20180717,WALK.20180717.AP5.T07,NA,NA,NA,NA,NA,N,plant,emergent,POPI14,Porella pinnata L.,NA,NA,NA,NA,Hepaticopsida,Jungermanniales,Porellaceae,Porella,NA,pinnata,NA,NA,NA,L.,NA,NA,species,NA,NA,NA,NA,NA,20260113T222309Z,RELEASE-2026
174cd2e4-b653-445f-9be5-a239f9fc40d5,D07,WALK,WALK.AOS.aquatic.plant.transect.07,10,2018-07-17T16:09:00Z,WALK.20180717,WALK.20180717.AP3.T07,NA,NA,NA,NA,NA,N,plant,submerged,POPI14,Porella pinnata L.,NA,NA,NA,NA,Hepaticopsida,Jungermanniales,Porellaceae,Porella,NA,pinnata,NA,NA,NA,L.,NA,NA,species,NA,NA,NA,NA,NA,20260113T222309Z,RELEASE-2026
dab7e9a1-de7f-4c99-ada4-5f2577d09ccc,D07,WALK,WALK.AOS.aquatic.plant.transect.07,15,2018-07-17T16:09:00Z,WALK.20180717,WALK.20180717.AP8.T07,NA,NA,NA,NA,NA,N,plant,submerged,POPI14,Porella pinnata L.,NA,NA,NA,NA,Hepaticopsida,Jungermanniales,Porellaceae,Porella,NA,pinnata,NA,NA,NA,L.,NA,NA,species,NA,NA,NA,NA,NA,20260113T222309Z,RELEASE-2026
502d094d-21e9-43ff-b4ad-169f9cbbd6f2,D07,WALK,WALK.AOS.aquatic.plant.transect.07,13,2018-07-17T16:09:00Z,WALK.20180717,WALK.20180717.AP6.T07,NA,NA,NA,NA,NA,N,plant,emergent,POPI14,Porella pinnata L.,NA,NA,NA,NA,Hepaticopsida,Jungermanniales,Porellaceae,Porella,NA,pinnata,NA,NA,NA,L.,NA,NA,species,NA,NA,NA,NA,NA,20260113T222309Z,RELEASE-2026
3f2ace9a-2a32-4c25-924a-d7f26db430e0,D07,WALK,WALK.AOS.aquatic.plant.transect.07,14,2018-07-17T16:09:00Z,WALK.20180717,WALK.20180717.AP7.T07,NA,NA,NA,NA,NA,N,plant,submerged,POPI14,Porella pinnata L.,NA,NA,NA,NA,Hepaticopsida,Jungermanniales,Porellaceae,Porella,NA,pinnata,NA,NA,NA,L.,NA,NA,species,NA,NA,NA,NA,NA,20260113T222309Z,RELEASE-2026
1446526a-ff06-4592-b064-0b8ca6b9dde6,D07,WALK,WALK.AOS.aquatic.plant.transect.07,8,2018-07-17T16:09:00Z,WALK.20180717,WALK.20180717.AP1.T07,NA,NA,NA,NA,NA,N,plant,emergent,POPI14,Porella pinnata L.,NA,NA,NA,NA,Hepaticopsida,Jungermanniales,Porellaceae,Porella,NA,pinnata,NA,NA,NA,L.,NA,NA,species,NA,NA,NA,NA,NA,20260113T222309Z,RELEASE-2026
ac16538f-2658-4ba3-b0b0-a9e42ade9304,D07,WALK,WALK.AOS.aquatic.plant.transect.07,18,2018-07-17T16:09:00Z,WALK.20180717,WALK.20180717.AP10.T07,NA,NA,NA,NA,NA,N,plant,submerged,POPI14,Porella pinnata L.,NA,NA,NA,NA,Hepaticopsida,Jungermanniales,Porellaceae,Porella,NA,pinnata,NA,NA,NA,L.,NA,NA,species,NA,NA,NA,NA,NA,20260113T222309Z,RELEASE-2026
f9d9a9f4-93a0-490f-8642-e817dc0e766b,D07,WALK,WALK.AOS.aquatic.plant.transect.07,9,2018-07-17T16:09:00Z,WALK.20180717,WALK.20180717.AP2.T07,NA,NA,NA,NA,NA,N,plant,submerged,POPI14,Porella pinnata L.,NA,NA,NA,NA,Hepaticopsida,Jungermanniales,Porellaceae,Porella,NA,pinnata,NA,NA,NA,L.,NA,NA,species,NA,NA,NA,NA,NA,20260113T222309Z,RELEASE-2026
77ab7afa-978e-4ad2-90b1-42d1aa06a681,D07,WALK,WALK.AOS.aquatic.plant.transect.01,12,2018-10-30T12:28:00Z,WALK.20181030,WALK.20181030.AP1.T01,NA,NA,NA,NA,NA,N,plant,submerged,PORELSPP,Porella spp.,NA,NA,NA,NA,Hepaticopsida,Jungermanniales,Porellaceae,Porella,NA,spp.,NA,NA,NA,L.,NA,NA,genus,NA,NA,NA,NA,NA,20260113T223247Z,RELEASE-2026
66fe80bb-2d4f-4d9e-8ae4-41dc9579d189,D07,WALK,WALK.AOS.aquatic.plant.transect.03,11,2018-10-30T13:38:00Z,WALK.20181030,WALK.20181030.AP1.T03,NA,NA,NA,NA,NA,N,plant,submerged,PORELSPP,Porella spp.,NA,NA,NA,NA,Hepaticopsida,Jungermanniales,Porellaceae,Porella,NA,spp.,NA,NA,NA,L.,NA,NA,genus,NA,NA,NA,NA,NA,20260113T223247Z,RELEASE-2026
c96aed36-60de-44b0-a840-fcff7f34ae88,D07,WALK,WALK.AOS.aquatic.plant.transect.03,18,2018-10-30T13:38:00Z,WALK.20181030,WALK.20181030.AP3.T03,NA,NA,NA,NA,NA,N,plant,submerged,PORELSPP,Porella spp.,NA,NA,NA,NA,Hepaticopsida,Jungermanniales,Porellaceae,Porella,NA,spp.,NA,NA,NA,L.,NA,NA,genus,NA,NA,NA,NA,NA,20260113T223247Z,RELEASE-2026
db91e1ff-3209-4415-8bc1-49f20c1f60d7,D07,WALK,WALK.AOS.aquatic.plant.transect.03,17,2018-10-30T13:38:00Z,WALK.20181030,WALK.20181030.AP2.T03,NA,NA,NA,NA,NA,N,plant,submerged,PORELSPP,Porella spp.,NA,NA,NA,NA,Hepaticopsida,Jungermanniales,Porellaceae,Porella,NA,spp.,NA,NA,NA,L.,NA,NA,genus,NA,NA,NA,NA,NA,20260113T223247Z,RELEASE-2026
bb09ba1c-0ab8-4074-8005-5bcf1ed68672,D07,WALK,WALK.AOS.aquatic.plant.transect.03,20,2018-10-30T13:38:00Z,WALK.20181030,WALK.20181030.AP4.T03,NA,NA,NA,NA,NA,N,plant,submerged,PORELSPP,Porella spp.,NA,NA,NA,NA,Hepaticopsida,Jungermanniales,Porellaceae,Porella,NA,spp.,NA,NA,NA,L.,NA,NA,genus,NA,NA,NA,NA,NA,20260113T223247Z,RELEASE-2026
fc95a68c-86f7-4211-a16b-e0b996776a2f,D07,WALK,WALK.AOS.aquatic.plant.transect.04,11,2018-10-30T13:58:00Z,WALK.20181030,WALK.20181030.AP3.T04,NA,NA,NA,NA,NA,N,plant,submerged,PORELSPP,Porella spp.,NA,NA,NA,NA,Hepaticopsida,Jungermanniales,Porellaceae,Porella,NA,spp.,NA,NA,NA,L.,NA,NA,genus,NA,NA,NA,NA,NA,20260113T223247Z,RELEASE-2026
67396096-544d-45eb-8b79-33225b7b1f72,D07,WALK,WALK.AOS.aquatic.plant.transect.04,16,2018-10-30T13:58:00Z,WALK.20181030,WALK.20181030.AP4.T04,NA,NA,NA,NA,NA,N,plant,submerged,PORELSPP,Porella spp.,NA,NA,NA,NA,Hepaticopsida,Jungermanniales,Porellaceae,Porella,NA,spp.,NA,NA,NA,L.,NA,NA,genus,NA,NA,NA,NA,NA,20260113T223247Z,RELEASE-2026
cc58322d-dd22-483f-b638-4aeb8e773856,D07,WALK,WALK.AOS.aquatic.plant.transect.04,4,2018-10-30T13:58:00Z,WALK.20181030,WALK.20181030.AP1.T04,NA,NA,NA,NA,NA,N,plant,submerged,PORELSPP,Porella spp.,NA,NA,NA,NA,Hepaticopsida,Jungermanniales,Porellaceae,Porella,NA,spp.,NA,NA,NA,L.,NA,NA,genus,NA,NA,NA,NA,NA,20260113T223247Z,RELEASE-2026
a3821809-3030-409f-939a-e26368d2bef8,D07,WALK,WALK.AOS.aquatic.plant.transect.04,6,2018-10-30T13:58:00Z,WALK.20181030,WALK.20181030.AP2.T04,NA,NA,NA,NA,NA,N,plant,submerged,PORELSPP,Porella spp.,NA,NA,NA,NA,Hepaticopsida,Jungermanniales,Porellaceae,Porella,NA,spp.,NA,NA,NA,L.,NA,NA,genus,NA,NA,NA,NA,NA,20260113T223247Z,RELEASE-2026
682ffb4d-9339-4369-a4d7-e7bd331ac4e5,D07,WALK,WALK.AOS.aquatic.plant.transect.05,5,2018-10-30T14:08:00Z,WALK.20181030,WALK.20181030.AP2.T05,NA,NA,NA,NA,NA,N,plant,submerged,PORELSPP,Porella spp.,NA,NA,NA,NA,Hepaticopsida,Jungermanniales,Porellaceae,Porella,NA,spp.,NA,NA,NA,L.,NA,NA,genus,NA,NA,NA,NA,NA,20260113T223247Z,RELEASE-2026
07ba9f8c-6f87-41e0-ae49-83771d3de547,D07,WALK,WALK.AOS.aquatic.plant.transect.05,11,2018-10-30T14:08:00Z,WALK.20181030,WALK.20181030.AP3.T05,NA,NA,NA,NA,NA,N,plant,submerged,PORELSPP,Porella spp.,NA,NA,NA,NA,Hepaticopsida,Jungermanniales,Porellaceae,Porella,NA,spp.,NA,NA,NA,L.,NA,NA,genus,NA,NA,NA,NA,NA,20260113T223247Z,RELEASE-2026
e51a4d4b-384a-4057-8f49-bf9e2119d086,D07,WALK,WALK.AOS.aquatic.plant.transect.05,4,2018-10-30T14:08:00Z,WALK.20181030,WALK.20181030.AP1.T05,NA,NA,NA,NA,NA,N,plant,submerged,PORELSPP,Porella spp.,NA,NA,NA,NA,Hepaticopsida,Jungermanniales,Porellaceae,Porella,NA,spp.,NA,NA,NA,L.,NA,NA,genus,NA,NA,NA,NA,NA,20260113T223247Z,RELEASE-2026
21fd106e-054c-4aa9-8d78-a743e8a4071c,D07,WALK,WALK.AOS.aquatic.plant.transect.06,6,2018-10-30T14:46:00Z,WALK.20181030,WALK.20181030.AP1.T06,NA,NA,NA,NA,NA,N,plant,submerged,PORELSPP,Porella spp.,NA,NA,NA,NA,Hepaticopsida,Jungermanniales,Porellaceae,Porella,NA,spp.,NA,NA,NA,L.,NA,NA,genus,NA,NA,NA,NA,NA,20260113T223247Z,RELEASE-2026
b8d5a01d-0e22-4f0c-a298-27fc21021987,D07,WALK,WALK.AOS.aquatic.plant.transect.06,15,2018-10-30T14:46:00Z,WALK.20181030,WALK.20181030.AP2.T06,NA,NA,NA,NA,NA,N,plant,submerged,PORELSPP,Porella spp.,NA,NA,NA,NA,Hepaticopsida,Jungermanniales,Porellaceae,Porella,NA,spp.,NA,NA,NA,L.,NA,NA,genus,NA,NA,NA,NA,NA,20260113T223247Z,RELEASE-2026
381c6b6b-4840-4157-b509-2b16e533640a,D07,WALK,WALK.AOS.aquatic.plant.transect.06,18,2018-10-30T14:46:00Z,WALK.20181030,WALK.20181030.AP3.T06,NA,NA,NA,NA,NA,N,plant,submerged,PORELSPP,Porella spp.,NA,NA,NA,NA,Hepaticopsida,Jungermanniales,Porellaceae,Porella,NA,spp.,NA,NA,NA,L.,NA,NA,genus,NA,NA,NA,NA,NA,20260113T223247Z,RELEASE-2026
f77341fa-5455-424e-a9f0-067c9bb61b44,D07,WALK,WALK.AOS.aquatic.plant.transect.07,18,2018-10-30T15:08:00Z,WALK.20181030,WALK.20181030.AP7.T07,NA,NA,NA,NA,NA,N,plant,submerged,PORELSPP,Porella spp.,NA,NA,NA,NA,Hepaticopsida,Jungermanniales,Porellaceae,Porella,NA,spp.,NA,NA,NA,L.,NA,NA,genus,NA,NA,NA,NA,NA,20260113T223247Z,RELEASE-2026
db3f6cd2-29e4-43ad-b8f9-41275fed94d6,D07,WALK,WALK.AOS.aquatic.plant.transect.07,11,2018-10-30T15:08:00Z,WALK.20181030,WALK.20181030.AP3.T07,NA,NA,NA,NA,NA,N,plant,submerged,PORELSPP,Porella spp.,NA,NA,NA,NA,Hepaticopsida,Jungermanniales,Porellaceae,Porella,NA,spp.,NA,NA,NA,L.,NA,NA,genus,NA,NA,NA,NA,NA,20260113T223247Z,RELEASE-2026
8fc68c05-ee74-4291-b356-c86e9efc55b9,D07,WALK,WALK.AOS.aquatic.plant.transect.07,13,2018-10-30T15:08:00Z,WALK.20181030,WALK.20181030.AP5.T07,NA,NA,NA,NA,NA,N,plant,submerged,PORELSPP,Porella spp.,NA,NA,NA,NA,Hepaticopsida,Jungermanniales,Porellaceae,Porella,NA,spp.,NA,NA,NA,L.,NA,NA,genus,NA,NA,NA,NA,NA,20260113T223247Z,RELEASE-2026
7092bac0-9b60-467c-b469-dd5ec0aee13e,D07,WALK,WALK.AOS.aquatic.plant.transect.07,12,2018-10-30T15:08:00Z,WALK.20181030,WALK.20181030.AP4.T07,NA,NA,NA,NA,NA,N,plant,submerged,PORELSPP,Porella spp.,NA,NA,NA,NA,Hepaticopsida,Jungermanniales,Porellaceae,Porella,NA,spp.,NA,NA,NA,L.,NA,NA,genus,NA,NA,NA,NA,NA,20260113T223247Z,RELEASE-2026
120ef157-5c76-4e87-a029-6ac5d5abbf24,D07,WALK,WALK.AOS.aquatic.plant.transect.07,10,2018-10-30T15:08:00Z,WALK.20181030,WALK.20181030.AP2.T07,NA,NA,NA,NA,NA,N,plant,submerged,PORELSPP,Porella spp.,NA,NA,NA,NA,Hepaticopsida,Jungermanniales,Porellaceae,Porella,NA,spp.,NA,NA,NA,L.,NA,NA,genus,NA,NA,NA,NA,NA,20260113T223247Z,RELEASE-2026
a17fcd01-9d6d-4938-a864-8b85fc6ab154,D07,WALK,WALK.AOS.aquatic.plant.transect.07,8,2018-10-30T15:08:00Z,WALK.20181030,WALK.20181030.AP1.T07,NA,NA,NA,NA,NA,N,plant,submerged,PORELSPP,Porella spp.,NA,NA,NA,NA,Hepaticopsida,Jungermanniales,Porellaceae,Porella,NA,spp.,NA,NA,NA,L.,NA,NA,genus,NA,NA,NA,NA,NA,20260113T223247Z,RELEASE-2026
b81ad9d4-4f1b-4251-8608-a4ee85498a54,D07,WALK,WALK.AOS.aquatic.plant.transect.07,15,2018-10-30T15:08:00Z,WALK.20181030,WALK.20181030.AP6.T07,NA,NA,NA,NA,NA,N,plant,submerged,PORELSPP,Porella spp.,NA,NA,NA,NA,Hepaticopsida,Jungermanniales,Porellaceae,Porella,NA,spp.,NA,NA,NA,L.,NA,NA,genus,NA,NA,NA,NA,NA,20260113T223247Z,RELEASE-2026
20487565-77a3-4478-8bb5-2664389dd1a7,D07,WALK,WALK.AOS.aquatic.plant.transect.09,18,2018-10-30T15:50:00Z,WALK.20181030,WALK.20181030.AP1.T09,NA,NA,NA,NA,NA,N,plant,submerged,PORELSPP,Porella spp.,NA,NA,NA,NA,Hepaticopsida,Jungermanniales,Porellaceae,Porella,NA,spp.,NA,NA,NA,L.,NA,NA,genus,NA,NA,NA,NA,NA,20260113T223247Z,RELEASE-2026
865717f9-7ef2-4438-ab44-acf23480877c,D07,WALK,WALK.AOS.aquatic.plant.transect.10,11,2018-10-30T16:08:00Z,WALK.20181030,WALK.20181030.AP1.T10,NA,NA,NA,NA,NA,N,plant,submerged,PORELSPP,Porella spp.,NA,NA,NA,NA,Hepaticopsida,Jungermanniales,Porellaceae,Porella,NA,spp.,NA,NA,NA,L.,NA,NA,genus,NA,NA,NA,NA,NA,20260113T223247Z,RELEASE-2026
ac8969c7-eb96-4489-a3bf-22b3e08dcd5c,D07,WALK,WALK.AOS.aquatic.plant.transect.01,12,2019-03-12T14:49:00Z,WALK.20190312,WALK.20190312.AP2.T01,NA,NA,NA,NA,NA,N,plant,submerged,POPI14,Porella pinnata L.,NA,NA,NA,NA,Hepaticopsida,Jungermanniales,Porellaceae,Porella,NA,pinnata,NA,NA,NA,L.,NA,NA,species,NA,NA,NA,NA,NA,20260113T222802Z,RELEASE-2026
83c336f6-e986-4925-a3dd-8d6992b88b6c,D07,WALK,WALK.AOS.aquatic.plant.transect.01,19,2019-03-12T14:49:00Z,WALK.20190312,WALK.20190312.AP3.T01,NA,NA,NA,NA,NA,N,plant,submerged,POPI14,Porella pinnata L.,NA,NA,NA,NA,Hepaticopsida,Jungermanniales,Porellaceae,Porella,NA,pinnata,NA,NA,NA,L.,NA,NA,species,NA,NA,NA,NA,NA,20260113T222802Z,RELEASE-2026
1a5ff414-7a44-4cd5-b66e-6c55b83739f8,D07,WALK,WALK.AOS.aquatic.plant.transect.01,1,2019-03-12T14:49:00Z,WALK.20190312,WALK.20190312.AP1.T01,NA,NA,NA,NA,NA,N,plant,submerged,POPI14,Porella pinnata L.,NA,NA,NA,NA,Hepaticopsida,Jungermanniales,Porellaceae,Porella,NA,pinnata,NA,NA,NA,L.,NA,NA,species,NA,NA,NA,NA,NA,20260113T222802Z,RELEASE-2026
a7df2930-e5b3-4d00-9ab3-231cca9869ca,D07,WALK,WALK.AOS.aquatic.plant.transect.02,8,2019-03-12T15:24:00Z,WALK.20190312,WALK.20190312.AP1.T02,NA,NA,NA,NA,NA,N,plant,submerged,POPI14,Porella pinnata L.,NA,NA,NA,NA,Hepaticopsida,Jungermanniales,Porellaceae,Porella,NA,pinnata,NA,NA,NA,L.,NA,NA,species,NA,NA,NA,NA,NA,20260113T222802Z,RELEASE-2026
06c85bf5-e132-49c3-a3ab-2300b37515c9,D07,WALK,WALK.AOS.aquatic.plant.transect.03,14,2019-03-12T15:33:00Z,WALK.20190312,WALK.20190312.AP2.T03,NA,NA,NA,NA,NA,N,plant,submerged,POPI14,Porella pinnata L.,NA,NA,NA,NA,Hepaticopsida,Jungermanniales,Porellaceae,Porella,NA,pinnata,NA,NA,NA,L.,NA,NA,species,NA,NA,NA,NA,NA,20260113T222802Z,RELEASE-2026
bb0b10ff-dd7e-43fe-9599-fc84f8406a5f,D07,WALK,WALK.AOS.aquatic.plant.transect.03,20,2019-03-12T15:33:00Z,WALK.20190312,WALK.20190312.AP5.T03,NA,NA,NA,NA,NA,N,plant,submerged,PEEP3,Pellia epiphylla (L.) Corda,NA,NA,NA,NA,Hepaticopsida,Metzgeriales,Pelliaceae,Pellia,NA,epiphylla,NA,NA,NA,(L.) Corda,NA,"PRDNR, Guide to identify common wetlands plants in the Caribbean area: Puerto Rico and U.S. Virgin Islands (2001)",species,NA,NA,NA,NA,NA,20260113T222802Z,RELEASE-2026
188079d2-3840-4679-97ea-4c72ef9b0973,D07,WALK,WALK.AOS.aquatic.plant.transect.03,16,2019-03-12T15:33:00Z,WALK.20190312,WALK.20190312.AP3.T03,NA,NA,NA,NA,NA,N,plant,submerged,POPI14,Porella pinnata L.,NA,NA,NA,NA,Hepaticopsida,Jungermanniales,Porellaceae,Porella,NA,pinnata,NA,NA,NA,L.,NA,NA,species,NA,NA,NA,NA,NA,20260113T222802Z,RELEASE-2026
5c3ee9fc-e256-431f-95dd-52e5b7ce7203,D07,WALK,WALK.AOS.aquatic.plant.transect.03,11,2019-03-12T15:33:00Z,WALK.20190312,WALK.20190312.AP1.T03,NA,NA,NA,NA,NA,N,plant,submerged,POPI14,Porella pinnata L.,NA,NA,NA,NA,Hepaticopsida,Jungermanniales,Porellaceae,Porella,NA,pinnata,NA,NA,NA,L.,NA,NA,species,NA,NA,NA,NA,NA,20260113T222802Z,RELEASE-2026
37fc2ac2-0cc4-4f2d-a684-56b44cc30ea2,D07,WALK,WALK.AOS.aquatic.plant.transect.03,17,2019-03-12T15:33:00Z,WALK.20190312,WALK.20190312.AP4.T03,NA,NA,NA,NA,NA,N,plant,submerged,POPI14,Porella pinnata L.,NA,NA,NA,NA,Hepaticopsida,Jungermanniales,Porellaceae,Porella,NA,pinnata,NA,NA,NA,L.,NA,NA,species,NA,NA,NA,NA,NA,20260113T222802Z,RELEASE-2026
dd43013d-bce6-4f6c-9611-cddd7cdf2644,D07,WALK,WALK.AOS.aquatic.plant.transect.04,12,2019-03-12T15:49:00Z,WALK.20190312,WALK.20190312.AP1.T04,NA,NA,NA,NA,NA,N,plant,submerged,POPI14,Porella pinnata L.,NA,NA,NA,NA,Hepaticopsida,Jungermanniales,Porellaceae,Porella,NA,pinnata,NA,NA,NA,L.,NA,NA,species,NA,NA,NA,NA,NA,20260113T222802Z,RELEASE-2026
90024705-317f-47f9-99ff-a91b214f0ad6,D07,WALK,WALK.AOS.aquatic.plant.transect.04,16,2019-03-12T15:49:00Z,WALK.20190312,WALK.20190312.AP2.T04,NA,NA,NA,NA,NA,N,plant,submerged,NEONTPC35159938,Fontinalis dalecarlica Bruch & Schimp.,NA,NA,NA,NA,Equisetopsida,NA,Fontinalaceae,Fontinalis,NA,dalecarlica,NA,NA,NA,Bruch & Schimp.,NA,"McKnight, Common Mosses of the Northeast and Appalachians (2013)",species,NA,NA,NA,NA,NA,20260113T222802Z,RELEASE-2026
49a9bf83-14f7-4f22-9c29-a26b7d224329,D07,WALK,WALK.AOS.aquatic.plant.transect.05,8,2019-03-12T16:01:00Z,WALK.20190312,WALK.20190312.AP2.T05,NA,NA,NA,NA,NA,N,plant,submerged,POPI14,Porella pinnata L.,NA,NA,NA,NA,Hepaticopsida,Jungermanniales,Porellaceae,Porella,NA,pinnata,NA,NA,NA,L.,NA,NA,species,NA,NA,NA,NA,NA,20260113T222802Z,RELEASE-2026
5a8a3415-4781-47ec-930b-889a2ef18aff,D07,WALK,WALK.AOS.aquatic.plant.transect.05,11,2019-03-12T16:01:00Z,WALK.20190312,WALK.20190312.AP5.T05,NA,NA,NA,NA,NA,N,plant,submerged,NEONTPC35159938,Fontinalis dalecarlica Bruch & Schimp.,NA,NA,NA,NA,Equisetopsida,NA,Fontinalaceae,Fontinalis,NA,dalecarlica,NA,NA,NA,Bruch & Schimp.,NA,NA,species,NA,NA,NA,NA,NA,20260113T222802Z,RELEASE-2026
f9a02467-44c3-4290-8711-ba3253ada67b,D07,WALK,WALK.AOS.aquatic.plant.transect.05,9,2019-03-12T16:01:00Z,WALK.20190312,WALK.20190312.AP4.T05,NA,NA,NA,NA,NA,N,plant,submerged,POPI14,Porella pinnata L.,NA,NA,NA,NA,Hepaticopsida,Jungermanniales,Porellaceae,Porella,NA,pinnata,NA,NA,NA,L.,NA,"McKnight, Common Mosses of the Northeast and Appalachians (2013)",species,NA,NA,NA,NA,NA,20260113T222802Z,RELEASE-2026
c4dc4a79-1200-45b6-817e-adbb41ea0b91,D07,WALK,WALK.AOS.aquatic.plant.transect.05,3,2019-03-12T16:01:00Z,WALK.20190312,WALK.20190312.AP1.T05,NA,NA,NA,NA,NA,N,plant,submerged,POPI14,Porella pinnata L.,NA,NA,NA,NA,Hepaticopsida,Jungermanniales,Porellaceae,Porella,NA,pinnata,NA,NA,NA,L.,NA,NA,species,NA,NA,NA,NA,NA,20260113T222802Z,RELEASE-2026
dfe0313e-d6f2-4263-b187-1357a5f52c31,D07,WALK,WALK.AOS.aquatic.plant.transect.05,8,2019-03-12T16:01:00Z,WALK.20190312,WALK.20190312.AP3.T05,NA,NA,NA,NA,NA,N,plant,submerged,NEONTPC35159938,Fontinalis dalecarlica Bruch & Schimp.,NA,NA,NA,NA,Equisetopsida,NA,Fontinalaceae,Fontinalis,NA,dalecarlica,NA,NA,NA,Bruch & Schimp.,NA,"McKnight, Common Mosses of the Northeast and Appalachians (2013)",species,NA,NA,NA,NA,NA,20260113T222802Z,RELEASE-2026
bed98bba-991e-4f48-a13d-c20e703d0b8f,D07,WALK,WALK.AOS.aquatic.plant.transect.05,20,2019-03-12T16:01:00Z,WALK.20190312,WALK.20190312.AP6.T05,NA,NA,NA,NA,NA,N,plant,submerged,POPI14,Porella pinnata L.,NA,NA,NA,NA,Hepaticopsida,Jungermanniales,Porellaceae,Porella,NA,pinnata,NA,NA,NA,L.,NA,NA,species,NA,NA,NA,NA,NA,20260113T222802Z,RELEASE-2026
f97ab787-1b1a-4951-8d54-140f737d67dd,D07,WALK,WALK.AOS.aquatic.plant.transect.06,5,2019-03-12T17:11:00Z,WALK.20190312,WALK.20190312.AP2.T06,NA,NA,NA,NA,NA,N,plant,submerged,POPI14,Porella pinnata L.,NA,NA,NA,NA,Hepaticopsida,Jungermanniales,Porellaceae,Porella,NA,pinnata,NA,NA,NA,L.,NA,NA,species,NA,NA,NA,NA,NA,20260113T222802Z,RELEASE-2026
4eaaf938-ede5-4cc3-9999-bfe2e7697037,D07,WALK,WALK.AOS.aquatic.plant.transect.06,11,2019-03-12T17:11:00Z,WALK.20190312,WALK.20190312.AP4.T06,NA,NA,NA,NA,NA,N,plant,submerged,POPI14,Porella pinnata L.,NA,NA,NA,NA,Hepaticopsida,Jungermanniales,Porellaceae,Porella,NA,pinnata,NA,NA,NA,L.,NA,NA,species,NA,NA,NA,NA,NA,20260113T222802Z,RELEASE-2026
216ea89a-e3df-4af2-a742-dd234b4679a4,D07,WALK,WALK.AOS.aquatic.plant.transect.06,18,2019-03-12T17:11:00Z,WALK.20190312,WALK.20190312.AP7.T06,NA,NA,NA,NA,NA,N,plant,submerged,POPI14,Porella pinnata L.,NA,NA,NA,NA,Hepaticopsida,Jungermanniales,Porellaceae,Porella,NA,pinnata,NA,NA,NA,L.,NA,NA,species,NA,NA,NA,NA,NA,20260113T222802Z,RELEASE-2026
8654636c-dd24-45c6-b969-25d6aaa6aa4f,D07,WALK,WALK.AOS.aquatic.plant.transect.06,14,2019-03-12T17:11:00Z,WALK.20190312,WALK.20190312.AP5.T06,NA,NA,NA,NA,NA,N,plant,submerged,POPI14,Porella pinnata L.,NA,NA,NA,NA,Hepaticopsida,Jungermanniales,Porellaceae,Porella,NA,pinnata,NA,NA,NA,L.,NA,NA,species,NA,NA,NA,NA,NA,20260113T222802Z,RELEASE-2026
af37e1c1-bf6c-4915-a8e6-4bfdca638255,D07,WALK,WALK.AOS.aquatic.plant.transect.06,14,2019-03-12T17:11:00Z,WALK.20190312,WALK.20190312.AP6.T06,NA,NA,NA,NA,NA,N,plant,submerged,PEEP3,Pellia epiphylla (L.) Corda,NA,NA,NA,NA,Hepaticopsida,Metzgeriales,Pelliaceae,Pellia,NA,epiphylla,NA,NA,NA,(L.) Corda,NA,NA,species,NA,NA,NA,NA,NA,20260113T222802Z,RELEASE-2026
b8dc9ecf-e573-4d09-8dc9-855c350e400c,D07,WALK,WALK.AOS.aquatic.plant.transect.06,19,2019-03-12T17:11:00Z,WALK.20190312,WALK.20190312.AP8.T06,NA,NA,NA,NA,NA,N,plant,submerged,POPI14,Porella pinnata L.,NA,NA,NA,NA,Hepaticopsida,Jungermanniales,Porellaceae,Porella,NA,pinnata,NA,NA,NA,L.,NA,NA,species,NA,NA,NA,NA,NA,20260113T222802Z,RELEASE-2026
1e317a58-0d59-47b0-888f-cdc4de7c5a7c,D07,WALK,WALK.AOS.aquatic.plant.transect.06,6,2019-03-12T17:11:00Z,WALK.20190312,WALK.20190312.AP3.T06,NA,NA,NA,NA,NA,N,plant,submerged,POPI14,Porella pinnata L.,NA,NA,NA,NA,Hepaticopsida,Jungermanniales,Porellaceae,Porella,NA,pinnata,NA,NA,NA,L.,NA,NA,species,NA,NA,NA,NA,NA,20260113T222802Z,RELEASE-2026
26370d12-8ffc-4030-a973-acf658820dee,D07,WALK,WALK.AOS.aquatic.plant.transect.06,4,2019-03-12T17:11:00Z,WALK.20190312,WALK.20190312.AP1.T06,NA,NA,NA,NA,NA,N,plant,submerged,PEEP3,Pellia epiphylla (L.) Corda,NA,NA,NA,NA,Hepaticopsida,Metzgeriales,Pelliaceae,Pellia,NA,epiphylla,NA,NA,NA,(L.) Corda,NA,NA,species,NA,NA,NA,NA,NA,20260113T222802Z,RELEASE-2026
c58db56b-02da-43f5-bbd0-d41cb3a4c08c,D07,WALK,WALK.AOS.aquatic.plant.transect.07,15,2019-03-12T17:23:00Z,WALK.20190312,WALK.20190312.AP10.T07,NA,NA,NA,NA,NA,N,plant,submerged,POPI14,Porella pinnata L.,NA,NA,NA,NA,Hepaticopsida,Jungermanniales,Porellaceae,Porella,NA,pinnata,NA,NA,NA,L.,NA,NA,species,NA,NA,NA,NA,NA,20260113T222802Z,RELEASE-2026
61d22ee4-2ed1-4449-ac51-debd5eae80ef,D07,WALK,WALK.AOS.aquatic.plant.transect.07,17,2019-03-12T17:23:00Z,WALK.20190312,WALK.20190312.AP12.T07,NA,NA,NA,NA,NA,N,plant,submerged,POPI14,Porella pinnata L.,NA,NA,NA,NA,Hepaticopsida,Jungermanniales,Porellaceae,Porella,NA,pinnata,NA,NA,NA,L.,NA,NA,species,NA,NA,NA,NA,NA,20260113T222802Z,RELEASE-2026
77111221-62f3-489d-9f7e-d54c06fec2aa,D07,WALK,WALK.AOS.aquatic.plant.transect.07,3,2019-03-12T17:23:00Z,WALK.20190312,WALK.20190312.AP1.T07,NA,NA,NA,NA,NA,N,plant,submerged,POPI14,Porella pinnata L.,NA,NA,NA,NA,Hepaticopsida,Jungermanniales,Porellaceae,Porella,NA,pinnata,NA,NA,NA,L.,NA,NA,species,NA,NA,NA,NA,NA,20260113T222802Z,RELEASE-2026
69f00b6e-9ed7-4dbf-b9f8-badad31e71c3,D07,WALK,WALK.AOS.aquatic.plant.transect.07,9,2019-03-12T17:23:00Z,WALK.20190312,WALK.20190312.AP5.T07,NA,NA,NA,NA,NA,N,plant,submerged,POPI14,Porella pinnata L.,NA,NA,NA,NA,Hepaticopsida,Jungermanniales,Porellaceae,Porella,NA,pinnata,NA,NA,NA,L.,NA,NA,species,NA,NA,NA,NA,NA,20260113T222802Z,RELEASE-2026
74ffff97-44fc-4fe4-ba17-d395915663f5,D07,WALK,WALK.AOS.aquatic.plant.transect.07,6,2019-03-12T17:23:00Z,WALK.20190312,WALK.20190312.AP3.T07,NA,NA,NA,NA,NA,N,plant,submerged,POPI14,Porella pinnata L.,NA,NA,NA,NA,Hepaticopsida,Jungermanniales,Porellaceae,Porella,NA,pinnata,NA,NA,NA,L.,NA,NA,species,NA,NA,NA,NA,NA,20260113T222802Z,RELEASE-2026
76fbe501-7cf8-4994-ab9d-ba216530e40c,D07,WALK,WALK.AOS.aquatic.plant.transect.07,18,2019-03-12T17:23:00Z,WALK.20190312,WALK.20190312.AP13.T07,NA,NA,NA,NA,NA,N,plant,submerged,POPI14,Porella pinnata L.,NA,NA,NA,NA,Hepaticopsida,Jungermanniales,Porellaceae,Porella,NA,pinnata,NA,NA,NA,L.,NA,NA,species,NA,NA,NA,NA,NA,20260113T222802Z,RELEASE-2026
92446a83-a88c-4999-9c9b-bc4c2cbb3c65,D07,WALK,WALK.AOS.aquatic.plant.transect.07,13,2019-03-12T17:23:00Z,WALK.20190312,WALK.20190312.AP9.T07,NA,NA,NA,NA,NA,N,plant,submerged,POPI14,Porella pinnata L.,NA,NA,NA,NA,Hepaticopsida,Jungermanniales,Porellaceae,Porella,NA,pinnata,NA,NA,NA,L.,NA,NA,species,NA,NA,NA,NA,NA,20260113T222802Z,RELEASE-2026
818840b1-65e1-4d55-ae7d-6e2f8d514f43,D07,WALK,WALK.AOS.aquatic.plant.transect.07,16,2019-03-12T17:23:00Z,WALK.20190312,WALK.20190312.AP11.T07,NA,NA,NA,NA,NA,N,plant,submerged,POPI14,Porella pinnata L.,NA,NA,NA,NA,Hepaticopsida,Jungermanniales,Porellaceae,Porella,NA,pinnata,NA,NA,NA,L.,NA,NA,species,NA,NA,NA,NA,NA,20260113T222802Z,RELEASE-2026
2d2aaa33-65b4-4914-a3d4-5e9514aebb49,D07,WALK,WALK.AOS.aquatic.plant.transect.07,12,2019-03-12T17:23:00Z,WALK.20190312,WALK.20190312.AP8.T07,NA,NA,NA,NA,NA,N,plant,submerged,POPI14,Porella pinnata L.,NA,NA,NA,NA,Hepaticopsida,Jungermanniales,Porellaceae,Porella,NA,pinnata,NA,NA,NA,L.,NA,NA,species,NA,NA,NA,NA,NA,20260113T222802Z,RELEASE-2026
def2a71b-2418-4bde-b801-8c91d7d16835,D07,WALK,WALK.AOS.aquatic.plant.transect.07,11,2019-03-12T17:23:00Z,WALK.20190312,WALK.20190312.AP7.T07,NA,NA,NA,NA,NA,N,plant,submerged,POPI14,Porella pinnata L.,NA,NA,NA,NA,Hepaticopsida,Jungermanniales,Porellaceae,Porella,NA,pinnata,NA,NA,NA,L.,NA,NA,species,NA,NA,NA,NA,NA,20260113T222802Z,RELEASE-2026
98532952-6625-4d57-9477-a5cc185fcd59,D07,WALK,WALK.AOS.aquatic.plant.transect.07,8,2019-03-12T17:23:00Z,WALK.20190312,WALK.20190312.AP4.T07,NA,NA,NA,NA,NA,N,plant,submerged,POPI14,Porella pinnata L.,NA,NA,NA,NA,Hepaticopsida,Jungermanniales,Porellaceae,Porella,NA,pinnata,NA,NA,NA,L.,NA,NA,species,NA,NA,NA,NA,NA,20260113T222802Z,RELEASE-2026
513e596c-1a28-4612-be8e-890cd8091bb8,D07,WALK,WALK.AOS.aquatic.plant.transect.07,5,2019-03-12T17:23:00Z,WALK.20190312,WALK.20190312.AP2.T07,NA,NA,NA,NA,NA,N,plant,submerged,POPI14,Porella pinnata L.,NA,NA,NA,NA,Hepaticopsida,Jungermanniales,Porellaceae,Porella,NA,pinnata,NA,NA,NA,L.,NA,NA,species,NA,NA,NA,NA,NA,20260113T222802Z,RELEASE-2026
778a8014-4794-461e-9c12-1346c03ab752,D07,WALK,WALK.AOS.aquatic.plant.transect.07,10,2019-03-12T17:23:00Z,WALK.20190312,WALK.20190312.AP6.T07,NA,NA,NA,NA,NA,N,plant,submerged,POPI14,Porella pinnata L.,NA,NA,NA,NA,Hepaticopsida,Jungermanniales,Porellaceae,Porella,NA,pinnata,NA,NA,NA,L.,NA,NA,species,NA,NA,NA,NA,NA,20260113T222802Z,RELEASE-2026
e2248f7c-1b72-465e-8a96-bb05a915d308,D07,WALK,WALK.AOS.aquatic.plant.transect.09,16,2019-03-12T18:20:00Z,WALK.20190312,WALK.20190312.AP2.T09,NA,NA,NA,NA,NA,N,plant,submerged,POPI14,Porella pinnata L.,NA,NA,NA,NA,Hepaticopsida,Jungermanniales,Porellaceae,Porella,NA,pinnata,NA,NA,NA,L.,NA,NA,species,NA,NA,NA,NA,NA,20260113T222802Z,RELEASE-2026
f6ca91e6-7542-405d-a541-10eea6422e99,D07,WALK,WALK.AOS.aquatic.plant.transect.09,4,2019-03-12T18:20:00Z,WALK.20190312,WALK.20190312.AP1.T09,NA,NA,NA,NA,NA,N,plant,submerged,NEONTPC35115043,Brachythecium salebrosum var. palustre Schimp.,NA,NA,NA,NA,Equisetopsida,NA,Brachytheciaceae,Brachythecium,NA,salebrosum,palustre,NA,NA,Schimp.,NA,"McKnight, Common Mosses of the Northeast and Appalachians (2013)",variety,NA,NA,NA,NA,NA,20260113T222802Z,RELEASE-2026
f6d49786-bf75-463a-bea8-8252af8cf093,D07,WALK,WALK.AOS.aquatic.plant.transect.10,15,2019-03-12T18:46:00Z,WALK.20190312,WALK.20190312.AP1.T10,NA,NA,NA,NA,NA,N,plant,submerged,POPI14,Porella pinnata L.,NA,NA,NA,NA,Hepaticopsida,Jungermanniales,Porellaceae,Porella,NA,pinnata,NA,NA,NA,L.,NA,NA,species,NA,NA,NA,NA,NA,20260113T222802Z,RELEASE-2026
2e88f225-2567-46f9-a684-da069fbf4554,D07,WALK,WALK.AOS.aquatic.plant.transect.01,12,2019-10-28T14:25:00Z,WALK.20191028,WALK.20191028.AP1.T01,NA,NA,NA,NA,NA,N,plant,submerged,POPI14,Porella pinnata L.,NA,NA,NA,NA,Hepaticopsida,Jungermanniales,Porellaceae,Porella,NA,pinnata,NA,NA,NA,L.,NA,NA,species,NA,NA,NA,NA,NA,20260113T223301Z,RELEASE-2026
f97b6aae-164a-4907-be67-7cdb75bb078b,D07,WALK,WALK.AOS.aquatic.plant.transect.03,20,2019-10-28T14:48:00Z,WALK.20191028,WALK.20191028.AP2.T03,NA,NA,NA,NA,NA,N,plant,submerged,POPI14,Porella pinnata L.,NA,NA,NA,NA,Hepaticopsida,Jungermanniales,Porellaceae,Porella,NA,pinnata,NA,NA,NA,L.,NA,NA,species,NA,NA,NA,NA,NA,20260113T223301Z,RELEASE-2026
92497cf4-1151-4628-994e-a044e2dbe1dd,D07,WALK,WALK.AOS.aquatic.plant.transect.03,20,2019-10-28T14:48:00Z,WALK.20191028,WALK.20191028.AP1.T03,NA,NA,NA,NA,NA,N,plant,submerged,PEEP3,Pellia epiphylla (L.) Corda,NA,NA,NA,NA,Hepaticopsida,Metzgeriales,Pelliaceae,Pellia,NA,epiphylla,NA,NA,NA,(L.) Corda,NA,"McKnight, Common Mosses of the Northeast and Appalachians (2013)",species,NA,NA,NA,NA,NA,20260113T223301Z,RELEASE-2026
58fbc602-9dad-48d5-beaa-a2e7ea63e073,D07,WALK,WALK.AOS.aquatic.plant.transect.04,12,2019-10-28T15:16:00Z,WALK.20191028,WALK.20191028.AP1.T04,NA,NA,NA,NA,NA,N,plant,submerged,POPI14,Porella pinnata L.,NA,NA,NA,NA,Hepaticopsida,Jungermanniales,Porellaceae,Porella,NA,pinnata,NA,NA,NA,L.,NA,NA,species,NA,NA,NA,NA,NA,20260113T223301Z,RELEASE-2026
3e413d3b-65ab-491d-a461-fc976e016e9f,D07,WALK,WALK.AOS.aquatic.plant.transect.04,15,2019-10-28T15:16:00Z,WALK.20191028,WALK.20191028.AP3.T04,NA,NA,NA,NA,NA,N,plant,submerged,PEEP3,Pellia epiphylla (L.) Corda,NA,NA,NA,NA,Hepaticopsida,Metzgeriales,Pelliaceae,Pellia,NA,epiphylla,NA,NA,NA,(L.) Corda,NA,"McKnight, Common Mosses of the Northeast and Appalachians (2013)",species,NA,NA,NA,NA,NA,20260113T223301Z,RELEASE-2026
ba5b2545-2560-4748-beff-f16055e74f56,D07,WALK,WALK.AOS.aquatic.plant.transect.04,14,2019-10-28T15:16:00Z,WALK.20191028,WALK.20191028.AP2.T04,NA,NA,NA,NA,NA,N,plant,submerged,POPI14,Porella pinnata L.,NA,NA,NA,NA,Hepaticopsida,Jungermanniales,Porellaceae,Porella,NA,pinnata,NA,NA,NA,L.,NA,NA,species,NA,NA,NA,NA,NA,20260113T223301Z,RELEASE-2026
7337422b-9c21-4c58-9171-bf8597235a13,D07,WALK,WALK.AOS.aquatic.plant.transect.04,15,2019-10-28T15:16:00Z,WALK.20191028,WALK.20191028.AP4.T04,NA,NA,NA,NA,NA,N,plant,emergent,POPI14,Porella pinnata L.,NA,NA,NA,NA,Hepaticopsida,Jungermanniales,Porellaceae,Porella,NA,pinnata,NA,NA,NA,L.,NA,NA,species,NA,NA,NA,NA,NA,20260113T223301Z,RELEASE-2026
8f8c2a4b-8b86-48bb-969a-271ff6cacecb,D07,WALK,WALK.AOS.aquatic.plant.transect.05,6,2019-10-28T15:31:00Z,WALK.20191028,WALK.20191028.AP2.T05,NA,NA,NA,NA,NA,N,plant,emergent,POPI14,Porella pinnata L.,NA,NA,NA,NA,Hepaticopsida,Jungermanniales,Porellaceae,Porella,NA,pinnata,NA,NA,NA,L.,NA,NA,species,NA,NA,NA,NA,NA,20260113T223301Z,RELEASE-2026
192dd526-7085-4bc1-864d-efbea0f3cdf4,D07,WALK,WALK.AOS.aquatic.plant.transect.05,12,2019-10-28T15:31:00Z,WALK.20191028,WALK.20191028.AP4.T05,NA,NA,NA,NA,NA,N,plant,submerged,POPI14,Porella pinnata L.,NA,NA,NA,NA,Hepaticopsida,Jungermanniales,Porellaceae,Porella,NA,pinnata,NA,NA,NA,L.,NA,NA,species,NA,NA,NA,NA,NA,20260113T223301Z,RELEASE-2026
e3e19a98-370f-4dbf-ae73-1ef3321d42bc,D07,WALK,WALK.AOS.aquatic.plant.transect.05,3,2019-10-28T15:31:00Z,WALK.20191028,WALK.20191028.AP1.T05,NA,NA,NA,NA,NA,N,plant,submerged,POPI14,Porella pinnata L.,NA,NA,NA,NA,Hepaticopsida,Jungermanniales,Porellaceae,Porella,NA,pinnata,NA,NA,NA,L.,NA,NA,species,NA,NA,NA,NA,NA,20260113T223301Z,RELEASE-2026
f220d0e3-d796-4e73-93d5-3bf72ebb8886,D07,WALK,WALK.AOS.aquatic.plant.transect.05,10,2019-10-28T15:31:00Z,WALK.20191028,WALK.20191028.AP3.T05,NA,NA,NA,NA,NA,N,plant,submerged,POPI14,Porella pinnata L.,NA,NA,NA,NA,Hepaticopsida,Jungermanniales,Porellaceae,Porella,NA,pinnata,NA,NA,NA,L.,NA,NA,species,NA,NA,NA,NA,NA,20260113T223301Z,RELEASE-2026
068005f5-e7df-4d11-aef6-f3e9bc6fd036,D07,WALK,WALK.AOS.aquatic.plant.transect.06,18,2019-10-28T16:10:00Z,WALK.20191028,WALK.20191028.AP5.T06,NA,NA,NA,NA,NA,N,plant,submerged,POPI14,Porella pinnata L.,NA,NA,NA,NA,Hepaticopsida,Jungermanniales,Porellaceae,Porella,NA,pinnata,NA,NA,NA,L.,NA,NA,species,NA,NA,NA,NA,NA,20260113T223301Z,RELEASE-2026
29960f75-3060-4b5c-9b45-2196ea322933,D07,WALK,WALK.AOS.aquatic.plant.transect.06,19,2019-10-28T16:10:00Z,WALK.20191028,WALK.20191028.AP7.T06,NA,NA,NA,NA,NA,N,plant,submerged,NEONTPC35183489,Thuidium delicatulum var. delicatulum,NA,NA,NA,NA,Equisetopsida,NA,Thuidiaceae,Thuidium,NA,delicatulum,delicatulum,NA,NA,NA,NA,"McKnight, Common Mosses of the Northeast and Appalachians (2013)",variety,NA,NA,NA,NA,NA,20260113T223301Z,RELEASE-2026
36e30429-d401-4592-90fd-50f279482883,D07,WALK,WALK.AOS.aquatic.plant.transect.06,6,2019-10-28T16:10:00Z,WALK.20191028,WALK.20191028.AP2.T06,NA,NA,NA,NA,NA,N,plant,submerged,POPI14,Porella pinnata L.,NA,NA,NA,NA,Hepaticopsida,Jungermanniales,Porellaceae,Porella,NA,pinnata,NA,NA,NA,L.,NA,NA,species,NA,NA,NA,NA,NA,20260113T223301Z,RELEASE-2026
c712f31c-f284-4cc3-96a4-280868c80308,D07,WALK,WALK.AOS.aquatic.plant.transect.06,19,2019-10-28T16:10:00Z,WALK.20191028,WALK.20191028.AP6.T06,NA,NA,NA,NA,NA,N,plant,submerged,PEEP3,Pellia epiphylla (L.) Corda,NA,NA,NA,NA,Hepaticopsida,Metzgeriales,Pelliaceae,Pellia,NA,epiphylla,NA,NA,NA,(L.) Corda,NA,"McKnight, Common Mosses of the Northeast and Appalachians (2013)",species,NA,NA,NA,NA,NA,20260113T223301Z,RELEASE-2026
fe272779-230d-49ac-be90-411154ee51c0,D07,WALK,WALK.AOS.aquatic.plant.transect.06,6,2019-10-28T16:10:00Z,WALK.20191028,WALK.20191028.AP1.T06,NA,NA,NA,NA,NA,N,plant,submerged,PEEP3,Pellia epiphylla (L.) Corda,NA,NA,NA,NA,Hepaticopsida,Metzgeriales,Pelliaceae,Pellia,NA,epiphylla,NA,NA,NA,(L.) Corda,NA,"McKnight, Common Mosses of the Northeast and Appalachians (2013)",species,NA,NA,NA,NA,NA,20260113T223301Z,RELEASE-2026
d6dfce1a-3c51-4488-93be-05d26e6b3a37,D07,WALK,WALK.AOS.aquatic.plant.transect.06,12,2019-10-28T16:10:00Z,WALK.20191028,WALK.20191028.AP3.T06,NA,NA,NA,NA,NA,N,plant,submerged,POPI14,Porella pinnata L.,NA,NA,NA,NA,Hepaticopsida,Jungermanniales,Porellaceae,Porella,NA,pinnata,NA,NA,NA,L.,NA,NA,species,NA,NA,NA,NA,NA,20260113T223301Z,RELEASE-2026
735e8194-3e82-42d2-a088-96322d432a82,D07,WALK,WALK.AOS.aquatic.plant.transect.06,14,2019-10-28T16:10:00Z,WALK.20191028,WALK.20191028.AP4.T06,NA,NA,NA,NA,NA,N,plant,submerged,POPI14,Porella pinnata L.,NA,NA,NA,NA,Hepaticopsida,Jungermanniales,Porellaceae,Porella,NA,pinnata,NA,NA,NA,L.,NA,NA,species,NA,NA,NA,NA,NA,20260113T223301Z,RELEASE-2026
7ed9ef8a-a29b-4a4f-9a92-4a34fe311c6f,D07,WALK,WALK.AOS.aquatic.plant.transect.07,14,2019-10-28T16:42:00Z,WALK.20191028,WALK.20191028.AP8.T07,NA,NA,NA,NA,NA,N,plant,submerged,POPI14,Porella pinnata L.,NA,NA,NA,NA,Hepaticopsida,Jungermanniales,Porellaceae,Porella,NA,pinnata,NA,NA,NA,L.,NA,NA,species,NA,NA,NA,NA,NA,20260113T223301Z,RELEASE-2026
97da3e89-7e05-4535-8739-4c84e5d72fef,D07,WALK,WALK.AOS.aquatic.plant.transect.07,5,2019-10-28T16:42:00Z,WALK.20191028,WALK.20191028.AP2.T07,NA,NA,NA,NA,NA,N,plant,submerged,POPI14,Porella pinnata L.,NA,NA,NA,NA,Hepaticopsida,Jungermanniales,Porellaceae,Porella,NA,pinnata,NA,NA,NA,L.,NA,NA,species,NA,NA,NA,NA,NA,20260113T223301Z,RELEASE-2026
52584212-4210-4a30-846f-e65d78d53969,D07,WALK,WALK.AOS.aquatic.plant.transect.07,12,2019-10-28T16:42:00Z,WALK.20191028,WALK.20191028.AP6.T07,NA,NA,NA,NA,NA,N,plant,submerged,POPI14,Porella pinnata L.,NA,NA,NA,NA,Hepaticopsida,Jungermanniales,Porellaceae,Porella,NA,pinnata,NA,NA,NA,L.,NA,NA,species,NA,NA,NA,NA,NA,20260113T223301Z,RELEASE-2026
07b71c4d-0dc1-465d-967e-337470baf2b1,D07,WALK,WALK.AOS.aquatic.plant.transect.07,16,2019-10-28T16:42:00Z,WALK.20191028,WALK.20191028.AP10.T07,NA,NA,NA,NA,NA,N,plant,submerged,POPI14,Porella pinnata L.,NA,NA,NA,NA,Hepaticopsida,Jungermanniales,Porellaceae,Porella,NA,pinnata,NA,NA,NA,L.,NA,NA,species,NA,NA,NA,NA,NA,20260113T223301Z,RELEASE-2026
182fd5af-efc3-4508-9a22-00a68a9abeb3,D07,WALK,WALK.AOS.aquatic.plant.transect.07,13,2019-10-28T16:42:00Z,WALK.20191028,WALK.20191028.AP7.T07,NA,NA,NA,NA,NA,N,plant,submerged,POPI14,Porella pinnata L.,NA,NA,NA,NA,Hepaticopsida,Jungermanniales,Porellaceae,Porella,NA,pinnata,NA,NA,NA,L.,NA,NA,species,NA,NA,NA,NA,NA,20260113T223301Z,RELEASE-2026
2eeacac0-3879-487a-a3b2-3b1e40dfe3e0,D07,WALK,WALK.AOS.aquatic.plant.transect.07,9,2019-10-28T16:42:00Z,WALK.20191028,WALK.20191028.AP4.T07,NA,NA,NA,NA,NA,N,plant,submerged,POPI14,Porella pinnata L.,NA,NA,NA,NA,Hepaticopsida,Jungermanniales,Porellaceae,Porella,NA,pinnata,NA,NA,NA,L.,NA,NA,species,NA,NA,NA,NA,NA,20260113T223301Z,RELEASE-2026
9bc179fc-51a4-4e0a-b510-1d9a07b9c0e6,D07,WALK,WALK.AOS.aquatic.plant.transect.07,10,2019-10-28T16:42:00Z,WALK.20191028,WALK.20191028.AP5.T07,NA,NA,NA,NA,NA,N,plant,submerged,POPI14,Porella pinnata L.,NA,NA,NA,NA,Hepaticopsida,Jungermanniales,Porellaceae,Porella,NA,pinnata,NA,NA,NA,L.,NA,NA,species,NA,NA,NA,NA,NA,20260113T223301Z,RELEASE-2026
c80df715-3e65-4445-815c-bbf044b3c77a,D07,WALK,WALK.AOS.aquatic.plant.transect.07,8,2019-10-28T16:42:00Z,WALK.20191028,WALK.20191028.AP3.T07,NA,NA,NA,NA,NA,N,plant,submerged,POPI14,Porella pinnata L.,NA,NA,NA,NA,Hepaticopsida,Jungermanniales,Porellaceae,Porella,NA,pinnata,NA,NA,NA,L.,NA,NA,species,NA,NA,NA,NA,NA,20260113T223301Z,RELEASE-2026
ddb1f2a4-eaf3-4291-bc56-2a864dd8a0d9,D07,WALK,WALK.AOS.aquatic.plant.transect.07,4,2019-10-28T16:42:00Z,WALK.20191028,WALK.20191028.AP1.T07,NA,NA,NA,NA,NA,N,plant,submerged,POPI14,Porella pinnata L.,NA,NA,NA,NA,Hepaticopsida,Jungermanniales,Porellaceae,Porella,NA,pinnata,NA,NA,NA,L.,NA,NA,species,NA,NA,NA,NA,NA,20260113T223301Z,RELEASE-2026
cafcbabc-a0f7-4be8-b58e-4f14b4f7768e,D07,WALK,WALK.AOS.aquatic.plant.transect.07,15,2019-10-28T16:42:00Z,WALK.20191028,WALK.20191028.AP9.T07,NA,NA,NA,NA,NA,N,plant,emergent,POPI14,Porella pinnata L.,NA,NA,NA,NA,Hepaticopsida,Jungermanniales,Porellaceae,Porella,NA,pinnata,NA,NA,NA,L.,NA,NA,species,NA,NA,NA,NA,NA,20260113T223301Z,RELEASE-2026
a937f5fb-3e43-467f-9d6b-272a952822d0,D07,WALK,WALK.AOS.aquatic.plant.transect.09,16,2019-10-28T17:18:00Z,WALK.20191028,WALK.20191028.AP3.T09,NA,NA,NA,NA,NA,N,plant,submerged,POPI14,Porella pinnata L.,NA,NA,NA,NA,Hepaticopsida,Jungermanniales,Porellaceae,Porella,NA,pinnata,NA,NA,NA,L.,NA,NA,species,NA,NA,NA,NA,NA,20260113T223301Z,RELEASE-2026
e0d1baac-6840-454e-ba54-619475e22313,D07,WALK,WALK.AOS.aquatic.plant.transect.09,10,2019-10-28T17:18:00Z,WALK.20191028,WALK.20191028.AP1.T09,NA,NA,NA,NA,NA,N,plant,submerged,BRACHYTHECGSPP,Brachytheciastrum spp.,NA,NA,NA,NA,Equisetopsida,NA,Brachytheciaceae,Brachytheciastrum,NA,spp.,NA,NA,NA,NA,NA,"McKnight, Common Mosses of the Northeast and Appalachians (2013)",genus,NA,NA,NA,NA,NA,20260113T223301Z,RELEASE-2026
188ef99c-289d-493c-8bc7-3df4d55b2d78,D07,WALK,WALK.AOS.aquatic.plant.transect.09,14,2019-10-28T17:18:00Z,WALK.20191028,WALK.20191028.AP2.T09,NA,NA,NA,NA,NA,N,plant,submerged,BRACHYTHECGSPP,Brachytheciastrum spp.,NA,NA,NA,NA,Equisetopsida,NA,Brachytheciaceae,Brachytheciastrum,NA,spp.,NA,NA,NA,NA,NA,"McKnight, Common Mosses of the Northeast and Appalachians (2013)",genus,NA,NA,NA,NA,NA,20260113T223301Z,RELEASE-2026
33ebb249-2ae5-4ddb-b208-b8a5c3a69084,D07,WALK,WALK.AOS.aquatic.plant.transect.01,1,2020-03-10T16:58:00Z,WALK.20200310,WALK.20200310.AP1.T01,NA,NA,NA,NA,NA,N,plant,submerged,POPI14,Porella pinnata L.,NA,NA,NA,NA,Hepaticopsida,Jungermanniales,Porellaceae,Porella,NA,pinnata,NA,NA,NA,L.,NA,"Davison, A Trailside Guide to Mosses and Liverworts of the Cherokee National Forest (2008)",species,NA,NA,NA,NA,NA,20260113T222734Z,RELEASE-2026
35d6bb56-632a-4206-86fe-0af396e9ec16,D07,WALK,WALK.AOS.aquatic.plant.transect.03,20,2020-03-10T17:22:00Z,WALK.20200310,WALK.20200310.AP2.T03,NA,NA,NA,NA,NA,N,plant,submerged,BRACHYTHECGSPP,Brachytheciastrum spp.,NA,NA,NA,NA,Equisetopsida,NA,Brachytheciaceae,Brachytheciastrum,NA,spp.,NA,NA,NA,NA,NA,"McKnight, Common Mosses of the Northeast and Appalachians (2013)",genus,NA,NA,NA,NA,NA,20260113T222734Z,RELEASE-2026
8764b6c4-946a-47bb-927c-687aced2c226,D07,WALK,WALK.AOS.aquatic.plant.transect.03,20,2020-03-10T17:22:00Z,WALK.20200310,WALK.20200310.AP1.T03,NA,NA,NA,NA,NA,N,plant,submerged,PEEP3,Pellia epiphylla (L.) Corda,NA,NA,NA,NA,Hepaticopsida,Metzgeriales,Pelliaceae,Pellia,NA,epiphylla,NA,NA,NA,(L.) Corda,NA,"McKnight, Common Mosses of the Northeast and Appalachians (2013)",species,NA,NA,NA,NA,NA,20260113T222734Z,RELEASE-2026
f64e74d7-3634-42a6-9cbe-3d6a3872c2d4,D07,WALK,WALK.AOS.aquatic.plant.transect.04,14,2020-03-10T17:36:00Z,WALK.20200310,WALK.20200310.AP3.T04,NA,NA,NA,NA,NA,N,plant,submerged,POPI14,Porella pinnata L.,NA,NA,NA,NA,Hepaticopsida,Jungermanniales,Porellaceae,Porella,NA,pinnata,NA,NA,NA,L.,NA,"Davison, A Trailside Guide to Mosses and Liverworts of the Cherokee National Forest (2008)",species,NA,NA,NA,NA,NA,20260113T222734Z,RELEASE-2026
d79175b0-7b38-4f69-b5bf-d122988d2f0d,D07,WALK,WALK.AOS.aquatic.plant.transect.04,12,2020-03-10T17:36:00Z,WALK.20200310,WALK.20200310.AP2.T04,NA,NA,NA,NA,NA,N,plant,submerged,POPI14,Porella pinnata L.,NA,NA,NA,NA,Hepaticopsida,Jungermanniales,Porellaceae,Porella,NA,pinnata,NA,NA,NA,L.,NA,"Davison, A Trailside Guide to Mosses and Liverworts of the Cherokee National Forest (2008)",species,NA,NA,NA,NA,NA,20260113T222734Z,RELEASE-2026
767d66a6-ef4a-47d3-aa85-a88228cb06ae,D07,WALK,WALK.AOS.aquatic.plant.transect.04,7,2020-03-10T17:36:00Z,WALK.20200310,WALK.20200310.AP1.T04,NA,NA,NA,NA,NA,N,plant,submerged,POPI14,Porella pinnata L.,NA,NA,NA,NA,Hepaticopsida,Jungermanniales,Porellaceae,Porella,NA,pinnata,NA,NA,NA,L.,NA,"Davison, A Trailside Guide to Mosses and Liverworts of the Cherokee National Forest (2008)",species,NA,NA,NA,NA,NA,20260113T222734Z,RELEASE-2026
d222c75d-20a6-4ce5-9336-536a2b33acea,D07,WALK,WALK.AOS.aquatic.plant.transect.04,16,2020-03-10T17:36:00Z,WALK.20200310,WALK.20200310.AP4.T04,NA,NA,NA,NA,NA,N,plant,submerged,POPI14,Porella pinnata L.,NA,NA,NA,NA,Hepaticopsida,Jungermanniales,Porellaceae,Porella,NA,pinnata,NA,NA,NA,L.,NA,"Davison, A Trailside Guide to Mosses and Liverworts of the Cherokee National Forest (2008)",species,NA,NA,NA,NA,NA,20260113T222734Z,RELEASE-2026
21f49fdb-8d7c-4cf9-9776-3e34e84a2aec,D07,WALK,WALK.AOS.aquatic.plant.transect.05,6,2020-03-10T17:45:00Z,WALK.20200310,WALK.20200310.AP1.T05,NA,NA,NA,NA,NA,N,plant,submerged,POPI14,Porella pinnata L.,NA,NA,NA,NA,Hepaticopsida,Jungermanniales,Porellaceae,Porella,NA,pinnata,NA,NA,NA,L.,NA,"Davison, A Trailside Guide to Mosses and Liverworts of the Cherokee National Forest (2008)",species,NA,NA,NA,NA,NA,20260113T222734Z,RELEASE-2026
6debca4f-463a-496a-9377-de526be3a9cc,D07,WALK,WALK.AOS.aquatic.plant.transect.05,15,2020-03-10T17:45:00Z,WALK.20200310,WALK.20200310.AP4.T05,NA,NA,NA,NA,NA,N,plant,submerged,POPI14,Porella pinnata L.,NA,NA,NA,NA,Hepaticopsida,Jungermanniales,Porellaceae,Porella,NA,pinnata,NA,NA,NA,L.,NA,"Davison, A Trailside Guide to Mosses and Liverworts of the Cherokee National Forest (2008)",species,NA,NA,NA,NA,NA,20260113T222734Z,RELEASE-2026
f8ecab11-dead-494d-9a07-ed5b4d177a6d,D07,WALK,WALK.AOS.aquatic.plant.transect.05,10,2020-03-10T17:45:00Z,WALK.20200310,WALK.20200310.AP2.T05,NA,NA,NA,NA,NA,N,plant,submerged,POPI14,Porella pinnata L.,NA,NA,NA,NA,Hepaticopsida,Jungermanniales,Porellaceae,Porella,NA,pinnata,NA,NA,NA,L.,NA,"Davison, A Trailside Guide to Mosses and Liverworts of the Cherokee National Forest (2008)",species,NA,NA,NA,NA,NA,20260113T222734Z,RELEASE-2026
ee91003b-fe6f-41de-9859-789458846002,D07,WALK,WALK.AOS.aquatic.plant.transect.05,12,2020-03-10T17:45:00Z,WALK.20200310,WALK.20200310.AP3.T05,NA,NA,NA,NA,NA,N,plant,submerged,POPI14,Porella pinnata L.,NA,NA,NA,NA,Hepaticopsida,Jungermanniales,Porellaceae,Porella,NA,pinnata,NA,NA,NA,L.,NA,"Davison, A Trailside Guide to Mosses and Liverworts of the Cherokee National Forest (2008)",species,NA,NA,NA,NA,NA,20260113T222734Z,RELEASE-2026
3e918c8a-d3cb-4159-9796-3f18bc04861d,D07,WALK,WALK.AOS.aquatic.plant.transect.06,6,2020-03-10T17:59:00Z,WALK.20200310,WALK.20200310.AP1.T06,NA,NA,NA,NA,NA,N,plant,submerged,POPI14,Porella pinnata L.,NA,NA,NA,NA,Hepaticopsida,Jungermanniales,Porellaceae,Porella,NA,pinnata,NA,NA,NA,L.,NA,"Davison, A Trailside Guide to Mosses and Liverworts of the Cherokee National Forest (2008)",species,NA,NA,NA,NA,NA,20260113T222734Z,RELEASE-2026
4817e458-b0b4-41b1-9647-051448d04ff6,D07,WALK,WALK.AOS.aquatic.plant.transect.06,17,2020-03-10T17:59:00Z,WALK.20200310,WALK.20200310.AP3.T06,NA,NA,NA,NA,NA,N,plant,submerged,POPI14,Porella pinnata L.,NA,NA,NA,NA,Hepaticopsida,Jungermanniales,Porellaceae,Porella,NA,pinnata,NA,NA,NA,L.,NA,"Davison, A Trailside Guide to Mosses and Liverworts of the Cherokee National Forest (2008)",species,NA,NA,NA,NA,NA,20260113T222734Z,RELEASE-2026
add13167-82bf-4e13-8d4b-c881bc59c7cd,D07,WALK,WALK.AOS.aquatic.plant.transect.06,10,2020-03-10T17:59:00Z,WALK.20200310,WALK.20200310.AP2.T06,NA,NA,NA,NA,NA,N,plant,submerged,BRSAS,Brachythecium salebrosum (F. Weber & D. Mohr) Schimp. var. salebrosum,NA,NA,NA,NA,Bryopsida,Hypnales,Brachytheciaceae,Brachythecium,NA,salebrosum,var. salebrosum,NA,NA,(F. Weber & D. Mohr) Schimp.,NA,"McKnight, Common Mosses of the Northeast and Appalachians (2013)",variety,NA,NA,NA,NA,NA,20260113T222734Z,RELEASE-2026
a30c0f82-ad72-401a-9840-6b99d8dc8efd,D07,WALK,WALK.AOS.aquatic.plant.transect.07,10,2020-03-10T18:14:00Z,WALK.20200310,WALK.20200310.AP4.T07,NA,NA,NA,NA,NA,N,plant,submerged,POPI14,Porella pinnata L.,NA,NA,NA,NA,Hepaticopsida,Jungermanniales,Porellaceae,Porella,NA,pinnata,NA,NA,NA,L.,NA,"Davison, A Trailside Guide to Mosses and Liverworts of the Cherokee National Forest (2008)",species,NA,NA,NA,NA,NA,20260113T222734Z,RELEASE-2026
14495983-6c3b-4d2a-b959-4aab47ff6bea,D07,WALK,WALK.AOS.aquatic.plant.transect.07,8,2020-03-10T18:14:00Z,WALK.20200310,WALK.20200310.AP2.T07,NA,NA,NA,NA,NA,N,plant,submerged,POPI14,Porella pinnata L.,NA,NA,NA,NA,Hepaticopsida,Jungermanniales,Porellaceae,Porella,NA,pinnata,NA,NA,NA,L.,NA,"Davison, A Trailside Guide to Mosses and Liverworts of the Cherokee National Forest (2008)",species,NA,NA,NA,NA,NA,20260113T222734Z,RELEASE-2026
59407ca4-1610-4217-a27c-097d0b7c0a15,D07,WALK,WALK.AOS.aquatic.plant.transect.07,7,2020-03-10T18:14:00Z,WALK.20200310,WALK.20200310.AP1.T07,NA,NA,NA,NA,NA,N,plant,submerged,POPI14,Porella pinnata L.,NA,NA,NA,NA,Hepaticopsida,Jungermanniales,Porellaceae,Porella,NA,pinnata,NA,NA,NA,L.,NA,"Davison, A Trailside Guide to Mosses and Liverworts of the Cherokee National Forest (2008)",species,NA,NA,NA,NA,NA,20260113T222734Z,RELEASE-2026
b8880795-f121-4f88-bb43-29bb3bdeea8c,D07,WALK,WALK.AOS.aquatic.plant.transect.07,9,2020-03-10T18:14:00Z,WALK.20200310,WALK.20200310.AP3.T07,NA,NA,NA,NA,NA,N,plant,submerged,POPI14,Porella pinnata L.,NA,NA,NA,NA,Hepaticopsida,Jungermanniales,Porellaceae,Porella,NA,pinnata,NA,NA,NA,L.,NA,"Davison, A Trailside Guide to Mosses and Liverworts of the Cherokee National Forest (2008)",species,NA,NA,NA,NA,NA,20260113T222734Z,RELEASE-2026
c801188e-0301-42c8-947c-b310fddc064c,D07,WALK,WALK.AOS.aquatic.plant.transect.08,2,2020-03-10T18:26:00Z,WALK.20200310,WALK.20200310.AP1.T08,NA,NA,NA,NA,NA,N,plant,submerged,POPI14,Porella pinnata L.,NA,NA,NA,NA,Hepaticopsida,Jungermanniales,Porellaceae,Porella,NA,pinnata,NA,NA,NA,L.,NA,"Davison, A Trailside Guide to Mosses and Liverworts of the Cherokee National Forest (2008)",species,NA,NA,NA,NA,NA,20260113T222734Z,RELEASE-2026
4ae79391-59da-4904-823b-97507129a530,D07,WALK,WALK.AOS.aquatic.plant.transect.09,14,2020-03-10T18:34:00Z,WALK.20200310,WALK.20200310.AP4.T09,NA,NA,NA,NA,NA,N,plant,submerged,NEONTPC35159938,Fontinalis dalecarlica Bruch & Schimp.,NA,NA,NA,NA,Equisetopsida,NA,Fontinalaceae,Fontinalis,NA,dalecarlica,NA,NA,NA,Bruch & Schimp.,NA,"McKnight, Common Mosses of the Northeast and Appalachians (2013)",species,WALK.20200310.NEONTPC35159938.T9,NA,NA,NA,NA,20260113T222734Z,RELEASE-2026
68726593-ef72-48bf-87f9-a2239cbd04b3,D07,WALK,WALK.AOS.aquatic.plant.transect.09,14,2020-03-10T18:34:00Z,WALK.20200310,WALK.20200310.AP5.T09,NA,NA,NA,NA,NA,N,plant,submerged,BRACHYTHECGSPP,Brachytheciastrum spp.,NA,NA,NA,NA,Equisetopsida,NA,Brachytheciaceae,Brachytheciastrum,NA,spp.,NA,NA,NA,NA,NA,"McKnight, Common Mosses of the Northeast and Appalachians (2013)",genus,NA,NA,NA,NA,NA,20260113T222734Z,RELEASE-2026
74ecb6f9-b9aa-423e-bfd0-f2ec6858926f,D07,WALK,WALK.AOS.aquatic.plant.transect.09,11,2020-03-10T18:34:00Z,WALK.20200310,WALK.20200310.NEONTPC35159938.T9,NA,NA,NA,NA,NA,N,plant,submerged,NEONTPC35159938,Fontinalis dalecarlica Bruch & Schimp.,NA,NA,NA,NA,Equisetopsida,NA,Fontinalaceae,Fontinalis,NA,dalecarlica,NA,NA,NA,Bruch & Schimp.,NA,"McKnight, Common Mosses of the Northeast and Appalachians (2013)",species,NA,NA,NA,NA,NA,20260113T222734Z,RELEASE-2026
5064f13c-aa27-49f0-91eb-64aa515930dc,D07,WALK,WALK.AOS.aquatic.plant.transect.09,10,2020-03-10T18:34:00Z,WALK.20200310,WALK.20200310.AP2.T09,NA,NA,NA,NA,NA,N,plant,submerged,POPI14,Porella pinnata L.,NA,NA,NA,NA,Hepaticopsida,Jungermanniales,Porellaceae,Porella,NA,pinnata,NA,NA,NA,L.,NA,"Davison, A Trailside Guide to Mosses and Liverworts of the Cherokee National Forest (2008)",species,NA,NA,NA,NA,NA,20260113T222734Z,RELEASE-2026
ee5b8840-4c48-4c06-addd-1124682f1164,D07,WALK,WALK.AOS.aquatic.plant.transect.09,4,2020-03-10T18:34:00Z,WALK.20200310,WALK.20200310.AP1.T09,NA,NA,NA,NA,NA,N,plant,submerged,BRACHYTHECGSPP,Brachytheciastrum spp.,NA,NA,NA,NA,Equisetopsida,NA,Brachytheciaceae,Brachytheciastrum,NA,spp.,NA,NA,NA,NA,NA,"McKnight, Common Mosses of the Northeast and Appalachians (2013)",genus,NA,NA,NA,NA,NA,20260113T222734Z,RELEASE-2026
08da017c-afc4-49ec-bebc-3597bc0abeb4,D07,WALK,WALK.AOS.aquatic.plant.transect.10,2,2020-03-10T18:52:00Z,WALK.20200310,WALK.20200310.AP1.T10,NA,NA,NA,NA,NA,N,plant,submerged,BRACHYTHECGSPP,Brachytheciastrum spp.,NA,NA,NA,NA,Equisetopsida,NA,Brachytheciaceae,Brachytheciastrum,NA,spp.,NA,NA,NA,NA,NA,"McKnight, Common Mosses of the Northeast and Appalachians (2013)",genus,NA,NA,NA,NA,NA,20260113T222734Z,RELEASE-2026
510d266d-ab20-430a-809b-53d39e9018cf,D07,WALK,WALK.AOS.aquatic.plant.transect.02,1,2019-07-02T13:20:00Z,WALK.20190702,WALK.20190702.AP1.T02,NA,NA,NA,NA,NA,N,plant,submerged,POPI14,Porella pinnata L.,NA,NA,NA,NA,Hepaticopsida,Jungermanniales,Porellaceae,Porella,NA,pinnata,NA,NA,NA,L.,NA,NA,species,NA,NA,NA,NA,NA,20260113T223442Z,RELEASE-2026
de137c9a-b614-4e09-9743-15ffba2cf4ca,D07,WALK,WALK.AOS.aquatic.plant.transect.03,18,2019-07-02T13:48:00Z,WALK.20190702,WALK.20190702.AP4.T03,NA,NA,NA,NA,NA,N,plant,submerged,POPI14,Porella pinnata L.,NA,NA,NA,NA,Hepaticopsida,Jungermanniales,Porellaceae,Porella,NA,pinnata,NA,NA,NA,L.,NA,NA,species,NA,NA,NA,NA,NA,20260113T223442Z,RELEASE-2026
134c4132-dd83-42f4-9217-d6e64c6e3328,D07,WALK,WALK.AOS.aquatic.plant.transect.03,19,2019-07-02T13:48:00Z,WALK.20190702,WALK.20190702.AP5.T03,NA,NA,NA,NA,NA,N,plant,submerged,POPI14,Porella pinnata L.,NA,NA,NA,NA,Hepaticopsida,Jungermanniales,Porellaceae,Porella,NA,pinnata,NA,NA,NA,L.,NA,NA,species,NA,NA,NA,NA,NA,20260113T223442Z,RELEASE-2026
0ae68132-393d-4cc3-bc32-ce6e7fabbb94,D07,WALK,WALK.AOS.aquatic.plant.transect.03,20,2019-07-02T13:48:00Z,WALK.20190702,WALK.20190702.AP6.T03,NA,NA,NA,NA,NA,N,plant,submerged,POPI14,Porella pinnata L.,NA,NA,NA,NA,Hepaticopsida,Jungermanniales,Porellaceae,Porella,NA,pinnata,NA,NA,NA,L.,NA,NA,species,NA,NA,NA,NA,NA,20260113T223442Z,RELEASE-2026
dee7df27-0e37-4736-b604-2c692db43f67,D07,WALK,WALK.AOS.aquatic.plant.transect.03,17,2019-07-02T13:48:00Z,WALK.20190702,WALK.20190702.AP3.T03,NA,NA,NA,NA,NA,N,plant,submerged,POPI14,Porella pinnata L.,NA,NA,NA,NA,Hepaticopsida,Jungermanniales,Porellaceae,Porella,NA,pinnata,NA,NA,NA,L.,NA,NA,species,NA,NA,NA,NA,NA,20260113T223442Z,RELEASE-2026
e73d7186-e118-40b5-8c3b-2fe55f5c5791,D07,WALK,WALK.AOS.aquatic.plant.transect.03,11,2019-07-02T13:48:00Z,WALK.20190702,WALK.20190702.AP1.T03,NA,NA,NA,NA,NA,N,plant,submerged,POPI14,Porella pinnata L.,NA,NA,NA,NA,Hepaticopsida,Jungermanniales,Porellaceae,Porella,NA,pinnata,NA,NA,NA,L.,NA,NA,species,NA,NA,NA,NA,NA,20260113T223442Z,RELEASE-2026
da5faf50-0f58-4f1f-9426-cebb88f7cd4a,D07,WALK,WALK.AOS.aquatic.plant.transect.03,12,2019-07-02T13:48:00Z,WALK.20190702,WALK.20190702.AP2.T03,NA,NA,NA,NA,NA,N,plant,submerged,POPI14,Porella pinnata L.,NA,NA,NA,NA,Hepaticopsida,Jungermanniales,Porellaceae,Porella,NA,pinnata,NA,NA,NA,L.,NA,NA,species,NA,NA,NA,NA,NA,20260113T223442Z,RELEASE-2026
5d156b11-cebc-49a1-a75c-daf86cf4760c,D07,WALK,WALK.AOS.aquatic.plant.transect.04,16,2019-07-02T14:04:00Z,WALK.20190702,WALK.20190702.AP5.T04,NA,NA,NA,NA,NA,N,plant,submerged,POPI14,Porella pinnata L.,NA,NA,NA,NA,Hepaticopsida,Jungermanniales,Porellaceae,Porella,NA,pinnata,NA,NA,NA,L.,NA,NA,species,NA,NA,NA,NA,NA,20260113T223442Z,RELEASE-2026
e72e13c7-5ca5-48e1-ac44-20ab2b6c8482,D07,WALK,WALK.AOS.aquatic.plant.transect.04,12,2019-07-02T14:04:00Z,WALK.20190702,WALK.20190702.AP3.T04,NA,NA,NA,NA,NA,N,plant,submerged,POPI14,Porella pinnata L.,NA,NA,NA,NA,Hepaticopsida,Jungermanniales,Porellaceae,Porella,NA,pinnata,NA,NA,NA,L.,NA,NA,species,NA,NA,NA,NA,NA,20260113T223442Z,RELEASE-2026
36946b0a-d356-47a0-b983-5de520f536a7,D07,WALK,WALK.AOS.aquatic.plant.transect.04,8,2019-07-02T14:04:00Z,WALK.20190702,WALK.20190702.AP1.T04,NA,NA,NA,NA,NA,N,plant,submerged,POPI14,Porella pinnata L.,NA,NA,NA,NA,Hepaticopsida,Jungermanniales,Porellaceae,Porella,NA,pinnata,NA,NA,NA,L.,NA,NA,species,NA,NA,NA,NA,NA,20260113T223442Z,RELEASE-2026
db303374-b70c-4785-af30-6f264c165b49,D07,WALK,WALK.AOS.aquatic.plant.transect.04,9,2019-07-02T14:04:00Z,WALK.20190702,WALK.20190702.AP2.T04,NA,NA,NA,NA,NA,N,plant,submerged,POPI14,Porella pinnata L.,NA,NA,NA,NA,Hepaticopsida,Jungermanniales,Porellaceae,Porella,NA,pinnata,NA,NA,NA,L.,NA,NA,species,NA,NA,NA,NA,NA,20260113T223442Z,RELEASE-2026
b89ee40e-0624-4fa5-972b-bccca0ed2e24,D07,WALK,WALK.AOS.aquatic.plant.transect.04,14,2019-07-02T14:04:00Z,WALK.20190702,WALK.20190702.AP4.T04,NA,NA,NA,NA,NA,N,plant,submerged,POPI14,Porella pinnata L.,NA,NA,NA,NA,Hepaticopsida,Jungermanniales,Porellaceae,Porella,NA,pinnata,NA,NA,NA,L.,NA,NA,species,NA,NA,NA,NA,NA,20260113T223442Z,RELEASE-2026
ca58fde3-36c6-492e-9bc3-04a2cfa2a3da,D07,WALK,WALK.AOS.aquatic.plant.transect.05,9,2019-07-02T14:21:00Z,WALK.20190702,WALK.20190702.AP3.T05,NA,NA,NA,NA,NA,N,plant,submerged,POPI14,Porella pinnata L.,NA,NA,NA,NA,Hepaticopsida,Jungermanniales,Porellaceae,Porella,NA,pinnata,NA,NA,NA,L.,NA,NA,species,NA,NA,NA,NA,NA,20260113T223442Z,RELEASE-2026
f98b33d7-dfbd-4b28-b44c-b883c729bf36,D07,WALK,WALK.AOS.aquatic.plant.transect.05,4,2019-07-02T14:21:00Z,WALK.20190702,WALK.20190702.AP2.T05,NA,NA,NA,NA,NA,N,plant,submerged,POPI14,Porella pinnata L.,NA,NA,NA,NA,Hepaticopsida,Jungermanniales,Porellaceae,Porella,NA,pinnata,NA,NA,NA,L.,NA,NA,species,NA,NA,NA,NA,NA,20260113T223442Z,RELEASE-2026
c1fd9d5c-7282-485a-87bb-982c08340f8a,D07,WALK,WALK.AOS.aquatic.plant.transect.05,1,2019-07-02T14:21:00Z,WALK.20190702,WALK.20190702.AP1.T05,NA,NA,NA,NA,NA,N,plant,submerged,POPI14,Porella pinnata L.,NA,NA,NA,NA,Hepaticopsida,Jungermanniales,Porellaceae,Porella,NA,pinnata,NA,NA,NA,L.,NA,NA,species,NA,NA,NA,NA,NA,20260113T223442Z,RELEASE-2026
f39af323-7b24-47e3-b61f-9efb9f2871c4,D07,WALK,WALK.AOS.aquatic.plant.transect.06,7,2019-07-02T15:26:00Z,WALK.20190702,WALK.20190702.AP2.T06,NA,NA,NA,NA,NA,N,plant,submerged,POPI14,Porella pinnata L.,NA,NA,NA,NA,Hepaticopsida,Jungermanniales,Porellaceae,Porella,NA,pinnata,NA,NA,NA,L.,NA,NA,species,NA,NA,NA,NA,NA,20260113T223442Z,RELEASE-2026
933468d5-37ad-4457-8966-8c0115f3bb45,D07,WALK,WALK.AOS.aquatic.plant.transect.06,20,2019-07-02T15:26:00Z,WALK.20190702,WALK.20190702.AP8.T06,NA,NA,NA,NA,NA,N,plant,submerged,NEONTPC35216419,"Conocephalum salebrosum Szweyk., Buczk. & Odrzyk.",NA,NA,NA,NA,Equisetopsida,NA,Conocephalaceae,Conocephalum,NA,salebrosum,NA,NA,NA,"Szweyk., Buczk. & Odrzyk.",NA,"Davison, A Trailside Guide to Mosses and Liverworts of the Cherokee National Forest (2008)",species,NA,NA,NA,NA,NA,20260113T223442Z,RELEASE-2026
67b4abde-938d-4b97-ae0a-ce56210ab30d,D07,WALK,WALK.AOS.aquatic.plant.transect.06,8,2019-07-02T15:26:00Z,WALK.20190702,WALK.20190702.AP3.T06,NA,NA,NA,NA,NA,N,plant,submerged,POPI14,Porella pinnata L.,NA,NA,NA,NA,Hepaticopsida,Jungermanniales,Porellaceae,Porella,NA,pinnata,NA,NA,NA,L.,NA,NA,species,NA,NA,NA,NA,NA,20260113T223442Z,RELEASE-2026
3bf9db46-713b-4616-877a-cf66125aae3b,D07,WALK,WALK.AOS.aquatic.plant.transect.06,13,2019-07-02T15:26:00Z,WALK.20190702,WALK.20190702.AP5.T06,NA,NA,NA,NA,NA,N,plant,submerged,POPI14,Porella pinnata L.,NA,NA,NA,NA,Hepaticopsida,Jungermanniales,Porellaceae,Porella,NA,pinnata,NA,NA,NA,L.,NA,NA,species,NA,NA,NA,NA,NA,20260113T223442Z,RELEASE-2026
029eb176-f028-4062-ac23-986a260ac965,D07,WALK,WALK.AOS.aquatic.plant.transect.06,12,2019-07-02T15:26:00Z,WALK.20190702,WALK.20190702.AP4.T06,NA,NA,NA,NA,NA,N,plant,submerged,POPI14,Porella pinnata L.,NA,NA,NA,NA,Hepaticopsida,Jungermanniales,Porellaceae,Porella,NA,pinnata,NA,NA,NA,L.,NA,NA,species,NA,NA,NA,NA,NA,20260113T223442Z,RELEASE-2026
a7a3639c-26ee-4df2-85f7-436e460c828d,D07,WALK,WALK.AOS.aquatic.plant.transect.06,20,2019-07-02T15:26:00Z,WALK.20190702,WALK.20190702.AP7.T06,NA,NA,NA,NA,NA,N,plant,submerged,POPI14,Porella pinnata L.,NA,NA,NA,NA,Hepaticopsida,Jungermanniales,Porellaceae,Porella,NA,pinnata,NA,NA,NA,L.,NA,NA,species,NA,NA,NA,NA,NA,20260113T223442Z,RELEASE-2026
e45c8b89-4a5e-4e17-8442-a28b25413fea,D07,WALK,WALK.AOS.aquatic.plant.transect.06,6,2019-07-02T15:26:00Z,WALK.20190702,WALK.20190702.AP1.T06,NA,NA,NA,NA,NA,N,plant,submerged,POPI14,Porella pinnata L.,NA,NA,NA,NA,Hepaticopsida,Jungermanniales,Porellaceae,Porella,NA,pinnata,NA,NA,NA,L.,NA,NA,species,NA,NA,NA,NA,NA,20260113T223442Z,RELEASE-2026
058fc8f7-1dec-47ed-add1-8d4c054b0038,D07,WALK,WALK.AOS.aquatic.plant.transect.06,15,2019-07-02T15:26:00Z,WALK.20190702,WALK.20190702.AP6.T06,NA,NA,NA,NA,NA,N,plant,submerged,POPI14,Porella pinnata L.,NA,NA,NA,NA,Hepaticopsida,Jungermanniales,Porellaceae,Porella,NA,pinnata,NA,NA,NA,L.,NA,NA,species,NA,NA,NA,NA,NA,20260113T223442Z,RELEASE-2026
d281290d-dcd1-488d-a3c7-82444212dc9b,D07,WALK,WALK.AOS.aquatic.plant.transect.07,10,2019-07-02T15:56:00Z,WALK.20190702,WALK.20190702.AP3.T07,NA,NA,NA,NA,NA,N,plant,submerged,POPI14,Porella pinnata L.,NA,NA,NA,NA,Hepaticopsida,Jungermanniales,Porellaceae,Porella,NA,pinnata,NA,NA,NA,L.,NA,NA,species,NA,NA,NA,NA,NA,20260113T223442Z,RELEASE-2026
e359f8e6-06a7-4c44-841f-80557cc7f292,D07,WALK,WALK.AOS.aquatic.plant.transect.07,11,2019-07-02T15:56:00Z,WALK.20190702,WALK.20190702.AP4.T07,NA,NA,NA,NA,NA,N,plant,submerged,POPI14,Porella pinnata L.,NA,NA,NA,NA,Hepaticopsida,Jungermanniales,Porellaceae,Porella,NA,pinnata,NA,NA,NA,L.,NA,NA,species,NA,NA,NA,NA,NA,20260113T223442Z,RELEASE-2026
257c5170-c95f-4bbc-9522-0f16a9fe569e,D07,WALK,WALK.AOS.aquatic.plant.transect.07,8,2019-07-02T15:56:00Z,WALK.20190702,WALK.20190702.AP2.T07,NA,NA,NA,NA,NA,N,plant,submerged,POPI14,Porella pinnata L.,NA,NA,NA,NA,Hepaticopsida,Jungermanniales,Porellaceae,Porella,NA,pinnata,NA,NA,NA,L.,NA,NA,species,NA,NA,NA,NA,NA,20260113T223442Z,RELEASE-2026
15b94725-dffe-47a9-9a3d-ac50a7fb8a41,D07,WALK,WALK.AOS.aquatic.plant.transect.07,18,2019-07-02T15:56:00Z,WALK.20190702,WALK.20190702.AP7.T07,NA,NA,NA,NA,NA,N,plant,submerged,POPI14,Porella pinnata L.,NA,NA,NA,NA,Hepaticopsida,Jungermanniales,Porellaceae,Porella,NA,pinnata,NA,NA,NA,L.,NA,NA,species,NA,NA,NA,NA,NA,20260113T223442Z,RELEASE-2026
85840397-5fa9-4a8f-a300-d2529b29e5ff,D07,WALK,WALK.AOS.aquatic.plant.transect.07,19,2019-07-02T15:56:00Z,WALK.20190702,WALK.20190702.AP8.T07,NA,NA,NA,NA,NA,N,plant,submerged,POPI14,Porella pinnata L.,NA,NA,NA,NA,Hepaticopsida,Jungermanniales,Porellaceae,Porella,NA,pinnata,NA,NA,NA,L.,NA,NA,species,NA,NA,NA,NA,NA,20260113T223442Z,RELEASE-2026
73063a1a-c614-4edd-81a1-b03ce253ac35,D07,WALK,WALK.AOS.aquatic.plant.transect.07,13,2019-07-02T15:56:00Z,WALK.20190702,WALK.20190702.AP5.T07,NA,NA,NA,NA,NA,N,plant,submerged,POPI14,Porella pinnata L.,NA,NA,NA,NA,Hepaticopsida,Jungermanniales,Porellaceae,Porella,NA,pinnata,NA,NA,NA,L.,NA,NA,species,NA,NA,NA,NA,NA,20260113T223442Z,RELEASE-2026
fad98e63-9a12-4694-a540-b07c73abcc33,D07,WALK,WALK.AOS.aquatic.plant.transect.07,6,2019-07-02T15:56:00Z,WALK.20190702,WALK.20190702.AP1.T07,NA,NA,NA,NA,NA,N,plant,submerged,POPI14,Porella pinnata L.,NA,NA,NA,NA,Hepaticopsida,Jungermanniales,Porellaceae,Porella,NA,pinnata,NA,NA,NA,L.,NA,NA,species,NA,NA,NA,NA,NA,20260113T223442Z,RELEASE-2026
586e3e9c-f9fb-475e-afba-2c98fdad2f90,D07,WALK,WALK.AOS.aquatic.plant.transect.07,14,2019-07-02T15:56:00Z,WALK.20190702,WALK.20190702.AP6.T07,NA,NA,NA,NA,NA,N,plant,submerged,POPI14,Porella pinnata L.,NA,NA,NA,NA,Hepaticopsida,Jungermanniales,Porellaceae,Porella,NA,pinnata,NA,NA,NA,L.,NA,NA,species,NA,NA,NA,NA,NA,20260113T223442Z,RELEASE-2026
25fdc01a-7f87-4b45-99e2-0979d6ffa8ff,D07,WALK,WALK.AOS.aquatic.plant.transect.09,14,2019-07-02T16:48:00Z,WALK.20190702,WALK.20190702.AP1.T09,NA,NA,NA,NA,NA,N,plant,submerged,POPI14,Porella pinnata L.,NA,NA,NA,NA,Hepaticopsida,Jungermanniales,Porellaceae,Porella,NA,pinnata,NA,NA,NA,L.,NA,NA,species,NA,NA,NA,NA,NA,20260113T223442Z,RELEASE-2026
4bec4b93-74df-4fde-b2d1-d429befbd240,D07,WALK,WALK.AOS.aquatic.plant.transect.03,17,2021-07-27T15:12:00Z,WALK.20210727,WALK.20210727.AP1.T03,NA,NA,NA,NA,NA,N,plant,submerged,POPI14,Porella pinnata L.,NA,NA,NA,NA,Hepaticopsida,Jungermanniales,Porellaceae,Porella,NA,pinnata,NA,NA,NA,L.,NA,NA,species,NA,NA,NA,NA,NA,20260113T222311Z,RELEASE-2026
6119a7a5-6bdf-492b-8b1d-8dc6e9910ba3,D07,WALK,WALK.AOS.aquatic.plant.transect.04,15,2021-07-27T15:40:00Z,WALK.20210727,WALK.20210727.AP1.T04,NA,NA,NA,NA,NA,N,plant,submerged,POPI14,Porella pinnata L.,NA,NA,NA,NA,Hepaticopsida,Jungermanniales,Porellaceae,Porella,NA,pinnata,NA,NA,NA,L.,NA,NA,species,NA,NA,NA,NA,NA,20260113T222311Z,RELEASE-2026
b123a5a3-35f0-412f-bb05-fc7b95febf3e,D07,WALK,WALK.AOS.aquatic.plant.transect.06,5,2021-07-27T17:11:00Z,WALK.20210727,WALK.20210727.AP1.T06,NA,NA,NA,NA,NA,N,plant,submerged,POPI14,Porella pinnata L.,NA,NA,NA,NA,Hepaticopsida,Jungermanniales,Porellaceae,Porella,NA,pinnata,NA,NA,NA,L.,NA,NA,species,NA,NA,NA,NA,NA,20260113T222311Z,RELEASE-2026
88b236df-a3ca-4240-8508-02b02ee76e95,D07,WALK,WALK.AOS.aquatic.plant.transect.07,12,2021-07-27T17:21:00Z,WALK.20210727,WALK.20210727.AP4.T07,NA,NA,NA,NA,NA,N,plant,submerged,POPI14,Porella pinnata L.,NA,NA,NA,NA,Hepaticopsida,Jungermanniales,Porellaceae,Porella,NA,pinnata,NA,NA,NA,L.,NA,NA,species,NA,NA,NA,NA,NA,20260113T222311Z,RELEASE-2026
0f9abc82-2dea-4bf3-a3ab-917a5c2895f2,D07,WALK,WALK.AOS.aquatic.plant.transect.07,10,2021-07-27T17:21:00Z,WALK.20210727,WALK.20210727.AP2.T07,NA,NA,NA,NA,NA,N,plant,submerged,POPI14,Porella pinnata L.,NA,NA,NA,NA,Hepaticopsida,Jungermanniales,Porellaceae,Porella,NA,pinnata,NA,NA,NA,L.,NA,NA,species,NA,NA,NA,NA,NA,20260113T222311Z,RELEASE-2026
16129b1f-0d35-47a4-9843-27323a626f65,D07,WALK,WALK.AOS.aquatic.plant.transect.07,14,2021-07-27T17:21:00Z,WALK.20210727,WALK.20210727.AP5.T07,NA,NA,NA,NA,NA,N,plant,submerged,POPI14,Porella pinnata L.,NA,NA,NA,NA,Hepaticopsida,Jungermanniales,Porellaceae,Porella,NA,pinnata,NA,NA,NA,L.,NA,NA,species,NA,NA,NA,NA,NA,20260113T222311Z,RELEASE-2026
bcec5098-61d2-4620-aacf-3c3a1774d095,D07,WALK,WALK.AOS.aquatic.plant.transect.07,9,2021-07-27T17:21:00Z,WALK.20210727,WALK.20210727.AP1.T07,NA,NA,NA,NA,NA,N,plant,submerged,POPI14,Porella pinnata L.,NA,NA,NA,NA,Hepaticopsida,Jungermanniales,Porellaceae,Porella,NA,pinnata,NA,NA,NA,L.,NA,NA,species,NA,NA,NA,NA,NA,20260113T222311Z,RELEASE-2026
e01bd650-2efc-4ccf-a24c-723e40a8aec5,D07,WALK,WALK.AOS.aquatic.plant.transect.07,11,2021-07-27T17:21:00Z,WALK.20210727,WALK.20210727.AP3.T07,NA,NA,NA,NA,NA,N,plant,submerged,POPI14,Porella pinnata L.,NA,NA,NA,NA,Hepaticopsida,Jungermanniales,Porellaceae,Porella,NA,pinnata,NA,NA,NA,L.,NA,NA,species,NA,NA,NA,NA,NA,20260113T222311Z,RELEASE-2026
5c37c050-fe0a-4ad4-b23c-bcfe7c0f133b,D07,WALK,WALK.AOS.aquatic.plant.transect.07,15,2021-07-27T17:21:00Z,WALK.20210727,WALK.20210727.AP6.T07,NA,NA,NA,NA,NA,N,plant,submerged,POPI14,Porella pinnata L.,NA,NA,NA,NA,Hepaticopsida,Jungermanniales,Porellaceae,Porella,NA,pinnata,NA,NA,NA,L.,NA,NA,species,NA,NA,NA,NA,NA,20260113T222311Z,RELEASE-2026
284d930a-fbe3-4f80-9a64-b08a49e27063,D07,WALK,WALK.AOS.aquatic.plant.transect.07,19,2021-07-27T17:21:00Z,WALK.20210727,WALK.20210727.AP7.T07,NA,NA,NA,NA,NA,N,plant,submerged,POPI14,Porella pinnata L.,NA,NA,NA,NA,Hepaticopsida,Jungermanniales,Porellaceae,Porella,NA,pinnata,NA,NA,NA,L.,NA,NA,species,NA,NA,NA,NA,NA,20260113T222311Z,RELEASE-2026
6fd3b971-003e-4daf-ad9a-4590e4c0d94d,D07,WALK,WALK.AOS.aquatic.plant.transect.01,2,2020-07-07T14:02:00Z,WALK.20200707,WALK.20200707.AP1.T01,NA,NA,NA,NA,NA,N,plant,submerged,POPI14,Porella pinnata L.,NA,NA,NA,NA,Hepaticopsida,Jungermanniales,Porellaceae,Porella,NA,pinnata,NA,NA,NA,L.,NA,"McKnight, Common Mosses of the Northeast and Appalachians (2013)",species,NA,NA,NA,NA,NA,20260113T222056Z,RELEASE-2026
29c93be5-92a6-4585-993e-0446951c47c8,D07,WALK,WALK.AOS.aquatic.plant.transect.03,15,2020-07-07T15:01:00Z,WALK.20200707,WALK.20200707.AP1.T03,NA,NA,NA,NA,NA,N,plant,submerged,POPI14,Porella pinnata L.,NA,NA,NA,NA,Hepaticopsida,Jungermanniales,Porellaceae,Porella,NA,pinnata,NA,NA,NA,L.,NA,"McKnight, Common Mosses of the Northeast and Appalachians (2013)",species,NA,NA,NA,NA,NA,20260113T222056Z,RELEASE-2026
64fba26c-bcfd-4c0b-9018-954aa8b005c7,D07,WALK,WALK.AOS.aquatic.plant.transect.03,19,2020-07-07T15:01:00Z,WALK.20200707,WALK.20200707.AP4.T03,NA,NA,NA,NA,NA,N,plant,submerged,POPI14,Porella pinnata L.,NA,NA,NA,NA,Hepaticopsida,Jungermanniales,Porellaceae,Porella,NA,pinnata,NA,NA,NA,L.,NA,"McKnight, Common Mosses of the Northeast and Appalachians (2013)",species,NA,NA,NA,NA,NA,20260113T222056Z,RELEASE-2026
ef95b372-1af5-47ba-8b58-af2c1169dc8a,D07,WALK,WALK.AOS.aquatic.plant.transect.03,17,2020-07-07T15:01:00Z,WALK.20200707,WALK.20200707.AP2.T03,NA,NA,NA,NA,NA,N,plant,submerged,POPI14,Porella pinnata L.,NA,NA,NA,NA,Hepaticopsida,Jungermanniales,Porellaceae,Porella,NA,pinnata,NA,NA,NA,L.,NA,"McKnight, Common Mosses of the Northeast and Appalachians (2013)",species,NA,NA,NA,NA,NA,20260113T222056Z,RELEASE-2026
115672e7-c586-4eb9-a5d7-d69f0cfa85ca,D07,WALK,WALK.AOS.aquatic.plant.transect.03,18,2020-07-07T15:01:00Z,WALK.20200707,WALK.20200707.AP3.T03,NA,NA,NA,NA,NA,N,plant,submerged,POPI14,Porella pinnata L.,NA,NA,NA,NA,Hepaticopsida,Jungermanniales,Porellaceae,Porella,NA,pinnata,NA,NA,NA,L.,NA,"McKnight, Common Mosses of the Northeast and Appalachians (2013)",species,NA,NA,NA,NA,NA,20260113T222056Z,RELEASE-2026
d3517b56-7e64-4187-bc2c-ee7a59fa5777,D07,WALK,WALK.AOS.aquatic.plant.transect.04,7,2020-07-07T15:13:00Z,WALK.20200707,WALK.20200707.AP1.T04,NA,NA,NA,NA,NA,N,plant,submerged,POPI14,Porella pinnata L.,NA,NA,NA,NA,Hepaticopsida,Jungermanniales,Porellaceae,Porella,NA,pinnata,NA,NA,NA,L.,NA,"McKnight, Common Mosses of the Northeast and Appalachians (2013)",species,NA,NA,NA,NA,NA,20260113T222056Z,RELEASE-2026
4d6d1f41-f40b-4424-97db-fba11c3cbbea,D07,WALK,WALK.AOS.aquatic.plant.transect.04,8,2020-07-07T15:13:00Z,WALK.20200707,WALK.20200707.AP2.T04,NA,NA,NA,NA,NA,N,plant,submerged,POPI14,Porella pinnata L.,NA,NA,NA,NA,Hepaticopsida,Jungermanniales,Porellaceae,Porella,NA,pinnata,NA,NA,NA,L.,NA,"McKnight, Common Mosses of the Northeast and Appalachians (2013)",species,NA,NA,NA,NA,NA,20260113T222056Z,RELEASE-2026
de749473-9f5c-4bdb-8005-e4cde5ddd95f,D07,WALK,WALK.AOS.aquatic.plant.transect.04,17,2020-07-07T15:13:00Z,WALK.20200707,WALK.20200707.AP4.T04,NA,NA,NA,NA,NA,N,plant,submerged,POPI14,Porella pinnata L.,NA,NA,NA,NA,Hepaticopsida,Jungermanniales,Porellaceae,Porella,NA,pinnata,NA,NA,NA,L.,NA,"McKnight, Common Mosses of the Northeast and Appalachians (2013)",species,NA,NA,NA,NA,NA,20260113T222056Z,RELEASE-2026
9ca5555a-3016-43da-9d49-d9ec4f74d508,D07,WALK,WALK.AOS.aquatic.plant.transect.04,14,2020-07-07T15:13:00Z,WALK.20200707,WALK.20200707.AP3.T04,NA,NA,NA,NA,NA,N,plant,submerged,POPI14,Porella pinnata L.,NA,NA,NA,NA,Hepaticopsida,Jungermanniales,Porellaceae,Porella,NA,pinnata,NA,NA,NA,L.,NA,"McKnight, Common Mosses of the Northeast and Appalachians (2013)",species,NA,NA,NA,NA,NA,20260113T222056Z,RELEASE-2026
5899dd4d-90b4-4a98-a087-9a3478712a70,D07,WALK,WALK.AOS.aquatic.plant.transect.05,12,2020-07-07T15:29:00Z,WALK.20200707,WALK.20200707.AP4.T05,NA,NA,NA,NA,NA,N,plant,submerged,POPI14,Porella pinnata L.,NA,NA,NA,NA,Hepaticopsida,Jungermanniales,Porellaceae,Porella,NA,pinnata,NA,NA,NA,L.,NA,"McKnight, Common Mosses of the Northeast and Appalachians (2013)",species,NA,NA,NA,NA,NA,20260113T222056Z,RELEASE-2026
5e642ad0-21cb-4a20-af60-6ef08826798f,D07,WALK,WALK.AOS.aquatic.plant.transect.05,3,2020-07-07T15:29:00Z,WALK.20200707,WALK.20200707.AP1.T05,NA,NA,NA,NA,NA,N,plant,submerged,POPI14,Porella pinnata L.,NA,NA,NA,NA,Hepaticopsida,Jungermanniales,Porellaceae,Porella,NA,pinnata,NA,NA,NA,L.,NA,"McKnight, Common Mosses of the Northeast and Appalachians (2013)",species,NA,NA,NA,NA,NA,20260113T222056Z,RELEASE-2026
78af2655-f276-4fc3-9ddc-cc5da393a82d,D07,WALK,WALK.AOS.aquatic.plant.transect.05,5,2020-07-07T15:29:00Z,WALK.20200707,WALK.20200707.AP2.T05,NA,NA,NA,NA,NA,N,plant,submerged,POPI14,Porella pinnata L.,NA,NA,NA,NA,Hepaticopsida,Jungermanniales,Porellaceae,Porella,NA,pinnata,NA,NA,NA,L.,NA,"McKnight, Common Mosses of the Northeast and Appalachians (2013)",species,NA,NA,NA,NA,NA,20260113T222056Z,RELEASE-2026
4f2f4452-846d-4a70-87f2-271b479f17b8,D07,WALK,WALK.AOS.aquatic.plant.transect.05,9,2020-07-07T15:29:00Z,WALK.20200707,WALK.20200707.AP3.T05,NA,NA,NA,NA,NA,N,plant,submerged,POPI14,Porella pinnata L.,NA,NA,NA,NA,Hepaticopsida,Jungermanniales,Porellaceae,Porella,NA,pinnata,NA,NA,NA,L.,NA,"McKnight, Common Mosses of the Northeast and Appalachians (2013)",species,NA,NA,NA,NA,NA,20260113T222056Z,RELEASE-2026
03b21f91-3793-4de6-bf64-60060b79da08,D07,WALK,WALK.AOS.aquatic.plant.transect.06,16,2020-07-07T16:02:00Z,WALK.20200707,WALK.20200707.AP7.T06,NA,NA,NA,NA,NA,N,plant,submerged,POPI14,Porella pinnata L.,NA,NA,NA,NA,Hepaticopsida,Jungermanniales,Porellaceae,Porella,NA,pinnata,NA,NA,NA,L.,NA,"McKnight, Common Mosses of the Northeast and Appalachians (2013)",species,NA,NA,NA,NA,NA,20260113T222056Z,RELEASE-2026
07981567-bdd2-41a2-9384-091d1b251c8f,D07,WALK,WALK.AOS.aquatic.plant.transect.06,6,2020-07-07T16:02:00Z,WALK.20200707,WALK.20200707.AP1.T06,NA,NA,NA,NA,NA,N,plant,submerged,POPI14,Porella pinnata L.,NA,NA,NA,NA,Hepaticopsida,Jungermanniales,Porellaceae,Porella,NA,pinnata,NA,NA,NA,L.,NA,"McKnight, Common Mosses of the Northeast and Appalachians (2013)",species,NA,NA,NA,NA,NA,20260113T222056Z,RELEASE-2026
8db9b427-8d1e-4d2f-8ad7-5b646a821888,D07,WALK,WALK.AOS.aquatic.plant.transect.06,7,2020-07-07T16:02:00Z,WALK.20200707,WALK.20200707.AP2.T06,NA,NA,NA,NA,NA,N,plant,submerged,POPI14,Porella pinnata L.,NA,NA,NA,NA,Hepaticopsida,Jungermanniales,Porellaceae,Porella,NA,pinnata,NA,NA,NA,L.,NA,"McKnight, Common Mosses of the Northeast and Appalachians (2013)",species,NA,NA,NA,NA,NA,20260113T222056Z,RELEASE-2026
f7d026a7-0881-4c91-9aa0-977fcd67b40e,D07,WALK,WALK.AOS.aquatic.plant.transect.06,12,2020-07-07T16:02:00Z,WALK.20200707,WALK.20200707.AP4.T06,NA,NA,NA,NA,NA,N,plant,submerged,POPI14,Porella pinnata L.,NA,NA,NA,NA,Hepaticopsida,Jungermanniales,Porellaceae,Porella,NA,pinnata,NA,NA,NA,L.,NA,"McKnight, Common Mosses of the Northeast and Appalachians (2013)",species,NA,NA,NA,NA,NA,20260113T222056Z,RELEASE-2026
08f18ee3-ec5b-4049-9664-51feca496d7a,D07,WALK,WALK.AOS.aquatic.plant.transect.06,15,2020-07-07T16:02:00Z,WALK.20200707,WALK.20200707.AP6.T06,NA,NA,NA,NA,NA,N,plant,submerged,POPI14,Porella pinnata L.,NA,NA,NA,NA,Hepaticopsida,Jungermanniales,Porellaceae,Porella,NA,pinnata,NA,NA,NA,L.,NA,"McKnight, Common Mosses of the Northeast and Appalachians (2013)",species,NA,NA,NA,NA,NA,20260113T222056Z,RELEASE-2026
29c1242e-4248-4400-b728-aecd060cccbe,D07,WALK,WALK.AOS.aquatic.plant.transect.06,13,2020-07-07T16:02:00Z,WALK.20200707,WALK.20200707.AP5.T06,NA,NA,NA,NA,NA,N,plant,submerged,POPI14,Porella pinnata L.,NA,NA,NA,NA,Hepaticopsida,Jungermanniales,Porellaceae,Porella,NA,pinnata,NA,NA,NA,L.,NA,"McKnight, Common Mosses of the Northeast and Appalachians (2013)",species,NA,NA,NA,NA,NA,20260113T222056Z,RELEASE-2026
60f0ca39-c64b-4f82-91f5-cc63ca3c2e9c,D07,WALK,WALK.AOS.aquatic.plant.transect.06,7,2020-07-07T16:02:00Z,WALK.20200707,WALK.20200707.AP3.T06,NA,NA,NA,NA,NA,N,plant,submerged,PEEP3,Pellia epiphylla (L.) Corda,NA,NA,NA,NA,Hepaticopsida,Metzgeriales,Pelliaceae,Pellia,NA,epiphylla,NA,NA,NA,(L.) Corda,NA,"McKnight, Common Mosses of the Northeast and Appalachians (2013)",species,NA,NA,NA,NA,NA,20260113T222056Z,RELEASE-2026
2ece87d5-1f11-44ce-b76d-0df5e36fd7ea,D07,WALK,WALK.AOS.aquatic.plant.transect.07,10,2020-07-07T16:30:00Z,WALK.20200707,WALK.20200707.AP4.T07,NA,NA,NA,NA,NA,N,plant,submerged,POPI14,Porella pinnata L.,NA,NA,NA,NA,Hepaticopsida,Jungermanniales,Porellaceae,Porella,NA,pinnata,NA,NA,NA,L.,NA,"McKnight, Common Mosses of the Northeast and Appalachians (2013)",species,NA,NA,NA,NA,NA,20260113T222056Z,RELEASE-2026
1bed42bd-7bfe-4106-b1de-d833e26248bf,D07,WALK,WALK.AOS.aquatic.plant.transect.07,15,2020-07-07T16:30:00Z,WALK.20200707,WALK.20200707.AP7.T07,NA,NA,NA,NA,NA,N,plant,submerged,POPI14,Porella pinnata L.,NA,NA,NA,NA,Hepaticopsida,Jungermanniales,Porellaceae,Porella,NA,pinnata,NA,NA,NA,L.,NA,"McKnight, Common Mosses of the Northeast and Appalachians (2013)",species,NA,NA,NA,NA,NA,20260113T222056Z,RELEASE-2026
8d749a3b-f0f7-44f1-8ce6-3e2e0d9b0e01,D07,WALK,WALK.AOS.aquatic.plant.transect.07,9,2020-07-07T16:30:00Z,WALK.20200707,WALK.20200707.AP3.T07,NA,NA,NA,NA,NA,N,plant,submerged,POPI14,Porella pinnata L.,NA,NA,NA,NA,Hepaticopsida,Jungermanniales,Porellaceae,Porella,NA,pinnata,NA,NA,NA,L.,NA,"McKnight, Common Mosses of the Northeast and Appalachians (2013)",species,NA,NA,NA,NA,NA,20260113T222056Z,RELEASE-2026
4e388a3c-8de3-4ddc-889f-d7377ca738d8,D07,WALK,WALK.AOS.aquatic.plant.transect.07,20,2020-07-07T16:30:00Z,WALK.20200707,WALK.20200707.AP9.T07,NA,NA,NA,NA,NA,N,plant,submerged,POPI14,Porella pinnata L.,NA,NA,NA,NA,Hepaticopsida,Jungermanniales,Porellaceae,Porella,NA,pinnata,NA,NA,NA,L.,NA,"McKnight, Common Mosses of the Northeast and Appalachians (2013)",species,NA,NA,NA,NA,NA,20260113T222056Z,RELEASE-2026
99036bfc-13eb-4f1a-9b73-294c49b6db29,D07,WALK,WALK.AOS.aquatic.plant.transect.07,11,2020-07-07T16:30:00Z,WALK.20200707,WALK.20200707.AP5.T07,NA,NA,NA,NA,NA,N,plant,submerged,POPI14,Porella pinnata L.,NA,NA,NA,NA,Hepaticopsida,Jungermanniales,Porellaceae,Porella,NA,pinnata,NA,NA,NA,L.,NA,"McKnight, Common Mosses of the Northeast and Appalachians (2013)",species,NA,NA,NA,NA,NA,20260113T222056Z,RELEASE-2026
054d8543-9241-4a3b-bc69-117b15522694,D07,WALK,WALK.AOS.aquatic.plant.transect.07,19,2020-07-07T16:30:00Z,WALK.20200707,WALK.20200707.AP8.T07,NA,NA,NA,NA,NA,N,plant,submerged,POPI14,Porella pinnata L.,NA,NA,NA,NA,Hepaticopsida,Jungermanniales,Porellaceae,Porella,NA,pinnata,NA,NA,NA,L.,NA,"McKnight, Common Mosses of the Northeast and Appalachians (2013)",species,NA,NA,NA,NA,NA,20260113T222056Z,RELEASE-2026
c36b4ddb-6cac-4f3e-bbe6-4707ca3e8344,D07,WALK,WALK.AOS.aquatic.plant.transect.07,13,2020-07-07T16:30:00Z,WALK.20200707,WALK.20200707.AP6.T07,NA,NA,NA,NA,NA,N,plant,submerged,POPI14,Porella pinnata L.,NA,NA,NA,NA,Hepaticopsida,Jungermanniales,Porellaceae,Porella,NA,pinnata,NA,NA,NA,L.,NA,"McKnight, Common Mosses of the Northeast and Appalachians (2013)",species,NA,NA,NA,NA,NA,20260113T222056Z,RELEASE-2026
99b174f9-374d-4671-8ea5-70c24ca0d15c,D07,WALK,WALK.AOS.aquatic.plant.transect.07,5,2020-07-07T16:30:00Z,WALK.20200707,WALK.20200707.AP1.T07,NA,NA,NA,NA,NA,N,plant,submerged,POPI14,Porella pinnata L.,NA,NA,NA,NA,Hepaticopsida,Jungermanniales,Porellaceae,Porella,NA,pinnata,NA,NA,NA,L.,NA,"McKnight, Common Mosses of the Northeast and Appalachians (2013)",species,NA,NA,NA,NA,NA,20260113T222056Z,RELEASE-2026
aa0aec04-d422-48f7-8997-51fe7b7c45d2,D07,WALK,WALK.AOS.aquatic.plant.transect.07,6,2020-07-07T16:30:00Z,WALK.20200707,WALK.20200707.AP2.T07,NA,NA,NA,NA,NA,N,plant,submerged,POPI14,Porella pinnata L.,NA,NA,NA,NA,Hepaticopsida,Jungermanniales,Porellaceae,Porella,NA,pinnata,NA,NA,NA,L.,NA,"McKnight, Common Mosses of the Northeast and Appalachians (2013)",species,NA,NA,NA,NA,NA,20260113T222056Z,RELEASE-2026
8255fff7-8fef-44e3-b865-ef06b1ffe238,D07,WALK,WALK.AOS.aquatic.plant.transect.09,11,2020-07-07T17:37:00Z,WALK.20200707,WALK.20200707.AP2.T09,NA,NA,NA,NA,NA,N,plant,submerged,BRACHYTHECGSPP,Brachytheciastrum spp.,NA,NA,NA,NA,Equisetopsida,NA,Brachytheciaceae,Brachytheciastrum,NA,spp.,NA,NA,NA,NA,NA,"McKnight, Common Mosses of the Northeast and Appalachians (2013)",genus,NA,NA,NA,NA,NA,20260113T222056Z,RELEASE-2026
ec2e44c5-dbc7-4228-96dc-cc65d0ea1692,D07,WALK,WALK.AOS.aquatic.plant.transect.09,5,2020-07-07T17:37:00Z,WALK.20200707,WALK.20200707.AP1.T09,NA,NA,NA,NA,NA,N,plant,submerged,BRACHYTHECGSPP,Brachytheciastrum spp.,NA,NA,NA,NA,Equisetopsida,NA,Brachytheciaceae,Brachytheciastrum,NA,spp.,NA,NA,NA,NA,NA,"McKnight, Common Mosses of the Northeast and Appalachians (2013)",genus,NA,NA,NA,NA,NA,20260113T222056Z,RELEASE-2026
b15ecc55-f6a2-4ea9-84ef-65e7bfb52fe7,D07,WALK,WALK.AOS.aquatic.plant.transect.03,17,2020-10-20T15:11:00Z,WALK.20201020,WALK.20201020.AP1.T03,NA,NA,NA,NA,NA,N,plant,submerged,POPI14,Porella pinnata L.,NA,NA,NA,NA,Hepaticopsida,Jungermanniales,Porellaceae,Porella,NA,pinnata,NA,NA,NA,L.,NA,"McKnight, Common Mosses of the Northeast and Appalachians (2013)",species,NA,NA,NA,NA,NA,20260113T223225Z,RELEASE-2026
13d0acca-8018-4986-917b-999845ab7c1a,D07,WALK,WALK.AOS.aquatic.plant.transect.03,20,2020-10-20T15:11:00Z,WALK.20201020,WALK.20201020.AP2.T03,NA,NA,NA,NA,NA,N,plant,submerged,PEEP3,Pellia epiphylla (L.) Corda,NA,NA,NA,NA,Hepaticopsida,Metzgeriales,Pelliaceae,Pellia,NA,epiphylla,NA,NA,NA,(L.) Corda,NA,"Davison, A Trailside Guide to Mosses and Liverworts of the Cherokee National Forest (2008)",species,NA,NA,NA,NA,NA,20260113T223225Z,RELEASE-2026
5adb2038-e1ea-4084-8964-cb2c1257b934,D07,WALK,WALK.AOS.aquatic.plant.transect.03,20,2020-10-20T15:11:00Z,WALK.20201020,WALK.20201020.AP3.T03,NA,NA,NA,NA,NA,N,plant,submerged,POPI14,Porella pinnata L.,NA,NA,NA,NA,Hepaticopsida,Jungermanniales,Porellaceae,Porella,NA,pinnata,NA,NA,NA,L.,NA,"McKnight, Common Mosses of the Northeast and Appalachians (2013)",species,NA,NA,NA,NA,NA,20260113T223225Z,RELEASE-2026
e3195002-3f7b-4ee0-86ca-d6203ba2c0c4,D07,WALK,WALK.AOS.aquatic.plant.transect.04,13,2020-10-20T15:25:00Z,WALK.20201020,WALK.20201020.AP2.T04,NA,NA,NA,NA,NA,N,plant,submerged,POPI14,Porella pinnata L.,NA,NA,NA,NA,Hepaticopsida,Jungermanniales,Porellaceae,Porella,NA,pinnata,NA,NA,NA,L.,NA,"McKnight, Common Mosses of the Northeast and Appalachians (2013)",species,NA,NA,NA,NA,NA,20260113T223225Z,RELEASE-2026
081ea341-b3ce-46dd-80d1-69a13b11b2df,D07,WALK,WALK.AOS.aquatic.plant.transect.04,15,2020-10-20T15:25:00Z,WALK.20201020,WALK.20201020.AP3.T04,NA,NA,NA,NA,NA,N,plant,submerged,POPI14,Porella pinnata L.,NA,NA,NA,NA,Hepaticopsida,Jungermanniales,Porellaceae,Porella,NA,pinnata,NA,NA,NA,L.,NA,"McKnight, Common Mosses of the Northeast and Appalachians (2013)",species,NA,NA,NA,NA,NA,20260113T223225Z,RELEASE-2026
49648dd9-94d3-4ffe-880b-c32fb617d1c9,D07,WALK,WALK.AOS.aquatic.plant.transect.04,12,2020-10-20T15:25:00Z,WALK.20201020,WALK.20201020.AP1.T04,NA,NA,NA,NA,NA,N,plant,submerged,POPI14,Porella pinnata L.,NA,NA,NA,NA,Hepaticopsida,Jungermanniales,Porellaceae,Porella,NA,pinnata,NA,NA,NA,L.,NA,"McKnight, Common Mosses of the Northeast and Appalachians (2013)",species,NA,NA,NA,NA,NA,20260113T223225Z,RELEASE-2026
042190cc-6d7b-4760-af49-9d0cf3bd3098,D07,WALK,WALK.AOS.aquatic.plant.transect.05,12,2020-10-20T15:53:00Z,WALK.20201020,WALK.20201020.AP3.T05,NA,NA,NA,NA,NA,N,plant,submerged,POPI14,Porella pinnata L.,NA,NA,NA,NA,Hepaticopsida,Jungermanniales,Porellaceae,Porella,NA,pinnata,NA,NA,NA,L.,NA,"McKnight, Common Mosses of the Northeast and Appalachians (2013)",species,NA,NA,NA,NA,NA,20260113T223225Z,RELEASE-2026
e928e617-51dc-4e4f-b530-d2ccb7cc8924,D07,WALK,WALK.AOS.aquatic.plant.transect.05,10,2020-10-20T15:53:00Z,WALK.20201020,WALK.20201020.AP2.T05,NA,NA,NA,NA,NA,N,plant,submerged,POPI14,Porella pinnata L.,NA,NA,NA,NA,Hepaticopsida,Jungermanniales,Porellaceae,Porella,NA,pinnata,NA,NA,NA,L.,NA,"McKnight, Common Mosses of the Northeast and Appalachians (2013)",species,NA,NA,NA,NA,NA,20260113T223225Z,RELEASE-2026
ce3a1258-2ff1-4ef2-8e65-67bdff19ff77,D07,WALK,WALK.AOS.aquatic.plant.transect.05,6,2020-10-20T15:53:00Z,WALK.20201020,WALK.20201020.AP1.T05,NA,NA,NA,NA,NA,N,plant,submerged,POPI14,Porella pinnata L.,NA,NA,NA,NA,Hepaticopsida,Jungermanniales,Porellaceae,Porella,NA,pinnata,NA,NA,NA,L.,NA,"McKnight, Common Mosses of the Northeast and Appalachians (2013)",species,NA,NA,NA,NA,NA,20260113T223225Z,RELEASE-2026
580abe72-fa8b-4114-8fec-e64364664f17,D07,WALK,WALK.AOS.aquatic.plant.transect.06,17,2020-10-20T16:46:00Z,WALK.20201020,WALK.20201020.AP1.T06,NA,NA,NA,NA,NA,N,plant,submerged,POPI14,Porella pinnata L.,NA,NA,NA,NA,Hepaticopsida,Jungermanniales,Porellaceae,Porella,NA,pinnata,NA,NA,NA,L.,NA,"McKnight, Common Mosses of the Northeast and Appalachians (2013)",species,NA,NA,NA,NA,NA,20260113T223225Z,RELEASE-2026
6a80ec92-48ca-4e1b-bd92-0b4bf8941195,D07,WALK,WALK.AOS.aquatic.plant.transect.07,13,2020-10-20T16:59:00Z,WALK.20201020,WALK.20201020.AP8.T07,NA,NA,NA,NA,NA,N,plant,submerged,POPI14,Porella pinnata L.,NA,NA,NA,NA,Hepaticopsida,Jungermanniales,Porellaceae,Porella,NA,pinnata,NA,NA,NA,L.,NA,"McKnight, Common Mosses of the Northeast and Appalachians (2013)",species,NA,NA,NA,NA,NA,20260113T223225Z,RELEASE-2026
e6ac44ed-4021-4c6a-8732-2acfa54ce54b,D07,WALK,WALK.AOS.aquatic.plant.transect.07,12,2020-10-20T16:59:00Z,WALK.20201020,WALK.20201020.AP7.T07,NA,NA,NA,NA,NA,N,plant,submerged,POPI14,Porella pinnata L.,NA,NA,NA,NA,Hepaticopsida,Jungermanniales,Porellaceae,Porella,NA,pinnata,NA,NA,NA,L.,NA,"McKnight, Common Mosses of the Northeast and Appalachians (2013)",species,NA,NA,NA,NA,NA,20260113T223225Z,RELEASE-2026
63523d70-58a6-45b5-a38e-a01e4af3efd6,D07,WALK,WALK.AOS.aquatic.plant.transect.07,7,2020-10-20T16:59:00Z,WALK.20201020,WALK.20201020.AP2.T07,NA,NA,NA,NA,NA,N,plant,submerged,POPI14,Porella pinnata L.,NA,NA,NA,NA,Hepaticopsida,Jungermanniales,Porellaceae,Porella,NA,pinnata,NA,NA,NA,L.,NA,"McKnight, Common Mosses of the Northeast and Appalachians (2013)",species,NA,NA,NA,NA,NA,20260113T223225Z,RELEASE-2026
1a81124c-2e33-42f0-bce1-394bedbf37fb,D07,WALK,WALK.AOS.aquatic.plant.transect.07,10,2020-10-20T16:59:00Z,WALK.20201020,WALK.20201020.AP5.T07,NA,NA,NA,NA,NA,N,plant,submerged,POPI14,Porella pinnata L.,NA,NA,NA,NA,Hepaticopsida,Jungermanniales,Porellaceae,Porella,NA,pinnata,NA,NA,NA,L.,NA,"McKnight, Common Mosses of the Northeast and Appalachians (2013)",species,NA,NA,NA,NA,NA,20260113T223225Z,RELEASE-2026
51169486-ed3d-4175-9d8b-259af02115ad,D07,WALK,WALK.AOS.aquatic.plant.transect.07,6,2020-10-20T16:59:00Z,WALK.20201020,WALK.20201020.AP1.T07,NA,NA,NA,NA,NA,N,plant,submerged,POPI14,Porella pinnata L.,NA,NA,NA,NA,Hepaticopsida,Jungermanniales,Porellaceae,Porella,NA,pinnata,NA,NA,NA,L.,NA,"McKnight, Common Mosses of the Northeast and Appalachians (2013)",species,NA,NA,NA,NA,NA,20260113T223225Z,RELEASE-2026
b39e5669-8ee1-4ce7-be72-ee55132cbfd6,D07,WALK,WALK.AOS.aquatic.plant.transect.07,11,2020-10-20T16:59:00Z,WALK.20201020,WALK.20201020.AP6.T07,NA,NA,NA,NA,NA,N,plant,submerged,POPI14,Porella pinnata L.,NA,NA,NA,NA,Hepaticopsida,Jungermanniales,Porellaceae,Porella,NA,pinnata,NA,NA,NA,L.,NA,"McKnight, Common Mosses of the Northeast and Appalachians (2013)",species,NA,NA,NA,NA,NA,20260113T223225Z,RELEASE-2026
c32f934a-ecfd-42eb-8f77-f5934c6a6a08,D07,WALK,WALK.AOS.aquatic.plant.transect.07,15,2020-10-20T16:59:00Z,WALK.20201020,WALK.20201020.AP9.T07,NA,NA,NA,NA,NA,N,plant,submerged,POPI14,Porella pinnata L.,NA,NA,NA,NA,Hepaticopsida,Jungermanniales,Porellaceae,Porella,NA,pinnata,NA,NA,NA,L.,NA,"McKnight, Common Mosses of the Northeast and Appalachians (2013)",species,NA,NA,NA,NA,NA,20260113T223225Z,RELEASE-2026
473a6200-7ed9-4635-8d89-43db299d3282,D07,WALK,WALK.AOS.aquatic.plant.transect.07,8,2020-10-20T16:59:00Z,WALK.20201020,WALK.20201020.AP3.T07,NA,NA,NA,NA,NA,N,plant,submerged,POPI14,Porella pinnata L.,NA,NA,NA,NA,Hepaticopsida,Jungermanniales,Porellaceae,Porella,NA,pinnata,NA,NA,NA,L.,NA,"McKnight, Common Mosses of the Northeast and Appalachians (2013)",species,NA,NA,NA,NA,NA,20260113T223225Z,RELEASE-2026
c81a7b9a-d676-4e9c-bfdf-455538e5d30e,D07,WALK,WALK.AOS.aquatic.plant.transect.07,9,2020-10-20T16:59:00Z,WALK.20201020,WALK.20201020.AP4.T07,NA,NA,NA,NA,NA,N,plant,submerged,POPI14,Porella pinnata L.,NA,NA,NA,NA,Hepaticopsida,Jungermanniales,Porellaceae,Porella,NA,pinnata,NA,NA,NA,L.,NA,"McKnight, Common Mosses of the Northeast and Appalachians (2013)",species,NA,NA,NA,NA,NA,20260113T223225Z,RELEASE-2026
ed01983a-7969-46b1-a63b-6b6b8b50a135,D07,WALK,WALK.AOS.aquatic.plant.transect.09,12,2020-10-20T18:27:00Z,WALK.20201020,WALK.20201020.AP3.T09,NA,NA,NA,NA,NA,N,plant,submerged,BRACHYTHECGSPP,Brachytheciastrum spp.,NA,NA,NA,NA,Equisetopsida,NA,Brachytheciaceae,Brachytheciastrum,NA,spp.,NA,NA,NA,NA,NA,"McKnight, Common Mosses of the Northeast and Appalachians (2013)",genus,NA,NA,NA,NA,NA,20260113T223225Z,RELEASE-2026
237f2309-f552-4c90-b80d-ea879fd4304c,D07,WALK,WALK.AOS.aquatic.plant.transect.09,4,2020-10-20T18:27:00Z,WALK.20201020,WALK.20201020.AP1.T09,NA,NA,NA,NA,NA,N,plant,submerged,BRACHYTHECGSPP,Brachytheciastrum spp.,NA,NA,NA,NA,Equisetopsida,NA,Brachytheciaceae,Brachytheciastrum,NA,spp.,NA,NA,NA,NA,NA,"McKnight, Common Mosses of the Northeast and Appalachians (2013)",genus,NA,NA,NA,NA,NA,20260113T223225Z,RELEASE-2026
73688443-a184-4cff-bff6-638688d9847f,D07,WALK,WALK.AOS.aquatic.plant.transect.09,6,2020-10-20T18:27:00Z,WALK.20201020,WALK.20201020.AP2.T09,NA,NA,NA,NA,NA,N,plant,submerged,BRACHYTHECGSPP,Brachytheciastrum spp.,NA,NA,NA,NA,Equisetopsida,NA,Brachytheciaceae,Brachytheciastrum,NA,spp.,NA,NA,NA,NA,NA,"McKnight, Common Mosses of the Northeast and Appalachians (2013)",genus,NA,NA,NA,NA,NA,20260113T223225Z,RELEASE-2026
7e71e32d-15c5-4f10-a71e-daec8b861116,D07,WALK,WALK.AOS.aquatic.plant.transect.09,13,2020-10-20T18:27:00Z,WALK.20201020,WALK.20201020.AP4.T09,NA,NA,NA,NA,NA,N,plant,submerged,BRACHYTHECGSPP,Brachytheciastrum spp.,NA,NA,NA,NA,Equisetopsida,NA,Brachytheciaceae,Brachytheciastrum,NA,spp.,NA,NA,NA,NA,NA,"McKnight, Common Mosses of the Northeast and Appalachians (2013)",genus,NA,NA,NA,NA,NA,20260113T223225Z,RELEASE-2026
0ae0213d-7a71-4ac4-8f46-f035658117ff,D07,WALK,WALK.AOS.aquatic.plant.transect.02,19,2021-10-26T14:23:00Z,WALK.20211026,WALK.20211026.AP1.T02,NA,NA,NA,NA,NA,N,plant,submerged,PEEP3,Pellia epiphylla (L.) Corda,NA,NA,NA,NA,Hepaticopsida,Metzgeriales,Pelliaceae,Pellia,NA,epiphylla,NA,NA,NA,(L.) Corda,NA,"Davison, A Trailside Guide to Mosses and Liverworts of the Cherokee National Forest (2008)",species,NA,NA,NA,NA,NA,20260113T223614Z,RELEASE-2026
3baa7b66-4f18-4dd7-8ccc-96124850ae8b,D07,WALK,WALK.AOS.aquatic.plant.transect.03,12,2021-10-26T14:57:00Z,WALK.20211026,WALK.20211026.AP1.T03,NA,NA,NA,NA,NA,N,plant,submerged,POPI14,Porella pinnata L.,NA,NA,NA,NA,Hepaticopsida,Jungermanniales,Porellaceae,Porella,NA,pinnata,NA,NA,NA,L.,NA,"Davison, A Trailside Guide to Mosses and Liverworts of the Cherokee National Forest (2008)",species,NA,NA,NA,NA,NA,20260113T223614Z,RELEASE-2026
bae6bf40-2850-4af4-af4f-0530f7640b5c,D07,WALK,WALK.AOS.aquatic.plant.transect.05,6,2021-10-26T15:42:00Z,WALK.20211026,WALK.20211026.AP1.T05,NA,NA,NA,NA,NA,N,plant,submerged,POPI14,Porella pinnata L.,NA,NA,NA,NA,Hepaticopsida,Jungermanniales,Porellaceae,Porella,NA,pinnata,NA,NA,NA,L.,NA,"Davison, A Trailside Guide to Mosses and Liverworts of the Cherokee National Forest (2008)",species,NA,NA,NA,NA,NA,20260113T223614Z,RELEASE-2026
6283ca6d-a31c-4de9-bdb3-b44af6e4c09e,D07,WALK,WALK.AOS.aquatic.plant.transect.06,16,2021-10-26T16:26:00Z,WALK.20211026,WALK.20211026.AP1.T06,NA,NA,NA,NA,NA,N,plant,submerged,POPI14,Porella pinnata L.,NA,NA,NA,NA,Hepaticopsida,Jungermanniales,Porellaceae,Porella,NA,pinnata,NA,NA,NA,L.,NA,"Davison, A Trailside Guide to Mosses and Liverworts of the Cherokee National Forest (2008)",species,NA,NA,NA,NA,NA,20260113T223614Z,RELEASE-2026
b8333f18-3a2f-4268-a598-e431d7a7865f,D07,WALK,WALK.AOS.aquatic.plant.transect.07,14,2021-10-26T17:05:00Z,WALK.20211026,WALK.20211026.AP4.T07,NA,NA,NA,NA,NA,N,plant,submerged,POPI14,Porella pinnata L.,NA,NA,NA,NA,Hepaticopsida,Jungermanniales,Porellaceae,Porella,NA,pinnata,NA,NA,NA,L.,NA,"Davison, A Trailside Guide to Mosses and Liverworts of the Cherokee National Forest (2008)",species,NA,NA,NA,NA,NA,20260113T223614Z,RELEASE-2026
4fd7cb78-034c-45b1-bace-cee4799afab2,D07,WALK,WALK.AOS.aquatic.plant.transect.07,6,2021-10-26T17:05:00Z,WALK.20211026,WALK.20211026.AP1.T07,NA,NA,NA,NA,NA,N,plant,submerged,POPI14,Porella pinnata L.,NA,NA,NA,NA,Hepaticopsida,Jungermanniales,Porellaceae,Porella,NA,pinnata,NA,NA,NA,L.,NA,"Davison, A Trailside Guide to Mosses and Liverworts of the Cherokee National Forest (2008)",species,NA,NA,NA,NA,NA,20260113T223614Z,RELEASE-2026
86a20a7e-98cd-4a77-8e91-014d908da6e8,D07,WALK,WALK.AOS.aquatic.plant.transect.07,11,2021-10-26T17:05:00Z,WALK.20211026,WALK.20211026.AP2.T07,NA,NA,NA,NA,NA,N,plant,submerged,POPI14,Porella pinnata L.,NA,NA,NA,NA,Hepaticopsida,Jungermanniales,Porellaceae,Porella,NA,pinnata,NA,NA,NA,L.,NA,"Davison, A Trailside Guide to Mosses and Liverworts of the Cherokee National Forest (2008)",species,NA,NA,NA,NA,NA,20260113T223614Z,RELEASE-2026
8dcc6c24-9319-41da-9345-148ee9ad6da9,D07,WALK,WALK.AOS.aquatic.plant.transect.07,13,2021-10-26T17:05:00Z,WALK.20211026,WALK.20211026.AP3.T07,NA,NA,NA,NA,NA,N,plant,submerged,POPI14,Porella pinnata L.,NA,NA,NA,NA,Hepaticopsida,Jungermanniales,Porellaceae,Porella,NA,pinnata,NA,NA,NA,L.,NA,"Davison, A Trailside Guide to Mosses and Liverworts of the Cherokee National Forest (2008)",species,NA,NA,NA,NA,NA,20260113T223614Z,RELEASE-2026
2dc289bc-3621-48f5-bed2-6f4372b24dd1,D07,WALK,WALK.AOS.aquatic.plant.transect.07,15,2021-10-26T17:05:00Z,WALK.20211026,WALK.20211026.AP5.T07,NA,NA,NA,NA,NA,N,plant,submerged,POPI14,Porella pinnata L.,NA,NA,NA,NA,Hepaticopsida,Jungermanniales,Porellaceae,Porella,NA,pinnata,NA,NA,NA,L.,NA,"Davison, A Trailside Guide to Mosses and Liverworts of the Cherokee National Forest (2008)",species,NA,NA,NA,NA,NA,20260113T223614Z,RELEASE-2026
c5c50a03-24cc-432c-8564-7b38bedef337,D07,WALK,WALK.AOS.aquatic.plant.transect.09,4,2021-10-26T18:02:00Z,WALK.20211026,WALK.20211026.AP1.T09,NA,NA,NA,NA,NA,N,plant,submerged,BRACHYTHECGSPP,Brachytheciastrum spp.,NA,NA,NA,NA,Equisetopsida,NA,Brachytheciaceae,Brachytheciastrum,NA,spp.,NA,NA,NA,NA,NA,"McKnight, Common Mosses of the Northeast and Appalachians (2013)",genus,NA,NA,NA,NA,NA,20260113T223614Z,RELEASE-2026
5a59222d-2d38-4a8d-b0f8-fe4400168382,D07,WALK,WALK.AOS.aquatic.plant.transect.10,6,2021-10-26T18:10:00Z,WALK.20211026,WALK.20211026.AP1.T10,NA,NA,NA,NA,NA,N,plant,submerged,POPI14,Porella pinnata L.,NA,NA,NA,NA,Hepaticopsida,Jungermanniales,Porellaceae,Porella,NA,pinnata,NA,NA,NA,L.,NA,"Davison, A Trailside Guide to Mosses and Liverworts of the Cherokee National Forest (2008)",species,NA,NA,NA,NA,NA,20260113T223614Z,RELEASE-2026
c527c1b3-2d5f-4536-b51b-7a9e11dc67f6,D07,WALK,WALK.AOS.aquatic.plant.transect.01,20,2022-03-15T14:37:00Z,WALK.20220315,WALK.20220315.AP20.1.T1,NA,Sample condition ok,NA,NA,NA,N,plant,submerged,POPI14,Porella pinnata L.,NA,NA,NA,NA,Hepaticopsida,Jungermanniales,Porellaceae,Porella,NA,pinnata,NA,NA,NA,L.,NA,"Davison, A Trailside Guide to Mosses and Liverworts of the Cherokee National Forest (2008)",species,NA,NA,NA,NA,NA,20260113T223549Z,RELEASE-2026
ea04104e-da50-475f-8c1b-f3ad172c9e38,D07,WALK,WALK.AOS.aquatic.plant.transect.01,1,2022-03-15T14:37:00Z,WALK.20220315,WALK.20220315.AP1.1.T1,NA,Sample condition ok,NA,NA,NA,N,plant,submerged,POPI14,Porella pinnata L.,NA,NA,NA,NA,Hepaticopsida,Jungermanniales,Porellaceae,Porella,NA,pinnata,NA,NA,NA,L.,NA,"Davison, A Trailside Guide to Mosses and Liverworts of the Cherokee National Forest (2008)",species,NA,NA,NA,NA,NA,20260113T223549Z,RELEASE-2026
40e20624-05a5-4542-8517-80215229da34,D07,WALK,WALK.AOS.aquatic.plant.transect.02,20,2022-03-15T15:14:00Z,WALK.20220315,WALK.20220315.AP20.1.T2,NA,Sample condition ok,NA,NA,NA,N,plant,submerged,POPI14,Porella pinnata L.,NA,NA,NA,NA,Hepaticopsida,Jungermanniales,Porellaceae,Porella,NA,pinnata,NA,NA,NA,L.,NA,"Davison, A Trailside Guide to Mosses and Liverworts of the Cherokee National Forest (2008)",species,NA,NA,NA,NA,NA,20260113T223549Z,RELEASE-2026
262d4b50-c508-4ee1-a5b9-b5442c7a2ac2,D07,WALK,WALK.AOS.aquatic.plant.transect.03,20,2022-03-15T15:43:00Z,WALK.20220315,WALK.20220315.AP20.1.T3,NA,Sample condition ok,NA,NA,NA,N,plant,submerged,PEEP3,Pellia epiphylla (L.) Corda,NA,NA,NA,NA,Hepaticopsida,Metzgeriales,Pelliaceae,Pellia,NA,epiphylla,NA,NA,NA,(L.) Corda,NA,"Davison, A Trailside Guide to Mosses and Liverworts of the Cherokee National Forest (2008)",species,NA,NA,NA,NA,NA,20260113T223549Z,RELEASE-2026
d44be255-51b5-4f98-b6da-a91c0ac0b206,D07,WALK,WALK.AOS.aquatic.plant.transect.03,11,2022-03-15T15:43:00Z,WALK.20220315,WALK.20220315.AP11.1.T3,NA,Sample condition ok,NA,NA,NA,N,plant,submerged,POPI14,Porella pinnata L.,NA,NA,NA,NA,Hepaticopsida,Jungermanniales,Porellaceae,Porella,NA,pinnata,NA,NA,NA,L.,NA,"Davison, A Trailside Guide to Mosses and Liverworts of the Cherokee National Forest (2008)",species,NA,NA,NA,NA,NA,20260113T223549Z,RELEASE-2026
9a3fd3d1-5a26-4fd4-83c5-dbbd42fc0547,D07,WALK,WALK.AOS.aquatic.plant.transect.04,15,2022-03-15T16:04:00Z,WALK.20220315,WALK.20220315.AP15.1.T4,NA,Sample condition ok,NA,NA,NA,N,plant,submerged,POPI14,Porella pinnata L.,NA,NA,NA,NA,Hepaticopsida,Jungermanniales,Porellaceae,Porella,NA,pinnata,NA,NA,NA,L.,NA,"Davison, A Trailside Guide to Mosses and Liverworts of the Cherokee National Forest (2008)",species,NA,NA,NA,NA,NA,20260113T223549Z,RELEASE-2026
c9b530ba-161b-46b3-8f23-fd7350cf033e,D07,WALK,WALK.AOS.aquatic.plant.transect.04,19,2022-03-15T16:04:00Z,WALK.20220315,WALK.20220315.AP19.1.T4,NA,Sample condition ok,NA,NA,NA,N,plant,submerged,POPI14,Porella pinnata L.,NA,NA,NA,NA,Hepaticopsida,Jungermanniales,Porellaceae,Porella,NA,pinnata,NA,NA,NA,L.,NA,"Davison, A Trailside Guide to Mosses and Liverworts of the Cherokee National Forest (2008)",species,NA,NA,NA,NA,NA,20260113T223549Z,RELEASE-2026
c479f659-63ec-4c58-ba52-4da895397f5a,D07,WALK,WALK.AOS.aquatic.plant.transect.05,7,2022-03-15T16:58:00Z,WALK.20220315,WALK.20220315.AP7.1.T5,NA,Sample condition ok,NA,NA,NA,N,plant,submerged,POPI14,Porella pinnata L.,NA,NA,NA,NA,Hepaticopsida,Jungermanniales,Porellaceae,Porella,NA,pinnata,NA,NA,NA,L.,NA,"Davison, A Trailside Guide to Mosses and Liverworts of the Cherokee National Forest (2008)",species,NA,NA,NA,NA,NA,20260113T223549Z,RELEASE-2026
033e2f74-ca08-40e9-8b71-25d6d219cdc1,D07,WALK,WALK.AOS.aquatic.plant.transect.05,4,2022-03-15T16:58:00Z,WALK.20220315,WALK.20220315.AP4.1.T5,NA,Sample condition ok,NA,NA,NA,N,plant,submerged,POPI14,Porella pinnata L.,NA,NA,NA,NA,Hepaticopsida,Jungermanniales,Porellaceae,Porella,NA,pinnata,NA,NA,NA,L.,NA,"Davison, A Trailside Guide to Mosses and Liverworts of the Cherokee National Forest (2008)",species,NA,NA,NA,NA,NA,20260113T223549Z,RELEASE-2026
8772eb0a-7ffb-439b-b108-12efaebf771c,D07,WALK,WALK.AOS.aquatic.plant.transect.06,10,2022-03-15T17:33:00Z,WALK.20220315,WALK.20220315.AP10.1.T6,NA,Sample condition ok,NA,NA,NA,N,plant,submerged,POPI14,Porella pinnata L.,NA,NA,NA,NA,Hepaticopsida,Jungermanniales,Porellaceae,Porella,NA,pinnata,NA,NA,NA,L.,NA,"Davison, A Trailside Guide to Mosses and Liverworts of the Cherokee National Forest (2008)",species,NA,NA,NA,NA,NA,20260113T223549Z,RELEASE-2026
a02d4368-5d9b-4757-b1e5-2e7a0d6908ca,D07,WALK,WALK.AOS.aquatic.plant.transect.06,9,2022-03-15T17:33:00Z,WALK.20220315,WALK.20220315.AP9.1.T6,NA,Sample condition ok,NA,NA,NA,N,plant,submerged,POPI14,Porella pinnata L.,NA,NA,NA,NA,Hepaticopsida,Jungermanniales,Porellaceae,Porella,NA,pinnata,NA,NA,NA,L.,NA,"Davison, A Trailside Guide to Mosses and Liverworts of the Cherokee National Forest (2008)",species,NA,NA,NA,NA,NA,20260113T223549Z,RELEASE-2026
31b4a1b4-f1a7-4dc7-96ec-630bf8d488ea,D07,WALK,WALK.AOS.aquatic.plant.transect.06,11,2022-03-15T17:33:00Z,WALK.20220315,WALK.20220315.AP11.1.T6,NA,Sample condition ok,NA,NA,NA,N,plant,submerged,POPI14,Porella pinnata L.,NA,NA,NA,NA,Hepaticopsida,Jungermanniales,Porellaceae,Porella,NA,pinnata,NA,NA,NA,L.,NA,"Davison, A Trailside Guide to Mosses and Liverworts of the Cherokee National Forest (2008)",species,NA,NA,NA,NA,NA,20260113T223549Z,RELEASE-2026
8a34a8f4-a504-47da-be35-cd0f059fa299,D07,WALK,WALK.AOS.aquatic.plant.transect.06,7,2022-03-15T17:33:00Z,WALK.20220315,WALK.20220315.AP7.1.T6,NA,Sample condition ok,NA,NA,NA,N,plant,submerged,POPI14,Porella pinnata L.,NA,NA,NA,NA,Hepaticopsida,Jungermanniales,Porellaceae,Porella,NA,pinnata,NA,NA,NA,L.,NA,"Davison, A Trailside Guide to Mosses and Liverworts of the Cherokee National Forest (2008)",species,NA,NA,NA,NA,NA,20260113T223549Z,RELEASE-2026
167ab9e6-ca41-4a1d-bba6-eeeca48eb69d,D07,WALK,WALK.AOS.aquatic.plant.transect.07,17,2022-03-15T17:57:00Z,WALK.20220315,WALK.20220315.AP17.1.T7,NA,Sample condition ok,NA,NA,NA,N,plant,submerged,POPI14,Porella pinnata L.,NA,NA,NA,NA,Hepaticopsida,Jungermanniales,Porellaceae,Porella,NA,pinnata,NA,NA,NA,L.,NA,"Davison, A Trailside Guide to Mosses and Liverworts of the Cherokee National Forest (2008)",species,NA,NA,NA,NA,NA,20260113T223549Z,RELEASE-2026
62dc0854-7b4a-465f-97ff-d23eb1b2bda3,D07,WALK,WALK.AOS.aquatic.plant.transect.07,9,2022-03-15T17:57:00Z,WALK.20220315,WALK.20220315.AP9.1.T7,NA,Sample condition ok,NA,NA,NA,N,plant,submerged,POPI14,Porella pinnata L.,NA,NA,NA,NA,Hepaticopsida,Jungermanniales,Porellaceae,Porella,NA,pinnata,NA,NA,NA,L.,NA,"Davison, A Trailside Guide to Mosses and Liverworts of the Cherokee National Forest (2008)",species,NA,NA,NA,NA,NA,20260113T223549Z,RELEASE-2026
b7d51c36-1f57-443d-9559-82febdd50f41,D07,WALK,WALK.AOS.aquatic.plant.transect.07,18,2022-03-15T17:57:00Z,WALK.20220315,WALK.20220315.AP18.1.T7,NA,Sample condition ok,NA,NA,NA,N,plant,submerged,POPI14,Porella pinnata L.,NA,NA,NA,NA,Hepaticopsida,Jungermanniales,Porellaceae,Porella,NA,pinnata,NA,NA,NA,L.,NA,"Davison, A Trailside Guide to Mosses and Liverworts of the Cherokee National Forest (2008)",species,NA,NA,NA,NA,NA,20260113T223549Z,RELEASE-2026
30d84870-0701-48e5-bee1-ec070567373d,D07,WALK,WALK.AOS.aquatic.plant.transect.07,10,2022-03-15T17:57:00Z,WALK.20220315,WALK.20220315.AP10.1.T7,NA,Sample condition ok,NA,NA,NA,N,plant,submerged,POPI14,Porella pinnata L.,NA,NA,NA,NA,Hepaticopsida,Jungermanniales,Porellaceae,Porella,NA,pinnata,NA,NA,NA,L.,NA,"Davison, A Trailside Guide to Mosses and Liverworts of the Cherokee National Forest (2008)",species,NA,NA,NA,NA,NA,20260113T223549Z,RELEASE-2026
86026331-122b-4623-9f49-1d136fa07ef4,D07,WALK,WALK.AOS.aquatic.plant.transect.07,6,2022-03-15T17:57:00Z,WALK.20220315,WALK.20220315.AP6.1.T7,NA,Sample condition ok,NA,NA,NA,N,plant,submerged,POPI14,Porella pinnata L.,NA,NA,NA,NA,Hepaticopsida,Jungermanniales,Porellaceae,Porella,NA,pinnata,NA,NA,NA,L.,NA,"Davison, A Trailside Guide to Mosses and Liverworts of the Cherokee National Forest (2008)",species,NA,NA,NA,NA,NA,20260113T223549Z,RELEASE-2026
dd2bda66-4a9b-427a-9370-e5a4d72cae2a,D07,WALK,WALK.AOS.aquatic.plant.transect.07,7,2022-03-15T17:57:00Z,WALK.20220315,WALK.20220315.AP7.1.T7,NA,Sample condition ok,NA,NA,NA,N,plant,submerged,POPI14,Porella pinnata L.,NA,NA,NA,NA,Hepaticopsida,Jungermanniales,Porellaceae,Porella,NA,pinnata,NA,NA,NA,L.,NA,"Davison, A Trailside Guide to Mosses and Liverworts of the Cherokee National Forest (2008)",species,NA,NA,NA,NA,NA,20260113T223549Z,RELEASE-2026
2d6e510b-7f26-461c-9649-9464e9b859f7,D07,WALK,WALK.AOS.aquatic.plant.transect.07,11,2022-03-15T17:57:00Z,WALK.20220315,WALK.20220315.AP11.1.T7,NA,Sample condition ok,NA,NA,NA,N,plant,submerged,POPI14,Porella pinnata L.,NA,NA,NA,NA,Hepaticopsida,Jungermanniales,Porellaceae,Porella,NA,pinnata,NA,NA,NA,L.,NA,"Davison, A Trailside Guide to Mosses and Liverworts of the Cherokee National Forest (2008)",species,NA,NA,NA,NA,NA,20260113T223549Z,RELEASE-2026
1ba37460-2188-4e1b-b404-aea99b917369,D07,WALK,WALK.AOS.aquatic.plant.transect.07,12,2022-03-15T17:57:00Z,WALK.20220315,WALK.20220315.AP12.1.T7,NA,Sample condition ok,NA,NA,NA,N,plant,submerged,POPI14,Porella pinnata L.,NA,NA,NA,NA,Hepaticopsida,Jungermanniales,Porellaceae,Porella,NA,pinnata,NA,NA,NA,L.,NA,"Davison, A Trailside Guide to Mosses and Liverworts of the Cherokee National Forest (2008)",species,NA,NA,NA,NA,NA,20260113T223549Z,RELEASE-2026
3f98e1cb-cfd9-4cdc-8c5f-817e4236539c,D07,WALK,WALK.AOS.aquatic.plant.transect.07,13,2022-03-15T17:57:00Z,WALK.20220315,WALK.20220315.AP13.1.T7,NA,Sample condition ok,NA,NA,NA,N,plant,submerged,POPI14,Porella pinnata L.,NA,NA,NA,NA,Hepaticopsida,Jungermanniales,Porellaceae,Porella,NA,pinnata,NA,NA,NA,L.,NA,"Davison, A Trailside Guide to Mosses and Liverworts of the Cherokee National Forest (2008)",species,NA,NA,NA,NA,NA,20260113T223549Z,RELEASE-2026
b490e048-810e-4477-811f-74a3b56fdd13,D07,WALK,WALK.AOS.aquatic.plant.transect.09,12,2022-03-15T19:48:00Z,WALK.20220315,WALK.20220315.AP12.1.T9,NA,Sample condition ok,NA,NA,NA,N,plant,submerged,PEEP3,Pellia epiphylla (L.) Corda,NA,NA,NA,NA,Hepaticopsida,Metzgeriales,Pelliaceae,Pellia,NA,epiphylla,NA,NA,NA,(L.) Corda,NA,"Davison, A Trailside Guide to Mosses and Liverworts of the Cherokee National Forest (2008)",species,NA,NA,NA,NA,NA,20260113T223549Z,RELEASE-2026
aac0785d-3094-4194-a758-685f3dec0f97,D07,WALK,WALK.AOS.aquatic.plant.transect.10,6,2022-03-15T20:05:00Z,WALK.20220315,WALK.20220315.AP6.1.T10,NA,Sample condition ok,NA,NA,NA,N,plant,submerged,POPI14,Porella pinnata L.,NA,NA,NA,NA,Hepaticopsida,Jungermanniales,Porellaceae,Porella,NA,pinnata,NA,NA,NA,L.,NA,"Davison, A Trailside Guide to Mosses and Liverworts of the Cherokee National Forest (2008)",species,NA,NA,NA,NA,NA,20260113T223549Z,RELEASE-2026
82461754-2b40-49ad-8e7f-3147e067fdd5,D07,WALK,WALK.AOS.aquatic.plant.transect.01,13,2022-10-25T14:31:00Z,WALK.20221025,WALK.20221025.AP13.1.T1,NA,Sample condition ok,NA,NA,NA,N,plant,submerged,POPI14,Porella pinnata L.,NA,NA,NA,NA,Hepaticopsida,Jungermanniales,Porellaceae,Porella,NA,pinnata,NA,NA,NA,L.,NA,"Davison, A Trailside Guide to Mosses and Liverworts of the Cherokee National Forest (2008)",species,NA,NA,NA,NA,NA,20260113T223308Z,RELEASE-2026
798ef2f6-0f04-4bb9-8369-9d6ea4d183e9,D07,WALK,WALK.AOS.aquatic.plant.transect.01,1,2022-10-25T14:31:00Z,WALK.20221025,WALK.20221025.AP1.1.T1,NA,Sample condition ok,NA,NA,NA,N,plant,submerged,POPI14,Porella pinnata L.,NA,NA,NA,NA,Hepaticopsida,Jungermanniales,Porellaceae,Porella,NA,pinnata,NA,NA,NA,L.,NA,"Davison, A Trailside Guide to Mosses and Liverworts of the Cherokee National Forest (2008)",species,NA,NA,NA,NA,NA,20260113T223308Z,RELEASE-2026
b49401d8-e5f5-4e42-a628-e93445cccd33,D07,WALK,WALK.AOS.aquatic.plant.transect.03,11,2022-10-25T15:04:00Z,WALK.20221025,WALK.20221025.AP11.1.T3,NA,Sample condition ok,NA,NA,NA,N,plant,submerged,POPI14,Porella pinnata L.,NA,NA,NA,NA,Hepaticopsida,Jungermanniales,Porellaceae,Porella,NA,pinnata,NA,NA,NA,L.,NA,"Davison, A Trailside Guide to Mosses and Liverworts of the Cherokee National Forest (2008)",species,NA,NA,NA,NA,NA,20260113T223308Z,RELEASE-2026
820190eb-437e-4780-b653-32cca8d793ab,D07,WALK,WALK.AOS.aquatic.plant.transect.04,6,2022-10-25T15:27:00Z,WALK.20221025,WALK.20221025.AP6.1.T4,NA,Sample condition ok,NA,NA,NA,N,plant,submerged,POPI14,Porella pinnata L.,NA,NA,NA,NA,Hepaticopsida,Jungermanniales,Porellaceae,Porella,NA,pinnata,NA,NA,NA,L.,NA,"Davison, A Trailside Guide to Mosses and Liverworts of the Cherokee National Forest (2008)",species,NA,NA,NA,NA,NA,20260113T223308Z,RELEASE-2026
a3998061-add9-4b8c-aad8-c639d9bcbb3d,D07,WALK,WALK.AOS.aquatic.plant.transect.07,7,2022-10-25T16:44:00Z,WALK.20221025,WALK.20221025.AP7.1.T7,NA,Sample condition ok,NA,NA,NA,N,plant,submerged,POPI14,Porella pinnata L.,NA,NA,NA,NA,Hepaticopsida,Jungermanniales,Porellaceae,Porella,NA,pinnata,NA,NA,NA,L.,NA,"Davison, A Trailside Guide to Mosses and Liverworts of the Cherokee National Forest (2008)",species,NA,NA,NA,NA,NA,20260113T223308Z,RELEASE-2026
bbc1fba7-5caf-451f-b056-059fe4043a26,D07,WALK,WALK.AOS.aquatic.plant.transect.07,14,2022-10-25T16:44:00Z,WALK.20221025,WALK.20221025.AP14.1.T7,NA,Sample condition ok,NA,NA,NA,N,plant,submerged,POPI14,Porella pinnata L.,NA,NA,NA,NA,Hepaticopsida,Jungermanniales,Porellaceae,Porella,NA,pinnata,NA,NA,NA,L.,NA,"Davison, A Trailside Guide to Mosses and Liverworts of the Cherokee National Forest (2008)",species,NA,NA,NA,NA,NA,20260113T223308Z,RELEASE-2026
babfdbfa-abe5-4160-bc6a-6aabf0867ad8,D07,WALK,WALK.AOS.aquatic.plant.transect.07,9,2022-10-25T16:44:00Z,WALK.20221025,WALK.20221025.AP9.1.T7,NA,Sample condition ok,NA,NA,NA,N,plant,submerged,POPI14,Porella pinnata L.,NA,NA,NA,NA,Hepaticopsida,Jungermanniales,Porellaceae,Porella,NA,pinnata,NA,NA,NA,L.,NA,"Davison, A Trailside Guide to Mosses and Liverworts of the Cherokee National Forest (2008)",species,NA,NA,NA,NA,NA,20260113T223308Z,RELEASE-2026
7f01e232-4c79-4560-bde9-df47fee779d1,D07,WALK,WALK.AOS.aquatic.plant.transect.07,12,2022-10-25T16:44:00Z,WALK.20221025,WALK.20221025.AP12.1.T7,NA,Sample condition ok,NA,NA,NA,N,plant,submerged,POPI14,Porella pinnata L.,NA,NA,NA,NA,Hepaticopsida,Jungermanniales,Porellaceae,Porella,NA,pinnata,NA,NA,NA,L.,NA,"Davison, A Trailside Guide to Mosses and Liverworts of the Cherokee National Forest (2008)",species,NA,NA,NA,NA,NA,20260113T223308Z,RELEASE-2026
8286da6a-417c-4583-a7a4-e7ba5bd230f1,D07,WALK,WALK.AOS.aquatic.plant.transect.07,11,2022-10-25T16:44:00Z,WALK.20221025,WALK.20221025.AP11.1.T7,NA,Sample condition ok,NA,NA,NA,N,plant,submerged,POPI14,Porella pinnata L.,NA,NA,NA,NA,Hepaticopsida,Jungermanniales,Porellaceae,Porella,NA,pinnata,NA,NA,NA,L.,NA,"Davison, A Trailside Guide to Mosses and Liverworts of the Cherokee National Forest (2008)",species,NA,NA,NA,NA,NA,20260113T223308Z,RELEASE-2026
810d7688-9cd7-4a2d-94e4-ea62e0ce700d,D07,WALK,WALK.AOS.aquatic.plant.transect.07,8,2022-10-25T16:44:00Z,WALK.20221025,WALK.20221025.AP8.1.T7,NA,Sample condition ok,NA,NA,NA,N,plant,submerged,POPI14,Porella pinnata L.,NA,NA,NA,NA,Hepaticopsida,Jungermanniales,Porellaceae,Porella,NA,pinnata,NA,NA,NA,L.,NA,"Davison, A Trailside Guide to Mosses and Liverworts of the Cherokee National Forest (2008)",species,NA,NA,NA,NA,NA,20260113T223308Z,RELEASE-2026
cc033c8e-1bf5-4fcb-8767-c2cc08c5bfc7,D07,WALK,WALK.AOS.aquatic.plant.transect.09,14,2022-10-25T17:45:00Z,WALK.20221025,WALK.20221025.AP14.1.T9,NA,Sample condition ok,NA,NA,NA,N,plant,submerged,BRACHYTHECGSPP,Brachytheciastrum spp.,NA,NA,NA,NA,Equisetopsida,NA,Brachytheciaceae,Brachytheciastrum,NA,spp.,NA,NA,NA,NA,cf. species,"McKnight, Common Mosses of the Northeast and Appalachians (2013)",genus,NA,NA,NA,NA,NA,20260113T223308Z,RELEASE-2026
28f360e7-fdab-4fd0-8989-ce431de2e48a,D07,WALK,WALK.AOS.aquatic.plant.transect.10,5,2022-10-25T18:01:00Z,WALK.20221025,WALK.20221025.AP5.1.T10,NA,Sample condition ok,NA,NA,NA,N,plant,submerged,POPI14,Porella pinnata L.,NA,NA,NA,NA,Hepaticopsida,Jungermanniales,Porellaceae,Porella,NA,pinnata,NA,NA,NA,L.,NA,"Davison, A Trailside Guide to Mosses and Liverworts of the Cherokee National Forest (2008)",species,NA,NA,NA,NA,NA,20260113T223308Z,RELEASE-2026
eda74f23-b196-466c-8d26-87737ae29a08,D07,WALK,WALK.AOS.aquatic.plant.transect.01,1,2021-03-09T14:53:00Z,WALK.20210309,WALK.20210309.AP1.T01,NA,NA,NA,NA,NA,N,plant,submerged,POPI14,Porella pinnata L.,NA,NA,NA,NA,Hepaticopsida,Jungermanniales,Porellaceae,Porella,NA,pinnata,NA,NA,NA,L.,NA,NA,species,NA,NA,NA,NA,NA,20260113T223639Z,RELEASE-2026
89395c77-fe1e-4b3b-a656-6a52d06b87c2,D07,WALK,WALK.AOS.aquatic.plant.transect.03,14,2021-03-09T15:43:00Z,WALK.20210309,WALK.20210309.AP2.T03,NA,NA,NA,NA,NA,N,plant,submerged,POPI14,Porella pinnata L.,NA,NA,NA,NA,Hepaticopsida,Jungermanniales,Porellaceae,Porella,NA,pinnata,NA,NA,NA,L.,NA,NA,species,NA,NA,NA,NA,NA,20260113T223639Z,RELEASE-2026
1741ac46-fab8-4a8b-bc08-09a17774527f,D07,WALK,WALK.AOS.aquatic.plant.transect.03,11,2021-03-09T15:43:00Z,WALK.20210309,WALK.20210309.AP1.T03,NA,NA,NA,NA,NA,N,plant,submerged,POPI14,Porella pinnata L.,NA,NA,NA,NA,Hepaticopsida,Jungermanniales,Porellaceae,Porella,NA,pinnata,NA,NA,NA,L.,NA,NA,species,NA,NA,NA,NA,NA,20260113T223639Z,RELEASE-2026
2386ab5b-bf74-42cc-8b16-38959524b1e2,D07,WALK,WALK.AOS.aquatic.plant.transect.03,18,2021-03-09T15:43:00Z,WALK.20210309,WALK.20210309.AP3.T03,NA,NA,NA,NA,NA,N,plant,submerged,POPI14,Porella pinnata L.,NA,NA,NA,NA,Hepaticopsida,Jungermanniales,Porellaceae,Porella,NA,pinnata,NA,NA,NA,L.,NA,NA,species,NA,NA,NA,NA,NA,20260113T223639Z,RELEASE-2026
9272881b-a6ca-4703-96f8-9257dd857602,D07,WALK,WALK.AOS.aquatic.plant.transect.04,10,2021-03-09T16:13:00Z,WALK.20210309,WALK.20210309.AP2.T04,NA,NA,NA,NA,NA,N,plant,submerged,POPI14,Porella pinnata L.,NA,NA,NA,NA,Hepaticopsida,Jungermanniales,Porellaceae,Porella,NA,pinnata,NA,NA,NA,L.,NA,NA,species,NA,NA,NA,NA,NA,20260113T223639Z,RELEASE-2026
dd290903-8e2d-4379-8765-cd98408a1113,D07,WALK,WALK.AOS.aquatic.plant.transect.04,16,2021-03-09T16:13:00Z,WALK.20210309,WALK.20210309.AP5.T04,NA,NA,NA,NA,NA,N,plant,submerged,POPI14,Porella pinnata L.,NA,NA,NA,NA,Hepaticopsida,Jungermanniales,Porellaceae,Porella,NA,pinnata,NA,NA,NA,L.,NA,NA,species,NA,NA,NA,NA,NA,20260113T223639Z,RELEASE-2026
a0595b1b-20f3-4486-87cb-854a6baf032a,D07,WALK,WALK.AOS.aquatic.plant.transect.04,2,2021-03-09T16:13:00Z,WALK.20210309,WALK.20210309.AP1.T04,NA,NA,NA,NA,NA,N,plant,submerged,POPI14,Porella pinnata L.,NA,NA,NA,NA,Hepaticopsida,Jungermanniales,Porellaceae,Porella,NA,pinnata,NA,NA,NA,L.,NA,NA,species,NA,NA,NA,NA,NA,20260113T223639Z,RELEASE-2026
392b85b9-bccb-4a07-93bb-f6f3d0ede6d2,D07,WALK,WALK.AOS.aquatic.plant.transect.04,12,2021-03-09T16:13:00Z,WALK.20210309,WALK.20210309.AP3.T04,NA,NA,NA,NA,NA,N,plant,submerged,POPI14,Porella pinnata L.,NA,NA,NA,NA,Hepaticopsida,Jungermanniales,Porellaceae,Porella,NA,pinnata,NA,NA,NA,L.,NA,NA,species,NA,NA,NA,NA,NA,20260113T223639Z,RELEASE-2026
39416f76-91a6-47f2-ae0f-cc7fd404a7a8,D07,WALK,WALK.AOS.aquatic.plant.transect.04,15,2021-03-09T16:13:00Z,WALK.20210309,WALK.20210309.AP4.T04,NA,NA,NA,NA,NA,N,plant,submerged,POPI14,Porella pinnata L.,NA,NA,NA,NA,Hepaticopsida,Jungermanniales,Porellaceae,Porella,NA,pinnata,NA,NA,NA,L.,NA,NA,species,NA,NA,NA,NA,NA,20260113T223639Z,RELEASE-2026
7197605b-4dc4-48ab-8c39-1f082e3c7a0e,D07,WALK,WALK.AOS.aquatic.plant.transect.05,10,2021-03-09T16:25:00Z,WALK.20210309,WALK.20210309.AP3.T05,NA,NA,NA,NA,NA,N,plant,submerged,POPI14,Porella pinnata L.,NA,NA,NA,NA,Hepaticopsida,Jungermanniales,Porellaceae,Porella,NA,pinnata,NA,NA,NA,L.,NA,NA,species,NA,NA,NA,NA,NA,20260113T223639Z,RELEASE-2026
b95accb1-d3ef-4b6f-9773-974ac10ecff2,D07,WALK,WALK.AOS.aquatic.plant.transect.05,7,2021-03-09T16:25:00Z,WALK.20210309,WALK.20210309.AP1.T05,NA,NA,NA,NA,NA,N,plant,submerged,POPI14,Porella pinnata L.,NA,NA,NA,NA,Hepaticopsida,Jungermanniales,Porellaceae,Porella,NA,pinnata,NA,NA,NA,L.,NA,NA,species,NA,NA,NA,NA,NA,20260113T223639Z,RELEASE-2026
2a37375b-10db-44fb-a74d-82ae7a7e6f1d,D07,WALK,WALK.AOS.aquatic.plant.transect.05,8,2021-03-09T16:25:00Z,WALK.20210309,WALK.20210309.AP2.T05,NA,NA,NA,NA,NA,N,plant,submerged,POPI14,Porella pinnata L.,NA,NA,NA,NA,Hepaticopsida,Jungermanniales,Porellaceae,Porella,NA,pinnata,NA,NA,NA,L.,NA,NA,species,NA,NA,NA,NA,NA,20260113T223639Z,RELEASE-2026
dbd043dc-f145-4250-a4b5-d3244a097f5f,D07,WALK,WALK.AOS.aquatic.plant.transect.05,15,2021-03-09T16:25:00Z,WALK.20210309,WALK.20210309.AP4.T05,NA,NA,NA,NA,NA,N,plant,submerged,POPI14,Porella pinnata L.,NA,NA,NA,NA,Hepaticopsida,Jungermanniales,Porellaceae,Porella,NA,pinnata,NA,NA,NA,L.,NA,NA,species,NA,NA,NA,NA,NA,20260113T223639Z,RELEASE-2026
18b49f0c-43b1-4e1c-b0bc-43b8bb1d9aa0,D07,WALK,WALK.AOS.aquatic.plant.transect.06,17,2021-03-09T16:58:00Z,WALK.20210309,WALK.20210309.AP6.T06,NA,NA,NA,NA,NA,N,plant,submerged,POPI14,Porella pinnata L.,NA,NA,NA,NA,Hepaticopsida,Jungermanniales,Porellaceae,Porella,NA,pinnata,NA,NA,NA,L.,NA,NA,species,NA,NA,NA,NA,NA,20260113T223639Z,RELEASE-2026
0f1ceed1-2ebe-479c-842f-f91bbe9064a3,D07,WALK,WALK.AOS.aquatic.plant.transect.06,9,2021-03-09T16:58:00Z,WALK.20210309,WALK.20210309.AP3.T06,NA,NA,NA,NA,NA,N,plant,submerged,POPI14,Porella pinnata L.,NA,NA,NA,NA,Hepaticopsida,Jungermanniales,Porellaceae,Porella,NA,pinnata,NA,NA,NA,L.,NA,NA,species,NA,NA,NA,NA,NA,20260113T223639Z,RELEASE-2026
c32a7e0a-cfa5-40aa-9daf-19fd8acf067f,D07,WALK,WALK.AOS.aquatic.plant.transect.06,5,2021-03-09T16:58:00Z,WALK.20210309,WALK.20210309.AP1.T06,NA,NA,NA,NA,NA,N,plant,submerged,POPI14,Porella pinnata L.,NA,NA,NA,NA,Hepaticopsida,Jungermanniales,Porellaceae,Porella,NA,pinnata,NA,NA,NA,L.,NA,NA,species,NA,NA,NA,NA,NA,20260113T223639Z,RELEASE-2026
31060710-8501-4029-8caf-6acebe750312,D07,WALK,WALK.AOS.aquatic.plant.transect.06,15,2021-03-09T16:58:00Z,WALK.20210309,WALK.20210309.AP4.T06,NA,NA,NA,NA,NA,N,plant,submerged,POPI14,Porella pinnata L.,NA,NA,NA,NA,Hepaticopsida,Jungermanniales,Porellaceae,Porella,NA,pinnata,NA,NA,NA,L.,NA,NA,species,NA,NA,NA,NA,NA,20260113T223639Z,RELEASE-2026
0ce40eb8-1084-40ad-b476-f1e6661fca2b,D07,WALK,WALK.AOS.aquatic.plant.transect.06,16,2021-03-09T16:58:00Z,WALK.20210309,WALK.20210309.AP5.T06,NA,NA,NA,NA,NA,N,plant,submerged,POPI14,Porella pinnata L.,NA,NA,NA,NA,Hepaticopsida,Jungermanniales,Porellaceae,Porella,NA,pinnata,NA,NA,NA,L.,NA,NA,species,NA,NA,NA,NA,NA,20260113T223639Z,RELEASE-2026
8d4e4dcf-4578-4653-a6da-02168c61cd68,D07,WALK,WALK.AOS.aquatic.plant.transect.06,9,2021-03-09T16:58:00Z,WALK.20210309,WALK.20210309.AP2.T06,NA,NA,NA,NA,NA,N,plant,submerged,PEEP3,Pellia epiphylla (L.) Corda,NA,NA,NA,NA,Hepaticopsida,Metzgeriales,Pelliaceae,Pellia,NA,epiphylla,NA,NA,NA,(L.) Corda,NA,NA,species,NA,NA,NA,NA,NA,20260113T223639Z,RELEASE-2026
f4df5198-e048-4f68-8400-d6185bc325fe,D07,WALK,WALK.AOS.aquatic.plant.transect.07,10,2021-03-09T17:08:00Z,WALK.20210309,WALK.20210309.AP4.T07,NA,NA,NA,NA,NA,N,plant,submerged,POPI14,Porella pinnata L.,NA,NA,NA,NA,Hepaticopsida,Jungermanniales,Porellaceae,Porella,NA,pinnata,NA,NA,NA,L.,NA,NA,species,NA,NA,NA,NA,NA,20260113T223639Z,RELEASE-2026
0c2bd44d-7133-42cb-871b-74a5bd58e679,D07,WALK,WALK.AOS.aquatic.plant.transect.07,16,2021-03-09T17:08:00Z,WALK.20210309,WALK.20210309.AP9.T07,NA,NA,NA,NA,NA,N,plant,submerged,POPI14,Porella pinnata L.,NA,NA,NA,NA,Hepaticopsida,Jungermanniales,Porellaceae,Porella,NA,pinnata,NA,NA,NA,L.,NA,NA,species,NA,NA,NA,NA,NA,20260113T223639Z,RELEASE-2026
336c3d10-f8de-4305-a0fa-dc88a9b107c8,D07,WALK,WALK.AOS.aquatic.plant.transect.07,13,2021-03-09T17:08:00Z,WALK.20210309,WALK.20210309.AP7.T07,NA,NA,NA,NA,NA,N,plant,submerged,POPI14,Porella pinnata L.,NA,NA,NA,NA,Hepaticopsida,Jungermanniales,Porellaceae,Porella,NA,pinnata,NA,NA,NA,L.,NA,NA,species,NA,NA,NA,NA,NA,20260113T223639Z,RELEASE-2026
1c9116ff-2ae8-4445-8695-672d8d416ba8,D07,WALK,WALK.AOS.aquatic.plant.transect.07,11,2021-03-09T17:08:00Z,WALK.20210309,WALK.20210309.AP5.T07,NA,NA,NA,NA,NA,N,plant,submerged,POPI14,Porella pinnata L.,NA,NA,NA,NA,Hepaticopsida,Jungermanniales,Porellaceae,Porella,NA,pinnata,NA,NA,NA,L.,NA,NA,species,NA,NA,NA,NA,NA,20260113T223639Z,RELEASE-2026
6cc09ee0-0970-484c-b3ec-38fa72be67ef,D07,WALK,WALK.AOS.aquatic.plant.transect.07,6,2021-03-09T17:08:00Z,WALK.20210309,WALK.20210309.AP2.T07,NA,NA,NA,NA,NA,N,plant,submerged,POPI14,Porella pinnata L.,NA,NA,NA,NA,Hepaticopsida,Jungermanniales,Porellaceae,Porella,NA,pinnata,NA,NA,NA,L.,NA,NA,species,NA,NA,NA,NA,NA,20260113T223639Z,RELEASE-2026
b71d23c4-8053-4328-bf57-3c018f965a10,D07,WALK,WALK.AOS.aquatic.plant.transect.07,15,2021-03-09T17:08:00Z,WALK.20210309,WALK.20210309.AP8.T07,NA,NA,NA,NA,NA,N,plant,submerged,POPI14,Porella pinnata L.,NA,NA,NA,NA,Hepaticopsida,Jungermanniales,Porellaceae,Porella,NA,pinnata,NA,NA,NA,L.,NA,NA,species,NA,NA,NA,NA,NA,20260113T223639Z,RELEASE-2026
fb03ffb4-23ae-41dd-a7bb-b83bdfcd44cc,D07,WALK,WALK.AOS.aquatic.plant.transect.07,1,2021-03-09T17:08:00Z,WALK.20210309,WALK.20210309.AP1.T07,NA,NA,NA,NA,NA,N,plant,submerged,POPI14,Porella pinnata L.,NA,NA,NA,NA,Hepaticopsida,Jungermanniales,Porellaceae,Porella,NA,pinnata,NA,NA,NA,L.,NA,NA,species,NA,NA,NA,NA,NA,20260113T223639Z,RELEASE-2026
9a6ad904-e03d-41c1-853d-fb582d41d8c3,D07,WALK,WALK.AOS.aquatic.plant.transect.07,12,2021-03-09T17:08:00Z,WALK.20210309,WALK.20210309.AP6.T07,NA,NA,NA,NA,NA,N,plant,submerged,POPI14,Porella pinnata L.,NA,NA,NA,NA,Hepaticopsida,Jungermanniales,Porellaceae,Porella,NA,pinnata,NA,NA,NA,L.,NA,NA,species,NA,NA,NA,NA,NA,20260113T223639Z,RELEASE-2026
482c21c7-64ad-4909-974f-5c6d678d9815,D07,WALK,WALK.AOS.aquatic.plant.transect.07,16,2021-03-09T17:08:00Z,WALK.20210309,WALK.20210309.AP10.T07,NA,NA,NA,NA,NA,N,plant,submerged,PEEP3,Pellia epiphylla (L.) Corda,NA,NA,NA,NA,Hepaticopsida,Metzgeriales,Pelliaceae,Pellia,NA,epiphylla,NA,NA,NA,(L.) Corda,NA,NA,species,NA,NA,NA,NA,NA,20260113T223639Z,RELEASE-2026
0f140ae9-fe1f-4bdc-a642-4d4f5519d816,D07,WALK,WALK.AOS.aquatic.plant.transect.07,9,2021-03-09T17:08:00Z,WALK.20210309,WALK.20210309.AP3.T07,NA,NA,NA,NA,NA,N,plant,submerged,POPI14,Porella pinnata L.,NA,NA,NA,NA,Hepaticopsida,Jungermanniales,Porellaceae,Porella,NA,pinnata,NA,NA,NA,L.,NA,NA,species,NA,NA,NA,NA,NA,20260113T223639Z,RELEASE-2026
f2381295-7d93-494b-8f62-752ebc71c257,D07,WALK,WALK.AOS.aquatic.plant.transect.09,7,2021-03-09T18:01:00Z,WALK.20210309,WALK.20210309.AP3.T09,NA,NA,NA,NA,NA,N,plant,submerged,BRACHYTHECGSPP,Brachytheciastrum spp.,NA,NA,NA,NA,Equisetopsida,NA,Brachytheciaceae,Brachytheciastrum,NA,spp.,NA,NA,NA,NA,NA,NA,genus,NA,NA,NA,NA,NA,20260113T223639Z,RELEASE-2026
a1c7276e-767e-4bf9-8e2d-82cc53703516,D07,WALK,WALK.AOS.aquatic.plant.transect.09,5,2021-03-09T18:01:00Z,WALK.20210309,WALK.20210309.AP1.T09,NA,NA,NA,NA,NA,N,plant,submerged,BRACHYTHECGSPP,Brachytheciastrum spp.,NA,NA,NA,NA,Equisetopsida,NA,Brachytheciaceae,Brachytheciastrum,NA,spp.,NA,NA,NA,NA,NA,NA,genus,NA,NA,NA,NA,NA,20260113T223639Z,RELEASE-2026
00976aa2-7f07-4578-878c-9f5d72e3ae58,D07,WALK,WALK.AOS.aquatic.plant.transect.09,6,2021-03-09T18:01:00Z,WALK.20210309,WALK.20210309.AP2.T09,NA,NA,NA,NA,NA,N,plant,submerged,BRACHYTHECGSPP,Brachytheciastrum spp.,NA,NA,NA,NA,Equisetopsida,NA,Brachytheciaceae,Brachytheciastrum,NA,spp.,NA,NA,NA,NA,NA,NA,genus,NA,NA,NA,NA,NA,20260113T223639Z,RELEASE-2026
61c74f34-bfcc-4538-ad2a-719cc8e521fa,D07,WALK,WALK.AOS.aquatic.plant.transect.01,2,2022-07-06T15:24:00Z,WALK.20220706,WALK.20220706.AP2.1.T1,NA,Sample condition ok,NA,NA,NA,N,plant,submerged,POPI14,Porella pinnata L.,NA,NA,NA,NA,Hepaticopsida,Jungermanniales,Porellaceae,Porella,NA,pinnata,NA,NA,NA,L.,NA,"Davison, A Trailside Guide to Mosses and Liverworts of the Cherokee National Forest (2008)",species,NA,NA,NA,NA,NA,20260113T222954Z,RELEASE-2026
b14ce75c-ca14-48f5-9e10-e742e2505777,D07,WALK,WALK.AOS.aquatic.plant.transect.03,15,2022-07-06T15:50:00Z,WALK.20220706,WALK.20220706.AP15.1.T3,NA,Sample condition ok,NA,NA,NA,N,plant,submerged,POPI14,Porella pinnata L.,NA,NA,NA,NA,Hepaticopsida,Jungermanniales,Porellaceae,Porella,NA,pinnata,NA,NA,NA,L.,NA,"Davison, A Trailside Guide to Mosses and Liverworts of the Cherokee National Forest (2008)",species,NA,NA,NA,NA,NA,20260113T222954Z,RELEASE-2026
2798f79e-bf63-4060-8167-a9e05ef4a46f,D07,WALK,WALK.AOS.aquatic.plant.transect.03,20,2022-07-06T15:50:00Z,WALK.20220706,WALK.20220706.AP20.1.T3,NA,Sample condition ok,NA,NA,NA,N,plant,submerged,POPI14,Porella pinnata L.,NA,NA,NA,NA,Hepaticopsida,Jungermanniales,Porellaceae,Porella,NA,pinnata,NA,NA,NA,L.,NA,"Davison, A Trailside Guide to Mosses and Liverworts of the Cherokee National Forest (2008)",species,NA,NA,NA,NA,NA,20260113T222954Z,RELEASE-2026
4ff90b45-15bc-4569-9070-d365b02902d6,D07,WALK,WALK.AOS.aquatic.plant.transect.04,4,2022-07-06T16:33:00Z,WALK.20220706,WALK.20220706.AP4.1.T4,NA,Sample condition ok,NA,NA,NA,N,plant,submerged,POPI14,Porella pinnata L.,NA,NA,NA,NA,Hepaticopsida,Jungermanniales,Porellaceae,Porella,NA,pinnata,NA,NA,NA,L.,NA,"Davison, A Trailside Guide to Mosses and Liverworts of the Cherokee National Forest (2008)",species,NA,NA,NA,NA,NA,20260113T222954Z,RELEASE-2026
29387452-089f-4862-8286-41fc66322933,D07,WALK,WALK.AOS.aquatic.plant.transect.04,7,2022-07-06T16:33:00Z,WALK.20220706,WALK.20220706.AP7.1.T4,NA,Sample condition ok,NA,NA,NA,N,plant,submerged,POPI14,Porella pinnata L.,NA,NA,NA,NA,Hepaticopsida,Jungermanniales,Porellaceae,Porella,NA,pinnata,NA,NA,NA,L.,NA,"Davison, A Trailside Guide to Mosses and Liverworts of the Cherokee National Forest (2008)",species,NA,NA,NA,NA,NA,20260113T222954Z,RELEASE-2026
210859cb-ac4e-4c27-ba02-3e4cd4c65659,D07,WALK,WALK.AOS.aquatic.plant.transect.04,5,2022-07-06T16:33:00Z,WALK.20220706,WALK.20220706.AP5.1.T4,NA,Sample condition ok,NA,NA,NA,N,plant,submerged,POPI14,Porella pinnata L.,NA,NA,NA,NA,Hepaticopsida,Jungermanniales,Porellaceae,Porella,NA,pinnata,NA,NA,NA,L.,NA,"Davison, A Trailside Guide to Mosses and Liverworts of the Cherokee National Forest (2008)",species,NA,NA,NA,NA,NA,20260113T222954Z,RELEASE-2026
aa583ff6-790e-4578-b8f1-d81bef419a82,D07,WALK,WALK.AOS.aquatic.plant.transect.06,14,2022-07-06T19:25:00Z,WALK.20220706,WALK.20220706.AP14.1.T6,NA,Sample condition ok,NA,NA,NA,N,plant,submerged,POPI14,Porella pinnata L.,NA,NA,NA,NA,Hepaticopsida,Jungermanniales,Porellaceae,Porella,NA,pinnata,NA,NA,NA,L.,NA,"Davison, A Trailside Guide to Mosses and Liverworts of the Cherokee National Forest (2008)",species,NA,NA,NA,NA,NA,20260113T222954Z,RELEASE-2026
37f906b9-85d6-41a4-b7a7-5fe0268714d4,D07,WALK,WALK.AOS.aquatic.plant.transect.07,17,2022-07-06T19:30:00Z,WALK.20220706,WALK.20220706.AP17.1.T7,NA,Sample condition ok,NA,NA,NA,N,plant,submerged,POPI14,Porella pinnata L.,NA,NA,NA,NA,Hepaticopsida,Jungermanniales,Porellaceae,Porella,NA,pinnata,NA,NA,NA,L.,NA,"Davison, A Trailside Guide to Mosses and Liverworts of the Cherokee National Forest (2008)",species,NA,NA,NA,NA,NA,20260113T222954Z,RELEASE-2026
4cab81ec-f6a2-4ad9-b3d4-defbb878148d,D07,WALK,WALK.AOS.aquatic.plant.transect.07,16,2022-07-06T19:30:00Z,WALK.20220706,WALK.20220706.AP16.1.T7,NA,Sample condition ok,NA,NA,NA,N,plant,submerged,POPI14,Porella pinnata L.,NA,NA,NA,NA,Hepaticopsida,Jungermanniales,Porellaceae,Porella,NA,pinnata,NA,NA,NA,L.,NA,"Davison, A Trailside Guide to Mosses and Liverworts of the Cherokee National Forest (2008)",species,NA,NA,NA,NA,NA,20260113T222954Z,RELEASE-2026
9f268759-e0d4-4fed-94b3-45bd95f05331,D07,WALK,WALK.AOS.aquatic.plant.transect.07,8,2022-07-06T19:30:00Z,WALK.20220706,WALK.20220706.AP8.1.T7,NA,Sample condition ok,NA,NA,NA,N,plant,submerged,POPI14,Porella pinnata L.,NA,NA,NA,NA,Hepaticopsida,Jungermanniales,Porellaceae,Porella,NA,pinnata,NA,NA,NA,L.,NA,"Davison, A Trailside Guide to Mosses and Liverworts of the Cherokee National Forest (2008)",species,NA,NA,NA,NA,NA,20260113T222954Z,RELEASE-2026
cef93f35-2d18-4dd6-9c42-c3c0f6b1118d,D07,WALK,WALK.AOS.aquatic.plant.transect.07,11,2022-07-06T19:30:00Z,WALK.20220706,WALK.20220706.AP11.1.T7,NA,Sample condition ok,NA,NA,NA,N,plant,submerged,POPI14,Porella pinnata L.,NA,NA,NA,NA,Hepaticopsida,Jungermanniales,Porellaceae,Porella,NA,pinnata,NA,NA,NA,L.,NA,"Davison, A Trailside Guide to Mosses and Liverworts of the Cherokee National Forest (2008)",species,NA,NA,NA,NA,NA,20260113T222954Z,RELEASE-2026
2cf7274e-fd09-41d0-bf55-6e433cf85d90,D07,WALK,WALK.AOS.aquatic.plant.transect.07,5,2022-07-06T19:30:00Z,WALK.20220706,WALK.20220706.AP5.1.T7,NA,Sample condition ok,NA,NA,NA,N,plant,submerged,POPI14,Porella pinnata L.,NA,NA,NA,NA,Hepaticopsida,Jungermanniales,Porellaceae,Porella,NA,pinnata,NA,NA,NA,L.,NA,"Davison, A Trailside Guide to Mosses and Liverworts of the Cherokee National Forest (2008)",species,NA,NA,NA,NA,NA,20260113T222954Z,RELEASE-2026
554d39fd-66fa-49df-93cd-b1d254d17b13,D07,WALK,WALK.AOS.aquatic.plant.transect.07,7,2022-07-06T19:30:00Z,WALK.20220706,WALK.20220706.AP7.1.T7,NA,Sample condition ok,NA,NA,NA,N,plant,submerged,POPI14,Porella pinnata L.,NA,NA,NA,NA,Hepaticopsida,Jungermanniales,Porellaceae,Porella,NA,pinnata,NA,NA,NA,L.,NA,"Davison, A Trailside Guide to Mosses and Liverworts of the Cherokee National Forest (2008)",species,NA,NA,NA,NA,NA,20260113T222954Z,RELEASE-2026
95c8ec30-e4b3-48e3-b81b-ddca02f66ea9,D08,MAYF,MAYF.AOS.aquatic.plant.transect.02,6,2015-04-01T17:00:00Z,MAYF.20150401,MAYF.20150401.MACROALGAE2.T02,NA,NA,NA,NA,NA,N,NA,submerged,NA,NA,macrofila1,NA,NA,NA,NA,NA,NA,NA,NA,NA,NA,NA,NA,NA,NA,NA,NA,NA,NA,NA,NA,NA,20260113T222419Z,RELEASE-2026
19721293-b039-4d9b-bec4-0f00ec6ca33a,D08,MAYF,MAYF.AOS.aquatic.plant.transect.04,13,2015-04-01T17:00:00Z,MAYF.20150401,MAYF.20150401.MACROALGAE1.T04,NA,NA,NA,NA,NA,N,NA,submerged,NA,NA,macrofila1,NA,NA,NA,NA,NA,NA,NA,NA,NA,NA,NA,NA,NA,NA,NA,NA,NA,NA,NA,NA,NA,20260113T222419Z,RELEASE-2026
3c3155e0-aa59-444d-a0e5-22892b1eb390,D08,MAYF,MAYF.AOS.aquatic.plant.transect.05,5,2015-04-01T17:00:00Z,MAYF.20150401,MAYF.20150401.MACROALGAE1.T05,NA,NA,NA,NA,NA,N,NA,NA,NA,NA,macrofila1,NA,NA,NA,NA,NA,NA,NA,NA,NA,NA,NA,NA,NA,NA,NA,NA,NA,NA,NA,NA,NA,20260113T222419Z,RELEASE-2026
61bb1a72-d852-49e2-ad1d-18ac70bf8412,D08,MAYF,MAYF.AOS.aquatic.plant.transect.02,10,2015-04-01T17:00:00Z,MAYF.20150401,STMA.20150401.MACROFILA1.S.T8,NA,NA,NA,NA,NA,N,plant,NA,2PLANT,Unknown plant,macrofila1.s,NA,NA,NA,NA,NA,NA,NA,NA,NA,NA,NA,NA,NA,NA,NA,kingdom,"SAMPLE DISCARDED, NOT SENT TO LAB",NA,NA,NA,legacyData,20260113T222419Z,RELEASE-2026
eeb5589d-b1f6-4891-8bbe-d7cb4f50037f,D08,MAYF,MAYF.AOS.reach,15,2015-04-01T17:00:00Z,MAYF.20150401,MAYF.20150401.AP1.TCH,NA,NA,NA,NA,NA,N,plant,NA,2PLANT,Unknown plant,macrofila1,NA,NA,NA,NA,NA,NA,NA,NA,NA,NA,NA,NA,NA,NA,NA,kingdom,STMA.AOS.aquatic.plant.transect.10,NA,NA,NA,legacyData,20260113T222419Z,RELEASE-2026
5191065f-9e80-4667-97dd-d53942a80645,D08,MAYF,MAYF.AOS.aquatic.plant.transect.02,1,2015-04-01T17:00:00Z,MAYF.20150401,MAYF.20150401.MOSS1.D.T2,NA,NA,NA,NA,NA,Y,plant,NA,NA,NA,mayfmoss1,NA,NA,NA,NA,NA,NA,NA,NA,NA,NA,NA,NA,NA,NA,NA,NA,NA,NA,NA,NA,NA,20260113T222419Z,RELEASE-2026
291f3ebb-5235-44ef-8191-1c57222d5736,D08,MAYF,MAYF.AOS.aquatic.plant.transect.04,14,2015-04-01T17:00:00Z,MAYF.20150401,MAYF.20150401.MACROALGAE2.T04,NA,NA,NA,NA,NA,N,NA,NA,NA,NA,macrofila1,NA,NA,NA,NA,NA,NA,NA,NA,NA,NA,NA,NA,NA,NA,NA,NA,NA,NA,NA,NA,NA,20260113T222419Z,RELEASE-2026
07bfcf49-ba06-4d7a-a3ec-c1ad80ba63b9,D08,MAYF,MAYF.AOS.aquatic.plant.transect.04,10,2015-11-16T17:30:00Z,MAYF.20151116,MAYF.20151116.RIMU3.T4,NA,NA,NA,NA,NA,N,plant,emergent,RIMU3,Riccardia multifida (L.) A. Gray,NA,NA,NA,NA,Hepaticopsida,Metzgeriales,Aneuraceae,Riccardia,NA,multifida,NA,NA,NA,(L.) A. Gray,NA,NA,species,point dry,NA,NA,NA,legacyData,20260113T223314Z,RELEASE-2026
73963214-4772-425f-b2f3-d37d7f6cc184,D14,SYCA,SYCA.AOS.aquatic.plant.transect.03,16,2019-02-07T19:43:00Z,SYCA.20190207,SYCA.20190207.BABYWILLOW.T3,A00000047472,NA,NA,NA,NA,N,plant,emergent,2PLANT,Unknown plant,Babywillow,Opposite leaves entire lance shaped leaves,NA,NA,NA,NA,NA,NA,NA,NA,NA,NA,NA,NA,NA,NA,kingdom,NA,NA,NA,NA,NA,20260113T223405Z,RELEASE-2026
a0ef2db0-0cbe-463c-a31a-9ceff09129d0,D14,SYCA,SYCA.AOS.aquatic.plant.transect.04,23,2019-02-07T20:22:00Z,SYCA.20190207,SYCA.20190207.AP1.T04,NA,NA,NA,NA,NA,N,plant,submerged,2PLANT,Unknown plant,Babywillow,Opposite leaves entire lance shaped leaves,NA,NA,NA,NA,NA,NA,NA,NA,NA,NA,NA,NA,NA,NA,kingdom,NA,NA,NA,NA,NA,20260113T223405Z,RELEASE-2026
00323b8c-97f5-4419-b860-722820243d34,D14,SYCA,SYCA.AOS.aquatic.plant.transect.07,1,2019-02-07T22:15:00Z,SYCA.20190207,SYCA.20190207.AP1.T07,NA,NA,NA,NA,NA,N,plant,submerged,2PLANT,Unknown plant,Babywillow,Opposite leaves entire lance shaped leaves,NA,NA,NA,NA,NA,NA,NA,NA,NA,NA,NA,NA,NA,NA,kingdom,NA,NA,NA,NA,NA,20260113T223405Z,RELEASE-2026
67a7f688-697b-47e7-9ae8-3b2c974d252e,D14,SYCA,SYCA.AOS.aquatic.plant.transect.03,1,2017-07-04T15:35:00Z,SYCA.20170704,SYCA.20170704.MACROALGAE1.T3-VOUCHER,NA,NA,NA,NA,NA,Y,macroalgae,submerged,NA,NA,macroalgae1.20170704.T3,NA,NA,NA,NA,NA,NA,NA,NA,NA,NA,NA,NA,NA,NA,NA,NA,NA,NA,NA,NA,NA,20260113T222445Z,RELEASE-2026
2f81d6ce-1bd6-4ca7-be4f-78c31b1c0d19,D14,SYCA,SYCA.AOS.aquatic.plant.transect.03,10,2017-07-04T15:35:00Z,SYCA.20170704,SYCA.20170704.MACROALGAE1.T3-VOUCHER,NA,NA,NA,NA,NA,N,macroalgae,submerged,NA,NA,macroalgae1.20170704.T3,NA,NA,NA,NA,NA,NA,NA,NA,NA,NA,NA,NA,NA,NA,NA,NA,NA,NA,NA,NA,NA,20260113T222445Z,RELEASE-2026
cdb5fb07-f326-4350-bd08-aec3e2fa6bab,D14,SYCA,SYCA.AOS.aquatic.plant.transect.03,9,2017-07-04T15:35:00Z,SYCA.20170704,SYCA.20170704.MACROALGAE1.T3-VOUCHER,NA,NA,NA,NA,NA,N,macroalgae,submerged,NA,NA,macroalgae1.20170704.T3,NA,NA,NA,NA,NA,NA,NA,NA,NA,NA,NA,NA,NA,NA,NA,NA,NA,NA,NA,NA,NA,20260113T222445Z,RELEASE-2026
60058c43-2753-457d-9f0a-6b57ac69561b,D14,SYCA,SYCA.AOS.aquatic.plant.transect.03,6,2017-07-04T15:35:00Z,SYCA.20170704,SYCA.20170704.MACROALGAE1.T3-VOUCHER,NA,NA,NA,NA,NA,N,macroalgae,submerged,NA,NA,macroalgae1.20170704.T3,NA,NA,NA,NA,NA,NA,NA,NA,NA,NA,NA,NA,NA,NA,NA,NA,NA,NA,NA,NA,NA,20260113T222445Z,RELEASE-2026
539a0383-0022-4717-b9ee-e1febc7f27a1,D14,SYCA,SYCA.AOS.aquatic.plant.transect.05,10,2017-07-04T17:19:00Z,SYCA.20170704,SYCA.20170704.AP2.T05,NA,NA,NA,NA,NA,N,plant,emergent,2PLANT,Unknown plant,OppositeLeafPinkStem,Nasturtium sp,NA,NA,NA,NA,NA,NA,NA,NA,NA,NA,NA,NA,NA,NA,kingdom,NA,NA,NA,NA,NA,20260113T222445Z,RELEASE-2026
5adc3a1e-14b1-4cf7-920c-336fb4c22da5,D14,SYCA,SYCA.AOS.aquatic.plant.transect.05,9,2017-07-04T17:19:00Z,SYCA.20170704,SYCA.20170704.AP1.T05,NA,NA,NA,NA,NA,N,plant,emergent,2PLANT,Unknown plant,OppositeLeafPinkStem,Nasturtium sp,NA,NA,NA,NA,NA,NA,NA,NA,NA,NA,NA,NA,NA,NA,kingdom,NA,NA,NA,NA,NA,20260113T222445Z,RELEASE-2026
dc36b7f1-f083-4a1b-80af-8b54a2d7cfde,D14,SYCA,SYCA.AOS.aquatic.plant.transect.05,21,2017-07-04T17:19:00Z,SYCA.20170704,SYCA.20170704.AP4.T05,NA,NA,NA,NA,NA,N,plant,emergent,2PLANT,Unknown plant,Typha,Cattail,NA,NA,NA,NA,NA,NA,NA,NA,NA,NA,NA,NA,NA,NA,kingdom,Typha,NA,NA,NA,NA,20260113T222445Z,RELEASE-2026
1df74eb0-7e3a-4f88-be51-34c5f51ddd50,D14,SYCA,SYCA.AOS.aquatic.plant.transect.05,19,2017-07-04T17:19:00Z,SYCA.20170704,SYCA.20170704.AP3.T05,NA,NA,NA,NA,NA,N,plant,emergent,2PLANT,Unknown plant,Typha,Cattail,NA,NA,NA,NA,NA,NA,NA,NA,NA,NA,NA,NA,NA,NA,kingdom,Cattail - Typha,NA,NA,NA,NA,20260113T222445Z,RELEASE-2026
627f844b-af8e-406e-9eef-a73bb2b2818a,D14,SYCA,SYCA.AOS.aquatic.plant.transect.06,6,2017-07-04T17:51:00Z,SYCA.20170704,SYCA.20170704.AP1.T06,NA,NA,NA,NA,NA,N,plant,emergent,2PLANT,Unknown plant,OppositeLeafPinkStem,Nasturtium sp,NA,NA,NA,NA,NA,NA,NA,NA,NA,NA,NA,NA,NA,NA,kingdom,NA,NA,NA,NA,NA,20260113T222445Z,RELEASE-2026
d3cd5fac-191e-447c-a58c-615cda166f5f,D14,SYCA,SYCA.AOS.aquatic.plant.transect.06,18,2017-07-04T17:51:00Z,SYCA.20170704,SYCA.20170704.AP3.T06,NA,NA,NA,NA,NA,N,plant,emergent,2PLANT,Unknown plant,OppositeLeafPinkStem,Nasturtium sp,NA,NA,NA,NA,NA,NA,NA,NA,NA,NA,NA,NA,NA,NA,kingdom,NA,NA,NA,NA,NA,20260113T222445Z,RELEASE-2026
7a8ce3aa-df01-4988-b6b5-69e997ae4745,D14,SYCA,SYCA.AOS.aquatic.plant.transect.06,17,2017-07-04T17:51:00Z,SYCA.20170704,SYCA.20170704.AP2.T06,NA,NA,NA,NA,NA,N,plant,emergent,2PLANT,Unknown plant,OppositeLeafPinkStem,Nasturtium sp,NA,NA,NA,NA,NA,NA,NA,NA,NA,NA,NA,NA,NA,NA,kingdom,NA,NA,NA,NA,NA,20260113T222445Z,RELEASE-2026
4ce1bc4d-1a7d-416b-8d44-6711bce32c6d,D14,SYCA,SYCA.AOS.aquatic.plant.transect.07,2,2017-07-04T18:43:00Z,SYCA.20170704,SYCA.20170704.MACROALGAE1.T07,NA,NA,NA,NA,NA,N,macroalgae,submerged,NA,NA,NA,NA,NA,NA,NA,NA,NA,NA,NA,NA,NA,NA,NA,NA,NA,NA,NA,NA,NA,NA,NA,NA,20260113T222445Z,RELEASE-2026
836c1109-7a14-4072-ba78-6ce9102cda91,D14,SYCA,SYCA.AOS.aquatic.plant.transect.07,4,2017-07-04T18:43:00Z,SYCA.20170704,SYCA.20170704.MACROALGAE1.T07,NA,NA,NA,NA,NA,N,macroalgae,submerged,NA,NA,NA,NA,NA,NA,NA,NA,NA,NA,NA,NA,NA,NA,NA,NA,NA,NA,NA,NA,NA,NA,NA,NA,20260113T222445Z,RELEASE-2026
bc51fad8-e7a3-4c9f-a137-f5763f7a89aa,D14,SYCA,SYCA.AOS.aquatic.plant.transect.07,3,2017-07-04T18:43:00Z,SYCA.20170704,SYCA.20170704.MACROALGAE1.T07,NA,NA,NA,NA,NA,N,macroalgae,submerged,NA,NA,NA,NA,NA,NA,NA,NA,NA,NA,NA,NA,NA,NA,NA,NA,NA,NA,NA,NA,NA,NA,NA,NA,20260113T222445Z,RELEASE-2026
f0a33cb8-8af7-413a-a7f6-7d8c4b7d6918,D14,SYCA,SYCA.AOS.aquatic.plant.transect.08,4,2017-07-04T19:04:00Z,SYCA.20170704,SYCA.20170704.MACROALGAE1.T08,NA,NA,NA,NA,NA,N,macroalgae,submerged,NA,NA,NA,NA,NA,NA,NA,NA,NA,NA,NA,NA,NA,NA,NA,NA,NA,NA,NA,NA,NA,NA,NA,NA,20260113T222445Z,RELEASE-2026
31883cb1-722e-4e4e-b9fe-2d8b3bc2dfd8,D14,SYCA,SYCA.AOS.aquatic.plant.transect.08,2,2017-07-04T19:04:00Z,SYCA.20170704,SYCA.20170704.MACROALGAE1.T08,NA,NA,NA,NA,NA,N,macroalgae,submerged,NA,NA,NA,NA,NA,NA,NA,NA,NA,NA,NA,NA,NA,NA,NA,NA,NA,NA,NA,NA,NA,NA,NA,NA,20260113T222445Z,RELEASE-2026
2f79ba8b-a0c4-4361-8b6c-dbde7d873d46,D14,SYCA,SYCA.AOS.aquatic.plant.transect.08,9,2017-07-04T19:04:00Z,SYCA.20170704,SYCA.20170704.MACROALGAE1.T08,NA,NA,NA,NA,NA,N,macroalgae,submerged,NA,NA,NA,NA,NA,NA,NA,NA,NA,NA,NA,NA,NA,NA,NA,NA,NA,NA,NA,NA,NA,NA,NA,NA,20260113T222445Z,RELEASE-2026
32c84091-0f2c-4947-9899-0f8deea5c77d,D14,SYCA,SYCA.AOS.aquatic.plant.transect.08,11,2017-07-04T19:04:00Z,SYCA.20170704,SYCA.20170704.MACROALGAE1.T08,NA,NA,NA,NA,NA,N,macroalgae,submerged,NA,NA,NA,NA,NA,NA,NA,NA,NA,NA,NA,NA,NA,NA,NA,NA,NA,NA,NA,NA,NA,NA,NA,NA,20260113T222445Z,RELEASE-2026
c5f61c1b-ae6e-46c3-85dc-bc1aba0aec86,D14,SYCA,SYCA.AOS.aquatic.plant.transect.08,7,2017-07-04T19:04:00Z,SYCA.20170704,SYCA.20170704.MACROALGAE1.T08,NA,NA,NA,NA,NA,N,macroalgae,submerged,NA,NA,NA,NA,NA,NA,NA,NA,NA,NA,NA,NA,NA,NA,NA,NA,NA,NA,NA,NA,NA,NA,NA,NA,20260113T222445Z,RELEASE-2026
ba717435-1959-43fd-bfbf-0fa1c35ad705,D14,SYCA,SYCA.AOS.aquatic.plant.transect.08,5,2017-07-04T19:04:00Z,SYCA.20170704,SYCA.20170704.MACROALGAE1.T08,NA,NA,NA,NA,NA,N,macroalgae,submerged,NA,NA,NA,NA,NA,NA,NA,NA,NA,NA,NA,NA,NA,NA,NA,NA,NA,NA,NA,NA,NA,NA,NA,NA,20260113T222445Z,RELEASE-2026
a4a123ca-4a8b-45f5-9d13-8ff7dc2dbd8c,D14,SYCA,SYCA.AOS.aquatic.plant.transect.08,8,2017-07-04T19:04:00Z,SYCA.20170704,SYCA.20170704.MACROALGAE1.T08,NA,NA,NA,NA,NA,N,macroalgae,submerged,NA,NA,NA,NA,NA,NA,NA,NA,NA,NA,NA,NA,NA,NA,NA,NA,NA,NA,NA,NA,NA,NA,NA,NA,20260113T222445Z,RELEASE-2026
9f80a92a-2694-4938-9325-79b7202986ec,D14,SYCA,SYCA.AOS.aquatic.plant.transect.08,12,2017-07-04T19:04:00Z,SYCA.20170704,SYCA.20170704.MACROALGAE1.T08,NA,NA,NA,NA,NA,N,macroalgae,submerged,NA,NA,NA,NA,NA,NA,NA,NA,NA,NA,NA,NA,NA,NA,NA,NA,NA,NA,NA,NA,NA,NA,NA,NA,20260113T222445Z,RELEASE-2026
eae7906d-ba6c-454c-b531-4d3163624752,D14,SYCA,SYCA.AOS.aquatic.plant.transect.09,6,2017-07-04T19:26:00Z,SYCA.20170704,SYCA.20170704.MACROALGAE1.T09,NA,NA,NA,NA,NA,N,macroalgae,submerged,NA,NA,NA,NA,NA,NA,NA,NA,NA,NA,NA,NA,NA,NA,NA,NA,NA,NA,NA,NA,NA,NA,NA,NA,20260113T222445Z,RELEASE-2026
360b9749-376a-4da8-9fe8-6b407d33931c,D14,SYCA,SYCA.AOS.aquatic.plant.transect.09,9,2017-07-04T19:26:00Z,SYCA.20170704,SYCA.20170704.MACROALGAE1.T09,NA,NA,NA,NA,NA,N,macroalgae,submerged,NA,NA,NA,NA,NA,NA,NA,NA,NA,NA,NA,NA,NA,NA,NA,NA,NA,NA,NA,NA,NA,NA,NA,NA,20260113T222445Z,RELEASE-2026
541366ef-76f0-4545-9820-d05ebdb69567,D14,SYCA,SYCA.AOS.aquatic.plant.transect.09,7,2017-07-04T19:26:00Z,SYCA.20170704,SYCA.20170704.MACROALGAE1.T09,NA,NA,NA,NA,NA,N,macroalgae,submerged,NA,NA,NA,NA,NA,NA,NA,NA,NA,NA,NA,NA,NA,NA,NA,NA,NA,NA,NA,NA,NA,NA,NA,NA,20260113T222445Z,RELEASE-2026
a593bc14-01ca-430a-bfd2-91a1761577e9,D14,SYCA,SYCA.AOS.aquatic.plant.transect.09,8,2017-07-04T19:26:00Z,SYCA.20170704,SYCA.20170704.MACROALGAE1.T09,NA,NA,NA,NA,NA,N,macroalgae,submerged,NA,NA,NA,NA,NA,NA,NA,NA,NA,NA,NA,NA,NA,NA,NA,NA,NA,NA,NA,NA,NA,NA,NA,NA,20260113T222445Z,RELEASE-2026
cb4048e0-0b42-4906-ba9e-daf74f57d98d,D14,SYCA,SYCA.AOS.aquatic.plant.transect.10,2,2017-07-04T19:53:00Z,SYCA.20170704,SYCA.20170704.MACROALGAE1.T10,NA,NA,NA,NA,NA,N,macroalgae,submerged,NA,NA,NA,NA,NA,NA,NA,NA,NA,NA,NA,NA,NA,NA,NA,NA,NA,NA,NA,NA,NA,NA,NA,NA,20260113T222445Z,RELEASE-2026
d18c9f4c-089a-4349-8d4e-674086ab8552,D14,SYCA,SYCA.AOS.aquatic.plant.transect.10,4,2017-07-04T19:53:00Z,SYCA.20170704,SYCA.20170704.AP4.T10,NA,NA,NA,NA,NA,N,plant,emergent,2PLANT,Unknown plant,OppositeLeafPinkStem,Nasturtium sp,NA,NA,NA,NA,NA,NA,NA,NA,NA,NA,NA,NA,NA,NA,kingdom,NA,NA,NA,NA,NA,20260113T222445Z,RELEASE-2026
f5935e5e-1653-4ba2-982e-755c35b4bb07,D14,SYCA,SYCA.AOS.aquatic.plant.transect.10,1,2017-07-04T19:53:00Z,SYCA.20170704,SYCA.20170704.MACROALGAE1.T10,NA,NA,NA,NA,NA,N,macroalgae,submerged,NA,NA,NA,NA,NA,NA,NA,NA,NA,NA,NA,NA,NA,NA,NA,NA,NA,NA,NA,NA,NA,NA,NA,NA,20260113T222445Z,RELEASE-2026
2b976cbc-ae66-4c92-97e5-70410dac0aea,D14,SYCA,SYCA.AOS.aquatic.plant.transect.10,10,2017-07-04T19:53:00Z,SYCA.20170704,SYCA.20170704.MACROALGAE1.T10,NA,NA,NA,NA,NA,N,macroalgae,submerged,NA,NA,NA,NA,NA,NA,NA,NA,NA,NA,NA,NA,NA,NA,NA,NA,NA,NA,NA,NA,NA,NA,NA,NA,20260113T222445Z,RELEASE-2026
d406038a-0b48-4678-a9bb-c08eccd372b9,D14,SYCA,SYCA.AOS.aquatic.plant.transect.10,8,2017-07-04T19:53:00Z,SYCA.20170704,SYCA.20170704.MACROALGAE1.T10,NA,NA,NA,NA,NA,N,macroalgae,submerged,NA,NA,NA,NA,NA,NA,NA,NA,NA,NA,NA,NA,NA,NA,NA,NA,NA,NA,NA,NA,NA,NA,NA,NA,20260113T222445Z,RELEASE-2026
581f43de-04e1-4b4d-9d41-157ee556d0d8,D14,SYCA,SYCA.AOS.aquatic.plant.transect.10,3,2017-07-04T19:53:00Z,SYCA.20170704,SYCA.20170704.MACROALGAE1.T10,NA,NA,NA,NA,NA,N,macroalgae,submerged,NA,NA,NA,NA,NA,NA,NA,NA,NA,NA,NA,NA,NA,NA,NA,NA,NA,NA,NA,NA,NA,NA,NA,NA,20260113T222445Z,RELEASE-2026
ee5dd91c-afe6-4a46-b1ed-75d40636e477,D14,SYCA,SYCA.AOS.aquatic.plant.transect.10,14,2017-07-04T19:53:00Z,SYCA.20170704,SYCA.20170704.MACROALGAE1.T10,NA,NA,NA,NA,NA,N,macroalgae,submerged,NA,NA,NA,NA,NA,NA,NA,NA,NA,NA,NA,NA,NA,NA,NA,NA,NA,NA,NA,NA,NA,NA,NA,NA,20260113T222445Z,RELEASE-2026
221e8503-cded-49b2-94d3-359b1430b13f,D14,SYCA,SYCA.AOS.aquatic.plant.transect.10,11,2017-07-04T19:53:00Z,SYCA.20170704,SYCA.20170704.MACROALGAE1.T10,NA,NA,NA,NA,NA,N,macroalgae,submerged,NA,NA,NA,NA,NA,NA,NA,NA,NA,NA,NA,NA,NA,NA,NA,NA,NA,NA,NA,NA,NA,NA,NA,NA,20260113T222445Z,RELEASE-2026
cd55470f-ac6c-48ac-8f19-98066c513bf2,D14,SYCA,SYCA.AOS.aquatic.plant.transect.10,6,2017-07-04T19:53:00Z,SYCA.20170704,SYCA.20170704.MACROALGAE1.T10,NA,NA,NA,NA,NA,N,macroalgae,submerged,NA,NA,NA,NA,NA,NA,NA,NA,NA,NA,NA,NA,NA,NA,NA,NA,NA,NA,NA,NA,NA,NA,NA,NA,20260113T222445Z,RELEASE-2026
fb1775f7-ba86-44f6-82b8-3f422cb2c5f9,D14,SYCA,SYCA.AOS.aquatic.plant.transect.10,5,2017-07-04T19:53:00Z,SYCA.20170704,SYCA.20170704.MACROALGAE1.T10,NA,NA,NA,NA,NA,N,macroalgae,submerged,NA,NA,NA,NA,NA,NA,NA,NA,NA,NA,NA,NA,NA,NA,NA,NA,NA,NA,NA,NA,NA,NA,NA,NA,20260113T222445Z,RELEASE-2026
59ac1dc3-ce54-4709-94fd-4ec2ba41fa61,D14,SYCA,SYCA.AOS.aquatic.plant.transect.10,7,2017-07-04T19:53:00Z,SYCA.20170704,SYCA.20170704.MACROALGAE1.T10,NA,NA,NA,NA,NA,N,macroalgae,submerged,NA,NA,NA,NA,NA,NA,NA,NA,NA,NA,NA,NA,NA,NA,NA,NA,NA,NA,NA,NA,NA,NA,NA,NA,20260113T222445Z,RELEASE-2026
68f76713-315c-4f32-a627-cf8ec278a70c,D14,SYCA,SYCA.AOS.aquatic.plant.transect.10,12,2017-07-04T19:53:00Z,SYCA.20170704,SYCA.20170704.MACROALGAE1.T10,NA,NA,NA,NA,NA,N,macroalgae,submerged,NA,NA,NA,NA,NA,NA,NA,NA,NA,NA,NA,NA,NA,NA,NA,NA,NA,NA,NA,NA,NA,NA,NA,NA,20260113T222445Z,RELEASE-2026
78b73849-4ae8-44f6-a2a5-97988c19b9ee,D14,SYCA,SYCA.AOS.aquatic.plant.transect.10,9,2017-07-04T19:53:00Z,SYCA.20170704,SYCA.20170704.MACROALGAE1.T10,NA,NA,NA,NA,NA,N,macroalgae,submerged,NA,NA,NA,NA,NA,NA,NA,NA,NA,NA,NA,NA,NA,NA,NA,NA,NA,NA,NA,NA,NA,NA,NA,NA,20260113T222445Z,RELEASE-2026
717e8c5b-3088-41bf-8f23-c1021f09a3e1,D14,SYCA,SYCA.AOS.aquatic.plant.transect.10,13,2017-07-04T19:53:00Z,SYCA.20170704,SYCA.20170704.MACROALGAE1.T10,NA,NA,NA,NA,NA,N,macroalgae,submerged,NA,NA,NA,NA,NA,NA,NA,NA,NA,NA,NA,NA,NA,NA,NA,NA,NA,NA,NA,NA,NA,NA,NA,NA,20260113T222445Z,RELEASE-2026
41d6af4b-13af-4571-973d-cf589fa98020,D14,SYCA,SYCA.AOS.aquatic.plant.transect.01,59,2019-04-02T15:25:00Z,SYCA.20190402,SYCA.20190402.MACROALGAE1.T1,A00000055446,NA,NA,NA,NA,N,macroalgae,submerged,NA,NA,macroalgae1.20190402.T1,NA,NA,NA,NA,NA,NA,NA,NA,NA,NA,NA,NA,NA,NA,NA,NA,NA,NA,NA,NA,NA,20260113T223120Z,RELEASE-2026
0b8be580-fd9d-4340-96d5-b7b6762e4447,D14,SYCA,SYCA.AOS.aquatic.plant.transect.01,68,2019-04-02T15:25:00Z,SYCA.20190402,SYCA.20190402.MACROALGAE1.T1,A00000055446,NA,NA,NA,NA,N,macroalgae,submerged,NA,NA,macroalgae1.20190402.T1,NA,NA,NA,NA,NA,NA,NA,NA,NA,NA,NA,NA,NA,NA,NA,NA,NA,NA,NA,NA,NA,20260113T223120Z,RELEASE-2026
087a901f-d570-4279-963f-3e69f68ec73d,D14,SYCA,SYCA.AOS.aquatic.plant.transect.01,1,2019-04-02T15:25:00Z,SYCA.20190402,SYCA.20190402.MACROALGAE1.T1,A00000055446,NA,NA,NA,NA,Y,macroalgae,free-floating,NA,NA,macroalgae1.20190402.T1,NA,NA,NA,NA,NA,NA,NA,NA,NA,NA,NA,NA,NA,NA,NA,NA,NA,NA,NA,NA,NA,20260113T223120Z,RELEASE-2026
ec3eb5dc-7d1d-4571-b053-1fcd18afb7c8,D14,SYCA,SYCA.AOS.aquatic.plant.transect.07,68,2019-04-02T19:50:00Z,SYCA.20190402,SYCA.20190402.MACROALGAE68.T7,A00000055447,NA,NA,NA,NA,Y,macroalgae,submerged,NA,NA,macroalgae68.20190402.T7,NA,NA,NA,NA,NA,NA,NA,NA,NA,NA,NA,NA,NA,NA,NA,NA,NA,NA,NA,NA,NA,20260113T223120Z,RELEASE-2026
4d7f04e6-b47c-4e85-a971-e0785ae0720b,D14,SYCA,SYCA.AOS.aquatic.plant.transect.05,1,2020-01-28T20:28:00Z,SYCA.20200128,SYCA.20200128.AP1.T05,NA,NA,NA,NA,NA,N,plant,emergent,PHAU7,Phragmites australis (Cav.) Trin. ex Steud.,NA,NA,Magnoliophyta,NA,Liliopsida,Cyperales,Poaceae,Phragmites,NA,australis,NA,NA,NA,(Cav.) Trin. ex Steud.,NA,NA,species,NA,NA,NA,NA,NA,20260113T223030Z,RELEASE-2026
8b78c721-02ad-4b92-8f2d-69934ba7b076,D14,SYCA,SYCA.AOS.aquatic.plant.transect.06,1,2020-01-28T20:43:00Z,SYCA.20200128,SYCA.20200128.AP1.T06,NA,NA,NA,NA,NA,N,plant,submerged,CYDA,Cynodon dactylon (L.) Pers.,NA,NA,Magnoliophyta,NA,Liliopsida,Cyperales,Poaceae,Cynodon,NA,dactylon,NA,NA,NA,(L.) Pers.,NA,NA,species,NA,NA,NA,NA,NA,20260113T223030Z,RELEASE-2026
4fcf9191-0fa1-499a-a6e3-7b2416c3f691,D14,SYCA,SYCA.AOS.aquatic.plant.transect.08,1,2020-01-28T22:13:00Z,SYCA.20200128,SYCA.20200128.AP1.T08,NA,NA,NA,NA,NA,N,plant,emergent,VEAN2,Veronica anagallis-aquatica L.,NA,NA,Magnoliophyta,NA,Magnoliopsida,Scrophulariales,Scrophulariaceae,Veronica,NA,anagallis-aquatica,NA,NA,NA,L.,NA,NA,species,NA,NA,NA,NA,NA,20260113T223030Z,RELEASE-2026
497bd38b-0a09-4f98-b0c5-d5844ac955d4,D14,SYCA,SYCA.AOS.aquatic.plant.transect.09,24,2020-01-28T23:06:00Z,SYCA.20200128,SYCA.20200128.AP1.T09,NA,NA,NA,NA,NA,N,plant,submerged,CYDA,Cynodon dactylon (L.) Pers.,NA,NA,Magnoliophyta,NA,Liliopsida,Cyperales,Poaceae,Cynodon,NA,dactylon,NA,NA,NA,(L.) Pers.,NA,NA,species,NA,NA,NA,NA,NA,20260113T223030Z,RELEASE-2026
00e23fd5-b5a5-41bd-82bd-109d15de7117,D14,SYCA,SYCA.AOS.aquatic.plant.transect.02,8,2019-06-12T15:58:00Z,SYCA.20190612,SYCA.20190612.MACROALGAE1.T2,A00000094858,NA,NA,NA,NA,N,macroalgae,submerged,NA,NA,macroalgae1.20190612.T2,NA,NA,NA,NA,NA,NA,NA,NA,NA,NA,NA,NA,NA,NA,NA,NA,NA,NA,NA,NA,NA,20260113T222342Z,RELEASE-2026
de648eb8-e3aa-4625-a88d-426cd34b4366,D14,SYCA,SYCA.AOS.aquatic.plant.transect.02,11,2019-06-12T15:58:00Z,SYCA.20190612,SYCA.20190612.MACROALGAE1.T2,A00000094858,NA,NA,NA,NA,N,macroalgae,submerged,NA,NA,macroalgae1.20190612.T2,NA,NA,NA,NA,NA,NA,NA,NA,NA,NA,NA,NA,NA,NA,NA,NA,NA,NA,NA,NA,NA,20260113T222342Z,RELEASE-2026
01956d68-d960-4a9e-a07c-9f964528fd4b,D14,SYCA,SYCA.AOS.aquatic.plant.transect.02,1,2019-06-12T15:58:00Z,SYCA.20190612,SYCA.20190612.MACROALGAE1.T2,A00000094858,NA,NA,NA,NA,Y,macroalgae,free-floating,NA,NA,macroalgae1.20190612.T2,NA,NA,NA,NA,NA,NA,NA,NA,NA,NA,NA,NA,NA,NA,NA,NA,NA,NA,NA,NA,NA,20260113T222342Z,RELEASE-2026
2ddf8a74-6f2f-4fb5-9cb1-9f1da15a8968,D14,SYCA,SYCA.AOS.aquatic.plant.transect.03,21,2019-06-12T17:12:00Z,SYCA.20190612,SYCA.20190612.MACROALGAE21.T3,A00000094861,NA,NA,NA,NA,Y,macroalgae,free-floating,NA,NA,macroalgae21.20190612.T3,NA,NA,NA,NA,NA,NA,NA,NA,NA,NA,NA,NA,NA,NA,NA,NA,NA,NA,NA,NA,NA,20260113T222342Z,RELEASE-2026
3919f0d7-01d2-4831-a677-b2712c4d7b64,D14,SYCA,SYCA.AOS.aquatic.plant.transect.03,14,2019-06-12T17:12:00Z,SYCA.20190612,SYCA.20190612.AP1.T03,NA,NA,NA,NA,NA,N,plant,submerged,VEAN2,Veronica anagallis-aquatica L.,NA,NA,Magnoliophyta,NA,Magnoliopsida,Scrophulariales,Scrophulariaceae,Veronica,NA,anagallis-aquatica,NA,NA,NA,L.,NA,NA,species,NA,NA,NA,NA,NA,20260113T222342Z,RELEASE-2026
65bdada4-dcba-4228-88ae-22cc5a3f8e6f,D14,SYCA,SYCA.AOS.aquatic.plant.transect.04,1,2019-06-12T17:24:00Z,SYCA.20190612,SYCA.20190612.MACROALGAE1.T4,A00000094862,NA,NA,NA,NA,Y,macroalgae,free-floating,NA,NA,macroalgae1.20190612.T4,NA,NA,NA,NA,NA,NA,NA,NA,NA,NA,NA,NA,NA,NA,NA,NA,NA,NA,NA,NA,NA,20260113T222342Z,RELEASE-2026
89ad8ffd-5f64-4ce2-9f14-e08954cf9840,D14,SYCA,SYCA.AOS.aquatic.plant.transect.04,27,2019-06-12T17:24:00Z,SYCA.20190612,SYCA.20190612.MACROALGAE1.T4,A00000094862,NA,NA,NA,NA,N,macroalgae,free-floating,NA,NA,macroalgae1.20190612.T4,NA,NA,NA,NA,NA,NA,NA,NA,NA,NA,NA,NA,NA,NA,NA,NA,NA,NA,NA,NA,NA,20260113T222342Z,RELEASE-2026
4ee5e838-401a-4c95-abfa-e789984a8eca,D14,SYCA,SYCA.AOS.aquatic.plant.transect.04,26,2019-06-12T17:24:00Z,SYCA.20190612,SYCA.20190612.MACROALGAE1.T4,A00000094862,NA,NA,NA,NA,N,macroalgae,free-floating,NA,NA,macroalgae1.20190612.T4,NA,NA,NA,NA,NA,NA,NA,NA,NA,NA,NA,NA,NA,NA,NA,NA,NA,NA,NA,NA,NA,20260113T222342Z,RELEASE-2026
3b953a11-2ac1-42b9-974a-179126c906cb,D14,SYCA,SYCA.AOS.aquatic.plant.transect.04,28,2019-06-12T17:24:00Z,SYCA.20190612,SYCA.20190612.MACROALGAE1.T4,A00000094862,NA,NA,NA,NA,N,macroalgae,free-floating,NA,NA,macroalgae1.20190612.T4,NA,NA,NA,NA,NA,NA,NA,NA,NA,NA,NA,NA,NA,NA,NA,NA,NA,NA,NA,NA,NA,20260113T222342Z,RELEASE-2026
dc3744cd-f800-415d-9f96-a9b8702a4a3f,D14,SYCA,SYCA.AOS.aquatic.plant.transect.04,29,2019-06-12T17:24:00Z,SYCA.20190612,SYCA.20190612.MACROALGAE1.T4,A00000094862,NA,NA,NA,NA,N,macroalgae,free-floating,NA,NA,macroalgae1.20190612.T4,NA,NA,NA,NA,NA,NA,NA,NA,NA,NA,NA,NA,NA,NA,NA,NA,NA,NA,NA,NA,NA,20260113T222342Z,RELEASE-2026
1fa419b4-6be8-4345-87d5-64a9275aad4c,D14,SYCA,SYCA.AOS.aquatic.plant.transect.05,14,2019-06-12T17:52:00Z,SYCA.20190612,SYCA.20190612.MACROALGAE1.T5,A00000094863,NA,NA,NA,NA,N,macroalgae,free-floating,NA,NA,macroalgae1.20190612.T5,NA,NA,NA,NA,NA,NA,NA,NA,NA,NA,NA,NA,NA,NA,NA,NA,NA,NA,NA,NA,NA,20260113T222342Z,RELEASE-2026
4f43f0df-385b-41e1-a89b-b4d7b1d36844,D14,SYCA,SYCA.AOS.aquatic.plant.transect.05,2,2019-06-12T17:52:00Z,SYCA.20190612,SYCA.20190612.MACROALGAE1.T5,A00000094863,NA,NA,NA,NA,N,macroalgae,submerged,NA,NA,macroalgae1.20190612.T5,NA,NA,NA,NA,NA,NA,NA,NA,NA,NA,NA,NA,NA,NA,NA,NA,NA,NA,NA,NA,NA,20260113T222342Z,RELEASE-2026
303b482a-5da2-4154-92ea-4c36d294a493,D14,SYCA,SYCA.AOS.aquatic.plant.transect.05,3,2019-06-12T17:52:00Z,SYCA.20190612,SYCA.20190612.MACROALGAE1.T5,A00000094863,NA,NA,NA,NA,N,macroalgae,free-floating,NA,NA,macroalgae1.20190612.T5,NA,NA,NA,NA,NA,NA,NA,NA,NA,NA,NA,NA,NA,NA,NA,NA,NA,NA,NA,NA,NA,20260113T222342Z,RELEASE-2026
c2165aa8-a062-4c02-b2ac-fa8d3af549a8,D14,SYCA,SYCA.AOS.aquatic.plant.transect.05,1,2019-06-12T17:52:00Z,SYCA.20190612,SYCA.20190612.MACROALGAE1.T5,A00000094863,NA,NA,NA,NA,Y,macroalgae,free-floating,NA,NA,macroalgae1.20190612.T5,NA,NA,NA,NA,NA,NA,NA,NA,NA,NA,NA,NA,NA,NA,NA,NA,NA,NA,NA,NA,NA,20260113T222342Z,RELEASE-2026
f93f6d20-be8b-4436-9ba9-e37a724922f3,D14,SYCA,SYCA.AOS.aquatic.plant.transect.05,13,2019-06-12T17:52:00Z,SYCA.20190612,SYCA.20190612.MACROALGAE1.T5,A00000094863,NA,NA,NA,NA,N,macroalgae,free-floating,NA,NA,macroalgae1.20190612.T5,NA,NA,NA,NA,NA,NA,NA,NA,NA,NA,NA,NA,NA,NA,NA,NA,NA,NA,NA,NA,NA,20260113T222342Z,RELEASE-2026
c09a484f-64f7-4c6e-b7c4-b7eb964e2690,D14,SYCA,SYCA.AOS.aquatic.plant.transect.05,16,2019-06-12T17:52:00Z,SYCA.20190612,SYCA.20190612.MACROALGAE1.T5,A00000094863,NA,NA,NA,NA,N,macroalgae,free-floating,NA,NA,macroalgae1.20190612.T5,NA,NA,NA,NA,NA,NA,NA,NA,NA,NA,NA,NA,NA,NA,NA,NA,NA,NA,NA,NA,NA,20260113T222342Z,RELEASE-2026
97644520-f09a-47be-aad7-74886233cacb,D14,SYCA,SYCA.AOS.aquatic.plant.transect.05,15,2019-06-12T17:52:00Z,SYCA.20190612,SYCA.20190612.MACROALGAE1.T5,A00000094863,NA,NA,NA,NA,N,macroalgae,free-floating,NA,NA,macroalgae1.20190612.T5,NA,NA,NA,NA,NA,NA,NA,NA,NA,NA,NA,NA,NA,NA,NA,NA,NA,NA,NA,NA,NA,20260113T222342Z,RELEASE-2026
911e11e8-69c2-4996-b69e-df073a7338a3,D14,SYCA,SYCA.AOS.aquatic.plant.transect.06,8,2019-06-12T18:08:00Z,SYCA.20190612,SYCA.20190612.MACROALGAE1.T6,A00000094864,NA,NA,NA,NA,N,macroalgae,free-floating,NA,NA,macroalgae1.20190612.T6,NA,NA,NA,NA,NA,NA,NA,NA,NA,NA,NA,NA,NA,NA,NA,NA,NA,NA,NA,NA,NA,20260113T222342Z,RELEASE-2026
85a19299-c6fb-4f48-970a-8cfddbfd5427,D14,SYCA,SYCA.AOS.aquatic.plant.transect.06,20,2019-06-12T18:08:00Z,SYCA.20190612,SYCA.20190612.MACROALGAE1.T6,A00000094864,NA,NA,NA,NA,N,macroalgae,free-floating,NA,NA,macroalgae1.20190612.T6,NA,NA,NA,NA,NA,NA,NA,NA,NA,NA,NA,NA,NA,NA,NA,NA,NA,NA,NA,NA,NA,20260113T222342Z,RELEASE-2026
c91160a4-2914-45c3-b205-8deef01cba3c,D14,SYCA,SYCA.AOS.aquatic.plant.transect.06,2,2019-06-12T18:08:00Z,SYCA.20190612,SYCA.20190612.MACROALGAE1.T6,A00000094864,NA,NA,NA,NA,N,macroalgae,free-floating,NA,NA,macroalgae1.20190612.T6,NA,NA,NA,NA,NA,NA,NA,NA,NA,NA,NA,NA,NA,NA,NA,NA,NA,NA,NA,NA,NA,20260113T222342Z,RELEASE-2026
b44f5420-fd3e-4b8e-ae58-42c2641c3fd9,D14,SYCA,SYCA.AOS.aquatic.plant.transect.06,3,2019-06-12T18:08:00Z,SYCA.20190612,SYCA.20190612.MACROALGAE1.T6,A00000094864,NA,NA,NA,NA,N,macroalgae,free-floating,NA,NA,macroalgae1.20190612.T6,NA,NA,NA,NA,NA,NA,NA,NA,NA,NA,NA,NA,NA,NA,NA,NA,NA,NA,NA,NA,NA,20260113T222342Z,RELEASE-2026
56373a54-6327-44ab-a45e-965f895cf015,D14,SYCA,SYCA.AOS.aquatic.plant.transect.06,7,2019-06-12T18:08:00Z,SYCA.20190612,SYCA.20190612.MACROALGAE1.T6,A00000094864,NA,NA,NA,NA,N,macroalgae,free-floating,NA,NA,macroalgae1.20190612.T6,NA,NA,NA,NA,NA,NA,NA,NA,NA,NA,NA,NA,NA,NA,NA,NA,NA,NA,NA,NA,NA,20260113T222342Z,RELEASE-2026
a00b1b19-23df-42de-9a46-4a4d0d61e813,D14,SYCA,SYCA.AOS.aquatic.plant.transect.06,5,2019-06-12T18:08:00Z,SYCA.20190612,SYCA.20190612.MACROALGAE1.T6,A00000094864,NA,NA,NA,NA,N,macroalgae,free-floating,NA,NA,macroalgae1.20190612.T6,NA,NA,NA,NA,NA,NA,NA,NA,NA,NA,NA,NA,NA,NA,NA,NA,NA,NA,NA,NA,NA,20260113T222342Z,RELEASE-2026
2803be30-5a33-4470-8140-5cdf9e755578,D14,SYCA,SYCA.AOS.aquatic.plant.transect.06,21,2019-06-12T18:08:00Z,SYCA.20190612,SYCA.20190612.MACROALGAE1.T6,A00000094864,NA,NA,NA,NA,N,macroalgae,free-floating,NA,NA,macroalgae1.20190612.T6,NA,NA,NA,NA,NA,NA,NA,NA,NA,NA,NA,NA,NA,NA,NA,NA,NA,NA,NA,NA,NA,20260113T222342Z,RELEASE-2026
cbff798c-55ad-4f6e-a903-e17f4bedcdf1,D14,SYCA,SYCA.AOS.aquatic.plant.transect.06,22,2019-06-12T18:08:00Z,SYCA.20190612,SYCA.20190612.MACROALGAE1.T6,A00000094864,NA,NA,NA,NA,N,macroalgae,free-floating,NA,NA,macroalgae1.20190612.T6,NA,NA,NA,NA,NA,NA,NA,NA,NA,NA,NA,NA,NA,NA,NA,NA,NA,NA,NA,NA,NA,20260113T222342Z,RELEASE-2026
186e1cd9-89e6-484c-8435-01c62ab2b418,D14,SYCA,SYCA.AOS.aquatic.plant.transect.06,1,2019-06-12T18:08:00Z,SYCA.20190612,SYCA.20190612.MACROALGAE1.T6,A00000094864,NA,NA,NA,NA,Y,macroalgae,free-floating,NA,NA,macroalgae1.20190612.T6,NA,NA,NA,NA,NA,NA,NA,NA,NA,NA,NA,NA,NA,NA,NA,NA,NA,NA,NA,NA,NA,20260113T222342Z,RELEASE-2026
428e2c7a-f14a-4088-b558-b634a4b8bf11,D14,SYCA,SYCA.AOS.aquatic.plant.transect.06,11,2019-06-12T18:08:00Z,SYCA.20190612,SYCA.20190612.MACROALGAE1.T6,A00000094864,NA,NA,NA,NA,N,macroalgae,free-floating,NA,NA,macroalgae1.20190612.T6,NA,NA,NA,NA,NA,NA,NA,NA,NA,NA,NA,NA,NA,NA,NA,NA,NA,NA,NA,NA,NA,20260113T222342Z,RELEASE-2026
dc0cdc97-895f-40b6-a855-8c7f9e98c036,D14,SYCA,SYCA.AOS.aquatic.plant.transect.06,18,2019-06-12T18:08:00Z,SYCA.20190612,SYCA.20190612.MACROALGAE1.T6,A00000094864,NA,NA,NA,NA,N,macroalgae,free-floating,NA,NA,macroalgae1.20190612.T6,NA,NA,NA,NA,NA,NA,NA,NA,NA,NA,NA,NA,NA,NA,NA,NA,NA,NA,NA,NA,NA,20260113T222342Z,RELEASE-2026
9a6255ec-25f4-4152-a317-db35f2f070dd,D14,SYCA,SYCA.AOS.aquatic.plant.transect.06,19,2019-06-12T18:08:00Z,SYCA.20190612,SYCA.20190612.MACROALGAE1.T6,A00000094864,NA,NA,NA,NA,N,macroalgae,free-floating,NA,NA,macroalgae1.20190612.T6,NA,NA,NA,NA,NA,NA,NA,NA,NA,NA,NA,NA,NA,NA,NA,NA,NA,NA,NA,NA,NA,20260113T222342Z,RELEASE-2026
d8cb95a9-553d-45e0-80de-bba381858ca1,D14,SYCA,SYCA.AOS.aquatic.plant.transect.06,12,2019-06-12T18:08:00Z,SYCA.20190612,SYCA.20190612.MACROALGAE1.T6,A00000094864,NA,NA,NA,NA,N,macroalgae,free-floating,NA,NA,macroalgae1.20190612.T6,NA,NA,NA,NA,NA,NA,NA,NA,NA,NA,NA,NA,NA,NA,NA,NA,NA,NA,NA,NA,NA,20260113T222342Z,RELEASE-2026
14fee30c-4c48-4b1f-b2dd-fe784768476b,D14,SYCA,SYCA.AOS.aquatic.plant.transect.06,17,2019-06-12T18:08:00Z,SYCA.20190612,SYCA.20190612.MACROALGAE1.T6,A00000094864,NA,NA,NA,NA,N,macroalgae,free-floating,NA,NA,macroalgae1.20190612.T6,NA,NA,NA,NA,NA,NA,NA,NA,NA,NA,NA,NA,NA,NA,NA,NA,NA,NA,NA,NA,NA,20260113T222342Z,RELEASE-2026
c3878e6b-61f2-4e77-b88f-4cb98b9c283f,D14,SYCA,SYCA.AOS.aquatic.plant.transect.06,4,2019-06-12T18:08:00Z,SYCA.20190612,SYCA.20190612.MACROALGAE1.T6,A00000094864,NA,NA,NA,NA,N,macroalgae,free-floating,NA,NA,macroalgae1.20190612.T6,NA,NA,NA,NA,NA,NA,NA,NA,NA,NA,NA,NA,NA,NA,NA,NA,NA,NA,NA,NA,NA,20260113T222342Z,RELEASE-2026
4e1941e9-b69f-48cd-99fb-b923933e6080,D14,SYCA,SYCA.AOS.aquatic.plant.transect.06,10,2019-06-12T18:08:00Z,SYCA.20190612,SYCA.20190612.MACROALGAE1.T6,A00000094864,NA,NA,NA,NA,N,macroalgae,free-floating,NA,NA,macroalgae1.20190612.T6,NA,NA,NA,NA,NA,NA,NA,NA,NA,NA,NA,NA,NA,NA,NA,NA,NA,NA,NA,NA,NA,20260113T222342Z,RELEASE-2026
80ef5e54-94c9-4cac-a84e-63a56dedee38,D14,SYCA,SYCA.AOS.aquatic.plant.transect.06,14,2019-06-12T18:08:00Z,SYCA.20190612,SYCA.20190612.MACROALGAE1.T6,A00000094864,NA,NA,NA,NA,N,macroalgae,free-floating,NA,NA,macroalgae1.20190612.T6,NA,NA,NA,NA,NA,NA,NA,NA,NA,NA,NA,NA,NA,NA,NA,NA,NA,NA,NA,NA,NA,20260113T222342Z,RELEASE-2026
94a21772-e8f6-4f23-bb22-2ff94a01aa62,D14,SYCA,SYCA.AOS.aquatic.plant.transect.06,9,2019-06-12T18:08:00Z,SYCA.20190612,SYCA.20190612.MACROALGAE1.T6,A00000094864,NA,NA,NA,NA,N,macroalgae,free-floating,NA,NA,macroalgae1.20190612.T6,NA,NA,NA,NA,NA,NA,NA,NA,NA,NA,NA,NA,NA,NA,NA,NA,NA,NA,NA,NA,NA,20260113T222342Z,RELEASE-2026
0fbee1d6-27aa-4f98-8d59-1cf6b1e3bec7,D14,SYCA,SYCA.AOS.aquatic.plant.transect.06,13,2019-06-12T18:08:00Z,SYCA.20190612,SYCA.20190612.MACROALGAE1.T6,A00000094864,NA,NA,NA,NA,N,macroalgae,free-floating,NA,NA,macroalgae1.20190612.T6,NA,NA,NA,NA,NA,NA,NA,NA,NA,NA,NA,NA,NA,NA,NA,NA,NA,NA,NA,NA,NA,20260113T222342Z,RELEASE-2026
34fe372d-1784-43be-bafd-84d3da589aaf,D14,SYCA,SYCA.AOS.aquatic.plant.transect.06,6,2019-06-12T18:08:00Z,SYCA.20190612,SYCA.20190612.MACROALGAE1.T6,A00000094864,NA,NA,NA,NA,N,macroalgae,free-floating,NA,NA,macroalgae1.20190612.T6,NA,NA,NA,NA,NA,NA,NA,NA,NA,NA,NA,NA,NA,NA,NA,NA,NA,NA,NA,NA,NA,20260113T222342Z,RELEASE-2026
437b8fd6-e995-4df0-88de-f9df29d44154,D14,SYCA,SYCA.AOS.aquatic.plant.transect.07,32,2019-06-12T18:57:00Z,SYCA.20190612,SYCA.20190612.MACROALGAE2.T7,A00000094865,NA,NA,NA,NA,N,macroalgae,free-floating,NA,NA,macroalgae2.20190612.T7,NA,NA,NA,NA,NA,NA,NA,NA,NA,NA,NA,NA,NA,NA,NA,NA,NA,NA,NA,NA,NA,20260113T222342Z,RELEASE-2026
2edfe181-b9a5-4840-a54e-c2385bd6ac49,D14,SYCA,SYCA.AOS.aquatic.plant.transect.07,2,2019-06-12T18:57:00Z,SYCA.20190612,SYCA.20190612.MACROALGAE2.T7,A00000094865,NA,NA,NA,NA,Y,macroalgae,free-floating,NA,NA,macroalgae2.20190612.T7,NA,NA,NA,NA,NA,NA,NA,NA,NA,NA,NA,NA,NA,NA,NA,NA,NA,NA,NA,NA,NA,20260113T222342Z,RELEASE-2026
66891998-008a-4cf2-9a7d-f7d0824ca320,D14,SYCA,SYCA.AOS.aquatic.plant.transect.07,30,2019-06-12T18:57:00Z,SYCA.20190612,SYCA.20190612.MACROALGAE2.T7,A00000094865,NA,NA,NA,NA,N,macroalgae,free-floating,NA,NA,macroalgae2.20190612.T7,NA,NA,NA,NA,NA,NA,NA,NA,NA,NA,NA,NA,NA,NA,NA,NA,NA,NA,NA,NA,NA,20260113T222342Z,RELEASE-2026
e922f340-0462-4f4c-8472-69851ec55585,D14,SYCA,SYCA.AOS.aquatic.plant.transect.07,33,2019-06-12T18:57:00Z,SYCA.20190612,SYCA.20190612.MACROALGAE2.T7,A00000094865,NA,NA,NA,NA,N,macroalgae,free-floating,NA,NA,macroalgae2.20190612.T7,NA,NA,NA,NA,NA,NA,NA,NA,NA,NA,NA,NA,NA,NA,NA,NA,NA,NA,NA,NA,NA,20260113T222342Z,RELEASE-2026
06cedecc-2c0e-4bfa-8ac0-cb367d4cd307,D14,SYCA,SYCA.AOS.aquatic.plant.transect.07,31,2019-06-12T18:57:00Z,SYCA.20190612,SYCA.20190612.MACROALGAE2.T7,A00000094865,NA,NA,NA,NA,N,macroalgae,free-floating,NA,NA,macroalgae2.20190612.T7,NA,NA,NA,NA,NA,NA,NA,NA,NA,NA,NA,NA,NA,NA,NA,NA,NA,NA,NA,NA,NA,20260113T222342Z,RELEASE-2026
8b5255ff-efd9-4b9d-b868-3c16f60b12e8,D14,SYCA,SYCA.AOS.aquatic.plant.transect.08,17,2019-06-12T19:42:00Z,SYCA.20190612,SYCA.20190612.MACROALGAE1.T8,A00000094866,NA,NA,NA,NA,N,macroalgae,free-floating,NA,NA,macroalgae1.20190612.T8,NA,NA,NA,NA,NA,NA,NA,NA,NA,NA,NA,NA,NA,NA,NA,NA,NA,NA,NA,NA,NA,20260113T222342Z,RELEASE-2026
3b2dbb71-68e3-4715-a85e-8bf41351d6bf,D14,SYCA,SYCA.AOS.aquatic.plant.transect.08,15,2019-06-12T19:42:00Z,SYCA.20190612,SYCA.20190612.MACROALGAE1.T8,A00000094866,NA,NA,NA,NA,N,macroalgae,free-floating,NA,NA,macroalgae1.20190612.T8,NA,NA,NA,NA,NA,NA,NA,NA,NA,NA,NA,NA,NA,NA,NA,NA,NA,NA,NA,NA,NA,20260113T222342Z,RELEASE-2026
9f8bb235-987e-4f7c-a7b3-be2a53653749,D14,SYCA,SYCA.AOS.aquatic.plant.transect.08,12,2019-06-12T19:42:00Z,SYCA.20190612,SYCA.20190612.MACROALGAE1.T8,A00000094866,NA,NA,NA,NA,N,macroalgae,free-floating,NA,NA,macroalgae1.20190612.T8,NA,NA,NA,NA,NA,NA,NA,NA,NA,NA,NA,NA,NA,NA,NA,NA,NA,NA,NA,NA,NA,20260113T222342Z,RELEASE-2026
0cc8fa0b-5dbc-4702-9bba-0ba2fc526a66,D14,SYCA,SYCA.AOS.aquatic.plant.transect.08,10,2019-06-12T19:42:00Z,SYCA.20190612,SYCA.20190612.MACROALGAE1.T8,A00000094866,NA,NA,NA,NA,N,macroalgae,free-floating,NA,NA,macroalgae1.20190612.T8,NA,NA,NA,NA,NA,NA,NA,NA,NA,NA,NA,NA,NA,NA,NA,NA,NA,NA,NA,NA,NA,20260113T222342Z,RELEASE-2026
2dfb9b5c-eae3-4c41-a561-06ea7c32db0d,D14,SYCA,SYCA.AOS.aquatic.plant.transect.08,2,2019-06-12T19:42:00Z,SYCA.20190612,SYCA.20190612.MACROALGAE1.T8,A00000094866,NA,NA,NA,NA,N,macroalgae,free-floating,NA,NA,macroalgae1.20190612.T8,NA,NA,NA,NA,NA,NA,NA,NA,NA,NA,NA,NA,NA,NA,NA,NA,NA,NA,NA,NA,NA,20260113T222342Z,RELEASE-2026
68475533-6e02-4efa-acf5-ffe975d364da,D14,SYCA,SYCA.AOS.aquatic.plant.transect.08,11,2019-06-12T19:42:00Z,SYCA.20190612,SYCA.20190612.MACROALGAE1.T8,A00000094866,NA,NA,NA,NA,N,macroalgae,free-floating,NA,NA,macroalgae1.20190612.T8,NA,NA,NA,NA,NA,NA,NA,NA,NA,NA,NA,NA,NA,NA,NA,NA,NA,NA,NA,NA,NA,20260113T222342Z,RELEASE-2026
d89a0108-be2d-4a48-b387-7923532a9f7c,D14,SYCA,SYCA.AOS.aquatic.plant.transect.08,16,2019-06-12T19:42:00Z,SYCA.20190612,SYCA.20190612.MACROALGAE1.T8,A00000094866,NA,NA,NA,NA,N,macroalgae,free-floating,NA,NA,macroalgae1.20190612.T8,NA,NA,NA,NA,NA,NA,NA,NA,NA,NA,NA,NA,NA,NA,NA,NA,NA,NA,NA,NA,NA,20260113T222342Z,RELEASE-2026
a77c4261-5f05-45a7-b771-a4a853508db8,D14,SYCA,SYCA.AOS.aquatic.plant.transect.08,13,2019-06-12T19:42:00Z,SYCA.20190612,SYCA.20190612.MACROALGAE1.T8,A00000094866,NA,NA,NA,NA,N,macroalgae,free-floating,NA,NA,macroalgae1.20190612.T8,NA,NA,NA,NA,NA,NA,NA,NA,NA,NA,NA,NA,NA,NA,NA,NA,NA,NA,NA,NA,NA,20260113T222342Z,RELEASE-2026
618dc141-c96e-470e-97ec-6ce7f5715331,D14,SYCA,SYCA.AOS.aquatic.plant.transect.08,19,2019-06-12T19:42:00Z,SYCA.20190612,SYCA.20190612.MACROALGAE1.T8,A00000094866,NA,NA,NA,NA,N,macroalgae,free-floating,NA,NA,macroalgae1.20190612.T8,NA,NA,NA,NA,NA,NA,NA,NA,NA,NA,NA,NA,NA,NA,NA,NA,NA,NA,NA,NA,NA,20260113T222342Z,RELEASE-2026
8608b07d-07ec-4e8d-8b37-adad2611d0d2,D14,SYCA,SYCA.AOS.aquatic.plant.transect.08,18,2019-06-12T19:42:00Z,SYCA.20190612,SYCA.20190612.MACROALGAE1.T8,A00000094866,NA,NA,NA,NA,N,macroalgae,free-floating,NA,NA,macroalgae1.20190612.T8,NA,NA,NA,NA,NA,NA,NA,NA,NA,NA,NA,NA,NA,NA,NA,NA,NA,NA,NA,NA,NA,20260113T222342Z,RELEASE-2026
f77b1552-a9ff-404d-80fd-b0ae15e06146,D14,SYCA,SYCA.AOS.aquatic.plant.transect.08,1,2019-06-12T19:42:00Z,SYCA.20190612,SYCA.20190612.MACROALGAE1.T8,A00000094866,NA,NA,NA,NA,Y,macroalgae,free-floating,NA,NA,macroalgae1.20190612.T8,NA,NA,NA,NA,NA,NA,NA,NA,NA,NA,NA,NA,NA,NA,NA,NA,NA,NA,NA,NA,NA,20260113T222342Z,RELEASE-2026
bc380584-c243-46ff-8041-7db0d9d950e6,D14,SYCA,SYCA.AOS.aquatic.plant.transect.08,14,2019-06-12T19:42:00Z,SYCA.20190612,SYCA.20190612.MACROALGAE1.T8,A00000094866,NA,NA,NA,NA,N,macroalgae,free-floating,NA,NA,macroalgae1.20190612.T8,NA,NA,NA,NA,NA,NA,NA,NA,NA,NA,NA,NA,NA,NA,NA,NA,NA,NA,NA,NA,NA,20260113T222342Z,RELEASE-2026
31bff7fc-2446-4276-a5c0-8acafea1eb6a,D14,SYCA,SYCA.AOS.aquatic.plant.transect.09,5,2019-06-12T20:05:00Z,SYCA.20190612,SYCA.20190612.MACROALGAE1.T9,A00000094867,NA,NA,NA,NA,N,macroalgae,free-floating,NA,NA,macroalgae1.20190612.T9,NA,NA,NA,NA,NA,NA,NA,NA,NA,NA,NA,NA,NA,NA,NA,NA,NA,NA,NA,NA,NA,20260113T222342Z,RELEASE-2026
ea64d145-256e-47a1-9c4b-3c750445bb86,D14,SYCA,SYCA.AOS.aquatic.plant.transect.09,3,2019-06-12T20:05:00Z,SYCA.20190612,SYCA.20190612.MACROALGAE1.T9,A00000094867,NA,NA,NA,NA,N,macroalgae,free-floating,NA,NA,macroalgae1.20190612.T9,NA,NA,NA,NA,NA,NA,NA,NA,NA,NA,NA,NA,NA,NA,NA,NA,NA,NA,NA,NA,NA,20260113T222342Z,RELEASE-2026
6d5872d0-c0f8-46ae-a460-f5dde54f1c0c,D14,SYCA,SYCA.AOS.aquatic.plant.transect.09,4,2019-06-12T20:05:00Z,SYCA.20190612,SYCA.20190612.MACROALGAE1.T9,A00000094867,NA,NA,NA,NA,N,macroalgae,free-floating,NA,NA,macroalgae1.20190612.T9,NA,NA,NA,NA,NA,NA,NA,NA,NA,NA,NA,NA,NA,NA,NA,NA,NA,NA,NA,NA,NA,20260113T222342Z,RELEASE-2026
f5ee93cf-396e-4996-bcc6-3f3dd6a33212,D14,SYCA,SYCA.AOS.aquatic.plant.transect.09,2,2019-06-12T20:05:00Z,SYCA.20190612,SYCA.20190612.MACROALGAE1.T9,A00000094867,NA,NA,NA,NA,N,macroalgae,free-floating,NA,NA,macroalgae1.20190612.T9,NA,NA,NA,NA,NA,NA,NA,NA,NA,NA,NA,NA,NA,NA,NA,NA,NA,NA,NA,NA,NA,20260113T222342Z,RELEASE-2026
2bfc3458-bd0c-462f-b77c-9ed4fe001e81,D14,SYCA,SYCA.AOS.aquatic.plant.transect.09,6,2019-06-12T20:05:00Z,SYCA.20190612,SYCA.20190612.MACROALGAE1.T9,A00000094867,NA,NA,NA,NA,N,macroalgae,free-floating,NA,NA,macroalgae1.20190612.T9,NA,NA,NA,NA,NA,NA,NA,NA,NA,NA,NA,NA,NA,NA,NA,NA,NA,NA,NA,NA,NA,20260113T222342Z,RELEASE-2026
85377c9e-07a8-4871-bcc2-a5912278b329,D14,SYCA,SYCA.AOS.aquatic.plant.transect.09,7,2019-06-12T20:05:00Z,SYCA.20190612,SYCA.20190612.MACROALGAE1.T9,A00000094867,NA,NA,NA,NA,N,macroalgae,free-floating,NA,NA,macroalgae1.20190612.T9,NA,NA,NA,NA,NA,NA,NA,NA,NA,NA,NA,NA,NA,NA,NA,NA,NA,NA,NA,NA,NA,20260113T222342Z,RELEASE-2026
c0238717-bf20-4c2d-bb98-5c1d8e28f46b,D14,SYCA,SYCA.AOS.aquatic.plant.transect.09,1,2019-06-12T20:05:00Z,SYCA.20190612,SYCA.20190612.MACROALGAE1.T9,A00000094867,NA,NA,NA,NA,Y,macroalgae,free-floating,NA,NA,macroalgae1.20190612.T9,NA,NA,NA,NA,NA,NA,NA,NA,NA,NA,NA,NA,NA,NA,NA,NA,NA,NA,NA,NA,NA,20260113T222342Z,RELEASE-2026
60735315-4b08-462e-9bea-1d5925f3cf9d,D14,SYCA,SYCA.AOS.aquatic.plant.transect.10,5,2019-06-12T20:18:00Z,SYCA.20190612,SYCA.20190612.MACROALGAE1.T10,A00000094868,NA,NA,NA,NA,N,macroalgae,free-floating,NA,NA,macroalgae1.20190612.T10,NA,NA,NA,NA,NA,NA,NA,NA,NA,NA,NA,NA,NA,NA,NA,NA,NA,NA,NA,NA,NA,20260113T222342Z,RELEASE-2026
d46dea9e-9498-43f9-9595-7a688d4fc7cb,D14,SYCA,SYCA.AOS.aquatic.plant.transect.10,17,2019-06-12T20:18:00Z,SYCA.20190612,SYCA.20190612.MACROALGAE1.T10,A00000094868,NA,NA,NA,NA,N,macroalgae,free-floating,NA,NA,macroalgae1.20190612.T10,NA,NA,NA,NA,NA,NA,NA,NA,NA,NA,NA,NA,NA,NA,NA,NA,NA,NA,NA,NA,NA,20260113T222342Z,RELEASE-2026
3a2f014a-c553-4361-aea4-d18c1ee4eac0,D14,SYCA,SYCA.AOS.aquatic.plant.transect.10,20,2019-06-12T20:18:00Z,SYCA.20190612,SYCA.20190612.MACROALGAE1.T10,A00000094868,NA,NA,NA,NA,N,macroalgae,free-floating,NA,NA,macroalgae1.20190612.T10,NA,NA,NA,NA,NA,NA,NA,NA,NA,NA,NA,NA,NA,NA,NA,NA,NA,NA,NA,NA,NA,20260113T222342Z,RELEASE-2026
36b28a9f-97d1-4ba1-ae32-4a5224ac76ff,D14,SYCA,SYCA.AOS.aquatic.plant.transect.10,3,2019-06-12T20:18:00Z,SYCA.20190612,SYCA.20190612.MACROALGAE1.T10,A00000094868,NA,NA,NA,NA,N,macroalgae,free-floating,NA,NA,macroalgae1.20190612.T10,NA,NA,NA,NA,NA,NA,NA,NA,NA,NA,NA,NA,NA,NA,NA,NA,NA,NA,NA,NA,NA,20260113T222342Z,RELEASE-2026
a244faec-221e-4a93-8017-4734c659239e,D14,SYCA,SYCA.AOS.aquatic.plant.transect.10,1,2019-06-12T20:18:00Z,SYCA.20190612,SYCA.20190612.MACROALGAE1.T10,A00000094868,NA,NA,NA,NA,Y,macroalgae,free-floating,NA,NA,macroalgae1.20190612.T10,NA,NA,NA,NA,NA,NA,NA,NA,NA,NA,NA,NA,NA,NA,NA,NA,NA,NA,NA,NA,NA,20260113T222342Z,RELEASE-2026
9545a4da-0e5a-4fa5-bf9e-9ff9df9c9a74,D14,SYCA,SYCA.AOS.aquatic.plant.transect.10,18,2019-06-12T20:18:00Z,SYCA.20190612,SYCA.20190612.MACROALGAE1.T10,A00000094868,NA,NA,NA,NA,N,macroalgae,free-floating,NA,NA,macroalgae1.20190612.T10,NA,NA,NA,NA,NA,NA,NA,NA,NA,NA,NA,NA,NA,NA,NA,NA,NA,NA,NA,NA,NA,20260113T222342Z,RELEASE-2026
d5e2c7af-4f34-4b09-a27b-a303ad9a3115,D14,SYCA,SYCA.AOS.aquatic.plant.transect.10,21,2019-06-12T20:18:00Z,SYCA.20190612,SYCA.20190612.MACROALGAE1.T10,A00000094868,NA,NA,NA,NA,N,macroalgae,submerged,NA,NA,macroalgae1.20190612.T10,NA,NA,NA,NA,NA,NA,NA,NA,NA,NA,NA,NA,NA,NA,NA,NA,NA,NA,NA,NA,NA,20260113T222342Z,RELEASE-2026
97d23fe5-d103-4945-9950-7e8a7993a991,D14,SYCA,SYCA.AOS.aquatic.plant.transect.10,27,2019-06-12T20:18:00Z,SYCA.20190612,SYCA.20190612.MACROALGAE1.T10,A00000094868,NA,NA,NA,NA,N,macroalgae,submerged,NA,NA,macroalgae1.20190612.T10,NA,NA,NA,NA,NA,NA,NA,NA,NA,NA,NA,NA,NA,NA,NA,NA,NA,NA,NA,NA,NA,20260113T222342Z,RELEASE-2026
5531b35f-c5fe-4631-933d-ea82f07ee714,D14,SYCA,SYCA.AOS.aquatic.plant.transect.10,7,2019-06-12T20:18:00Z,SYCA.20190612,SYCA.20190612.MACROALGAE1.T10,A00000094868,NA,NA,NA,NA,N,macroalgae,free-floating,NA,NA,macroalgae1.20190612.T10,NA,NA,NA,NA,NA,NA,NA,NA,NA,NA,NA,NA,NA,NA,NA,NA,NA,NA,NA,NA,NA,20260113T222342Z,RELEASE-2026
42613f17-5035-403d-8f35-7093260e528b,D14,SYCA,SYCA.AOS.aquatic.plant.transect.10,24,2019-06-12T20:18:00Z,SYCA.20190612,SYCA.20190612.MACROALGAE1.T10,A00000094868,NA,NA,NA,NA,N,macroalgae,free-floating,NA,NA,macroalgae1.20190612.T10,NA,NA,NA,NA,NA,NA,NA,NA,NA,NA,NA,NA,NA,NA,NA,NA,NA,NA,NA,NA,NA,20260113T222342Z,RELEASE-2026
937238a5-29ed-4cb9-8f73-3564e4ad4c3d,D14,SYCA,SYCA.AOS.aquatic.plant.transect.10,2,2019-06-12T20:18:00Z,SYCA.20190612,SYCA.20190612.MACROALGAE1.T10,A00000094868,NA,NA,NA,NA,N,macroalgae,free-floating,NA,NA,macroalgae1.20190612.T10,NA,NA,NA,NA,NA,NA,NA,NA,NA,NA,NA,NA,NA,NA,NA,NA,NA,NA,NA,NA,NA,20260113T222342Z,RELEASE-2026
af48e29f-cc24-4546-a544-f205083f0a97,D14,SYCA,SYCA.AOS.aquatic.plant.transect.10,4,2019-06-12T20:18:00Z,SYCA.20190612,SYCA.20190612.MACROALGAE1.T10,A00000094868,NA,NA,NA,NA,N,macroalgae,free-floating,NA,NA,macroalgae1.20190612.T10,NA,NA,NA,NA,NA,NA,NA,NA,NA,NA,NA,NA,NA,NA,NA,NA,NA,NA,NA,NA,NA,20260113T222342Z,RELEASE-2026
a2acc106-fafb-4036-b0c3-2927e2f1d67c,D14,SYCA,SYCA.AOS.aquatic.plant.transect.10,19,2019-06-12T20:18:00Z,SYCA.20190612,SYCA.20190612.MACROALGAE1.T10,A00000094868,NA,NA,NA,NA,N,macroalgae,free-floating,NA,NA,macroalgae1.20190612.T10,NA,NA,NA,NA,NA,NA,NA,NA,NA,NA,NA,NA,NA,NA,NA,NA,NA,NA,NA,NA,NA,20260113T222342Z,RELEASE-2026
a9375eb4-6d10-4acd-9bfc-7b8a5ba87089,D14,SYCA,SYCA.AOS.aquatic.plant.transect.10,6,2019-06-12T20:18:00Z,SYCA.20190612,SYCA.20190612.MACROALGAE1.T10,A00000094868,NA,NA,NA,NA,N,macroalgae,free-floating,NA,NA,macroalgae1.20190612.T10,NA,NA,NA,NA,NA,NA,NA,NA,NA,NA,NA,NA,NA,NA,NA,NA,NA,NA,NA,NA,NA,20260113T222342Z,RELEASE-2026
3e833c45-b53b-4796-8522-e932f6923ee9,D14,SYCA,SYCA.AOS.aquatic.plant.transect.01,3,2020-09-24T17:16:00Z,SYCA.20200924,SYCA.20200924.AP1.T01,NA,NA,NA,NA,NA,N,plant,emergent,POFR2,Populus fremontii S. Watson,NA,NA,Magnoliophyta,NA,Magnoliopsida,Salicales,Salicaceae,Populus,NA,fremontii,NA,NA,NA,S. Watson,NA,NA,species,NA,NA,NA,NA,NA,20260113T222346Z,RELEASE-2026
746d6438-95fc-46ef-a8d6-6baf6d9dc9e8,D14,SYCA,SYCA.AOS.aquatic.plant.transect.01,15,2020-09-24T17:16:00Z,SYCA.20200924,SYCA.20200924.AP2.T01,NA,NA,NA,NA,NA,N,plant,emergent,NAOF,Nasturtium officinale W.T. Aiton,NA,NA,Magnoliophyta,NA,Magnoliopsida,Capparales,Brassicaceae,Nasturtium,NA,officinale,NA,NA,NA,W.T. Aiton,NA,NA,species,NA,NA,NA,NA,NA,20260113T222346Z,RELEASE-2026
4c1cc930-49d6-49c5-bbcf-7f7e5459efbe,D14,SYCA,SYCA.AOS.aquatic.plant.transect.06,13,2020-09-24T18:19:00Z,SYCA.20200924,SYCA.20200924.AP6.T06,NA,NA,NA,NA,NA,N,plant,emergent,VEAN2,Veronica anagallis-aquatica L.,NA,NA,Magnoliophyta,NA,Magnoliopsida,Scrophulariales,Scrophulariaceae,Veronica,NA,anagallis-aquatica,NA,NA,NA,L.,NA,NA,species,NA,NA,NA,NA,NA,20260113T222346Z,RELEASE-2026
daeeeb67-403e-4bb4-9c37-e0822f389c8e,D14,SYCA,SYCA.AOS.aquatic.plant.transect.06,3,2020-09-24T18:19:00Z,SYCA.20200924,SYCA.20200924.AP3.T06,NA,NA,NA,NA,NA,N,plant,emergent,CYDA,Cynodon dactylon (L.) Pers.,NA,NA,Magnoliophyta,NA,Liliopsida,Cyperales,Poaceae,Cynodon,NA,dactylon,NA,NA,NA,(L.) Pers.,NA,NA,species,NA,NA,NA,NA,NA,20260113T222346Z,RELEASE-2026
5a705dce-ae0d-4c2d-b6d8-fff2f0a5375f,D14,SYCA,SYCA.AOS.aquatic.plant.transect.06,14,2020-09-24T18:19:00Z,SYCA.20200924,SYCA.20200924.AP7.T06,NA,NA,NA,NA,NA,N,plant,emergent,VEAN2,Veronica anagallis-aquatica L.,NA,NA,Magnoliophyta,NA,Magnoliopsida,Scrophulariales,Scrophulariaceae,Veronica,NA,anagallis-aquatica,NA,NA,NA,L.,NA,NA,species,NA,NA,NA,NA,NA,20260113T222346Z,RELEASE-2026
ada5fa1a-dd23-4226-a700-8982cc899847,D14,SYCA,SYCA.AOS.aquatic.plant.transect.06,10,2020-09-24T18:19:00Z,SYCA.20200924,SYCA.20200924.AP5.T06,NA,NA,NA,NA,NA,N,plant,emergent,VEAN2,Veronica anagallis-aquatica L.,NA,NA,Magnoliophyta,NA,Magnoliopsida,Scrophulariales,Scrophulariaceae,Veronica,NA,anagallis-aquatica,NA,NA,NA,L.,NA,NA,species,NA,NA,NA,NA,NA,20260113T222346Z,RELEASE-2026
aef8f876-ef97-49b6-8ff7-c569f6a05b28,D14,SYCA,SYCA.AOS.aquatic.plant.transect.06,15,2020-09-24T18:19:00Z,SYCA.20200924,SYCA.20200924.AP8.T06,NA,NA,NA,NA,NA,N,plant,emergent,VEAN2,Veronica anagallis-aquatica L.,NA,NA,Magnoliophyta,NA,Magnoliopsida,Scrophulariales,Scrophulariaceae,Veronica,NA,anagallis-aquatica,NA,NA,NA,L.,NA,NA,species,NA,NA,NA,NA,NA,20260113T222346Z,RELEASE-2026
c263ee4a-2684-4c23-8d22-3e95ed127508,D14,SYCA,SYCA.AOS.aquatic.plant.transect.06,1,2020-09-24T18:19:00Z,SYCA.20200924,SYCA.20200924.AP1.T06,NA,NA,NA,NA,NA,N,plant,emergent,CYDA,Cynodon dactylon (L.) Pers.,NA,NA,Magnoliophyta,NA,Liliopsida,Cyperales,Poaceae,Cynodon,NA,dactylon,NA,NA,NA,(L.) Pers.,NA,NA,species,NA,NA,NA,NA,NA,20260113T222346Z,RELEASE-2026
517bee13-3088-49c9-afdb-bfa6c816e414,D14,SYCA,SYCA.AOS.aquatic.plant.transect.06,5,2020-09-24T18:19:00Z,SYCA.20200924,SYCA.20200924.AP4.T06,NA,NA,NA,NA,NA,N,plant,emergent,VEAN2,Veronica anagallis-aquatica L.,NA,NA,Magnoliophyta,NA,Magnoliopsida,Scrophulariales,Scrophulariaceae,Veronica,NA,anagallis-aquatica,NA,NA,NA,L.,NA,NA,species,NA,NA,NA,NA,NA,20260113T222346Z,RELEASE-2026
6404665c-854b-4956-97c1-3ac895ebf72f,D14,SYCA,SYCA.AOS.aquatic.plant.transect.06,2,2020-09-24T18:19:00Z,SYCA.20200924,SYCA.20200924.AP2.T06,NA,NA,NA,NA,NA,N,plant,emergent,CYDA,Cynodon dactylon (L.) Pers.,NA,NA,Magnoliophyta,NA,Liliopsida,Cyperales,Poaceae,Cynodon,NA,dactylon,NA,NA,NA,(L.) Pers.,NA,NA,species,NA,NA,NA,NA,NA,20260113T222346Z,RELEASE-2026
a5d5d0e7-4cbd-48b2-a21f-997fa8e55920,D15,REDB,REDB.AOS.aquatic.plant.transect.06,23,2016-10-06T18:00:00Z,REDB.20161006,REDB.20161006.AP1.T06,NA,NA,NA,NA,NA,N,plant,submerged,MAPO16,Marchantia polymorpha L.,NA,NA,NA,NA,Hepaticopsida,Marchantiales,Marchantiaceae,Marchantia,NA,polymorpha,NA,NA,NA,L.,NA,NA,species,NA,NA,NA,NA,NA,20260113T223452Z,RELEASE-2026
32bcf9ca-870f-4d9f-befb-6e72ac011e79,D15,REDB,REDB.AOS.aquatic.plant.transect.04,13,2016-10-06T18:00:00Z,REDB.20161006,REDB.20161006..T4,NA,NA,NA,NA,NA,N,plant,submerged,2PLANT,Unknown plant,crispy2,NA,NA,NA,NA,NA,NA,NA,NA,NA,NA,NA,NA,NA,NA,NA,kingdom,Unsure what this is. It may be crispy dead moss. Was still clinging to rock.,NA,NA,NA,NA,20260113T223452Z,RELEASE-2026
8044ec9d-2aa3-47ff-a0c8-987068959c08,D15,REDB,REDB.AOS.aquatic.plant.transect.04,16,2016-10-06T18:00:00Z,REDB.20161006,REDB.20161006.AP2.T04,NA,NA,NA,NA,NA,N,plant,submerged,2PLANT,Unknown plant,crispy2,NA,NA,NA,NA,NA,NA,NA,NA,NA,NA,NA,NA,NA,NA,NA,kingdom,NA,NA,NA,NA,NA,20260113T223452Z,RELEASE-2026
41c94b24-e7d4-4cfe-b418-84b3658a1d76,D15,REDB,REDB.AOS.aquatic.plant.transect.04,19,2016-10-06T19:05:00Z,REDB.20161006,REDB.20161006.AP3.T04,NA,NA,NA,NA,NA,N,plant,submerged,2PLANT,Unknown plant,crispy2,NA,NA,NA,NA,NA,NA,NA,NA,NA,NA,NA,NA,NA,NA,NA,kingdom,NA,NA,NA,NA,legacyData,20260113T223452Z,RELEASE-2026
e7184ab6-4afc-41d9-b84e-4ca2d2d04941,D14,SYCA,SYCA.AOS.aquatic.plant.transect.03,21,2022-06-14T15:25:00Z,SYCA.20220614,SYCA.20220614.MACROALGAE21.T3,A00000354447,Sample condition ok,NA,NA,NA,Y,macroalgae,submerged,UNKALG,Unknown Algae,macroalgae21.20220614.T3,NA,NA,NA,NA,NA,NA,NA,NA,NA,NA,NA,NA,NA,NA,NA,kingdom,NA,NA,NA,NA,NA,20260113T222124Z,RELEASE-2026
070bc8fc-32a7-4542-975a-0b31aaa3d07f,D14,SYCA,SYCA.AOS.aquatic.plant.transect.04,29,2022-06-14T16:04:00Z,SYCA.20220614,SYCA.20220614.MACROALGAE29.T4,A00000354464,Sample condition ok,NA,NA,NA,Y,macroalgae,submerged,UNKALG,Unknown Algae,macroalgae29.20220614.T4,NA,NA,NA,NA,NA,NA,NA,NA,NA,NA,NA,NA,NA,NA,NA,kingdom,NA,NA,NA,NA,NA,20260113T222124Z,RELEASE-2026
f182cb83-5b30-411c-9053-791adbc6eed8,D14,SYCA,SYCA.AOS.aquatic.plant.transect.05,17,2022-06-14T16:27:00Z,SYCA.20220614,SYCA.20220614.MACROALGAE15.T5,A00000354479,NA,NA,NA,NA,Y,macroalgae,submerged,UNKALG,Unknown Algae,macroalgae15.20220614.T5,NA,NA,NA,NA,NA,NA,NA,NA,NA,NA,NA,NA,NA,NA,NA,kingdom,NA,NA,NA,NA,NA,20260113T222124Z,RELEASE-2026
2f8cbc32-33cc-4a17-8a33-fb7c6ab446f6,D14,SYCA,SYCA.AOS.aquatic.plant.transect.05,15,2022-06-14T16:27:00Z,SYCA.20220614,SYCA.20220614.MACROALGAE15.T5,A00000354479,Sample condition ok,NA,NA,NA,Y,macroalgae,submerged,UNKALG,Unknown Algae,macroalgae15.20220614.T5,NA,NA,NA,NA,NA,NA,NA,NA,NA,NA,NA,NA,NA,NA,NA,kingdom,NA,NA,NA,NA,NA,20260113T222124Z,RELEASE-2026
ed3c32f2-ab71-4b23-929f-f4a9cf65c866,D14,SYCA,SYCA.AOS.aquatic.plant.transect.06,20,2022-06-14T16:46:00Z,SYCA.20220614,SYCA.20220614.AP20.1.T6,NA,Sample condition ok,NA,NA,NA,N,plant,emergent,NAOF,Nasturtium officinale W.T. Aiton,NA,NA,Magnoliophyta,NA,Magnoliopsida,Capparales,Brassicaceae,Nasturtium,NA,officinale,NA,NA,NA,W.T. Aiton,NA,NA,species,NA,NA,NA,NA,NA,20260113T222124Z,RELEASE-2026
5a0f5f49-7a49-4241-90f5-5997b57d888e,D14,SYCA,SYCA.AOS.aquatic.plant.transect.06,2,2022-06-14T16:46:00Z,SYCA.20220614,SYCA.20220614.MACROALGAE2.T6,A00000354463,Sample condition ok,NA,NA,NA,Y,macroalgae,submerged,UNKALG,Unknown Algae,macroalgae2.20220614.T6,NA,NA,NA,NA,NA,NA,NA,NA,NA,NA,NA,NA,NA,NA,NA,kingdom,NA,NA,NA,NA,NA,20260113T222124Z,RELEASE-2026
5217b143-7cb7-4135-b48a-e5bfaaf881b3,D14,SYCA,SYCA.AOS.aquatic.plant.transect.08,19,2022-06-14T18:06:00Z,SYCA.20220614,SYCA.20220614.MACROALGAE2.T8,A00000354448,Sample condition ok,NA,NA,NA,Y,macroalgae,free-floating,UNKALG,Unknown Algae,macroalgae2.20220614.T8,NA,NA,NA,NA,NA,NA,NA,NA,NA,NA,NA,NA,NA,NA,NA,kingdom,NA,NA,NA,NA,NA,20260113T222124Z,RELEASE-2026
4fcac2c8-8a19-49a9-88c9-da028bc0084e,D14,SYCA,SYCA.AOS.aquatic.plant.transect.08,1,2022-06-14T18:06:00Z,SYCA.20220614,SYCA.20220614.AP1.1.T8,NA,Sample condition ok,NA,NA,NA,N,plant,emergent,NAOF,Nasturtium officinale W.T. Aiton,NA,NA,Magnoliophyta,NA,Magnoliopsida,Capparales,Brassicaceae,Nasturtium,NA,officinale,NA,NA,NA,W.T. Aiton,NA,NA,species,NA,NA,NA,NA,NA,20260113T222124Z,RELEASE-2026
ffd90a40-20a3-4f53-adb2-2d94f3dcfcb7,D14,SYCA,SYCA.AOS.aquatic.plant.transect.08,6,2022-06-14T18:06:00Z,SYCA.20220614,SYCA.20220614.AP6.1.T8,NA,Sample condition ok,NA,NA,NA,N,plant,emergent,VEAN2,Veronica anagallis-aquatica L.,NA,NA,Magnoliophyta,NA,Magnoliopsida,Scrophulariales,Scrophulariaceae,Veronica,NA,anagallis-aquatica,NA,NA,NA,L.,NA,NA,species,NA,NA,NA,NA,NA,20260113T222124Z,RELEASE-2026
b83004d5-1c85-4e3c-a3e7-eaacc49be4e4,D14,SYCA,SYCA.AOS.aquatic.plant.transect.08,2,2022-06-14T18:06:00Z,SYCA.20220614,SYCA.20220614.MACROALGAE2.T8,A00000354448,Sample condition ok,NA,NA,NA,Y,macroalgae,submerged,UNKALG,Unknown Algae,macroalgae2.20220614.T8,NA,NA,NA,NA,NA,NA,NA,NA,NA,NA,NA,NA,NA,NA,NA,kingdom,NA,NA,NA,NA,NA,20260113T222124Z,RELEASE-2026
7dd497d9-3875-4b84-bd36-2b2ee26e5549,D14,SYCA,SYCA.AOS.aquatic.plant.transect.08,18,2022-06-14T18:06:00Z,SYCA.20220614,SYCA.20220614.MACROALGAE2.T8,A00000354448,Sample condition ok,NA,NA,NA,Y,macroalgae,free-floating,UNKALG,Unknown Algae,macroalgae2.20220614.T8,NA,NA,NA,NA,NA,NA,NA,NA,NA,NA,NA,NA,NA,NA,NA,kingdom,NA,NA,NA,NA,NA,20260113T222124Z,RELEASE-2026
50930430-91b9-4196-837d-ef4290af5632,D14,SYCA,SYCA.AOS.aquatic.plant.transect.09,20,2022-06-14T18:35:00Z,SYCA.20220614,SYCA.20220614.AP20.1.T9,NA,Sample condition ok,NA,NA,NA,N,plant,floating-leaved,VEAN2,Veronica anagallis-aquatica L.,NA,NA,Magnoliophyta,NA,Magnoliopsida,Scrophulariales,Scrophulariaceae,Veronica,NA,anagallis-aquatica,NA,NA,NA,L.,NA,NA,species,NA,NA,NA,NA,NA,20260113T222124Z,RELEASE-2026
0009ba06-465f-4f1e-9bf2-fe83621ee762,D14,SYCA,SYCA.AOS.aquatic.plant.transect.09,13,2022-06-14T18:35:00Z,SYCA.20220614,SYCA.20220614.MACROALGAE5.T9,A00000354480,Sample condition ok,NA,NA,NA,Y,macroalgae,free-floating,UNKALG,Unknown Algae,macroalgae5.20220614.T9,NA,NA,NA,NA,NA,NA,NA,NA,NA,NA,NA,NA,NA,NA,NA,kingdom,NA,NA,NA,NA,NA,20260113T222124Z,RELEASE-2026
08c0918e-0f07-4aa3-8be5-caa69ad05246,D14,SYCA,SYCA.AOS.aquatic.plant.transect.09,12,2022-06-14T18:35:00Z,SYCA.20220614,SYCA.20220614.MACROALGAE5.T9,A00000354480,Sample condition ok,NA,NA,NA,Y,macroalgae,free-floating,UNKALG,Unknown Algae,macroalgae5.20220614.T9,NA,NA,NA,NA,NA,NA,NA,NA,NA,NA,NA,NA,NA,NA,NA,kingdom,NA,NA,NA,NA,NA,20260113T222124Z,RELEASE-2026
704ad59d-954d-4a8c-9961-d7b287805859,D14,SYCA,SYCA.AOS.aquatic.plant.transect.09,5,2022-06-14T18:35:00Z,SYCA.20220614,SYCA.20220614.MACROALGAE5.T9,A00000354480,Sample condition ok,NA,NA,NA,Y,macroalgae,free-floating,UNKALG,Unknown Algae,macroalgae5.20220614.T9,NA,NA,NA,NA,NA,NA,NA,NA,NA,NA,NA,NA,NA,NA,NA,kingdom,NA,NA,NA,NA,NA,20260113T222124Z,RELEASE-2026
b0ad4562-46b6-41be-8649-349d6fc37321,D14,SYCA,SYCA.AOS.aquatic.plant.transect.09,4,2022-06-14T18:35:00Z,SYCA.20220614,SYCA.20220614.AP4.1.T9,NA,Sample condition ok,NA,NA,NA,N,plant,emergent,VEAN2,Veronica anagallis-aquatica L.,NA,NA,Magnoliophyta,NA,Magnoliopsida,Scrophulariales,Scrophulariaceae,Veronica,NA,anagallis-aquatica,NA,NA,NA,L.,NA,NA,species,NA,NA,NA,NA,NA,20260113T222124Z,RELEASE-2026
92461e95-4e15-40db-b25b-959d2373f89f,D14,SYCA,SYCA.AOS.aquatic.plant.transect.09,18,2022-06-14T18:35:00Z,SYCA.20220614,SYCA.20220614.MACROALGAE5.T9,A00000354480,Sample condition ok,NA,NA,NA,Y,macroalgae,free-floating,UNKALG,Unknown Algae,macroalgae5.20220614.T9,NA,NA,NA,NA,NA,NA,NA,NA,NA,NA,NA,NA,NA,NA,NA,kingdom,NA,NA,NA,NA,NA,20260113T222124Z,RELEASE-2026
31ef8986-9b2c-460f-8809-920a748c3dd4,D14,SYCA,SYCA.AOS.aquatic.plant.transect.09,6,2022-06-14T18:35:00Z,SYCA.20220614,SYCA.20220614.MACROALGAE5.T9,A00000354480,Sample condition ok,NA,NA,NA,Y,macroalgae,free-floating,UNKALG,Unknown Algae,macroalgae5.20220614.T9,NA,NA,NA,NA,NA,NA,NA,NA,NA,NA,NA,NA,NA,NA,NA,kingdom,NA,NA,NA,NA,NA,20260113T222124Z,RELEASE-2026
ea95280e-ee8f-4cd9-ae6c-4643eee979cf,D14,SYCA,SYCA.AOS.aquatic.plant.transect.09,3,2022-06-14T18:35:00Z,SYCA.20220614,SYCA.20220614.AP3.1.T9,NA,Sample condition ok,NA,NA,NA,N,plant,submerged,VEAN2,Veronica anagallis-aquatica L.,NA,NA,Magnoliophyta,NA,Magnoliopsida,Scrophulariales,Scrophulariaceae,Veronica,NA,anagallis-aquatica,NA,NA,NA,L.,NA,NA,species,NA,NA,NA,NA,NA,20260113T222124Z,RELEASE-2026
002f54c4-2510-4b40-8a87-aef73cbd7eba,D14,SYCA,SYCA.AOS.aquatic.plant.transect.10,13,2022-06-14T19:04:00Z,SYCA.20220614,SYCA.20220614.MACROALGAE12.T10,A00000354449,Sample condition ok,NA,NA,NA,Y,macroalgae,free-floating,UNKALG,Unknown Algae,macroalgae12.20220614.T10,NA,NA,NA,NA,NA,NA,NA,NA,NA,NA,NA,NA,NA,NA,NA,kingdom,NA,NA,NA,NA,NA,20260113T222124Z,RELEASE-2026
b4145410-a627-4cc8-bb75-d1b84328f779,D14,SYCA,SYCA.AOS.aquatic.plant.transect.10,19,2022-06-14T19:04:00Z,SYCA.20220614,SYCA.20220614.MACROALGAE12.T10,A00000354449,Sample condition ok,NA,NA,NA,Y,macroalgae,free-floating,UNKALG,Unknown Algae,macroalgae12.20220614.T10,NA,NA,NA,NA,NA,NA,NA,NA,NA,NA,NA,NA,NA,NA,NA,kingdom,NA,NA,NA,NA,NA,20260113T222124Z,RELEASE-2026
df5acfcd-6e3d-46ea-8a2b-953e15392c4e,D14,SYCA,SYCA.AOS.aquatic.plant.transect.10,17,2022-06-14T19:04:00Z,SYCA.20220614,SYCA.20220614.MACROALGAE12.T10,A00000354449,Sample condition ok,NA,NA,NA,Y,macroalgae,free-floating,UNKALG,Unknown Algae,macroalgae12.20220614.T10,NA,NA,NA,NA,NA,NA,NA,NA,NA,NA,NA,NA,NA,NA,NA,kingdom,NA,NA,NA,NA,NA,20260113T222124Z,RELEASE-2026
9546a93a-345e-4c73-9fb3-5d84b79deed0,D14,SYCA,SYCA.AOS.aquatic.plant.transect.10,14,2022-06-14T19:04:00Z,SYCA.20220614,SYCA.20220614.MACROALGAE12.T10,A00000354449,Sample condition ok,NA,NA,NA,Y,macroalgae,free-floating,UNKALG,Unknown Algae,macroalgae12.20220614.T10,NA,NA,NA,NA,NA,NA,NA,NA,NA,NA,NA,NA,NA,NA,NA,kingdom,NA,NA,NA,NA,NA,20260113T222124Z,RELEASE-2026
3f216081-9e9f-4e40-860d-7c4ff4109865,D14,SYCA,SYCA.AOS.aquatic.plant.transect.10,12,2022-06-14T19:04:00Z,SYCA.20220614,SYCA.20220614.MACROALGAE12.T10,A00000354449,Sample condition ok,NA,NA,NA,Y,macroalgae,free-floating,UNKALG,Unknown Algae,macroalgae12.20220614.T10,NA,NA,NA,NA,NA,NA,NA,NA,NA,NA,NA,NA,NA,NA,NA,kingdom,NA,NA,NA,NA,NA,20260113T222124Z,RELEASE-2026
ae20d280-17c3-4605-8f04-4618387df03d,D14,SYCA,SYCA.AOS.aquatic.plant.transect.10,18,2022-06-14T19:04:00Z,SYCA.20220614,SYCA.20220614.MACROALGAE12.T10,A00000354449,Sample condition ok,NA,NA,NA,Y,macroalgae,free-floating,UNKALG,Unknown Algae,macroalgae12.20220614.T10,NA,NA,NA,NA,NA,NA,NA,NA,NA,NA,NA,NA,NA,NA,NA,kingdom,NA,NA,NA,NA,NA,20260113T222124Z,RELEASE-2026
d14c2baa-4194-466a-9d31-a92d3280c47b,D14,SYCA,SYCA.AOS.aquatic.plant.transect.10,15,2022-06-14T19:04:00Z,SYCA.20220614,SYCA.20220614.MACROALGAE12.T10,A00000354449,Sample condition ok,NA,NA,NA,Y,macroalgae,free-floating,UNKALG,Unknown Algae,macroalgae12.20220614.T10,NA,NA,NA,NA,NA,NA,NA,NA,NA,NA,NA,NA,NA,NA,NA,kingdom,NA,NA,NA,NA,NA,20260113T222124Z,RELEASE-2026
da30e03e-c4d0-4a76-abb5-90a798e43bc9,D15,REDB,REDB.AOS.aquatic.plant.transect.02,17,2017-07-13T16:29:00Z,REDB.20170713,REDB.20170713.MACROALGAE17.T2-VOUCHER,NA,NA,NA,NA,NA,Y,macroalgae,submerged,NA,NA,macroalgae17.20170713.T2,NA,NA,NA,NA,NA,NA,NA,NA,NA,NA,NA,NA,NA,NA,NA,NA,MacroalgaeA morphology.,NA,NA,NA,NA,20260113T223419Z,RELEASE-2026
eaf29187-dd55-47b7-b112-1b7a750f27b0,D15,REDB,REDB.AOS.aquatic.plant.transect.02,18,2017-07-13T16:29:00Z,REDB.20170713,REDB.20170713.MACROALGAE17.T2-VOUCHER,NA,NA,NA,NA,NA,N,macroalgae,submerged,NA,NA,macroalgae17.20170713.T2,NA,NA,NA,NA,NA,NA,NA,NA,NA,NA,NA,NA,NA,NA,NA,NA,NA,NA,NA,NA,NA,20260113T223419Z,RELEASE-2026
a2f6eed8-4cf2-4eaa-b973-55f434a6016b,D15,REDB,REDB.AOS.aquatic.plant.transect.03,5,2017-07-13T16:58:00Z,REDB.20170713,REDB.20170713.MACROALGAE5.T3-VOUCHER,NA,NA,NA,NA,NA,Y,macroalgae,submerged,NA,NA,macroalgae5.20170713.T3,NA,NA,NA,NA,NA,NA,NA,NA,NA,NA,NA,NA,NA,NA,NA,NA,NA,NA,NA,NA,NA,20260113T223419Z,RELEASE-2026
88b9d3ac-bac6-47c3-9474-8e10311e72bd,D15,REDB,REDB.AOS.aquatic.plant.transect.03,6,2017-07-13T16:58:00Z,REDB.20170713,REDB.20170713.MACROALGAE5.T3-VOUCHER,NA,NA,NA,NA,NA,N,macroalgae,submerged,NA,NA,macroalgae5.20170713.T3,NA,NA,NA,NA,NA,NA,NA,NA,NA,NA,NA,NA,NA,NA,NA,NA,NA,NA,NA,NA,NA,20260113T223419Z,RELEASE-2026
9edeedec-7107-41db-bbb4-3b2edde5997a,D15,REDB,REDB.AOS.aquatic.plant.transect.03,9,2017-07-13T16:58:00Z,REDB.20170713,REDB.20170713.MACROALGAE5.T3-VOUCHER,NA,NA,NA,NA,NA,N,macroalgae,submerged,NA,NA,macroalgae5.20170713.T3,NA,NA,NA,NA,NA,NA,NA,NA,NA,NA,NA,NA,NA,NA,NA,NA,NA,NA,NA,NA,NA,20260113T223419Z,RELEASE-2026
f39b53f3-85bf-4d04-b472-e80e2686dfd5,D15,REDB,REDB.AOS.aquatic.plant.transect.04,25,2017-07-13T17:47:00Z,REDB.20170713,REDB.20170713.AP1.T04,NA,NA,NA,NA,NA,N,plant,emergent,EQAR,Equisetum arvense L.,NA,NA,Equisetophyta,NA,Equisetopsida,Equisetales,Equisetaceae,Equisetum,NA,arvense,NA,NA,NA,L.,cf. subspecies,"Cooper, Handbook of wetland plants of the rocky mountain region (2015)",species,NA,NA,NA,NA,NA,20260113T223419Z,RELEASE-2026
e2c69dbe-02c4-473e-8be8-bfd197ea434e,D15,REDB,REDB.AOS.aquatic.plant.transect.06,26,2017-07-13T18:58:00Z,REDB.20170713,REDB.20170713.AP2.T06,NA,NA,NA,NA,NA,N,plant,emergent,MAPO16,Marchantia polymorpha L.,NA,NA,NA,NA,Hepaticopsida,Marchantiales,Marchantiaceae,Marchantia,NA,polymorpha,NA,NA,NA,L.,cf. subspecies,"Conard, How to know the mosses and liverworts (2015)",species,Marchantia polymorpha,NA,NA,NA,NA,20260113T223419Z,RELEASE-2026
3b33b76c-d9fe-4050-8865-1b1a96dee75c,D15,REDB,REDB.AOS.aquatic.plant.transect.06,24,2017-07-13T18:58:00Z,REDB.20170713,REDB.20170713.AP1.T06,NA,NA,NA,NA,NA,N,plant,submerged,MAPO16,Marchantia polymorpha L.,NA,NA,NA,NA,Hepaticopsida,Marchantiales,Marchantiaceae,Marchantia,NA,polymorpha,NA,NA,NA,L.,cf. subspecies,"Conard, How to know the mosses and liverworts (2015)",species,Marchantia polymorpha,NA,NA,NA,NA,20260113T223419Z,RELEASE-2026
d3404002-2994-4489-ab44-f19bc06288ad,D15,REDB,REDB.AOS.aquatic.plant.transect.08,15,2017-07-13T19:51:00Z,REDB.20170713,REDB.20170713.AP1.T08,NA,NA,NA,NA,NA,N,plant,submerged,MAPO16,Marchantia polymorpha L.,NA,NA,NA,NA,Hepaticopsida,Marchantiales,Marchantiaceae,Marchantia,NA,polymorpha,NA,NA,NA,L.,cf. subspecies,"Conard, How to know the mosses and liverworts (2015)",species,Marchantia polymorphia,NA,NA,NA,NA,20260113T223419Z,RELEASE-2026
44d684a8-bec1-402e-9733-318cd4663d26,D15,REDB,REDB.AOS.aquatic.plant.transect.10,15,2017-07-13T20:42:00Z,REDB.20170713,REDB.20170713.MACROALGAE15.T10-VOUCHER,NA,NA,NA,NA,NA,Y,macroalgae,submerged,NA,NA,macroalgae15.20170713.T10,NA,NA,NA,NA,NA,NA,NA,NA,NA,NA,NA,NA,NA,NA,NA,NA,NA,NA,NA,NA,NA,20260113T223419Z,RELEASE-2026
73373a8e-c605-4c62-909c-7bb70372155b,D15,REDB,REDB.AOS.aquatic.plant.transect.10,17,2017-07-13T20:42:00Z,REDB.20170713,REDB.20170713.MACROALGAE15.T10-VOUCHER,NA,NA,NA,NA,NA,N,macroalgae,submerged,NA,NA,macroalgae15.20170713.T10,NA,NA,NA,NA,NA,NA,NA,NA,NA,NA,NA,NA,NA,NA,NA,NA,MacroalgaeA,NA,NA,NA,NA,20260113T223419Z,RELEASE-2026
970b7544-a33c-49cf-a06f-afad3309dcab,D15,REDB,REDB.AOS.aquatic.plant.transect.10,10,2017-07-13T20:42:00Z,REDB.20170713,REDB.20170713.AP3.T10,NA,NA,NA,NA,NA,N,plant,submerged,MAPO16,Marchantia polymorpha L.,NA,NA,NA,NA,Hepaticopsida,Marchantiales,Marchantiaceae,Marchantia,NA,polymorpha,NA,NA,NA,L.,cf. subspecies,"Conard, How to know the mosses and liverworts (2015)",species,Marchantia polymorpha,NA,NA,NA,NA,20260113T223419Z,RELEASE-2026
53928eac-fbea-4c48-926d-ba46b340b766,D15,REDB,REDB.AOS.aquatic.plant.transect.10,8,2017-07-13T20:42:00Z,REDB.20170713,REDB.20170713.AP1.T10,NA,NA,NA,NA,NA,N,plant,submerged,MAPO16,Marchantia polymorpha L.,NA,NA,NA,NA,Hepaticopsida,Marchantiales,Marchantiaceae,Marchantia,NA,polymorpha,NA,NA,NA,L.,cf. subspecies,"Conard, How to know the mosses and liverworts (2015)",species,Marchantia polymorpha,NA,NA,NA,NA,20260113T223419Z,RELEASE-2026
129c64f0-cb89-4831-9a7a-ca0abd3f20a1,D15,REDB,REDB.AOS.aquatic.plant.transect.10,9,2017-07-13T20:42:00Z,REDB.20170713,REDB.20170713.AP2.T10,NA,NA,NA,NA,NA,N,plant,submerged,MAPO16,Marchantia polymorpha L.,NA,NA,NA,NA,Hepaticopsida,Marchantiales,Marchantiaceae,Marchantia,NA,polymorpha,NA,NA,NA,L.,cf. subspecies,"Conard, How to know the mosses and liverworts (2015)",species,Marchantia polymorpha,NA,NA,NA,NA,20260113T223419Z,RELEASE-2026
622f596c-a7f0-4b52-b633-f1128410755d,D15,REDB,REDB.AOS.aquatic.plant.transect.10,23,2017-07-13T20:42:00Z,REDB.20170713,REDB.20170713.MACROALGAE21.T10-VOUCHER,NA,NA,NA,NA,NA,N,macroalgae,submerged,NA,NA,NA,NA,NA,NA,NA,NA,NA,NA,NA,NA,NA,NA,NA,NA,NA,NA,NA,MacroalgaeA,NA,NA,NA,NA,20260113T223419Z,RELEASE-2026
1d6c2aaf-f836-4350-8db1-1d2beb3d9b97,D15,REDB,REDB.AOS.aquatic.plant.transect.10,21,2017-07-13T20:42:00Z,REDB.20170713,REDB.20170713.MACROALGAE21.T10-VOUCHER,NA,NA,NA,NA,NA,Y,macroalgae,submerged,NA,NA,macroalgae21.20170713.T10,NA,NA,NA,NA,NA,NA,NA,NA,NA,NA,NA,NA,NA,NA,NA,NA,MacroalgaeB,NA,NA,NA,NA,20260113T223419Z,RELEASE-2026
3b2c0766-d195-4d56-a4e2-1b4657e45a32,D15,REDB,REDB.AOS.aquatic.plant.transect.10,24,2017-07-13T20:42:00Z,REDB.20170713,REDB.20170713.MACROALGAE21.T10-VOUCHER,NA,NA,NA,NA,NA,N,macroalgae,emergent,NA,NA,NA,NA,NA,NA,NA,NA,NA,NA,NA,NA,NA,NA,NA,NA,NA,NA,NA,MacroalgaeB,NA,NA,NA,NA,20260113T223419Z,RELEASE-2026
13353a0c-b80d-498e-bb44-a559ebf06bd3,D15,REDB,REDB.AOS.aquatic.plant.transect.06,8,2017-10-05T20:26:00Z,REDB.20171005,REDB.20171005.AP1.T06,NA,NA,NA,NA,NA,N,plant,submerged,MAPOP,Marchantia polymorpha L. ssp. polymorpha,NA,NA,NA,NA,Hepaticopsida,Marchantiales,Marchantiaceae,Marchantia,NA,polymorpha,polymorpha,NA,NA,L.,cf. subspecies,"Conard, How to know the mosses and liverworts (2015)",subspecies,NA,NA,NA,NA,NA,20260113T222330Z,RELEASE-2026
aff135b5-73b5-4bbd-8038-7024e3cb248c,D15,REDB,REDB.AOS.aquatic.plant.transect.06,16,2017-10-05T20:26:00Z,REDB.20171005,REDB.20171005.AP3.T06,NA,NA,NA,NA,NA,N,plant,submerged,MAPOP,Marchantia polymorpha L. ssp. polymorpha,NA,NA,NA,NA,Hepaticopsida,Marchantiales,Marchantiaceae,Marchantia,NA,polymorpha,polymorpha,NA,NA,L.,cf. subspecies,"Conard, How to know the mosses and liverworts (2015)",subspecies,NA,NA,NA,NA,NA,20260113T222330Z,RELEASE-2026
eb88c7ca-1832-4ea0-b727-f0bf98d074ef,D15,REDB,REDB.AOS.aquatic.plant.transect.06,13,2017-10-05T20:26:00Z,REDB.20171005,REDB.20171005.AP2.T06,NA,NA,NA,NA,NA,N,plant,submerged,MAPOP,Marchantia polymorpha L. ssp. polymorpha,NA,NA,NA,NA,Hepaticopsida,Marchantiales,Marchantiaceae,Marchantia,NA,polymorpha,polymorpha,NA,NA,L.,cf. subspecies,"Conard, How to know the mosses and liverworts (2015)",subspecies,NA,NA,NA,NA,NA,20260113T222330Z,RELEASE-2026
830b014a-c2bc-4b5d-86d3-56b3ef9b338a,D15,REDB,REDB.AOS.aquatic.plant.transect.08,15,2017-10-05T21:11:00Z,REDB.20171005,REDB.20171005.AP2.T08,NA,NA,NA,NA,NA,N,plant,emergent,MAPOP,Marchantia polymorpha L. ssp. polymorpha,NA,NA,NA,NA,Hepaticopsida,Marchantiales,Marchantiaceae,Marchantia,NA,polymorpha,polymorpha,NA,NA,L.,cf. subspecies,"Conard, How to know the mosses and liverworts (2015)",subspecies,NA,NA,NA,NA,NA,20260113T222330Z,RELEASE-2026
72591026-843f-4ebe-a80b-53f884aecacc,D15,REDB,REDB.AOS.aquatic.plant.transect.08,8,2017-10-05T21:11:00Z,REDB.20171005,REDB.20171005.AP1.T08,NA,NA,NA,NA,NA,N,plant,submerged,MAPOP,Marchantia polymorpha L. ssp. polymorpha,NA,NA,NA,NA,Hepaticopsida,Marchantiales,Marchantiaceae,Marchantia,NA,polymorpha,polymorpha,NA,NA,L.,cf. subspecies,"Conard, How to know the mosses and liverworts (2015)",subspecies,NA,NA,NA,NA,NA,20260113T222330Z,RELEASE-2026
6051f648-ea85-4d95-a15d-eb47e05948d2,D15,REDB,REDB.AOS.aquatic.plant.transect.10,16,2017-10-05T21:42:00Z,REDB.20171005,REDB.20171005.AP1.T10,NA,NA,NA,NA,NA,N,plant,submerged,MAPOP,Marchantia polymorpha L. ssp. polymorpha,NA,NA,NA,NA,Hepaticopsida,Marchantiales,Marchantiaceae,Marchantia,NA,polymorpha,polymorpha,NA,NA,L.,cf. subspecies,"Conard, How to know the mosses and liverworts (2015)",subspecies,NA,NA,NA,NA,NA,20260113T222330Z,RELEASE-2026
e8a6179e-b81c-40ff-8bb5-309fbd58135f,D15,REDB,REDB.AOS.aquatic.plant.transect.05,6,2018-04-03T17:11:00Z,REDB.20180403,REDB.20180403.AP1.T05,NA,NA,NA,NA,NA,N,plant,submerged,2PLANT,Unknown plant,Sporingmoss,Submerged moss patch with spore body,NA,NA,NA,NA,NA,NA,NA,NA,NA,NA,NA,NA,NA,NA,kingdom,Photos and video taken,NA,NA,NA,NA,20260113T222550Z,RELEASE-2026
31dc0d13-8ec5-4bcd-a449-28e0a5545895,D15,REDB,REDB.AOS.aquatic.plant.transect.05,7,2018-04-03T17:11:00Z,REDB.20180403,REDB.20180403.AP2.T05,NA,NA,NA,NA,NA,N,plant,submerged,2PLANT,Unknown plant,Sporingmoss,Submerged moss patch with spore body,NA,NA,NA,NA,NA,NA,NA,NA,NA,NA,NA,NA,NA,NA,kingdom,NA,NA,NA,NA,NA,20260113T222550Z,RELEASE-2026
294cf73d-ee78-4d4f-9239-2477fdcc55a7,D15,REDB,REDB.AOS.aquatic.plant.transect.05,16,2018-04-03T17:11:00Z,REDB.20180403,REDB.20180403.AP3.T05,NA,NA,NA,NA,NA,N,plant,submerged,2PLANT,Unknown plant,Sporingmoss,Submerged moss patch with spore body,NA,NA,NA,NA,NA,NA,NA,NA,NA,NA,NA,NA,NA,NA,kingdom,NA,NA,NA,NA,NA,20260113T222550Z,RELEASE-2026
5cb1f2a1-b8a7-472f-a601-7265adbc3c4d,D15,REDB,REDB.AOS.aquatic.plant.transect.06,13,2018-04-03T18:19:00Z,REDB.20180403,REDB.20180403.AP3.T06,NA,NA,NA,NA,NA,N,plant,submerged,2PLANT,Unknown plant,Sporingmoss,Submerged moss patch with spore body,NA,NA,NA,NA,NA,NA,NA,NA,NA,NA,NA,NA,NA,NA,kingdom,NA,NA,NA,NA,NA,20260113T222550Z,RELEASE-2026
cc225ca1-664a-4dac-a9d8-6970cd68b105,D15,REDB,REDB.AOS.aquatic.plant.transect.06,9,2018-04-03T18:19:00Z,REDB.20180403,REDB.20180403.AP2.T06,NA,NA,NA,NA,NA,N,plant,submerged,MAPO16,Marchantia polymorpha L.,NA,NA,NA,NA,Hepaticopsida,Marchantiales,Marchantiaceae,Marchantia,NA,polymorpha,NA,NA,NA,L.,NA,"Conard, How to know the mosses and liverworts (2015)",species,NA,NA,NA,NA,NA,20260113T222550Z,RELEASE-2026
f926ea01-a9b1-4a25-b153-e9335e4d96ea,D15,REDB,REDB.AOS.aquatic.plant.transect.06,7,2018-04-03T18:19:00Z,REDB.20180403,REDB.20180403.AP1.T06,NA,NA,NA,NA,NA,N,plant,submerged,2PLANT,Unknown plant,Sporingmoss,Submerged moss patch with spore body,NA,NA,NA,NA,NA,NA,NA,NA,NA,NA,NA,NA,NA,NA,kingdom,NA,NA,NA,NA,NA,20260113T222550Z,RELEASE-2026
4ef8c16f-cf24-448a-a40a-5cae601d4086,D15,REDB,REDB.AOS.aquatic.plant.transect.07,7,2018-04-03T18:35:00Z,REDB.20180403,REDB.20180403.MACROALGAE1.T07,NA,NA,NA,NA,NA,N,macroalgae,submerged,NA,NA,NA,NA,NA,NA,NA,NA,NA,NA,NA,NA,NA,NA,NA,NA,NA,NA,NA,Black bubble morphoID,NA,NA,NA,NA,20260113T222550Z,RELEASE-2026
34fbd837-39cd-4558-b451-01e6a3dcf90f,D15,REDB,REDB.AOS.aquatic.plant.transect.08,9,2018-04-03T18:55:00Z,REDB.20180403,REDB.20180403.MACROALGAE1.T08,NA,NA,NA,NA,NA,N,macroalgae,submerged,NA,NA,NA,NA,NA,NA,NA,NA,NA,NA,NA,NA,NA,NA,NA,NA,NA,NA,NA,Black bubble algae,NA,NA,NA,NA,20260113T222550Z,RELEASE-2026
42030d87-250f-4b2e-a20f-7db1dabf841d,D15,REDB,REDB.AOS.aquatic.plant.transect.08,8,2018-04-03T18:55:00Z,REDB.20180403,REDB.20180403.MACROALGAE1.T08,NA,NA,NA,NA,NA,N,macroalgae,submerged,NA,NA,NA,NA,NA,NA,NA,NA,NA,NA,NA,NA,NA,NA,NA,NA,NA,NA,NA,Black bubble algae,NA,NA,NA,NA,20260113T222550Z,RELEASE-2026
f08ce08b-8f9a-42ed-9d08-e8859d72c0b7,D15,REDB,REDB.AOS.aquatic.plant.transect.10,15,2018-04-03T19:20:00Z,REDB.20180403,REDB.20180403.MACROALGAE1.T10,NA,NA,NA,NA,NA,N,macroalgae,submerged,NA,NA,NA,NA,NA,NA,NA,NA,NA,NA,NA,NA,NA,NA,NA,NA,NA,NA,NA,Soft pad small hair algae. Photo taken,NA,NA,NA,NA,20260113T222550Z,RELEASE-2026
4f0bc296-41bd-4404-8762-3b368057488e,D15,REDB,REDB.AOS.aquatic.plant.transect.10,13,2018-04-03T19:20:00Z,REDB.20180403,REDB.20180403.MACROALGAE1.T10,NA,NA,NA,NA,NA,N,macroalgae,submerged,NA,NA,NA,NA,NA,NA,NA,NA,NA,NA,NA,NA,NA,NA,NA,NA,NA,NA,NA,Soft pad small hair algae. Photo taken,NA,NA,NA,NA,20260113T222550Z,RELEASE-2026
87fb4163-ce28-4a6b-b8b7-cae64131108c,D15,REDB,REDB.AOS.aquatic.plant.transect.10,16,2018-04-03T19:20:00Z,REDB.20180403,REDB.20180403.MACROALGAE1.T10,NA,NA,NA,NA,NA,N,macroalgae,submerged,NA,NA,NA,NA,NA,NA,NA,NA,NA,NA,NA,NA,NA,NA,NA,NA,NA,NA,NA,Soft pad small hair algae. Photo taken,NA,NA,NA,NA,20260113T222550Z,RELEASE-2026
a17c66fb-cf4f-409c-a2bc-d615880a3b54,D15,REDB,REDB.AOS.aquatic.plant.transect.10,10,2018-04-03T19:20:00Z,REDB.20180403,REDB.20180403.MACROALGAE1.T10,NA,NA,NA,NA,NA,N,macroalgae,submerged,NA,NA,NA,NA,NA,NA,NA,NA,NA,NA,NA,NA,NA,NA,NA,NA,NA,NA,NA,Soft pad of small hair algae. Photo taken,NA,NA,NA,NA,20260113T222550Z,RELEASE-2026
01592eb7-56b6-45ba-ae68-06646a4f0d06,D15,REDB,REDB.AOS.aquatic.plant.transect.10,11,2018-04-03T19:20:00Z,REDB.20180403,REDB.20180403.MACROALGAE1.T10,NA,NA,NA,NA,NA,N,macroalgae,submerged,NA,NA,NA,NA,NA,NA,NA,NA,NA,NA,NA,NA,NA,NA,NA,NA,NA,NA,NA,Soft pad of small hair algae. Photo taken,NA,NA,NA,NA,20260113T222550Z,RELEASE-2026
68653072-248a-4ab0-b6d3-398585107322,D15,REDB,REDB.AOS.aquatic.plant.transect.04,8,2018-10-05T17:57:00Z,REDB.20181005,REDB.20181005.MACROALGAE1.T04,NA,NA,NA,NA,NA,N,macroalgae,submerged,NA,NA,NA,NA,NA,NA,NA,NA,NA,NA,NA,NA,NA,NA,NA,NA,NA,NA,NA,Blackbubble morpho,NA,NA,NA,NA,20260113T223442Z,RELEASE-2026
e719b3f9-5490-4aa9-8dd4-8beebf8d2e43,D15,REDB,REDB.AOS.aquatic.plant.transect.05,8,2018-10-05T18:31:00Z,REDB.20181005,REDB.20181005.AP2.T05,NA,NA,NA,NA,NA,N,plant,submerged,MAPO16,Marchantia polymorpha L.,NA,NA,NA,NA,Hepaticopsida,Marchantiales,Marchantiaceae,Marchantia,NA,polymorpha,NA,NA,NA,L.,NA,NA,species,NA,NA,NA,NA,NA,20260113T223442Z,RELEASE-2026
f45e1a68-cb60-43dc-831f-1c1a78d21325,D15,REDB,REDB.AOS.aquatic.plant.transect.05,9,2018-10-05T18:31:00Z,REDB.20181005,REDB.20181005.AP3.T05,NA,NA,NA,NA,NA,N,plant,submerged,MAPO16,Marchantia polymorpha L.,NA,NA,NA,NA,Hepaticopsida,Marchantiales,Marchantiaceae,Marchantia,NA,polymorpha,NA,NA,NA,L.,NA,NA,species,NA,NA,NA,NA,NA,20260113T223442Z,RELEASE-2026
83584e28-2ce1-438d-8b2e-9f29c3b576a2,D15,REDB,REDB.AOS.aquatic.plant.transect.05,11,2018-10-05T18:31:00Z,REDB.20181005,REDB.20181005.AP5.T05,NA,NA,NA,NA,NA,N,plant,submerged,MAPO16,Marchantia polymorpha L.,NA,NA,NA,NA,Hepaticopsida,Marchantiales,Marchantiaceae,Marchantia,NA,polymorpha,NA,NA,NA,L.,NA,NA,species,NA,NA,NA,NA,NA,20260113T223442Z,RELEASE-2026
5a31a0ac-573a-40ee-a5c6-eb0061a3cc47,D15,REDB,REDB.AOS.aquatic.plant.transect.05,13,2018-10-05T18:31:00Z,REDB.20181005,REDB.20181005.AP7.T05,NA,NA,NA,NA,NA,N,plant,emergent,MAPO16,Marchantia polymorpha L.,NA,NA,NA,NA,Hepaticopsida,Marchantiales,Marchantiaceae,Marchantia,NA,polymorpha,NA,NA,NA,L.,NA,NA,species,NA,NA,NA,NA,NA,20260113T223442Z,RELEASE-2026
97d5ea42-3312-4694-8d65-2bc17d222bd4,D15,REDB,REDB.AOS.aquatic.plant.transect.05,18,2018-10-05T18:31:00Z,REDB.20181005,REDB.20181005.MACROALGAE8.T05,NA,NA,NA,NA,NA,N,macroalgae,submerged,NA,NA,NA,NA,NA,NA,NA,NA,NA,NA,NA,NA,NA,NA,NA,NA,NA,NA,NA,Black bubble,NA,NA,NA,NA,20260113T223442Z,RELEASE-2026
a7ca4612-d36e-4773-ae5c-c9d119b6aa9d,D15,REDB,REDB.AOS.aquatic.plant.transect.05,16,2018-10-05T18:31:00Z,REDB.20181005,REDB.20181005.MACROALGAE8.T05,NA,NA,NA,NA,NA,N,macroalgae,submerged,NA,NA,NA,NA,NA,NA,NA,NA,NA,NA,NA,NA,NA,NA,NA,NA,NA,NA,NA,Black bubble,NA,NA,NA,NA,20260113T223442Z,RELEASE-2026
69f14e27-2d51-4f3d-864c-bb5206cbadbd,D15,REDB,REDB.AOS.aquatic.plant.transect.05,3,2018-10-05T18:31:00Z,REDB.20181005,REDB.20181005.AP1.T05,NA,NA,NA,NA,NA,N,plant,submerged,MAPO16,Marchantia polymorpha L.,NA,NA,NA,NA,Hepaticopsida,Marchantiales,Marchantiaceae,Marchantia,NA,polymorpha,NA,NA,NA,L.,NA,NA,species,NA,NA,NA,NA,NA,20260113T223442Z,RELEASE-2026
4d7addb1-dc7e-4644-893c-e5cc410a4d02,D15,REDB,REDB.AOS.aquatic.plant.transect.05,10,2018-10-05T18:31:00Z,REDB.20181005,REDB.20181005.AP4.T05,NA,NA,NA,NA,NA,N,plant,submerged,MAPO16,Marchantia polymorpha L.,NA,NA,NA,NA,Hepaticopsida,Marchantiales,Marchantiaceae,Marchantia,NA,polymorpha,NA,NA,NA,L.,NA,NA,species,NA,NA,NA,NA,NA,20260113T223442Z,RELEASE-2026
8cf14269-f4e4-4e4a-8220-e312eb41916c,D15,REDB,REDB.AOS.aquatic.plant.transect.05,12,2018-10-05T18:31:00Z,REDB.20181005,REDB.20181005.AP6.T05,NA,NA,NA,NA,NA,N,plant,submerged,MAPO16,Marchantia polymorpha L.,NA,NA,NA,NA,Hepaticopsida,Marchantiales,Marchantiaceae,Marchantia,NA,polymorpha,NA,NA,NA,L.,NA,NA,species,NA,NA,NA,NA,NA,20260113T223442Z,RELEASE-2026
f593875e-715b-4d66-a554-3b8df5a98452,D15,REDB,REDB.AOS.aquatic.plant.transect.06,14,2018-10-05T19:24:00Z,REDB.20181005,REDB.20181005.AP2.T06,NA,NA,NA,NA,NA,N,plant,submerged,MAPO16,Marchantia polymorpha L.,NA,NA,NA,NA,Hepaticopsida,Marchantiales,Marchantiaceae,Marchantia,NA,polymorpha,NA,NA,NA,L.,NA,NA,species,NA,NA,NA,NA,NA,20260113T223442Z,RELEASE-2026
dbf18875-66e4-477f-b98b-d83f440351b6,D15,REDB,REDB.AOS.aquatic.plant.transect.06,2,2018-10-05T19:24:00Z,REDB.20181005,REDB.20181005.AP1.T06,NA,NA,NA,NA,NA,N,plant,submerged,MAPO16,Marchantia polymorpha L.,NA,NA,NA,NA,Hepaticopsida,Marchantiales,Marchantiaceae,Marchantia,NA,polymorpha,NA,NA,NA,L.,NA,NA,species,NA,NA,NA,NA,NA,20260113T223442Z,RELEASE-2026
670d3ed4-fd00-4fa8-b73a-0b60d7d4391f,D15,REDB,REDB.AOS.aquatic.plant.transect.06,15,2018-10-05T19:24:00Z,REDB.20181005,REDB.20181005.AP3.T06,NA,NA,NA,NA,NA,N,plant,submerged,MAPO16,Marchantia polymorpha L.,NA,NA,NA,NA,Hepaticopsida,Marchantiales,Marchantiaceae,Marchantia,NA,polymorpha,NA,NA,NA,L.,NA,NA,species,NA,NA,NA,NA,NA,20260113T223442Z,RELEASE-2026
403caa08-1e16-400e-b666-fd86e22e6383,D15,REDB,REDB.AOS.aquatic.plant.transect.09,13,2018-10-05T20:06:00Z,REDB.20181005,REDB.20181005.MACROALGAE1.T09,NA,NA,NA,NA,NA,N,macroalgae,submerged,NA,NA,NA,NA,NA,NA,NA,NA,NA,NA,NA,NA,NA,NA,NA,NA,NA,NA,NA,Black bubble,NA,NA,NA,NA,20260113T223442Z,RELEASE-2026
49de7c35-5690-4e45-9f38-500794a19e20,D15,REDB,REDB.AOS.aquatic.plant.transect.09,10,2018-10-05T20:06:00Z,REDB.20181005,REDB.20181005.MACROALGAE1.T09,NA,NA,NA,NA,NA,N,macroalgae,submerged,NA,NA,NA,NA,NA,NA,NA,NA,NA,NA,NA,NA,NA,NA,NA,NA,NA,NA,NA,Black bubble,NA,NA,NA,NA,20260113T223442Z,RELEASE-2026
682caaaf-6595-4c29-8b07-56df8da791ab,D15,REDB,REDB.AOS.aquatic.plant.transect.10,16,2018-10-05T20:30:00Z,REDB.20181005,REDB.20181005.MACROALGAE3.T10,NA,NA,NA,NA,NA,N,macroalgae,submerged,NA,NA,NA,NA,NA,NA,NA,NA,NA,NA,NA,NA,NA,NA,NA,NA,NA,NA,NA,Black bubble,NA,NA,NA,NA,20260113T223442Z,RELEASE-2026
b6f0700b-4650-4a38-8b41-060b28406940,D15,REDB,REDB.AOS.aquatic.plant.transect.10,4,2018-10-05T20:30:00Z,REDB.20181005,REDB.20181005.AP1.T10,NA,NA,NA,NA,NA,N,plant,submerged,MAPO16,Marchantia polymorpha L.,NA,NA,NA,NA,Hepaticopsida,Marchantiales,Marchantiaceae,Marchantia,NA,polymorpha,NA,NA,NA,L.,NA,NA,species,NA,NA,NA,NA,NA,20260113T223442Z,RELEASE-2026
cbe0e546-60bf-46bb-bfa1-7733256242e5,D15,REDB,REDB.AOS.aquatic.plant.transect.10,5,2018-10-05T20:30:00Z,REDB.20181005,REDB.20181005.AP2.T10,NA,NA,NA,NA,NA,N,plant,submerged,MAPO16,Marchantia polymorpha L.,NA,NA,NA,NA,Hepaticopsida,Marchantiales,Marchantiaceae,Marchantia,NA,polymorpha,NA,NA,NA,L.,NA,NA,species,NA,NA,NA,NA,NA,20260113T223442Z,RELEASE-2026
00ec1a8d-0307-4cff-b9d9-371622ece102,D14,SYCA,SYCA.AOS.aquatic.plant.transect.01,12,2022-04-05T15:38:00Z,SYCA.20220405,SYCA.20220405.MACROALGAE10.T1,A00000280863,Sample condition ok,NA,NA,NA,Y,macroalgae,submerged,UNKALG,Unknown Algae,macroalgae10.20220405.T1,NA,NA,NA,NA,NA,NA,NA,NA,NA,NA,NA,NA,NA,NA,NA,kingdom,NA,NA,NA,NA,NA,20260113T222546Z,RELEASE-2026
f6d1b653-a760-4c97-8b46-2a3eb9bdd7e8,D14,SYCA,SYCA.AOS.aquatic.plant.transect.01,10,2022-04-05T15:38:00Z,SYCA.20220405,SYCA.20220405.MACROALGAE10.T1,A00000280863,Sample condition ok,NA,NA,NA,Y,macroalgae,submerged,UNKALG,Unknown Algae,macroalgae10.20220405.T1,NA,NA,NA,NA,NA,NA,NA,NA,NA,NA,NA,NA,NA,NA,NA,kingdom,NA,NA,NA,NA,NA,20260113T222546Z,RELEASE-2026
59619dda-4dfd-4830-b9dc-0800aab1bc8f,D14,SYCA,SYCA.AOS.aquatic.plant.transect.01,20,2022-04-05T15:38:00Z,SYCA.20220405,SYCA.20220405.MACROALGAE11.T1,A00000280861,Sample condition ok,NA,NA,NA,Y,macroalgae,submerged,UNKALG,Unknown Algae,macroalgae11.20220405.T1,NA,NA,NA,NA,NA,NA,NA,NA,NA,NA,NA,NA,NA,NA,NA,kingdom,NA,NA,NA,NA,NA,20260113T222546Z,RELEASE-2026
9443cccd-3f15-46e0-95d4-200f570e09b4,D14,SYCA,SYCA.AOS.aquatic.plant.transect.01,11,2022-04-05T15:38:00Z,SYCA.20220405,SYCA.20220405.MACROALGAE11.T1,A00000280861,Sample condition ok,NA,NA,NA,Y,macroalgae,submerged,UNKALG,Unknown Algae,macroalgae11.20220405.T1,NA,NA,NA,NA,NA,NA,NA,NA,NA,NA,NA,NA,NA,NA,NA,kingdom,NA,NA,NA,NA,NA,20260113T222546Z,RELEASE-2026
08a1799d-93db-4901-ad67-9f9c1481ba31,D14,SYCA,SYCA.AOS.aquatic.plant.transect.02,17,2022-04-05T16:19:00Z,SYCA.20220405,SYCA.20220405.MACROALGAE13.T2,A00000278941,Sample condition ok,NA,NA,NA,Y,macroalgae,free-floating,UNKALG,Unknown Algae,macroalgae13.20220405.T2,NA,NA,NA,NA,NA,NA,NA,NA,NA,NA,NA,NA,NA,NA,NA,kingdom,NA,NA,NA,NA,NA,20260113T222546Z,RELEASE-2026
d5e436d8-6282-4981-a48b-320118bc50b5,D14,SYCA,SYCA.AOS.aquatic.plant.transect.02,19,2022-04-05T16:19:00Z,SYCA.20220405,SYCA.20220405.MACROALGAE13.T2,A00000278941,Sample condition ok,NA,NA,NA,Y,macroalgae,submerged,UNKALG,Unknown Algae,macroalgae13.20220405.T2,NA,NA,NA,NA,NA,NA,NA,NA,NA,NA,NA,NA,NA,NA,NA,kingdom,NA,NA,NA,NA,NA,20260113T222546Z,RELEASE-2026
f4e72466-27ff-4089-bc38-75b90f91ef8d,D14,SYCA,SYCA.AOS.aquatic.plant.transect.02,13,2022-04-05T16:19:00Z,SYCA.20220405,SYCA.20220405.MACROALGAE13.T2,A00000278941,Sample condition ok,NA,NA,NA,Y,macroalgae,submerged,UNKALG,Unknown Algae,macroalgae13.20220405.T2,NA,NA,NA,NA,NA,NA,NA,NA,NA,NA,NA,NA,NA,NA,NA,kingdom,NA,NA,NA,NA,NA,20260113T222546Z,RELEASE-2026
c765a458-e3cc-4ac4-ab33-589bca7fd737,D14,SYCA,SYCA.AOS.aquatic.plant.transect.02,14,2022-04-05T16:19:00Z,SYCA.20220405,SYCA.20220405.MACROALGAE13.T2,A00000278941,Sample condition ok,NA,NA,NA,Y,macroalgae,submerged,UNKALG,Unknown Algae,macroalgae13.20220405.T2,NA,NA,NA,NA,NA,NA,NA,NA,NA,NA,NA,NA,NA,NA,NA,kingdom,NA,NA,NA,NA,NA,20260113T222546Z,RELEASE-2026
c22eb69f-1903-4199-ad27-4d9299f6aebf,D14,SYCA,SYCA.AOS.aquatic.plant.transect.02,18,2022-04-05T16:19:00Z,SYCA.20220405,SYCA.20220405.MACROALGAE13.T2,A00000278941,Sample condition ok,NA,NA,NA,Y,macroalgae,submerged,UNKALG,Unknown Algae,macroalgae13.20220405.T2,NA,NA,NA,NA,NA,NA,NA,NA,NA,NA,NA,NA,NA,NA,NA,kingdom,NA,NA,NA,NA,NA,20260113T222546Z,RELEASE-2026
794110d7-32b0-41d9-9b96-6ec09e434bd6,D14,SYCA,SYCA.AOS.aquatic.plant.transect.02,16,2022-04-05T16:19:00Z,SYCA.20220405,SYCA.20220405.MACROALGAE13.T2,A00000278941,Sample condition ok,NA,NA,NA,Y,macroalgae,free-floating,UNKALG,Unknown Algae,macroalgae13.20220405.T2,NA,NA,NA,NA,NA,NA,NA,NA,NA,NA,NA,NA,NA,NA,NA,kingdom,NA,NA,NA,NA,NA,20260113T222546Z,RELEASE-2026
3d30988d-3e06-4326-862f-5c70c1c4c3fb,D14,SYCA,SYCA.AOS.aquatic.plant.transect.02,15,2022-04-05T16:19:00Z,SYCA.20220405,SYCA.20220405.AP15.1.T2,NA,Sample condition ok,NA,NA,NA,N,plant,emergent,VEAN2,Veronica anagallis-aquatica L.,NA,NA,Magnoliophyta,NA,Magnoliopsida,Scrophulariales,Scrophulariaceae,Veronica,NA,anagallis-aquatica,NA,NA,NA,L.,NA,NA,species,NA,NA,NA,NA,NA,20260113T222546Z,RELEASE-2026
037a66fd-cb53-4e37-9d36-da3996a8a049,D14,SYCA,SYCA.AOS.aquatic.plant.transect.03,24,2022-04-05T16:51:00Z,SYCA.20220405,SYCA.20220405.MACROALGAE9.T3,A00000278942,Sample condition ok,NA,NA,NA,Y,macroalgae,free-floating,UNKALG,Unknown Algae,macroalgae9.20220405.T3,NA,NA,NA,NA,NA,NA,NA,NA,NA,NA,NA,NA,NA,NA,NA,kingdom,NA,NA,NA,NA,NA,20260113T222546Z,RELEASE-2026
b85f029d-4c36-48ab-89bb-a073d93ce8ff,D14,SYCA,SYCA.AOS.aquatic.plant.transect.03,25,2022-04-05T16:51:00Z,SYCA.20220405,SYCA.20220405.MACROALGAE9.T3,A00000278942,Sample condition ok,NA,NA,NA,Y,macroalgae,free-floating,UNKALG,Unknown Algae,macroalgae9.20220405.T3,NA,NA,NA,NA,NA,NA,NA,NA,NA,NA,NA,NA,NA,NA,NA,kingdom,NA,NA,NA,NA,NA,20260113T222546Z,RELEASE-2026
1497673a-e97f-4d24-a04b-2187fc749c53,D14,SYCA,SYCA.AOS.aquatic.plant.transect.03,32,2022-04-05T16:51:00Z,SYCA.20220405,SYCA.20220405.AP32.1.T3,NA,Sample condition ok,NA,NA,NA,N,plant,emergent,NAOF,Nasturtium officinale W.T. Aiton,NA,NA,Magnoliophyta,NA,Magnoliopsida,Capparales,Brassicaceae,Nasturtium,NA,officinale,NA,NA,NA,W.T. Aiton,NA,NA,species,NA,NA,NA,NA,NA,20260113T222546Z,RELEASE-2026
31884763-fdb4-4926-a3fa-dab9cdca9335,D14,SYCA,SYCA.AOS.aquatic.plant.transect.03,20,2022-04-05T16:51:00Z,SYCA.20220405,SYCA.20220405.AP20.1.T3,NA,Sample condition ok,NA,NA,NA,N,plant,emergent,VEAN2,Veronica anagallis-aquatica L.,NA,NA,Magnoliophyta,NA,Magnoliopsida,Scrophulariales,Scrophulariaceae,Veronica,NA,anagallis-aquatica,NA,NA,NA,L.,NA,NA,species,NA,NA,NA,NA,NA,20260113T222546Z,RELEASE-2026
ea27c942-e9ab-4a9c-882e-891dad1803f1,D14,SYCA,SYCA.AOS.aquatic.plant.transect.03,10,2022-04-05T16:51:00Z,SYCA.20220405,SYCA.20220405.MACROALGAE9.T3,A00000278942,Sample condition ok,NA,NA,NA,Y,macroalgae,free-floating,UNKALG,Unknown Algae,macroalgae9.20220405.T3,NA,NA,NA,NA,NA,NA,NA,NA,NA,NA,NA,NA,NA,NA,NA,kingdom,NA,NA,NA,NA,NA,20260113T222546Z,RELEASE-2026
549484de-8e74-493d-830d-2facbf63ccdf,D14,SYCA,SYCA.AOS.aquatic.plant.transect.03,11,2022-04-05T16:51:00Z,SYCA.20220405,SYCA.20220405.MACROALGAE9.T3,A00000278942,Sample condition ok,NA,NA,NA,Y,macroalgae,free-floating,UNKALG,Unknown Algae,macroalgae9.20220405.T3,NA,NA,NA,NA,NA,NA,NA,NA,NA,NA,NA,NA,NA,NA,NA,kingdom,NA,NA,NA,NA,NA,20260113T222546Z,RELEASE-2026
0ee60c1f-2ba1-48e7-8e88-7fd1c4292686,D14,SYCA,SYCA.AOS.aquatic.plant.transect.03,9,2022-04-05T16:51:00Z,SYCA.20220405,SYCA.20220405.MACROALGAE9.T3,A00000278942,Sample condition ok,NA,NA,NA,Y,macroalgae,free-floating,UNKALG,Unknown Algae,macroalgae9.20220405.T3,NA,NA,NA,NA,NA,NA,NA,NA,NA,NA,NA,NA,NA,NA,NA,kingdom,NA,NA,NA,NA,NA,20260113T222546Z,RELEASE-2026
46c2b666-0cbc-45a6-955f-76209dd93a84,D14,SYCA,SYCA.AOS.aquatic.plant.transect.03,31,2022-04-05T16:51:00Z,SYCA.20220405,SYCA.20220405.MACROALGAE9.T3,A00000278942,Sample condition ok,NA,NA,NA,Y,macroalgae,submerged,UNKALG,Unknown Algae,macroalgae9.20220405.T3,NA,NA,NA,NA,NA,NA,NA,NA,NA,NA,NA,NA,NA,NA,NA,kingdom,NA,NA,NA,NA,NA,20260113T222546Z,RELEASE-2026
401dcb0c-034b-45d8-bf97-7d0f5b4fee5e,D14,SYCA,SYCA.AOS.aquatic.plant.transect.03,21,2022-04-05T16:51:00Z,SYCA.20220405,SYCA.20220405.MACROALGAE9.T3,A00000278942,Sample condition ok,NA,NA,NA,Y,macroalgae,free-floating,UNKALG,Unknown Algae,macroalgae9.20220405.T3,NA,NA,NA,NA,NA,NA,NA,NA,NA,NA,NA,NA,NA,NA,NA,kingdom,NA,NA,NA,NA,NA,20260113T222546Z,RELEASE-2026
7ebaa0e6-f58c-4db5-ae32-1a459758e8f7,D14,SYCA,SYCA.AOS.aquatic.plant.transect.04,29,2022-04-05T17:27:00Z,SYCA.20220405,SYCA.20220405.MACROALGAE6.T4,A00000278950,Sample condition ok,NA,NA,NA,Y,macroalgae,submerged,UNKALG,Unknown Algae,macroalgae6.20220405.T4,NA,NA,NA,NA,NA,NA,NA,NA,NA,NA,NA,NA,NA,NA,NA,kingdom,NA,NA,NA,NA,NA,20260113T222546Z,RELEASE-2026
54eebe5b-abd2-445e-8187-f6a6e7d68ee1,D14,SYCA,SYCA.AOS.aquatic.plant.transect.04,25,2022-04-05T17:27:00Z,SYCA.20220405,SYCA.20220405.MACROALGAE25.T4,A00000278949,Sample condition ok,NA,NA,NA,Y,macroalgae,free-floating,UNKALG,Unknown Algae,macroalgae25.20220405.T4,NA,NA,NA,NA,NA,NA,NA,NA,NA,NA,NA,NA,NA,NA,NA,kingdom,NA,NA,NA,NA,NA,20260113T222546Z,RELEASE-2026
3ad88ef5-d6b8-4078-8301-f226a2ea600b,D14,SYCA,SYCA.AOS.aquatic.plant.transect.04,26,2022-04-05T17:27:00Z,SYCA.20220405,SYCA.20220405.MACROALGAE6.T4,A00000278950,Sample condition ok,NA,NA,NA,Y,macroalgae,submerged,UNKALG,Unknown Algae,macroalgae6.20220405.T4,NA,NA,NA,NA,NA,NA,NA,NA,NA,NA,NA,NA,NA,NA,NA,kingdom,NA,NA,NA,NA,NA,20260113T222546Z,RELEASE-2026
e8126631-8f3c-4bb3-a147-f7209781a6cd,D14,SYCA,SYCA.AOS.aquatic.plant.transect.04,30,2022-04-05T17:27:00Z,SYCA.20220405,SYCA.20220405.MACROALGAE6.T4,A00000278950,Sample condition ok,NA,NA,NA,Y,macroalgae,free-floating,UNKALG,Unknown Algae,macroalgae6.20220405.T4,NA,NA,NA,NA,NA,NA,NA,NA,NA,NA,NA,NA,NA,NA,NA,kingdom,NA,NA,NA,NA,NA,20260113T222546Z,RELEASE-2026
1aeff4d0-4dd3-461f-b3b6-87a0cb2083a9,D14,SYCA,SYCA.AOS.aquatic.plant.transect.04,7,2022-04-05T17:27:00Z,SYCA.20220405,SYCA.20220405.MACROALGAE6.T4,A00000278950,Sample condition ok,NA,NA,NA,Y,macroalgae,free-floating,UNKALG,Unknown Algae,macroalgae6.20220405.T4,NA,NA,NA,NA,NA,NA,NA,NA,NA,NA,NA,NA,NA,NA,NA,kingdom,NA,NA,NA,NA,NA,20260113T222546Z,RELEASE-2026
603bbf00-717a-4cf8-bec1-ca643ea5dab3,D14,SYCA,SYCA.AOS.aquatic.plant.transect.04,10,2022-04-05T17:27:00Z,SYCA.20220405,SYCA.20220405.AP10.1.T4,NA,Sample condition ok,NA,NA,NA,N,plant,emergent,VEAN2,Veronica anagallis-aquatica L.,NA,NA,Magnoliophyta,NA,Magnoliopsida,Scrophulariales,Scrophulariaceae,Veronica,NA,anagallis-aquatica,NA,NA,NA,L.,NA,NA,species,NA,NA,NA,NA,NA,20260113T222546Z,RELEASE-2026
852a921e-dbd2-4950-bf7e-9c136af74c21,D14,SYCA,SYCA.AOS.aquatic.plant.transect.04,8,2022-04-05T17:27:00Z,SYCA.20220405,SYCA.20220405.MACROALGAE6.T4,A00000278950,Sample condition ok,NA,NA,NA,Y,macroalgae,free-floating,UNKALG,Unknown Algae,macroalgae6.20220405.T4,NA,NA,NA,NA,NA,NA,NA,NA,NA,NA,NA,NA,NA,NA,NA,kingdom,NA,NA,NA,NA,NA,20260113T222546Z,RELEASE-2026
0595ab86-245f-4aff-85ff-30f186c0383a,D14,SYCA,SYCA.AOS.aquatic.plant.transect.04,9,2022-04-05T17:27:00Z,SYCA.20220405,SYCA.20220405.MACROALGAE6.T4,A00000278950,Sample condition ok,NA,NA,NA,Y,macroalgae,submerged,UNKALG,Unknown Algae,macroalgae6.20220405.T4,NA,NA,NA,NA,NA,NA,NA,NA,NA,NA,NA,NA,NA,NA,NA,kingdom,NA,NA,NA,NA,NA,20260113T222546Z,RELEASE-2026
cc2efb4f-89eb-437a-88b6-9a3896d38381,D14,SYCA,SYCA.AOS.aquatic.plant.transect.04,31,2022-04-05T17:27:00Z,SYCA.20220405,SYCA.20220405.MACROALGAE6.T4,A00000278950,Sample condition ok,NA,NA,NA,Y,macroalgae,free-floating,UNKALG,Unknown Algae,macroalgae6.20220405.T4,NA,NA,NA,NA,NA,NA,NA,NA,NA,NA,NA,NA,NA,NA,NA,kingdom,NA,NA,NA,NA,NA,20260113T222546Z,RELEASE-2026
de2a3931-dc1b-4b11-98bb-c8ef6f3867c3,D14,SYCA,SYCA.AOS.aquatic.plant.transect.04,28,2022-04-05T17:27:00Z,SYCA.20220405,SYCA.20220405.MACROALGAE6.T4,A00000278950,Sample condition ok,NA,NA,NA,Y,macroalgae,submerged,UNKALG,Unknown Algae,macroalgae6.20220405.T4,NA,NA,NA,NA,NA,NA,NA,NA,NA,NA,NA,NA,NA,NA,NA,kingdom,NA,NA,NA,NA,NA,20260113T222546Z,RELEASE-2026
8396600d-bb04-4395-8eca-e7dacfc8ce62,D14,SYCA,SYCA.AOS.aquatic.plant.transect.04,6,2022-04-05T17:27:00Z,SYCA.20220405,SYCA.20220405.MACROALGAE6.T4,A00000278950,Sample condition ok,NA,NA,NA,Y,macroalgae,free-floating,UNKALG,Unknown Algae,macroalgae6.20220405.T4,NA,NA,NA,NA,NA,NA,NA,NA,NA,NA,NA,NA,NA,NA,NA,kingdom,NA,NA,NA,NA,NA,20260113T222546Z,RELEASE-2026
71f57814-c73c-4b1d-8763-292bd9be5f41,D14,SYCA,SYCA.AOS.aquatic.plant.transect.04,27,2022-04-05T17:27:00Z,SYCA.20220405,SYCA.20220405.MACROALGAE6.T4,A00000278950,Sample condition ok,NA,NA,NA,Y,macroalgae,submerged,UNKALG,Unknown Algae,macroalgae6.20220405.T4,NA,NA,NA,NA,NA,NA,NA,NA,NA,NA,NA,NA,NA,NA,NA,kingdom,NA,NA,NA,NA,NA,20260113T222546Z,RELEASE-2026
a5e9dcdd-9f47-4cf3-995d-f79ea0c8edf2,D14,SYCA,SYCA.AOS.aquatic.plant.transect.04,24,2022-04-05T17:27:00Z,SYCA.20220405,SYCA.20220405.MACROALGAE6.T4,A00000278950,Sample condition ok,NA,NA,NA,Y,macroalgae,free-floating,UNKALG,Unknown Algae,macroalgae6.20220405.T4,NA,NA,NA,NA,NA,NA,NA,NA,NA,NA,NA,NA,NA,NA,NA,kingdom,NA,NA,NA,NA,NA,20260113T222546Z,RELEASE-2026
8843835d-e9c5-4dda-ac44-1869967a5cd2,D14,SYCA,SYCA.AOS.aquatic.plant.transect.05,3,2022-04-05T17:56:00Z,SYCA.20220405,SYCA.20220405.MACROALGAE1.T5,A00000278948,Sample condition ok,NA,NA,NA,Y,macroalgae,free-floating,UNKALG,Unknown Algae,macroalgae1.20220405.T5,NA,NA,NA,NA,NA,NA,NA,NA,NA,NA,NA,NA,NA,NA,NA,kingdom,NA,NA,NA,NA,NA,20260113T222546Z,RELEASE-2026
50db2e28-c353-4554-83d1-e0a94d74fd3f,D14,SYCA,SYCA.AOS.aquatic.plant.transect.05,9,2022-04-05T17:56:00Z,SYCA.20220405,SYCA.20220405.MACROALGAE1.T5,A00000278948,Sample condition ok,NA,NA,NA,Y,macroalgae,submerged,UNKALG,Unknown Algae,macroalgae1.20220405.T5,NA,NA,NA,NA,NA,NA,NA,NA,NA,NA,NA,NA,NA,NA,NA,kingdom,NA,NA,NA,NA,NA,20260113T222546Z,RELEASE-2026
b14bb0e5-a656-4243-8ed5-0df725a43ae2,D14,SYCA,SYCA.AOS.aquatic.plant.transect.05,6,2022-04-05T17:56:00Z,SYCA.20220405,SYCA.20220405.MACROALGAE1.T5,A00000278948,Sample condition ok,NA,NA,NA,Y,macroalgae,free-floating,UNKALG,Unknown Algae,macroalgae1.20220405.T5,NA,NA,NA,NA,NA,NA,NA,NA,NA,NA,NA,NA,NA,NA,NA,kingdom,NA,NA,NA,NA,NA,20260113T222546Z,RELEASE-2026
430cb60c-0190-4e67-886a-eee83cf512ae,D14,SYCA,SYCA.AOS.aquatic.plant.transect.05,13,2022-04-05T17:56:00Z,SYCA.20220405,SYCA.20220405.MACROALGAE1.T5,A00000278948,Sample condition ok,NA,NA,NA,Y,macroalgae,free-floating,UNKALG,Unknown Algae,macroalgae1.20220405.T5,NA,NA,NA,NA,NA,NA,NA,NA,NA,NA,NA,NA,NA,NA,NA,kingdom,NA,NA,NA,NA,NA,20260113T222546Z,RELEASE-2026
ac482861-baa4-49e0-a090-c909660a9b8c,D14,SYCA,SYCA.AOS.aquatic.plant.transect.05,11,2022-04-05T17:56:00Z,SYCA.20220405,SYCA.20220405.MACROALGAE1.T5,A00000278948,Sample condition ok,NA,NA,NA,Y,macroalgae,free-floating,UNKALG,Unknown Algae,macroalgae1.20220405.T5,NA,NA,NA,NA,NA,NA,NA,NA,NA,NA,NA,NA,NA,NA,NA,kingdom,NA,NA,NA,NA,NA,20260113T222546Z,RELEASE-2026
0c047ddf-7ec5-4456-9002-f47c9b2c2733,D14,SYCA,SYCA.AOS.aquatic.plant.transect.05,18,2022-04-05T17:56:00Z,SYCA.20220405,SYCA.20220405.MACROALGAE1.T5,A00000278948,Sample condition ok,NA,NA,NA,Y,macroalgae,submerged,UNKALG,Unknown Algae,macroalgae1.20220405.T5,NA,NA,NA,NA,NA,NA,NA,NA,NA,NA,NA,NA,NA,NA,NA,kingdom,NA,NA,NA,NA,NA,20260113T222546Z,RELEASE-2026
e788b209-91c4-4f2c-b827-cd8e66619e99,D14,SYCA,SYCA.AOS.aquatic.plant.transect.05,1,2022-04-05T17:56:00Z,SYCA.20220405,SYCA.20220405.MACROALGAE1.T5,A00000278948,Sample condition ok,NA,NA,NA,Y,macroalgae,free-floating,UNKALG,Unknown Algae,macroalgae1.20220405.T5,NA,NA,NA,NA,NA,NA,NA,NA,NA,NA,NA,NA,NA,NA,NA,kingdom,NA,NA,NA,NA,NA,20260113T222546Z,RELEASE-2026
c93e7346-0b7f-43c1-ba88-de3df6764e89,D14,SYCA,SYCA.AOS.aquatic.plant.transect.05,8,2022-04-05T17:56:00Z,SYCA.20220405,SYCA.20220405.MACROALGAE1.T5,A00000278948,Sample condition ok,NA,NA,NA,Y,macroalgae,submerged,UNKALG,Unknown Algae,macroalgae1.20220405.T5,NA,NA,NA,NA,NA,NA,NA,NA,NA,NA,NA,NA,NA,NA,NA,kingdom,NA,NA,NA,NA,NA,20260113T222546Z,RELEASE-2026
41d8f5b8-2fce-47c7-b0a3-1b3d9a80b9a0,D14,SYCA,SYCA.AOS.aquatic.plant.transect.05,32,2022-04-05T17:56:00Z,SYCA.20220405,SYCA.20220405.MACROALGAE1.T5,A00000278948,Sample condition ok,NA,NA,NA,Y,macroalgae,free-floating,UNKALG,Unknown Algae,macroalgae1.20220405.T5,NA,NA,NA,NA,NA,NA,NA,NA,NA,NA,NA,NA,NA,NA,NA,kingdom,NA,NA,NA,NA,NA,20260113T222546Z,RELEASE-2026
05072a48-0fe0-4600-95fd-1ffe2a1a0d72,D14,SYCA,SYCA.AOS.aquatic.plant.transect.05,4,2022-04-05T17:56:00Z,SYCA.20220405,SYCA.20220405.MACROALGAE1.T5,A00000278948,Sample condition ok,NA,NA,NA,Y,macroalgae,free-floating,UNKALG,Unknown Algae,macroalgae1.20220405.T5,NA,NA,NA,NA,NA,NA,NA,NA,NA,NA,NA,NA,NA,NA,NA,kingdom,NA,NA,NA,NA,NA,20260113T222546Z,RELEASE-2026
98106633-ca9b-42ad-b362-4c25cf3cf90f,D14,SYCA,SYCA.AOS.aquatic.plant.transect.05,5,2022-04-05T17:56:00Z,SYCA.20220405,SYCA.20220405.MACROALGAE1.T5,A00000278948,Sample condition ok,NA,NA,NA,Y,macroalgae,free-floating,UNKALG,Unknown Algae,macroalgae1.20220405.T5,NA,NA,NA,NA,NA,NA,NA,NA,NA,NA,NA,NA,NA,NA,NA,kingdom,NA,NA,NA,NA,NA,20260113T222546Z,RELEASE-2026
5fe86b1c-4098-47fa-bd89-56bc5af3a8fd,D14,SYCA,SYCA.AOS.aquatic.plant.transect.05,12,2022-04-05T17:56:00Z,SYCA.20220405,SYCA.20220405.MACROALGAE1.T5,A00000278948,Sample condition ok,NA,NA,NA,Y,macroalgae,free-floating,UNKALG,Unknown Algae,macroalgae1.20220405.T5,NA,NA,NA,NA,NA,NA,NA,NA,NA,NA,NA,NA,NA,NA,NA,kingdom,NA,NA,NA,NA,NA,20260113T222546Z,RELEASE-2026
dd2079ec-d841-4b22-b1d5-a41980fee3d0,D14,SYCA,SYCA.AOS.aquatic.plant.transect.05,10,2022-04-05T17:56:00Z,SYCA.20220405,SYCA.20220405.MACROALGAE1.T5,A00000278948,Sample condition ok,NA,NA,NA,Y,macroalgae,free-floating,UNKALG,Unknown Algae,macroalgae1.20220405.T5,NA,NA,NA,NA,NA,NA,NA,NA,NA,NA,NA,NA,NA,NA,NA,kingdom,NA,NA,NA,NA,NA,20260113T222546Z,RELEASE-2026
5df48e54-8427-4beb-97a4-8b521ad6f9fe,D14,SYCA,SYCA.AOS.aquatic.plant.transect.05,19,2022-04-05T17:56:00Z,SYCA.20220405,SYCA.20220405.MACROALGAE1.T5,A00000278948,Sample condition ok,NA,NA,NA,Y,macroalgae,free-floating,UNKALG,Unknown Algae,macroalgae1.20220405.T5,NA,NA,NA,NA,NA,NA,NA,NA,NA,NA,NA,NA,NA,NA,NA,kingdom,NA,NA,NA,NA,NA,20260113T222546Z,RELEASE-2026
561a6c63-cc1f-49cf-9c93-47ba466597cf,D14,SYCA,SYCA.AOS.aquatic.plant.transect.05,7,2022-04-05T17:56:00Z,SYCA.20220405,SYCA.20220405.MACROALGAE1.T5,A00000278948,Sample condition ok,NA,NA,NA,Y,macroalgae,submerged,UNKALG,Unknown Algae,macroalgae1.20220405.T5,NA,NA,NA,NA,NA,NA,NA,NA,NA,NA,NA,NA,NA,NA,NA,kingdom,NA,NA,NA,NA,NA,20260113T222546Z,RELEASE-2026
7d444521-3a16-4c70-93df-dcf3994857da,D14,SYCA,SYCA.AOS.aquatic.plant.transect.06,18,2022-04-05T18:18:00Z,SYCA.20220405,SYCA.20220405.MACROALGAE14.T6,A00000278946,Sample condition ok,NA,NA,NA,Y,macroalgae,free-floating,UNKALG,Unknown Algae,macroalgae14.20220405.T6,NA,NA,NA,NA,NA,NA,NA,NA,NA,NA,NA,NA,NA,NA,NA,kingdom,NA,NA,NA,NA,NA,20260113T222546Z,RELEASE-2026
ce6ab0e5-2f96-4d1c-8d04-2a3c29bf1d54,D14,SYCA,SYCA.AOS.aquatic.plant.transect.06,25,2022-04-05T18:18:00Z,SYCA.20220405,SYCA.20220405.AP25.1.T6,NA,Sample condition ok,NA,NA,NA,N,plant,emergent,VEAN2,Veronica anagallis-aquatica L.,NA,NA,Magnoliophyta,NA,Magnoliopsida,Scrophulariales,Scrophulariaceae,Veronica,NA,anagallis-aquatica,NA,NA,NA,L.,NA,NA,species,NA,NA,NA,NA,NA,20260113T222546Z,RELEASE-2026
043947d7-8851-4b0b-87d8-0d2d3fd3621e,D14,SYCA,SYCA.AOS.aquatic.plant.transect.06,23,2022-04-05T18:18:00Z,SYCA.20220405,SYCA.20220405.MACROALGAE14.T6,A00000278946,Sample condition ok,NA,NA,NA,Y,macroalgae,submerged,UNKALG,Unknown Algae,macroalgae14.20220405.T6,NA,NA,NA,NA,NA,NA,NA,NA,NA,NA,NA,NA,NA,NA,NA,kingdom,NA,NA,NA,NA,NA,20260113T222546Z,RELEASE-2026
b708c673-7cc2-49c6-806d-84099a525d6e,D14,SYCA,SYCA.AOS.aquatic.plant.transect.06,22,2022-04-05T18:18:00Z,SYCA.20220405,SYCA.20220405.MACROALGAE14.T6,A00000278946,Sample condition ok,NA,NA,NA,Y,macroalgae,free-floating,UNKALG,Unknown Algae,macroalgae14.20220405.T6,NA,NA,NA,NA,NA,NA,NA,NA,NA,NA,NA,NA,NA,NA,NA,kingdom,NA,NA,NA,NA,NA,20260113T222546Z,RELEASE-2026
b59e3294-0c62-4720-8b7f-04e754174faa,D14,SYCA,SYCA.AOS.aquatic.plant.transect.06,20,2022-04-05T18:18:00Z,SYCA.20220405,SYCA.20220405.MACROALGAE14.T6,A00000278946,Sample condition ok,NA,NA,NA,Y,macroalgae,free-floating,UNKALG,Unknown Algae,macroalgae14.20220405.T6,NA,NA,NA,NA,NA,NA,NA,NA,NA,NA,NA,NA,NA,NA,NA,kingdom,NA,NA,NA,NA,NA,20260113T222546Z,RELEASE-2026
dd2f5052-bb38-4db1-b111-d418c9cc9baf,D14,SYCA,SYCA.AOS.aquatic.plant.transect.06,16,2022-04-05T18:18:00Z,SYCA.20220405,SYCA.20220405.MACROALGAE14.T6,A00000278946,Sample condition ok,NA,NA,NA,Y,macroalgae,submerged,UNKALG,Unknown Algae,macroalgae14.20220405.T6,NA,NA,NA,NA,NA,NA,NA,NA,NA,NA,NA,NA,NA,NA,NA,kingdom,NA,NA,NA,NA,NA,20260113T222546Z,RELEASE-2026
507f7e31-41b9-4dd2-90dc-696d60d8dda2,D14,SYCA,SYCA.AOS.aquatic.plant.transect.06,14,2022-04-05T18:18:00Z,SYCA.20220405,SYCA.20220405.MACROALGAE14.T6,A00000278946,Sample condition ok,NA,NA,NA,Y,macroalgae,free-floating,UNKALG,Unknown Algae,macroalgae14.20220405.T6,NA,NA,NA,NA,NA,NA,NA,NA,NA,NA,NA,NA,NA,NA,NA,kingdom,NA,NA,NA,NA,NA,20260113T222546Z,RELEASE-2026
8c0d6b10-03e8-4655-b141-7e7d52cc2c24,D14,SYCA,SYCA.AOS.aquatic.plant.transect.06,24,2022-04-05T18:18:00Z,SYCA.20220405,SYCA.20220405.MACROALGAE14.T6,A00000278946,Sample condition ok,NA,NA,NA,Y,macroalgae,submerged,UNKALG,Unknown Algae,macroalgae14.20220405.T6,NA,NA,NA,NA,NA,NA,NA,NA,NA,NA,NA,NA,NA,NA,NA,kingdom,NA,NA,NA,NA,NA,20260113T222546Z,RELEASE-2026
77643ac9-7faa-44f5-ad86-c298e101c4b3,D14,SYCA,SYCA.AOS.aquatic.plant.transect.06,19,2022-04-05T18:18:00Z,SYCA.20220405,SYCA.20220405.MACROALGAE14.T6,A00000278946,Sample condition ok,NA,NA,NA,Y,macroalgae,free-floating,UNKALG,Unknown Algae,macroalgae14.20220405.T6,NA,NA,NA,NA,NA,NA,NA,NA,NA,NA,NA,NA,NA,NA,NA,kingdom,NA,NA,NA,NA,NA,20260113T222546Z,RELEASE-2026
25892b67-265a-4f49-ab8e-f254ed5aa267,D14,SYCA,SYCA.AOS.aquatic.plant.transect.06,17,2022-04-05T18:18:00Z,SYCA.20220405,SYCA.20220405.MACROALGAE14.T6,A00000278946,Sample condition ok,NA,NA,NA,Y,macroalgae,free-floating,UNKALG,Unknown Algae,macroalgae14.20220405.T6,NA,NA,NA,NA,NA,NA,NA,NA,NA,NA,NA,NA,NA,NA,NA,kingdom,NA,NA,NA,NA,NA,20260113T222546Z,RELEASE-2026
ca339a16-b5a6-4024-8153-80bc5bd2d7f9,D14,SYCA,SYCA.AOS.aquatic.plant.transect.06,21,2022-04-05T18:18:00Z,SYCA.20220405,SYCA.20220405.MACROALGAE14.T6,A00000278946,Sample condition ok,NA,NA,NA,Y,macroalgae,free-floating,UNKALG,Unknown Algae,macroalgae14.20220405.T6,NA,NA,NA,NA,NA,NA,NA,NA,NA,NA,NA,NA,NA,NA,NA,kingdom,NA,NA,NA,NA,NA,20260113T222546Z,RELEASE-2026
ee68c18a-dbf3-404d-b8ad-d2236cc3feab,D14,SYCA,SYCA.AOS.aquatic.plant.transect.07,37,2022-04-05T19:01:00Z,SYCA.20220405,SYCA.20220405.MACROALGAE2.T7,A00000278944,Sample condition ok,NA,NA,NA,Y,macroalgae,free-floating,UNKALG,Unknown Algae,macroalgae2.20220405.T7,NA,NA,NA,NA,NA,NA,NA,NA,NA,NA,NA,NA,NA,NA,NA,kingdom,NA,NA,NA,NA,NA,20260113T222546Z,RELEASE-2026
b0fe1fb2-30de-49e9-be00-52884a559438,D14,SYCA,SYCA.AOS.aquatic.plant.transect.07,2,2022-04-05T19:01:00Z,SYCA.20220405,SYCA.20220405.MACROALGAE2.T7,A00000278944,Sample condition ok,NA,NA,NA,Y,macroalgae,free-floating,UNKALG,Unknown Algae,macroalgae2.20220405.T7,NA,NA,NA,NA,NA,NA,NA,NA,NA,NA,NA,NA,NA,NA,NA,kingdom,NA,NA,NA,NA,NA,20260113T222546Z,RELEASE-2026
ac375ea0-4ccc-4a26-9e04-b015c2b23697,D14,SYCA,SYCA.AOS.aquatic.plant.transect.07,3,2022-04-05T19:01:00Z,SYCA.20220405,SYCA.20220405.MACROALGAE2.T7,A00000278944,Sample condition ok,NA,NA,NA,Y,macroalgae,submerged,UNKALG,Unknown Algae,macroalgae2.20220405.T7,NA,NA,NA,NA,NA,NA,NA,NA,NA,NA,NA,NA,NA,NA,NA,kingdom,NA,NA,NA,NA,NA,20260113T222546Z,RELEASE-2026
31083c4f-6ac5-4ed6-bf10-8b7caa7c5636,D14,SYCA,SYCA.AOS.aquatic.plant.transect.07,4,2022-04-05T19:01:00Z,SYCA.20220405,SYCA.20220405.AP4.1.T7,NA,Sample condition ok,NA,NA,NA,N,plant,emergent,VEAN2,Veronica anagallis-aquatica L.,NA,NA,Magnoliophyta,NA,Magnoliopsida,Scrophulariales,Scrophulariaceae,Veronica,NA,anagallis-aquatica,NA,NA,NA,L.,NA,NA,species,NA,NA,NA,NA,NA,20260113T222546Z,RELEASE-2026
e7f5d301-0fb9-4153-88e0-0bcd6b4bddb9,D14,SYCA,SYCA.AOS.aquatic.plant.transect.08,1,2022-04-05T19:29:00Z,SYCA.20220405,SYCA.20220405.MACROALGAE1.T8,A00000280862,Sample condition ok,NA,NA,NA,Y,macroalgae,free-floating,UNKALG,Unknown Algae,macroalgae1.20220405.T8,NA,NA,NA,NA,NA,NA,NA,NA,NA,NA,NA,NA,NA,NA,NA,kingdom,NA,NA,NA,NA,NA,20260113T222546Z,RELEASE-2026
176e5bba-8ae7-4777-8309-7e3d49a1787f,D14,SYCA,SYCA.AOS.aquatic.plant.transect.08,26,2022-04-05T19:29:00Z,SYCA.20220405,SYCA.20220405.MACROALGAE1.T8,A00000280862,Sample condition ok,NA,NA,NA,Y,macroalgae,free-floating,UNKALG,Unknown Algae,macroalgae1.20220405.T8,NA,NA,NA,NA,NA,NA,NA,NA,NA,NA,NA,NA,NA,NA,NA,kingdom,NA,NA,NA,NA,NA,20260113T222546Z,RELEASE-2026
4e78e03f-65f7-4fc0-8228-691bbd9b071a,D14,SYCA,SYCA.AOS.aquatic.plant.transect.08,25,2022-04-05T19:29:00Z,SYCA.20220405,SYCA.20220405.MACROALGAE1.T8,A00000280862,Sample condition ok,NA,NA,NA,Y,macroalgae,free-floating,UNKALG,Unknown Algae,macroalgae1.20220405.T8,NA,NA,NA,NA,NA,NA,NA,NA,NA,NA,NA,NA,NA,NA,NA,kingdom,NA,NA,NA,NA,NA,20260113T222546Z,RELEASE-2026
35cad0e4-b006-4f22-8b18-1da784e647ac,D14,SYCA,SYCA.AOS.aquatic.plant.transect.08,37,2022-04-05T19:29:00Z,SYCA.20220405,SYCA.20220405.AP37.1.T8,NA,Sample condition ok,NA,NA,NA,N,plant,emergent,TYDO,Typha domingensis Pers.,NA,NA,Magnoliophyta,NA,Liliopsida,Typhales,Typhaceae,Typha,NA,domingensis,NA,NA,NA,Pers.,NA,NA,species,NA,NA,NA,NA,NA,20260113T222546Z,RELEASE-2026
6a2296bf-5cd9-44c1-8e8b-f4de1d6f0bb0,D14,SYCA,SYCA.AOS.aquatic.plant.transect.08,2,2022-04-05T19:29:00Z,SYCA.20220405,SYCA.20220405.MACROALGAE1.T8,A00000280862,Sample condition ok,NA,NA,NA,Y,macroalgae,free-floating,UNKALG,Unknown Algae,macroalgae1.20220405.T8,NA,NA,NA,NA,NA,NA,NA,NA,NA,NA,NA,NA,NA,NA,NA,kingdom,NA,NA,NA,NA,NA,20260113T222546Z,RELEASE-2026
97cce184-1143-4976-b1db-a0a09c768c81,D14,SYCA,SYCA.AOS.aquatic.plant.transect.08,27,2022-04-05T19:29:00Z,SYCA.20220405,SYCA.20220405.MACROALGAE1.T8,A00000280862,Sample condition ok,NA,NA,NA,Y,macroalgae,free-floating,UNKALG,Unknown Algae,macroalgae1.20220405.T8,NA,NA,NA,NA,NA,NA,NA,NA,NA,NA,NA,NA,NA,NA,NA,kingdom,NA,NA,NA,NA,NA,20260113T222546Z,RELEASE-2026
da249c13-7d8e-42db-8234-eeeef30b3ea7,D14,SYCA,SYCA.AOS.aquatic.plant.transect.08,33,2022-04-05T19:29:00Z,SYCA.20220405,SYCA.20220405.MACROALGAE1.T8,A00000280862,Sample condition ok,NA,NA,NA,Y,macroalgae,free-floating,UNKALG,Unknown Algae,macroalgae1.20220405.T8,NA,NA,NA,NA,NA,NA,NA,NA,NA,NA,NA,NA,NA,NA,NA,kingdom,NA,NA,NA,NA,NA,20260113T222546Z,RELEASE-2026
63e5a19f-f376-49d9-8171-1473b010538b,D14,SYCA,SYCA.AOS.aquatic.plant.transect.09,4,2022-04-05T19:51:00Z,SYCA.20220405,SYCA.20220405.MACROALGAE1.T9,A00000280865,Sample condition ok,NA,NA,NA,Y,macroalgae,free-floating,UNKALG,Unknown Algae,macroalgae1.20220405.T9,NA,NA,NA,NA,NA,NA,NA,NA,NA,NA,NA,NA,NA,NA,NA,kingdom,NA,NA,NA,NA,NA,20260113T222546Z,RELEASE-2026
71ba1815-3958-408d-afb7-d6e45441cec1,D14,SYCA,SYCA.AOS.aquatic.plant.transect.09,14,2022-04-05T19:51:00Z,SYCA.20220405,SYCA.20220405.MACROALGAE1.T9,A00000280865,Sample condition ok,NA,NA,NA,Y,macroalgae,free-floating,UNKALG,Unknown Algae,macroalgae1.20220405.T9,NA,NA,NA,NA,NA,NA,NA,NA,NA,NA,NA,NA,NA,NA,NA,kingdom,NA,NA,NA,NA,NA,20260113T222546Z,RELEASE-2026
9310196a-8f4f-4200-b02b-78741e96d432,D14,SYCA,SYCA.AOS.aquatic.plant.transect.09,15,2022-04-05T19:51:00Z,SYCA.20220405,SYCA.20220405.MACROALGAE1.T9,A00000280865,Sample condition ok,NA,NA,NA,Y,macroalgae,free-floating,UNKALG,Unknown Algae,macroalgae1.20220405.T9,NA,NA,NA,NA,NA,NA,NA,NA,NA,NA,NA,NA,NA,NA,NA,kingdom,NA,NA,NA,NA,NA,20260113T222546Z,RELEASE-2026
59de6ca7-30b8-4f7e-9e35-46938c488512,D14,SYCA,SYCA.AOS.aquatic.plant.transect.09,20,2022-04-05T19:51:00Z,SYCA.20220405,SYCA.20220405.AP20.1.T9,NA,Sample condition ok,NA,NA,NA,N,plant,emergent,MIGU,Mimulus guttatus DC.,NA,NA,Magnoliophyta,NA,Magnoliopsida,Scrophulariales,Scrophulariaceae,Mimulus,NA,guttatus,NA,NA,NA,DC.,NA,NA,species,NA,NA,NA,NA,NA,20260113T222546Z,RELEASE-2026
83760cc7-6b7a-439d-87d9-7ca0d6d246ee,D14,SYCA,SYCA.AOS.aquatic.plant.transect.09,18,2022-04-05T19:51:00Z,SYCA.20220405,SYCA.20220405.MACROALGAE1.T9,A00000280865,Sample condition ok,NA,NA,NA,Y,macroalgae,free-floating,UNKALG,Unknown Algae,macroalgae1.20220405.T9,NA,NA,NA,NA,NA,NA,NA,NA,NA,NA,NA,NA,NA,NA,NA,kingdom,NA,NA,NA,NA,NA,20260113T222546Z,RELEASE-2026
3482045a-b4a3-4028-838e-4fcf79782ae7,D14,SYCA,SYCA.AOS.aquatic.plant.transect.09,13,2022-04-05T19:51:00Z,SYCA.20220405,SYCA.20220405.MACROALGAE1.T9,A00000280865,Sample condition ok,NA,NA,NA,Y,macroalgae,free-floating,UNKALG,Unknown Algae,macroalgae1.20220405.T9,NA,NA,NA,NA,NA,NA,NA,NA,NA,NA,NA,NA,NA,NA,NA,kingdom,NA,NA,NA,NA,NA,20260113T222546Z,RELEASE-2026
bac784e4-48ef-4e1e-9656-9eae46899698,D14,SYCA,SYCA.AOS.aquatic.plant.transect.09,2,2022-04-05T19:51:00Z,SYCA.20220405,SYCA.20220405.MACROALGAE1.T9,A00000280865,Sample condition ok,NA,NA,NA,Y,macroalgae,free-floating,UNKALG,Unknown Algae,macroalgae1.20220405.T9,NA,NA,NA,NA,NA,NA,NA,NA,NA,NA,NA,NA,NA,NA,NA,kingdom,NA,NA,NA,NA,NA,20260113T222546Z,RELEASE-2026
6f5fffb0-c6f5-4b3d-a546-14eaf01bdaf0,D14,SYCA,SYCA.AOS.aquatic.plant.transect.09,1,2022-04-05T19:51:00Z,SYCA.20220405,SYCA.20220405.MACROALGAE1.T9,A00000280865,Sample condition ok,NA,NA,NA,Y,macroalgae,free-floating,UNKALG,Unknown Algae,macroalgae1.20220405.T9,NA,NA,NA,NA,NA,NA,NA,NA,NA,NA,NA,NA,NA,NA,NA,kingdom,NA,NA,NA,NA,NA,20260113T222546Z,RELEASE-2026
adaffe2d-6730-4a22-823c-bbf9a73dfbcc,D14,SYCA,SYCA.AOS.aquatic.plant.transect.09,19,2022-04-05T19:51:00Z,SYCA.20220405,SYCA.20220405.AP19.1.T9,NA,Sample condition ok,NA,NA,NA,N,plant,emergent,VEAN2,Veronica anagallis-aquatica L.,NA,NA,Magnoliophyta,NA,Magnoliopsida,Scrophulariales,Scrophulariaceae,Veronica,NA,anagallis-aquatica,NA,NA,NA,L.,NA,NA,species,NA,NA,NA,NA,NA,20260113T222546Z,RELEASE-2026
cb139e8f-09bc-4885-af86-c6e46e406c49,D14,SYCA,SYCA.AOS.aquatic.plant.transect.09,3,2022-04-05T19:51:00Z,SYCA.20220405,SYCA.20220405.MACROALGAE1.T9,A00000280865,Sample condition ok,NA,NA,NA,Y,macroalgae,free-floating,UNKALG,Unknown Algae,macroalgae1.20220405.T9,NA,NA,NA,NA,NA,NA,NA,NA,NA,NA,NA,NA,NA,NA,NA,kingdom,NA,NA,NA,NA,NA,20260113T222546Z,RELEASE-2026
5055848f-7519-44f9-bd56-49c1d81d0fa1,D14,SYCA,SYCA.AOS.aquatic.plant.transect.10,1,2022-04-05T20:10:00Z,SYCA.20220405,SYCA.20220405.MACROALGAE1.T10,A00000280864,Sample condition ok,NA,NA,NA,Y,macroalgae,free-floating,UNKALG,Unknown Algae,macroalgae1.20220405.T10,NA,NA,NA,NA,NA,NA,NA,NA,NA,NA,NA,NA,NA,NA,NA,kingdom,NA,NA,NA,NA,NA,20260113T222546Z,RELEASE-2026
3dcb4853-389d-4260-ad38-3e82018a22eb,D15,REDB,REDB.AOS.aquatic.plant.transect.03,18,2019-07-15T18:24:00Z,REDB.20190715,REDB.20190715.MACROALGAE1.T03,NA,NA,NA,NA,NA,N,macroalgae,submerged,NA,NA,NA,NA,NA,NA,NA,NA,NA,NA,NA,NA,NA,NA,NA,NA,NA,NA,NA,CrispyBrown morphospecies,NA,NA,NA,NA,20260113T222302Z,RELEASE-2026
1083c03b-f0b5-4da2-a81c-5a94ac5411c3,D15,REDB,REDB.AOS.aquatic.plant.transect.04,8,2019-07-15T20:02:00Z,REDB.20190715,REDB.20190715.MACROALGAE8.T4,A00000057117,NA,NA,NA,NA,Y,macroalgae,submerged,NA,NA,macroalgae8.20190715.T4,NA,NA,NA,NA,NA,NA,NA,NA,NA,NA,NA,NA,NA,NA,NA,NA,NA,NA,NA,NA,NA,20260113T222302Z,RELEASE-2026
62beb1b1-d999-41cc-9769-d3fcf1c579fd,D15,REDB,REDB.AOS.aquatic.plant.transect.04,16,2019-07-15T20:02:00Z,REDB.20190715,REDB.20190715.MACROALGAE8.T4,A00000057117,NA,NA,NA,NA,N,macroalgae,submerged,NA,NA,macroalgae8.20190715.T4,NA,NA,NA,NA,NA,NA,NA,NA,NA,NA,NA,NA,NA,NA,NA,NA,CrispyBrown morphospecies,NA,NA,NA,NA,20260113T222302Z,RELEASE-2026
ad5c2607-fdfd-4c38-ac8b-9bc3f343b821,D15,REDB,REDB.AOS.aquatic.plant.transect.05,9,2019-07-15T20:51:00Z,REDB.20190715,REDB.20190715.MACROALGAE1.T05,NA,NA,NA,NA,NA,N,macroalgae,submerged,NA,NA,NA,NA,NA,NA,NA,NA,NA,NA,NA,NA,NA,NA,NA,NA,NA,NA,NA,CrispyBrown morphospecies,NA,NA,NA,NA,20260113T222302Z,RELEASE-2026
94194991-31f3-40e0-90eb-625cb6308687,D15,REDB,REDB.AOS.aquatic.plant.transect.06,13,2019-07-15T21:25:00Z,REDB.20190715,REDB.20190715.AP2.T06,NA,NA,NA,NA,NA,N,plant,submerged,MAPO16,Marchantia polymorpha L.,NA,NA,NA,NA,Hepaticopsida,Marchantiales,Marchantiaceae,Marchantia,NA,polymorpha,NA,NA,NA,L.,NA,"Conard, How to know the mosses and liverworts (2015)",species,NA,NA,NA,NA,NA,20260113T222302Z,RELEASE-2026
8fa4453c-b80e-46e1-a7d1-69e125c6b8da,D15,REDB,REDB.AOS.aquatic.plant.transect.06,4,2019-07-15T21:25:00Z,REDB.20190715,REDB.20190715.MACROALGAE1.T06,NA,NA,NA,NA,NA,N,macroalgae,submerged,NA,NA,NA,NA,NA,NA,NA,NA,NA,NA,NA,NA,NA,NA,NA,NA,NA,NA,NA,CrispyBrown morphospecies,NA,NA,NA,NA,20260113T222302Z,RELEASE-2026
2bb232c8-a6c6-4b4b-a0bb-ab48877da2c0,D15,REDB,REDB.AOS.aquatic.plant.transect.09,13,2019-07-15T23:02:00Z,REDB.20190715,REDB.20190715.MACROALGAE6.T9,A00000057114,NA,NA,NA,NA,N,macroalgae,submerged,NA,NA,macroalgae6.20190715.T9,NA,NA,NA,NA,NA,NA,NA,NA,NA,NA,NA,NA,NA,NA,NA,NA,CrispyGreen morpho,NA,NA,NA,NA,20260113T222302Z,RELEASE-2026
b87f4a84-0998-4fa3-b966-1818a306f5ae,D15,REDB,REDB.AOS.aquatic.plant.transect.09,12,2019-07-15T23:02:00Z,REDB.20190715,REDB.20190715.MACROALGAE6.T9,A00000057114,NA,NA,NA,NA,N,macroalgae,submerged,NA,NA,macroalgae6.20190715.T9,NA,NA,NA,NA,NA,NA,NA,NA,NA,NA,NA,NA,NA,NA,NA,NA,CrispyGreen morpho,NA,NA,NA,NA,20260113T222302Z,RELEASE-2026
7368f7d5-800d-4d5e-9ec7-eefabe00f9c6,D15,REDB,REDB.AOS.aquatic.plant.transect.09,6,2019-07-15T23:02:00Z,REDB.20190715,REDB.20190715.TINYBROWNMOSS.T9,NA,NA,NA,NA,NA,N,plant,submerged,2PLANT,Unknown plant,TinyBrownMoss,Mosslike runner with fuzzy leaflet stalks less than three eighths inch long uniform in appearance,NA,NA,NA,NA,NA,NA,NA,NA,NA,NA,NA,NA,NA,NA,kingdom,Inadvertantly collected with patch of filamentous macroalgae and discovered in lab during sample cleaning.,NA,NA,NA,NA,20260113T222302Z,RELEASE-2026
8d2ede85-98cd-4c03-b02b-ebf677f83241,D15,REDB,REDB.AOS.aquatic.plant.transect.09,9,2019-07-15T23:02:00Z,REDB.20190715,REDB.20190715.MACROALGAE6.T9,A00000057114,NA,NA,NA,NA,N,macroalgae,submerged,NA,NA,macroalgae6.20190715.T9,NA,NA,NA,NA,NA,NA,NA,NA,NA,NA,NA,NA,NA,NA,NA,NA,CrispyGreen morpho,NA,NA,NA,NA,20260113T222302Z,RELEASE-2026
42149dc3-71ff-4675-ab27-81779094506c,D15,REDB,REDB.AOS.aquatic.plant.transect.09,6,2019-07-15T23:02:00Z,REDB.20190715,REDB.20190715.MACROALGAE6.T9,A00000057114,NA,NA,NA,NA,Y,macroalgae,submerged,NA,NA,macroalgae6.20190715.T9,NA,NA,NA,NA,NA,NA,NA,NA,NA,NA,NA,NA,NA,NA,NA,NA,CrispyGreen morphospecies,NA,NA,NA,NA,20260113T222302Z,RELEASE-2026
88a735ff-7e7f-4654-b775-1dc944b6cc32,D15,REDB,REDB.AOS.aquatic.plant.transect.09,8,2019-07-15T23:02:00Z,REDB.20190715,REDB.20190715.MACROALGAE6.T9,A00000057114,NA,NA,NA,NA,N,macroalgae,submerged,NA,NA,macroalgae6.20190715.T9,NA,NA,NA,NA,NA,NA,NA,NA,NA,NA,NA,NA,NA,NA,NA,NA,CrispyGreen morpho,NA,NA,NA,NA,20260113T222302Z,RELEASE-2026
392fa873-4b4e-41eb-81ba-aeb2c22a769a,D15,REDB,REDB.AOS.aquatic.plant.transect.09,11,2019-07-15T23:02:00Z,REDB.20190715,REDB.20190715.MACROALGAE11.T9,A00000057116,NA,NA,NA,NA,Y,macroalgae,submerged,NA,NA,macroalgae11.20190715.T9,NA,NA,NA,NA,NA,NA,NA,NA,NA,NA,NA,NA,NA,NA,NA,NA,BlackBubble morpho,NA,NA,NA,NA,20260113T222302Z,RELEASE-2026
6fa4dc89-f946-4432-8043-707f860ace76,D15,REDB,REDB.AOS.aquatic.plant.transect.09,7,2019-07-15T23:02:00Z,REDB.20190715,REDB.20190715.MACROALGAE6.T9,A00000057114,NA,NA,NA,NA,N,macroalgae,submerged,NA,NA,macroalgae6.20190715.T9,NA,NA,NA,NA,NA,NA,NA,NA,NA,NA,NA,NA,NA,NA,NA,NA,CrispyGreen morpho.,NA,NA,NA,NA,20260113T222302Z,RELEASE-2026
8bae7f64-d4fe-47dd-82f3-b15971e49f8c,D15,REDB,REDB.AOS.aquatic.plant.transect.10,13,2019-07-15T23:29:00Z,REDB.20190715,REDB.20190715.MACROALGAE9.T10,A00000057118,NA,NA,NA,NA,N,macroalgae,submerged,NA,NA,macroalgae9.20190715.T10,NA,NA,NA,NA,NA,NA,NA,NA,NA,NA,NA,NA,NA,NA,NA,NA,CrispyGreen morpho,NA,NA,NA,NA,20260113T222302Z,RELEASE-2026
7252f635-3a1e-403e-82c1-9adbadff891d,D15,REDB,REDB.AOS.aquatic.plant.transect.10,18,2019-07-15T23:29:00Z,REDB.20190715,REDB.20190715.MACROALGAE9.T10,A00000057118,NA,NA,NA,NA,N,macroalgae,submerged,NA,NA,macroalgae9.20190715.T10,NA,NA,NA,NA,NA,NA,NA,NA,NA,NA,NA,NA,NA,NA,NA,NA,NA,NA,NA,NA,NA,20260113T222302Z,RELEASE-2026
55b088bd-5961-4f3e-a538-4440e8f81f38,D15,REDB,REDB.AOS.aquatic.plant.transect.10,9,2019-07-15T23:29:00Z,REDB.20190715,REDB.20190715.MACROALGAE9.T10,A00000057118,NA,NA,NA,NA,Y,macroalgae,submerged,NA,NA,macroalgae9.20190715.T10,NA,NA,NA,NA,NA,NA,NA,NA,NA,NA,NA,NA,NA,NA,NA,NA,CrispyGreen morpho,NA,NA,NA,NA,20260113T222302Z,RELEASE-2026
7a44e99a-b187-4432-8a20-44516b2d8f7e,D15,REDB,REDB.AOS.aquatic.plant.transect.10,14,2019-07-15T23:29:00Z,REDB.20190715,REDB.20190715.MACROALGAE9.T10,A00000057118,NA,NA,NA,NA,N,macroalgae,submerged,NA,NA,macroalgae9.20190715.T10,NA,NA,NA,NA,NA,NA,NA,NA,NA,NA,NA,NA,NA,NA,NA,NA,CrispyGreen morpho,NA,NA,NA,NA,20260113T222302Z,RELEASE-2026
6c56b845-159b-4a12-8c07-61f680425fa1,D15,REDB,REDB.AOS.aquatic.plant.transect.10,12,2019-07-15T23:29:00Z,REDB.20190715,REDB.20190715.MACROALGAE9.T10,A00000057118,NA,NA,NA,NA,N,macroalgae,submerged,NA,NA,macroalgae9.20190715.T10,NA,NA,NA,NA,NA,NA,NA,NA,NA,NA,NA,NA,NA,NA,NA,NA,CrispyGreen morpho,NA,NA,NA,NA,20260113T222302Z,RELEASE-2026
043d9198-acde-4345-b8ec-fed468a26368,D15,REDB,REDB.AOS.aquatic.plant.transect.04,8,2018-07-16T18:28:00Z,REDB.20180716,REDB.20180716.MACROALGAE8.T4,A00000023860,NA,NA,NA,NA,Y,macroalgae,submerged,NA,NA,macroalgae8.20180716.T4,NA,NA,NA,NA,NA,NA,NA,NA,NA,NA,NA,NA,NA,NA,NA,NA,NA,NA,NA,NA,NA,20260113T222138Z,RELEASE-2026
011b5b7b-2fa7-4935-8898-4872df9a2049,D15,REDB,REDB.AOS.aquatic.plant.transect.04,9,2018-07-16T18:28:00Z,REDB.20180716,REDB.20180716.MACROALGAE8.T4,A00000023860,NA,NA,NA,NA,N,macroalgae,submerged,NA,NA,NA,NA,NA,NA,NA,NA,NA,NA,NA,NA,NA,NA,NA,NA,NA,NA,NA,NA,NA,NA,NA,NA,20260113T222138Z,RELEASE-2026
6aca0d9b-53c7-4ea1-97a6-45d96a4b62e8,D15,REDB,REDB.AOS.aquatic.plant.transect.05,14,2018-07-16T20:56:00Z,REDB.20180716,REDB.20180716.AP1.T05,NA,NA,NA,NA,NA,N,plant,submerged,MAPO16,Marchantia polymorpha L.,NA,NA,NA,NA,Hepaticopsida,Marchantiales,Marchantiaceae,Marchantia,NA,polymorpha,NA,NA,NA,L.,NA,"Conard, How to know the mosses and liverworts (2015)",species,NA,NA,NA,NA,NA,20260113T222138Z,RELEASE-2026
7d3bfdeb-c451-443d-8790-25153140c6a5,D15,REDB,REDB.AOS.aquatic.plant.transect.06,1,2018-07-16T21:14:00Z,REDB.20180716,REDB.20180716.AP1.T06,NA,NA,NA,NA,NA,N,plant,submerged,MAPO16,Marchantia polymorpha L.,NA,NA,NA,NA,Hepaticopsida,Marchantiales,Marchantiaceae,Marchantia,NA,polymorpha,NA,NA,NA,L.,aff. subspecies,"Conard, How to know the mosses and liverworts (2015)",species,NA,NA,NA,NA,NA,20260113T222138Z,RELEASE-2026
ee100b90-d99c-4088-938a-daf68634e794,D15,REDB,REDB.AOS.aquatic.plant.transect.08,7,2018-07-16T21:49:00Z,REDB.20180716,REDB.20180716.AP1.T08,NA,NA,NA,NA,NA,N,plant,submerged,MAPO16,Marchantia polymorpha L.,NA,NA,NA,NA,Hepaticopsida,Marchantiales,Marchantiaceae,Marchantia,NA,polymorpha,NA,NA,NA,L.,NA,"Conard, How to know the mosses and liverworts (2015)",species,NA,NA,NA,NA,NA,20260113T222138Z,RELEASE-2026
9bad0bef-221c-42a5-b782-85ad0130992e,D15,REDB,REDB.AOS.aquatic.plant.transect.10,16,2018-07-16T22:23:00Z,REDB.20180716,REDB.20180716.MACROALGAE3.T10,A00000023845,NA,NA,NA,NA,N,macroalgae,submerged,NA,NA,macroalgae3.20180716.T10,NA,NA,NA,NA,NA,NA,NA,NA,NA,NA,NA,NA,NA,NA,NA,NA,NA,NA,NA,NA,NA,20260113T222138Z,RELEASE-2026
24c9a7c4-1c81-4d6c-b6cb-a5a8b0acdc61,D15,REDB,REDB.AOS.aquatic.plant.transect.10,3,2018-07-16T22:23:00Z,REDB.20180716,REDB.20180716.MACROALGAE3.T10,A00000023845,NA,NA,NA,NA,Y,macroalgae,submerged,NA,NA,macroalgae3.20180716.T10,NA,NA,NA,NA,NA,NA,NA,NA,NA,NA,NA,NA,NA,NA,NA,NA,NA,NA,NA,NA,NA,20260113T222138Z,RELEASE-2026
dd92f7cb-e307-47e4-8d13-4a0053748174,D15,REDB,REDB.AOS.aquatic.plant.transect.10,17,2018-07-16T22:23:00Z,REDB.20180716,REDB.20180716.MACROALGAE3.T10,A00000023845,NA,NA,NA,NA,N,macroalgae,submerged,NA,NA,macroalgae3.20180716.T10,NA,NA,NA,NA,NA,NA,NA,NA,NA,NA,NA,NA,NA,NA,NA,NA,NA,NA,NA,NA,NA,20260113T222138Z,RELEASE-2026
89146b0d-ebdf-4f07-aa90-50b10c13d9e9,D15,REDB,REDB.AOS.aquatic.plant.transect.10,4,2018-07-16T22:23:00Z,REDB.20180716,REDB.20180716.MACROALGAE3.T10,A00000023845,NA,NA,NA,NA,N,macroalgae,floating-leaved,NA,NA,macroalgae3.20180716.T10,NA,NA,NA,NA,NA,NA,NA,NA,NA,NA,NA,NA,NA,NA,NA,NA,NA,NA,NA,NA,NA,20260113T222138Z,RELEASE-2026
4f290c87-2e58-4651-90f3-c5ad628b2e8f,D15,REDB,REDB.AOS.aquatic.plant.transect.10,15,2018-07-16T22:23:00Z,REDB.20180716,REDB.20180716.MACROALGAE3.T10,A00000023845,NA,NA,NA,NA,N,macroalgae,submerged,NA,NA,macroalgae3.20180716.T10,NA,NA,NA,NA,NA,NA,NA,NA,NA,NA,NA,NA,NA,NA,NA,NA,NA,NA,NA,NA,NA,20260113T222138Z,RELEASE-2026
2e48d9fd-3d24-4d78-bc27-b072bbf437db,D15,REDB,REDB.AOS.aquatic.plant.transect.02,2,2019-10-07T18:11:00Z,REDB.20191007,REDB.20191007.MACROALGAE1.T02,NA,NA,NA,NA,NA,N,macroalgae,submerged,NA,NA,NA,NA,NA,NA,NA,NA,NA,NA,NA,NA,NA,NA,NA,NA,NA,NA,NA,Crispybrown morpho species,NA,NA,NA,NA,20260113T222024Z,RELEASE-2026
6e6689bc-a117-40ce-b906-b136e13acff7,D15,REDB,REDB.AOS.aquatic.plant.transect.05,13,2019-10-07T20:31:00Z,REDB.20191007,REDB.20191007.MACROALGAE1.T05,NA,NA,NA,NA,NA,N,macroalgae,submerged,NA,NA,NA,NA,NA,NA,NA,NA,NA,NA,NA,NA,NA,NA,NA,NA,NA,NA,NA,CrispyBrown morpho species,NA,NA,NA,NA,20260113T222024Z,RELEASE-2026
b1164b0d-d5a8-4f4e-b591-393de0a4b66c,D15,REDB,REDB.AOS.aquatic.plant.transect.05,14,2019-10-07T20:31:00Z,REDB.20191007,REDB.20191007.MACROALGAE1.T05,NA,NA,NA,NA,NA,N,macroalgae,submerged,NA,NA,NA,NA,NA,NA,NA,NA,NA,NA,NA,NA,NA,NA,NA,NA,NA,NA,NA,CrispyBrown morpho species,NA,NA,NA,NA,20260113T222024Z,RELEASE-2026
00f85559-b7c8-4c06-85e2-77fcc2f21b99,D15,REDB,REDB.AOS.aquatic.plant.transect.06,8,2019-10-07T21:04:00Z,REDB.20191007,REDB.20191007.AP2.T06,NA,NA,NA,NA,NA,N,plant,submerged,MAPO16,Marchantia polymorpha L.,NA,NA,NA,NA,Hepaticopsida,Marchantiales,Marchantiaceae,Marchantia,NA,polymorpha,NA,NA,NA,L.,NA,NA,species,NA,NA,NA,NA,NA,20260113T222024Z,RELEASE-2026
36af4cd6-01f5-4e30-bd89-e520fd637068,D15,REDB,REDB.AOS.aquatic.plant.transect.06,4,2019-10-07T21:04:00Z,REDB.20191007,REDB.20191007.AP1.T06,NA,NA,NA,NA,NA,N,plant,submerged,MAPO16,Marchantia polymorpha L.,NA,NA,NA,NA,Hepaticopsida,Marchantiales,Marchantiaceae,Marchantia,NA,polymorpha,NA,NA,NA,L.,NA,NA,species,NA,NA,NA,NA,NA,20260113T222024Z,RELEASE-2026
ef1eafa0-e4db-42f6-81d8-4769691140bc,D15,REDB,REDB.AOS.aquatic.plant.transect.07,12,2019-10-07T21:31:00Z,REDB.20191007,REDB.20191007.MACROALGAE1.T07,NA,NA,NA,NA,NA,N,macroalgae,submerged,NA,NA,NA,NA,NA,NA,NA,NA,NA,NA,NA,NA,NA,NA,NA,NA,NA,NA,NA,CrispyBrown morpho species,NA,NA,NA,NA,20260113T222024Z,RELEASE-2026
e423acd6-941b-449c-8a16-40c215d6cf62,D15,REDB,REDB.AOS.aquatic.plant.transect.08,3,2019-10-07T22:00:00Z,REDB.20191007,REDB.20191007.AP1.T08,NA,NA,NA,NA,NA,N,plant,submerged,MAPO16,Marchantia polymorpha L.,NA,NA,NA,NA,Hepaticopsida,Marchantiales,Marchantiaceae,Marchantia,NA,polymorpha,NA,NA,NA,L.,NA,NA,species,NA,NA,NA,NA,NA,20260113T222024Z,RELEASE-2026
94eff71b-8814-452c-951e-e994c7d051b2,D15,REDB,REDB.AOS.aquatic.plant.transect.08,4,2019-10-07T22:00:00Z,REDB.20191007,REDB.20191007.AP2.T08,NA,NA,NA,NA,NA,N,plant,submerged,MAPO16,Marchantia polymorpha L.,NA,NA,NA,NA,Hepaticopsida,Marchantiales,Marchantiaceae,Marchantia,NA,polymorpha,NA,NA,NA,L.,NA,NA,species,NA,NA,NA,NA,NA,20260113T222024Z,RELEASE-2026
439e202a-e36f-43ff-89b5-0bf1790e7cd5,D15,REDB,REDB.AOS.aquatic.plant.transect.09,15,2019-10-07T22:16:00Z,REDB.20191007,REDB.20191007.MACROALGAE15.T9,A00000057112,NA,NA,NA,NA,Y,macroalgae,submerged,NA,NA,macroalgae15.20191007.T9,NA,NA,NA,NA,NA,NA,NA,NA,NA,NA,NA,NA,NA,NA,NA,NA,CrispyBrown morpho species,NA,NA,NA,NA,20260113T222024Z,RELEASE-2026
01bf7390-1469-4a73-9b5a-d21b1b1553d6,D15,REDB,REDB.AOS.aquatic.plant.transect.09,13,2019-10-07T22:16:00Z,REDB.20191007,REDB.20191007.MACROALGAE15.T9,A00000057112,NA,NA,NA,NA,N,macroalgae,submerged,NA,NA,NA,NA,NA,NA,NA,NA,NA,NA,NA,NA,NA,NA,NA,NA,NA,NA,NA,CrispyBrown morpho species,NA,NA,NA,NA,20260113T222024Z,RELEASE-2026
e2293775-cb21-4605-b646-a12d7b612e19,D15,REDB,REDB.AOS.aquatic.plant.transect.10,13,2019-10-07T22:49:00Z,REDB.20191007,REDB.20191007.MACROALGAE7.T10,A00000057111,NA,NA,NA,NA,N,macroalgae,submerged,NA,NA,NA,NA,NA,NA,NA,NA,NA,NA,NA,NA,NA,NA,NA,NA,NA,NA,NA,Crispy brown morphospecies,NA,NA,NA,NA,20260113T222024Z,RELEASE-2026
06dd1025-c2c1-4a69-a7a2-00f42042db61,D15,REDB,REDB.AOS.aquatic.plant.transect.10,16,2019-10-07T22:49:00Z,REDB.20191007,REDB.20191007.MACROALGAE7.T10,A00000057111,NA,NA,NA,NA,N,macroalgae,submerged,NA,NA,NA,NA,NA,NA,NA,NA,NA,NA,NA,NA,NA,NA,NA,NA,NA,NA,NA,Crispy brown morphospecies,NA,NA,NA,NA,20260113T222024Z,RELEASE-2026
b66fad58-1c08-46e9-9584-79ca4ed6a42c,D15,REDB,REDB.AOS.aquatic.plant.transect.10,14,2019-10-07T22:49:00Z,REDB.20191007,REDB.20191007.MACROALGAE7.T10,A00000057111,NA,NA,NA,NA,N,macroalgae,submerged,NA,NA,NA,NA,NA,NA,NA,NA,NA,NA,NA,NA,NA,NA,NA,NA,NA,NA,NA,Crispy brown morphospecies,NA,NA,NA,NA,20260113T222024Z,RELEASE-2026
1090bc9c-fc52-40a5-a56d-1260b604c780,D15,REDB,REDB.AOS.aquatic.plant.transect.10,7,2019-10-07T22:49:00Z,REDB.20191007,REDB.20191007.MACROALGAE7.T10,A00000057111,NA,NA,NA,NA,Y,macroalgae,submerged,NA,NA,macroalgae7.20191007.T10,NA,NA,NA,NA,NA,NA,NA,NA,NA,NA,NA,NA,NA,NA,NA,NA,NA,NA,NA,NA,NA,20260113T222024Z,RELEASE-2026
4b77642d-073e-48a8-8fdb-fe02ae55ffef,D15,REDB,REDB.AOS.aquatic.plant.transect.10,12,2019-10-07T22:49:00Z,REDB.20191007,REDB.20191007.MACROALGAE7.T10,A00000057111,NA,NA,NA,NA,N,macroalgae,submerged,NA,NA,NA,NA,NA,NA,NA,NA,NA,NA,NA,NA,NA,NA,NA,NA,NA,NA,NA,Crispy brown morphospecies,NA,NA,NA,NA,20260113T222024Z,RELEASE-2026
9c1229a7-2601-4ffb-abc6-01d4ca6024ef,D15,REDB,REDB.AOS.aquatic.plant.transect.10,17,2019-10-07T22:49:00Z,REDB.20191007,REDB.20191007.MACROALGAE7.T10,A00000057111,NA,NA,NA,NA,N,macroalgae,submerged,NA,NA,NA,NA,NA,NA,NA,NA,NA,NA,NA,NA,NA,NA,NA,NA,NA,NA,NA,Crispy brown morphospecies,NA,NA,NA,NA,20260113T222024Z,RELEASE-2026
820a453f-46d4-4523-9d96-454ba59cc3e8,D15,REDB,REDB.AOS.aquatic.plant.transect.10,8,2019-10-07T22:49:00Z,REDB.20191007,REDB.20191007.MACROALGAE7.T10,A00000057111,NA,NA,NA,NA,N,macroalgae,submerged,NA,NA,NA,NA,NA,NA,NA,NA,NA,NA,NA,NA,NA,NA,NA,NA,NA,NA,NA,Crispy brown morphospecies,NA,NA,NA,NA,20260113T222024Z,RELEASE-2026
604b3e04-3c0a-4e10-bb03-07f12edcaf09,D15,REDB,REDB.AOS.aquatic.plant.transect.10,6,2019-10-07T22:49:00Z,REDB.20191007,REDB.20191007.MACROALGAE7.T10,A00000057111,NA,NA,NA,NA,N,macroalgae,submerged,NA,NA,NA,NA,NA,NA,NA,NA,NA,NA,NA,NA,NA,NA,NA,NA,NA,NA,NA,Crispy brown morphospecies,NA,NA,NA,NA,20260113T222024Z,RELEASE-2026
79be8be4-dc78-4a30-98da-8d4c97527e85,D15,REDB,REDB.AOS.aquatic.plant.transect.10,15,2019-10-07T22:49:00Z,REDB.20191007,REDB.20191007.MACROALGAE7.T10,A00000057111,NA,NA,NA,NA,N,macroalgae,submerged,NA,NA,NA,NA,NA,NA,NA,NA,NA,NA,NA,NA,NA,NA,NA,NA,NA,NA,NA,Crispy brown morphospecies,NA,NA,NA,NA,20260113T222024Z,RELEASE-2026
1fa680d7-424c-4127-baaf-aa52df2fb642,D15,REDB,REDB.AOS.aquatic.plant.transect.02,4,2021-07-21T15:23:00Z,REDB.20210721,REDB.20210721.MACROALGAE4.T2,A00000283775,NA,NA,NA,NA,Y,macroalgae,submerged,NA,NA,macroalgae4.20210721.T2,NA,NA,NA,NA,NA,NA,NA,NA,NA,NA,NA,NA,NA,NA,NA,NA,NA,NA,NA,NA,NA,20260113T223630Z,RELEASE-2026
32aedd5b-f302-4284-8738-c0e7a21894c8,D15,REDB,REDB.AOS.aquatic.plant.transect.02,6,2021-07-21T15:23:00Z,REDB.20210721,REDB.20210721.MACROALGAE4.T2,A00000283775,NA,NA,NA,NA,Y,macroalgae,submerged,NA,NA,macroalgae4.20210721.T2,NA,NA,NA,NA,NA,NA,NA,NA,NA,NA,NA,NA,NA,NA,NA,NA,NA,NA,NA,NA,NA,20260113T223630Z,RELEASE-2026
e8b63380-b635-42c9-bd3b-8b04124c41e7,D15,REDB,REDB.AOS.aquatic.plant.transect.02,7,2021-07-21T15:23:00Z,REDB.20210721,REDB.20210721.MACROALGAE4.T2,A00000283775,NA,NA,NA,NA,Y,macroalgae,submerged,NA,NA,macroalgae4.20210721.T2,NA,NA,NA,NA,NA,NA,NA,NA,NA,NA,NA,NA,NA,NA,NA,NA,NA,NA,NA,NA,NA,20260113T223630Z,RELEASE-2026
21f59575-238f-4bc4-937f-f6c52e1ed510,D15,REDB,REDB.AOS.aquatic.plant.transect.04,11,2021-07-21T16:34:00Z,REDB.20210721,REDB.20210721.MACROALGAE5.T4,A00000283776,NA,NA,NA,NA,Y,macroalgae,submerged,NA,NA,macroalgae5.20210721.T4,NA,NA,NA,NA,NA,NA,NA,NA,NA,NA,NA,NA,NA,NA,NA,NA,NA,NA,NA,NA,NA,20260113T223630Z,RELEASE-2026
e25b8c05-59de-44ef-b309-1467542fc296,D15,REDB,REDB.AOS.aquatic.plant.transect.04,7,2021-07-21T16:34:00Z,REDB.20210721,REDB.20210721.MACROALGAE5.T4,A00000283776,NA,NA,NA,NA,Y,macroalgae,submerged,NA,NA,macroalgae5.20210721.T4,NA,NA,NA,NA,NA,NA,NA,NA,NA,NA,NA,NA,NA,NA,NA,NA,NA,NA,NA,NA,NA,20260113T223630Z,RELEASE-2026
4de29c4e-b0c3-44a8-8a8c-34c9877d7b6f,D15,REDB,REDB.AOS.aquatic.plant.transect.04,5,2021-07-21T16:34:00Z,REDB.20210721,REDB.20210721.MACROALGAE5.T4,A00000283776,NA,NA,NA,NA,Y,macroalgae,submerged,NA,NA,macroalgae5.20210721.T4,NA,NA,NA,NA,NA,NA,NA,NA,NA,NA,NA,NA,NA,NA,NA,NA,NA,NA,NA,NA,NA,20260113T223630Z,RELEASE-2026
7507148d-40fd-4061-8cc9-9488f35ebe80,D15,REDB,REDB.AOS.aquatic.plant.transect.06,11,2021-07-21T17:14:00Z,REDB.20210721,REDB.20210721.MACROALGAE10.T6,A00000283777,NA,NA,NA,NA,Y,macroalgae,submerged,NA,NA,macroalgae10.20210721.T6,NA,NA,NA,NA,NA,NA,NA,NA,NA,NA,NA,NA,NA,NA,NA,NA,NA,NA,NA,NA,NA,20260113T223630Z,RELEASE-2026
2c9ba787-ac64-40a4-9c92-5c94be6281e8,D15,REDB,REDB.AOS.aquatic.plant.transect.06,17,2021-07-21T17:14:00Z,REDB.20210721,REDB.20210721.MACROALGAE10.T6,A00000283777,NA,NA,NA,NA,Y,macroalgae,submerged,NA,NA,macroalgae10.20210721.T6,NA,NA,NA,NA,NA,NA,NA,NA,NA,NA,NA,NA,NA,NA,NA,NA,NA,NA,NA,NA,NA,20260113T223630Z,RELEASE-2026
a9a7d378-93af-4deb-b31d-853b31ad4fa9,D15,REDB,REDB.AOS.aquatic.plant.transect.06,12,2021-07-21T17:14:00Z,REDB.20210721,REDB.20210721.MACROALGAE10.T6,A00000283777,NA,NA,NA,NA,Y,macroalgae,submerged,NA,NA,macroalgae10.20210721.T6,NA,NA,NA,NA,NA,NA,NA,NA,NA,NA,NA,NA,NA,NA,NA,NA,NA,NA,NA,NA,NA,20260113T223630Z,RELEASE-2026
fc4add5f-4c2e-4355-8e7f-435a119cec14,D15,REDB,REDB.AOS.aquatic.plant.transect.06,13,2021-07-21T17:14:00Z,REDB.20210721,REDB.20210721.MACROALGAE10.T6,A00000283777,NA,NA,NA,NA,Y,macroalgae,submerged,NA,NA,macroalgae10.20210721.T6,NA,NA,NA,NA,NA,NA,NA,NA,NA,NA,NA,NA,NA,NA,NA,NA,NA,NA,NA,NA,NA,20260113T223630Z,RELEASE-2026
3e79090f-e02d-41b7-ab98-779dc664c770,D15,REDB,REDB.AOS.aquatic.plant.transect.06,10,2021-07-21T17:14:00Z,REDB.20210721,REDB.20210721.MACROALGAE10.T6,A00000283777,NA,NA,NA,NA,Y,macroalgae,submerged,NA,NA,macroalgae10.20210721.T6,NA,NA,NA,NA,NA,NA,NA,NA,NA,NA,NA,NA,NA,NA,NA,NA,NA,NA,NA,NA,NA,20260113T223630Z,RELEASE-2026
aa5871c9-7ee7-4b6d-ab8b-5af42de3d787,D15,REDB,REDB.AOS.aquatic.plant.transect.06,16,2021-07-21T17:14:00Z,REDB.20210721,REDB.20210721.AP6.T06,NA,NA,NA,NA,NA,N,plant,submerged,MAPO16,Marchantia polymorpha L.,NA,NA,NA,NA,Hepaticopsida,Marchantiales,Marchantiaceae,Marchantia,NA,polymorpha,NA,NA,NA,L.,NA,NA,species,NA,NA,NA,NA,NA,20260113T223630Z,RELEASE-2026
bbba5184-8fd4-4392-8387-ab1d6cf20051,D15,REDB,REDB.AOS.aquatic.plant.transect.06,8,2021-07-21T17:14:00Z,REDB.20210721,REDB.20210721.AP1.T06,NA,NA,NA,NA,NA,N,plant,submerged,MAPO16,Marchantia polymorpha L.,NA,NA,NA,NA,Hepaticopsida,Marchantiales,Marchantiaceae,Marchantia,NA,polymorpha,NA,NA,NA,L.,NA,NA,species,NA,NA,NA,NA,NA,20260113T223630Z,RELEASE-2026
7720db50-876c-47a9-be08-1873b2835256,D15,REDB,REDB.AOS.aquatic.plant.transect.07,6,2021-07-21T18:13:00Z,REDB.20210721,REDB.20210721.MACROALGAE6.T7,A00000283778,NA,NA,NA,NA,Y,macroalgae,submerged,NA,NA,macroalgae6.20210721.T7,NA,NA,NA,NA,NA,NA,NA,NA,NA,NA,NA,NA,NA,NA,NA,NA,NA,NA,NA,NA,NA,20260113T223630Z,RELEASE-2026
065416dd-bc41-4a57-931d-7ab2486cf15b,D15,REDB,REDB.AOS.aquatic.plant.transect.07,7,2021-07-21T18:13:00Z,REDB.20210721,REDB.20210721.MACROALGAE6.T7,A00000283778,NA,NA,NA,NA,Y,macroalgae,submerged,NA,NA,macroalgae6.20210721.T7,NA,NA,NA,NA,NA,NA,NA,NA,NA,NA,NA,NA,NA,NA,NA,NA,NA,NA,NA,NA,NA,20260113T223630Z,RELEASE-2026
72005d01-24f9-45f2-af45-070be5f408c3,D15,REDB,REDB.AOS.aquatic.plant.transect.07,19,2021-07-21T18:13:00Z,REDB.20210721,REDB.20210721.MACROALGAE6.T7,A00000283778,NA,NA,NA,NA,Y,macroalgae,submerged,NA,NA,macroalgae6.20210721.T7,NA,NA,NA,NA,NA,NA,NA,NA,NA,NA,NA,NA,NA,NA,NA,NA,NA,NA,NA,NA,NA,20260113T223630Z,RELEASE-2026
6ff0965f-cccb-4065-919f-248947a478fb,D15,REDB,REDB.AOS.aquatic.plant.transect.08,6,2021-07-21T18:56:00Z,REDB.20210721,REDB.20210721.AP4.T08,NA,NA,NA,NA,NA,N,plant,submerged,MAPO16,Marchantia polymorpha L.,NA,NA,NA,NA,Hepaticopsida,Marchantiales,Marchantiaceae,Marchantia,NA,polymorpha,NA,NA,NA,L.,NA,NA,species,NA,NA,NA,NA,NA,20260113T223630Z,RELEASE-2026
da6c4ec1-f332-41cc-8a7a-021b8457e621,D15,REDB,REDB.AOS.aquatic.plant.transect.08,5,2021-07-21T18:56:00Z,REDB.20210721,REDB.20210721.AP3.T08,NA,NA,NA,NA,NA,N,plant,submerged,MAPO16,Marchantia polymorpha L.,NA,NA,NA,NA,Hepaticopsida,Marchantiales,Marchantiaceae,Marchantia,NA,polymorpha,NA,NA,NA,L.,NA,NA,species,NA,NA,NA,NA,NA,20260113T223630Z,RELEASE-2026
d80480ec-de71-4278-876c-1b232a039abf,D15,REDB,REDB.AOS.aquatic.plant.transect.08,9,2021-07-21T18:56:00Z,REDB.20210721,REDB.20210721.MACROALGAE8.T8,A00000283779,NA,NA,NA,NA,Y,macroalgae,submerged,NA,NA,macroalgae8.20210721.T8,NA,NA,NA,NA,NA,NA,NA,NA,NA,NA,NA,NA,NA,NA,NA,NA,NA,NA,NA,NA,NA,20260113T223630Z,RELEASE-2026
9ff151fb-a4a3-48ea-8bcf-b17d051c3eed,D15,REDB,REDB.AOS.aquatic.plant.transect.08,12,2021-07-21T18:56:00Z,REDB.20210721,REDB.20210721.MACROALGAE8.T8,A00000283779,NA,NA,NA,NA,Y,macroalgae,submerged,NA,NA,macroalgae8.20210721.T8,NA,NA,NA,NA,NA,NA,NA,NA,NA,NA,NA,NA,NA,NA,NA,NA,NA,NA,NA,NA,NA,20260113T223630Z,RELEASE-2026
793e7ff1-af4a-4631-92fa-ec496fd31c0c,D15,REDB,REDB.AOS.aquatic.plant.transect.08,8,2021-07-21T18:56:00Z,REDB.20210721,REDB.20210721.MACROALGAE8.T8,A00000283779,NA,NA,NA,NA,Y,macroalgae,submerged,NA,NA,macroalgae8.20210721.T8,NA,NA,NA,NA,NA,NA,NA,NA,NA,NA,NA,NA,NA,NA,NA,NA,NA,NA,NA,NA,NA,20260113T223630Z,RELEASE-2026
49e99d94-086b-4ee9-a693-4c7c26cec524,D15,REDB,REDB.AOS.aquatic.plant.transect.08,10,2021-07-21T18:56:00Z,REDB.20210721,REDB.20210721.MACROALGAE8.T8,A00000283779,NA,NA,NA,NA,Y,macroalgae,submerged,NA,NA,macroalgae8.20210721.T8,NA,NA,NA,NA,NA,NA,NA,NA,NA,NA,NA,NA,NA,NA,NA,NA,NA,NA,NA,NA,NA,20260113T223630Z,RELEASE-2026
b81dbb5e-37e0-418a-958d-bdbd96934857,D15,REDB,REDB.AOS.aquatic.plant.transect.08,2,2021-07-21T18:56:00Z,REDB.20210721,REDB.20210721.AP1.T08,NA,NA,NA,NA,NA,N,plant,submerged,MAPO16,Marchantia polymorpha L.,NA,NA,NA,NA,Hepaticopsida,Marchantiales,Marchantiaceae,Marchantia,NA,polymorpha,NA,NA,NA,L.,NA,NA,species,NA,NA,NA,NA,NA,20260113T223630Z,RELEASE-2026
7b9378c4-f330-4100-ac3a-4a5b731078b3,D15,REDB,REDB.AOS.aquatic.plant.transect.08,3,2021-07-21T18:56:00Z,REDB.20210721,REDB.20210721.AP2.T08,NA,NA,NA,NA,NA,N,plant,submerged,MAPO16,Marchantia polymorpha L.,NA,NA,NA,NA,Hepaticopsida,Marchantiales,Marchantiaceae,Marchantia,NA,polymorpha,NA,NA,NA,L.,NA,NA,species,NA,NA,NA,NA,NA,20260113T223630Z,RELEASE-2026
7feacb34-60c5-4faf-9096-8cdf17f3dac4,D15,REDB,REDB.AOS.aquatic.plant.transect.09,17,2021-07-21T19:56:00Z,REDB.20210721,REDB.20210721.MACROALGAE6.T9,A00000283780,NA,NA,NA,NA,Y,macroalgae,submerged,NA,NA,macroalgae6.20210721.T9,NA,NA,NA,NA,NA,NA,NA,NA,NA,NA,NA,NA,NA,NA,NA,NA,NA,NA,NA,NA,NA,20260113T223630Z,RELEASE-2026
8fa41985-caee-4de8-957c-86c6f4edc8a0,D15,REDB,REDB.AOS.aquatic.plant.transect.09,16,2021-07-21T19:56:00Z,REDB.20210721,REDB.20210721.AP3.T09,NA,NA,NA,NA,NA,N,plant,submerged,MAPO16,Marchantia polymorpha L.,NA,NA,NA,NA,Hepaticopsida,Marchantiales,Marchantiaceae,Marchantia,NA,polymorpha,NA,NA,NA,L.,NA,NA,species,NA,NA,NA,NA,NA,20260113T223630Z,RELEASE-2026
3a861523-0bf9-4500-a6a8-0ef54884a4a6,D15,REDB,REDB.AOS.aquatic.plant.transect.09,18,2021-07-21T19:56:00Z,REDB.20210721,REDB.20210721.MACROALGAE6.T9,A00000283780,NA,NA,NA,NA,Y,macroalgae,submerged,NA,NA,macroalgae6.20210721.T9,NA,NA,NA,NA,NA,NA,NA,NA,NA,NA,NA,NA,NA,NA,NA,NA,NA,NA,NA,NA,NA,20260113T223630Z,RELEASE-2026
d3a73833-1f18-48c0-8291-a38780a6311c,D15,REDB,REDB.AOS.aquatic.plant.transect.09,6,2021-07-21T19:56:00Z,REDB.20210721,REDB.20210721.MACROALGAE6.T9,A00000283780,NA,NA,NA,NA,Y,macroalgae,submerged,NA,NA,macroalgae6.20210721.T9,NA,NA,NA,NA,NA,NA,NA,NA,NA,NA,NA,NA,NA,NA,NA,NA,NA,NA,NA,NA,NA,20260113T223630Z,RELEASE-2026
1c699b1f-c4a6-44fd-b7fb-d27882f134b1,D15,REDB,REDB.AOS.aquatic.plant.transect.09,15,2021-07-21T19:56:00Z,REDB.20210721,REDB.20210721.MACROALGAE6.T9,A00000283780,NA,NA,NA,NA,Y,macroalgae,submerged,NA,NA,macroalgae6.20210721.T9,NA,NA,NA,NA,NA,NA,NA,NA,NA,NA,NA,NA,NA,NA,NA,NA,NA,NA,NA,NA,NA,20260113T223630Z,RELEASE-2026
0cf3edf9-d879-4180-857b-e84765eefe10,D15,REDB,REDB.AOS.aquatic.plant.transect.04,1,2021-10-27T15:36:00Z,REDB.20211027,REDB.20211027.AP1.1.T4,B00000116165,NA,REDB.20211027.AP1.1.T4.H,B00000116164,NA,Y,plant,submerged,2PLANT,Unknown plant,GRAS,Runners roots sprouting from nodes leaves growing from end of stem,NA,NA,NA,NA,NA,NA,NA,NA,NA,NA,NA,NA,NA,NA,kingdom,Growing along bank. Thick colonization of bank. Rooted in stream sediments.,NA,NA,NA,NA,20260113T222501Z,RELEASE-2026
2db76c1c-12ad-4e75-9c5b-a6840848fa13,D15,REDB,REDB.AOS.aquatic.plant.transect.04,6,2021-10-27T15:36:00Z,REDB.20211027,REDB.20211027.MACROALGAE6.T4,A00000285567,NA,NA,NA,NA,Y,macroalgae,submerged,NA,NA,macroalgae6.20211027.T4,NA,NA,NA,NA,NA,NA,NA,NA,NA,NA,NA,NA,NA,NA,NA,NA,Nostoc ball,NA,NA,NA,NA,20260113T222501Z,RELEASE-2026
c04eeaf9-daf8-4c20-a987-bdb9bad89c89,D15,REDB,REDB.AOS.aquatic.plant.transect.05,14,2021-10-27T16:29:00Z,REDB.20211027,REDB.20211027.MACROALGAE6.T5,A00000285565,NA,NA,NA,NA,Y,macroalgae,submerged,NA,NA,macroalgae6.20211027.T5,NA,NA,NA,NA,NA,NA,NA,NA,NA,NA,NA,NA,NA,NA,NA,NA,Nostoc balls,NA,NA,NA,NA,20260113T222501Z,RELEASE-2026
8ba26007-3064-4eec-9d76-ff791dbbf823,D15,REDB,REDB.AOS.aquatic.plant.transect.05,6,2021-10-27T16:29:00Z,REDB.20211027,REDB.20211027.MACROALGAE6.T5,A00000285565,NA,NA,NA,NA,Y,macroalgae,submerged,NA,NA,macroalgae6.20211027.T5,NA,NA,NA,NA,NA,NA,NA,NA,NA,NA,NA,NA,NA,NA,NA,NA,Nostoc balls,NA,NA,NA,NA,20260113T222501Z,RELEASE-2026
95685f80-910e-4533-9007-133d49c8230f,D15,REDB,REDB.AOS.aquatic.plant.transect.06,19,2021-10-27T16:53:00Z,REDB.20211027,REDB.20211027.MACROALGAE4.T6,A00000285571,NA,NA,NA,NA,Y,macroalgae,submerged,NA,NA,macroalgae4.20211027.T6,NA,NA,NA,NA,NA,NA,NA,NA,NA,NA,NA,NA,NA,NA,NA,NA,Nostoc balls,NA,NA,NA,NA,20260113T222501Z,RELEASE-2026
77b5fd1e-ac19-4569-9f8c-b543a1fd0c39,D15,REDB,REDB.AOS.aquatic.plant.transect.06,3,2021-10-27T16:53:00Z,REDB.20211027,REDB.20211027.AP1.T06,NA,NA,NA,NA,NA,N,plant,submerged,MAPO16,Marchantia polymorpha L.,NA,NA,NA,NA,Hepaticopsida,Marchantiales,Marchantiaceae,Marchantia,NA,polymorpha,NA,NA,NA,L.,NA,NA,species,Liverwort,NA,NA,NA,NA,20260113T222501Z,RELEASE-2026
9894992b-b984-4911-b6e7-f244a70ad4e3,D15,REDB,REDB.AOS.aquatic.plant.transect.06,22,2021-10-27T16:53:00Z,REDB.20211027,REDB.20211027.MACROALGAE4.T6,A00000285571,NA,NA,NA,NA,Y,macroalgae,submerged,NA,NA,macroalgae4.20211027.T6,NA,NA,NA,NA,NA,NA,NA,NA,NA,NA,NA,NA,NA,NA,NA,NA,Nostoc balls,NA,NA,NA,NA,20260113T222501Z,RELEASE-2026
efa5854a-100f-4f41-ab09-93938de0c7e5,D15,REDB,REDB.AOS.aquatic.plant.transect.06,5,2021-10-27T16:53:00Z,REDB.20211027,REDB.20211027.MACROALGAE4.T6,A00000285571,NA,NA,NA,NA,Y,macroalgae,submerged,NA,NA,NA,NA,NA,NA,NA,NA,NA,NA,NA,NA,NA,NA,NA,NA,NA,NA,NA,Nostoc Balls,NA,NA,NA,NA,20260113T222501Z,RELEASE-2026
95607b36-c909-4eb9-ac97-62171f5e7f3c,D15,REDB,REDB.AOS.aquatic.plant.transect.06,4,2021-10-27T16:53:00Z,REDB.20211027,REDB.20211027.MACROALGAE4.T6,A00000285571,NA,NA,NA,NA,Y,macroalgae,submerged,NA,NA,macroalgae4.20211027.T6,NA,NA,NA,NA,NA,NA,NA,NA,NA,NA,NA,NA,NA,NA,NA,NA,Nostoc balls,NA,NA,NA,NA,20260113T222501Z,RELEASE-2026
572075b0-be03-4b0f-895b-3f6b68494468,D15,REDB,REDB.AOS.aquatic.plant.transect.06,9,2021-10-27T16:53:00Z,REDB.20211027,REDB.20211027.MACROALGAE4.T6,A00000285571,NA,NA,NA,NA,Y,macroalgae,submerged,NA,NA,NA,NA,NA,NA,NA,NA,NA,NA,NA,NA,NA,NA,NA,NA,NA,NA,NA,Nostoc balls,NA,NA,NA,NA,20260113T222501Z,RELEASE-2026
660ba018-1770-4162-ae10-21cdcec3fd06,D15,REDB,REDB.AOS.aquatic.plant.transect.06,14,2021-10-27T16:53:00Z,REDB.20211027,REDB.20211027.AP6.T06,NA,NA,NA,NA,NA,N,plant,submerged,MAPO16,Marchantia polymorpha L.,NA,NA,NA,NA,Hepaticopsida,Marchantiales,Marchantiaceae,Marchantia,NA,polymorpha,NA,NA,NA,L.,NA,NA,species,Liverwort,NA,NA,NA,NA,20260113T222501Z,RELEASE-2026
6c28c443-f045-4e1e-9de7-d0b79d4cd3c6,D15,REDB,REDB.AOS.aquatic.plant.transect.06,18,2021-10-27T16:53:00Z,REDB.20211027,REDB.20211027.MACROALGAE4.T6,A00000285571,NA,NA,NA,NA,Y,macroalgae,submerged,NA,NA,macroalgae4.20211027.T6,NA,NA,NA,NA,NA,NA,NA,NA,NA,NA,NA,NA,NA,NA,NA,NA,Nostoc balls,NA,NA,NA,NA,20260113T222501Z,RELEASE-2026
1d2e9ae4-a79d-41f2-af7f-06e5e27856b5,D15,REDB,REDB.AOS.aquatic.plant.transect.06,16,2021-10-27T16:53:00Z,REDB.20211027,REDB.20211027.MACROALGAE4.T6,A00000285571,NA,NA,NA,NA,Y,macroalgae,submerged,NA,NA,macroalgae4.20211027.T6,NA,NA,NA,NA,NA,NA,NA,NA,NA,NA,NA,NA,NA,NA,NA,NA,Nostoc,NA,NA,NA,NA,20260113T222501Z,RELEASE-2026
ddd6486e-99fc-41e5-9948-f1ea149e9361,D15,REDB,REDB.AOS.aquatic.plant.transect.06,17,2021-10-27T16:53:00Z,REDB.20211027,REDB.20211027.AP8.T06,NA,NA,NA,NA,NA,N,plant,submerged,MAPO16,Marchantia polymorpha L.,NA,NA,NA,NA,Hepaticopsida,Marchantiales,Marchantiaceae,Marchantia,NA,polymorpha,NA,NA,NA,L.,NA,NA,species,Liverwort,NA,NA,NA,NA,20260113T222501Z,RELEASE-2026
f0e30bf0-95d2-4ee7-b92d-346c3c1cceed,D15,REDB,REDB.AOS.aquatic.plant.transect.06,11,2021-10-27T16:53:00Z,REDB.20211027,REDB.20211027.AP5.T06,NA,NA,NA,NA,NA,N,plant,submerged,MAPO16,Marchantia polymorpha L.,NA,NA,NA,NA,Hepaticopsida,Marchantiales,Marchantiaceae,Marchantia,NA,polymorpha,NA,NA,NA,L.,NA,NA,species,Liverwort,NA,NA,NA,NA,20260113T222501Z,RELEASE-2026
c2777578-e00a-4a1f-a09d-d5425c7ee8b6,D15,REDB,REDB.AOS.aquatic.plant.transect.07,3,2021-10-27T17:22:00Z,REDB.20211027,REDB.20211027.MACROALGAE2.T7,A00000285570,NA,NA,NA,NA,Y,macroalgae,submerged,NA,NA,macroalgae2.20211027.T7,NA,NA,NA,NA,NA,NA,NA,NA,NA,NA,NA,NA,NA,NA,NA,NA,Nostoc balls,NA,NA,NA,NA,20260113T222501Z,RELEASE-2026
87f29630-be8b-4402-9f44-43ab1b65a10c,D15,REDB,REDB.AOS.aquatic.plant.transect.07,2,2021-10-27T17:22:00Z,REDB.20211027,REDB.20211027.MACROALGAE2.T7,A00000285570,NA,NA,NA,NA,Y,macroalgae,submerged,NA,NA,macroalgae2.20211027.T7,NA,NA,NA,NA,NA,NA,NA,NA,NA,NA,NA,NA,NA,NA,NA,NA,Nostoc balls,NA,NA,NA,NA,20260113T222501Z,RELEASE-2026
1a4e3e8f-4032-4173-9881-a02df1425cef,D15,REDB,REDB.AOS.aquatic.plant.transect.07,11,2021-10-27T17:22:00Z,REDB.20211027,REDB.20211027.MACROALGAE2.T7,A00000285570,NA,NA,NA,NA,Y,macroalgae,submerged,NA,NA,macroalgae2.20211027.T7,NA,NA,NA,NA,NA,NA,NA,NA,NA,NA,NA,NA,NA,NA,NA,NA,Nostoc balls,NA,NA,NA,NA,20260113T222501Z,RELEASE-2026
b2991a4b-32c1-465d-9715-56c74a87aaf5,D15,REDB,REDB.AOS.aquatic.plant.transect.07,12,2021-10-27T17:22:00Z,REDB.20211027,REDB.20211027.MACROALGAE2.T7,A00000285570,NA,NA,NA,NA,Y,macroalgae,submerged,NA,NA,macroalgae2.20211027.T7,NA,NA,NA,NA,NA,NA,NA,NA,NA,NA,NA,NA,NA,NA,NA,NA,Nostoc balls,NA,NA,NA,NA,20260113T222501Z,RELEASE-2026
8dabb589-0591-4fd6-a0c7-3e27c85a28c4,D15,REDB,REDB.AOS.aquatic.plant.transect.08,4,2021-10-27T18:00:00Z,REDB.20211027,REDB.20211027.MACROALGAE4.T8,A00000285569,NA,NA,NA,NA,Y,macroalgae,submerged,NA,NA,macroalgae4.20211027.T8,NA,NA,NA,NA,NA,NA,NA,NA,NA,NA,NA,NA,NA,NA,NA,NA,Nostoc balls,NA,NA,NA,NA,20260113T222501Z,RELEASE-2026
bcf3427d-319d-4a8a-8e9e-35be33761921,D15,REDB,REDB.AOS.aquatic.plant.transect.08,3,2021-10-27T18:00:00Z,REDB.20211027,REDB.20211027.AP1.T08,NA,NA,NA,NA,NA,N,plant,submerged,MAPO16,Marchantia polymorpha L.,NA,NA,NA,NA,Hepaticopsida,Marchantiales,Marchantiaceae,Marchantia,NA,polymorpha,NA,NA,NA,L.,NA,NA,species,Liverwort,NA,NA,NA,NA,20260113T222501Z,RELEASE-2026
322a2c67-20f1-439b-8426-9496cb24c4e0,D15,REDB,REDB.AOS.aquatic.plant.transect.08,9,2021-10-27T18:00:00Z,REDB.20211027,REDB.20211027.MACROALGAE4.T8,A00000285569,NA,NA,NA,NA,Y,macroalgae,submerged,NA,NA,macroalgae4.20211027.T8,NA,NA,NA,NA,NA,NA,NA,NA,NA,NA,NA,NA,NA,NA,NA,NA,Nostoc balls,NA,NA,NA,NA,20260113T222501Z,RELEASE-2026
cd33afce-06a4-40d9-81ab-e13a3d94a964,D15,REDB,REDB.AOS.aquatic.plant.transect.08,10,2021-10-27T18:00:00Z,REDB.20211027,REDB.20211027.MACROALGAE4.T8,A00000285569,NA,NA,NA,NA,Y,macroalgae,submerged,NA,NA,macroalgae4.20211027.T8,NA,NA,NA,NA,NA,NA,NA,NA,NA,NA,NA,NA,NA,NA,NA,NA,Nostoc balls,NA,NA,NA,NA,20260113T222501Z,RELEASE-2026
84e989c3-97a0-4207-a812-86e3376efdfc,D15,REDB,REDB.AOS.aquatic.plant.transect.08,7,2021-10-27T18:00:00Z,REDB.20211027,REDB.20211027.MACROALGAE4.T8,A00000285569,NA,NA,NA,NA,Y,macroalgae,submerged,NA,NA,macroalgae4.20211027.T8,NA,NA,NA,NA,NA,NA,NA,NA,NA,NA,NA,NA,NA,NA,NA,NA,Nostoc balls,NA,NA,NA,NA,20260113T222501Z,RELEASE-2026
1d69527f-83e4-4f95-b4bc-f255626e3c70,D15,REDB,REDB.AOS.aquatic.plant.transect.08,8,2021-10-27T18:00:00Z,REDB.20211027,REDB.20211027.MACROALGAE4.T8,A00000285569,NA,NA,NA,NA,Y,macroalgae,submerged,NA,NA,macroalgae4.20211027.T8,NA,NA,NA,NA,NA,NA,NA,NA,NA,NA,NA,NA,NA,NA,NA,NA,Nostoc balls,NA,NA,NA,NA,20260113T222501Z,RELEASE-2026
b487b0a5-25e9-420b-92ef-14178242b9c8,D15,REDB,REDB.AOS.aquatic.plant.transect.08,5,2021-10-27T18:00:00Z,REDB.20211027,REDB.20211027.MACROALGAE4.T8,A00000285569,NA,NA,NA,NA,Y,macroalgae,submerged,NA,NA,macroalgae4.20211027.T8,NA,NA,NA,NA,NA,NA,NA,NA,NA,NA,NA,NA,NA,NA,NA,NA,Nostoc balls,NA,NA,NA,NA,20260113T222501Z,RELEASE-2026
08706886-898f-4783-820a-5addb1f5ff6b,D15,REDB,REDB.AOS.aquatic.plant.transect.08,6,2021-10-27T18:00:00Z,REDB.20211027,REDB.20211027.MACROALGAE4.T8,A00000285569,NA,NA,NA,NA,Y,macroalgae,submerged,NA,NA,macroalgae4.20211027.T8,NA,NA,NA,NA,NA,NA,NA,NA,NA,NA,NA,NA,NA,NA,NA,NA,Nostoc balls,NA,NA,NA,NA,20260113T222501Z,RELEASE-2026
b7d9f26f-8daa-4499-8cca-006592f467aa,D15,REDB,REDB.AOS.aquatic.plant.transect.09,19,2021-10-27T18:16:00Z,REDB.20211027,REDB.20211027.MACROALGAE10.T9,A00000285568,NA,NA,NA,NA,Y,macroalgae,submerged,NA,NA,macroalgae10.20211027.T9,NA,NA,NA,NA,NA,NA,NA,NA,NA,NA,NA,NA,NA,NA,NA,NA,Nostoc balls,NA,NA,NA,NA,20260113T222501Z,RELEASE-2026
cb1ef198-67ad-4b4b-8e54-e0dcb0492a22,D15,REDB,REDB.AOS.aquatic.plant.transect.09,20,2021-10-27T18:16:00Z,REDB.20211027,REDB.20211027.MACROALGAE10.T9,A00000285568,NA,NA,NA,NA,Y,macroalgae,submerged,NA,NA,macroalgae10.20211027.T9,NA,NA,NA,NA,NA,NA,NA,NA,NA,NA,NA,NA,NA,NA,NA,NA,Nostoc balls,NA,NA,NA,NA,20260113T222501Z,RELEASE-2026
0fee6ad7-3b83-4389-b300-4d77bcaf6439,D15,REDB,REDB.AOS.aquatic.plant.transect.09,11,2021-10-27T18:16:00Z,REDB.20211027,REDB.20211027.MACROALGAE10.T9,A00000285568,NA,NA,NA,NA,Y,macroalgae,submerged,NA,NA,macroalgae10.20211027.T9,NA,NA,NA,NA,NA,NA,NA,NA,NA,NA,NA,NA,NA,NA,NA,NA,Nostoc balls,NA,NA,NA,NA,20260113T222501Z,RELEASE-2026
12a73908-8657-478d-995b-d753ea34ff61,D15,REDB,REDB.AOS.aquatic.plant.transect.09,23,2021-10-27T18:16:00Z,REDB.20211027,REDB.20211027.MACROALGAE10.T9,A00000285568,NA,NA,NA,NA,Y,macroalgae,submerged,NA,NA,macroalgae10.20211027.T9,NA,NA,NA,NA,NA,NA,NA,NA,NA,NA,NA,NA,NA,NA,NA,NA,Nostoc balls,NA,NA,NA,NA,20260113T222501Z,RELEASE-2026
a3fb6be5-6f47-47c0-8b98-6671ca1dffc5,D15,REDB,REDB.AOS.aquatic.plant.transect.09,25,2021-10-27T18:16:00Z,REDB.20211027,REDB.20211027.AP25.1.T9,B00000116162,NA,REDB.20211027.AP25.1.T9.H,B00000116163,NA,Y,plant,submerged,2PLANT,Unknown plant,LIVELONG,Similar to MAPO. Leaves are approximately 2-3 cm in length and branching. Wavy leaf edge. Cylindrical structure on top of leaves along central vein. Possibly reproductive structure. Black underside of leaf.,NA,NA,NA,NA,NA,NA,NA,NA,NA,NA,NA,NA,NA,NA,kingdom,NA,NA,NA,NA,NA,20260113T222501Z,RELEASE-2026
8fa32731-4bd3-4649-ab6f-a045717037d7,D15,REDB,REDB.AOS.aquatic.plant.transect.09,21,2021-10-27T18:16:00Z,REDB.20211027,REDB.20211027.MACROALGAE10.T9,A00000285568,NA,NA,NA,NA,Y,macroalgae,submerged,NA,NA,macroalgae10.20211027.T9,NA,NA,NA,NA,NA,NA,NA,NA,NA,NA,NA,NA,NA,NA,NA,NA,Nostoc balls,NA,NA,NA,NA,20260113T222501Z,RELEASE-2026
4b356791-11c9-407d-a9c9-70095da8e687,D15,REDB,REDB.AOS.aquatic.plant.transect.09,18,2021-10-27T18:16:00Z,REDB.20211027,REDB.20211027.MACROALGAE10.T9,A00000285568,NA,NA,NA,NA,Y,macroalgae,submerged,NA,NA,macroalgae10.20211027.T9,NA,NA,NA,NA,NA,NA,NA,NA,NA,NA,NA,NA,NA,NA,NA,NA,Nostoc balls,NA,NA,NA,NA,20260113T222501Z,RELEASE-2026
aa4e50b5-57e4-45d9-b60b-0116209983bc,D15,REDB,REDB.AOS.aquatic.plant.transect.09,10,2021-10-27T18:16:00Z,REDB.20211027,REDB.20211027.MACROALGAE10.T9,A00000285568,NA,NA,NA,NA,Y,macroalgae,submerged,NA,NA,macroalgae10.20211027.T9,NA,NA,NA,NA,NA,NA,NA,NA,NA,NA,NA,NA,NA,NA,NA,NA,Nostoc balls,NA,NA,NA,NA,20260113T222501Z,RELEASE-2026
62c136b9-ad06-4353-918f-2c7786802f22,D15,REDB,REDB.AOS.aquatic.plant.transect.09,12,2021-10-27T18:16:00Z,REDB.20211027,REDB.20211027.MACROALGAE10.T9,A00000285568,NA,NA,NA,NA,Y,macroalgae,submerged,NA,NA,macroalgae10.20211027.T9,NA,NA,NA,NA,NA,NA,NA,NA,NA,NA,NA,NA,NA,NA,NA,NA,Nostoc balls,NA,NA,NA,NA,20260113T222501Z,RELEASE-2026
729083b5-8056-4ccf-97d8-9ce399416e67,D15,REDB,REDB.AOS.aquatic.plant.transect.09,26,2021-10-27T18:16:00Z,REDB.20211027,REDB.20211027.AP12.T09,NA,NA,NA,NA,NA,Y,plant,submerged,2PLANT,Unknown plant,LIVELONG,Similar to MAPO. Leaves are approximately 2-3 cm in length and branching. Wavy leaf edge. Cylindrical structure on top of leaves along central vein. Possibly reproductive structure. Black underside of leaf.,NA,NA,NA,NA,NA,NA,NA,NA,NA,NA,NA,NA,NA,NA,kingdom,NA,NA,NA,NA,NA,20260113T222501Z,RELEASE-2026
22442c38-fb8b-444f-92f5-e6c32922d661,D15,REDB,REDB.AOS.aquatic.plant.transect.09,22,2021-10-27T18:16:00Z,REDB.20211027,REDB.20211027.AP9.T09,NA,NA,NA,NA,NA,N,plant,submerged,MAPO16,Marchantia polymorpha L.,NA,NA,NA,NA,Hepaticopsida,Marchantiales,Marchantiaceae,Marchantia,NA,polymorpha,NA,NA,NA,L.,NA,NA,species,Liverwort,NA,NA,NA,NA,20260113T222501Z,RELEASE-2026
c0c0e485-5d09-4511-ae9e-bca9aa4b9a54,D15,REDB,REDB.AOS.aquatic.plant.transect.09,17,2021-10-27T18:16:00Z,REDB.20211027,REDB.20211027.MACROALGAE10.T9,A00000285568,NA,NA,NA,NA,Y,macroalgae,submerged,NA,NA,macroalgae10.20211027.T9,NA,NA,NA,NA,NA,NA,NA,NA,NA,NA,NA,NA,NA,NA,NA,NA,Nostoc balls,NA,NA,NA,NA,20260113T222501Z,RELEASE-2026
e23ceb4b-f8fb-4522-bddc-28d5c79ef847,D15,REDB,REDB.AOS.aquatic.plant.transect.10,16,2021-10-27T18:50:00Z,REDB.20211027,REDB.20211027.MACROALGAE16.T10,A00000285566,NA,NA,NA,NA,Y,macroalgae,submerged,NA,NA,macroalgae16.20211027.T10,NA,NA,NA,NA,NA,NA,NA,NA,NA,NA,NA,NA,NA,NA,NA,NA,NA,NA,NA,NA,NA,20260113T222501Z,RELEASE-2026
bc77ff6e-db7f-46e1-95d6-42a20f5a3302,D15,REDB,REDB.AOS.aquatic.plant.transect.10,27,2021-10-27T18:50:00Z,REDB.20211027,REDB.20211027.MACROALGAE16.T10,A00000285566,NA,NA,NA,NA,Y,macroalgae,submerged,NA,NA,macroalgae16.20211027.T10,NA,NA,NA,NA,NA,NA,NA,NA,NA,NA,NA,NA,NA,NA,NA,NA,Nostoc balls,NA,NA,NA,NA,20260113T222501Z,RELEASE-2026
cc9b89e5-0f81-4944-8f6e-557820dd2b5c,D15,REDB,REDB.AOS.aquatic.plant.transect.10,22,2021-10-27T18:50:00Z,REDB.20211027,REDB.20211027.MACROALGAE16.T10,A00000285566,NA,NA,NA,NA,Y,macroalgae,submerged,NA,NA,macroalgae16.20211027.T10,NA,NA,NA,NA,NA,NA,NA,NA,NA,NA,NA,NA,NA,NA,NA,NA,Nostoc balls,NA,NA,NA,NA,20260113T222501Z,RELEASE-2026
4d7b1e43-c026-49a5-b8e6-b05cde9021b9,D15,REDB,REDB.AOS.aquatic.plant.transect.10,18,2021-10-27T18:50:00Z,REDB.20211027,REDB.20211027.AP3.T10,NA,NA,NA,NA,NA,N,plant,submerged,MAPO16,Marchantia polymorpha L.,NA,NA,NA,NA,Hepaticopsida,Marchantiales,Marchantiaceae,Marchantia,NA,polymorpha,NA,NA,NA,L.,NA,NA,species,Liverwort,NA,NA,NA,NA,20260113T222501Z,RELEASE-2026
40bf4e4b-c4cc-4152-a0e9-066f01c7c7e6,D15,REDB,REDB.AOS.aquatic.plant.transect.10,17,2021-10-27T18:50:00Z,REDB.20211027,REDB.20211027.AP2.T10,NA,NA,NA,NA,NA,N,plant,submerged,MAPO16,Marchantia polymorpha L.,NA,NA,NA,NA,Hepaticopsida,Marchantiales,Marchantiaceae,Marchantia,NA,polymorpha,NA,NA,NA,L.,NA,NA,species,Liverwort,NA,NA,NA,NA,20260113T222501Z,RELEASE-2026
1f6cb5c5-7061-457d-815a-cdb1f28e0f4e,D15,REDB,REDB.AOS.aquatic.plant.transect.10,24,2021-10-27T18:50:00Z,REDB.20211027,REDB.20211027.AP5.T10,NA,NA,NA,NA,NA,N,plant,submerged,MAPO16,Marchantia polymorpha L.,NA,NA,NA,NA,Hepaticopsida,Marchantiales,Marchantiaceae,Marchantia,NA,polymorpha,NA,NA,NA,L.,NA,NA,species,Liverwort,NA,NA,NA,NA,20260113T222501Z,RELEASE-2026
1dab95a0-aac4-43f1-b699-db8d760e67cb,D15,REDB,REDB.AOS.aquatic.plant.transect.04,3,2022-07-28T17:54:00Z,REDB.20220728,REDB.20220728.AP3.1.T4,NA,Sample condition ok,NA,NA,NA,N,plant,submerged,2PLANT,Unknown plant,GRAS,Runners roots sprouting from nodes leaves growing from end of stem,NA,NA,NA,NA,NA,NA,NA,NA,NA,NA,NA,NA,NA,NA,kingdom,NA,NA,NA,NA,NA,20260113T222402Z,RELEASE-2026
242299f0-eee5-48b1-8cac-a205d822f8b9,D15,REDB,REDB.AOS.aquatic.plant.transect.04,2,2022-07-28T17:54:00Z,REDB.20220728,REDB.20220728.AP2.1.T4,NA,Sample condition ok,NA,NA,NA,N,plant,submerged,2PLANT,Unknown plant,GRAS,Runners roots sprouting from nodes leaves growing from end of stem,NA,NA,NA,NA,NA,NA,NA,NA,NA,NA,NA,NA,NA,NA,kingdom,NA,NA,NA,NA,NA,20260113T222402Z,RELEASE-2026
00f3002b-d509-4066-b0dc-dbef0f62dbd0,D15,REDB,REDB.AOS.aquatic.plant.transect.04,1,2022-07-28T17:54:00Z,REDB.20220728,REDB.20220728.AP1.1.T4,A00000287963,Sample condition ok,REDB.20220728.AP1.1.T4.H,A00000288572,NA,Y,plant,submerged,2PLANT,Unknown plant,GRAS,Runners roots sprouting from nodes leaves growing from end of stem,NA,NA,NA,NA,NA,NA,NA,NA,NA,NA,NA,NA,NA,NA,kingdom,NA,NA,NA,NA,NA,20260113T222402Z,RELEASE-2026
0f9d24c0-7c5e-42b2-ac7b-bea17672b641,D15,REDB,REDB.AOS.aquatic.plant.transect.04,13,2022-07-28T17:54:00Z,REDB.20220728,REDB.20220728.AP13.1.T4,NA,Sample condition ok,NA,NA,NA,N,plant,submerged,MAPO16,Marchantia polymorpha L.,NA,NA,NA,NA,Hepaticopsida,Marchantiales,Marchantiaceae,Marchantia,NA,polymorpha,NA,NA,NA,L.,NA,NA,species,NA,NA,NA,NA,NA,20260113T222402Z,RELEASE-2026
e9eb171a-5278-4fc1-8507-2db29a5af16c,D15,REDB,REDB.AOS.aquatic.plant.transect.05,13,2022-07-28T18:37:00Z,REDB.20220728,REDB.20220728.AP13.1.T5,NA,Sample condition ok,NA,NA,NA,N,plant,submerged,MAPO16,Marchantia polymorpha L.,NA,NA,NA,NA,Hepaticopsida,Marchantiales,Marchantiaceae,Marchantia,NA,polymorpha,NA,NA,NA,L.,NA,NA,species,NA,NA,NA,NA,NA,20260113T222402Z,RELEASE-2026
933eac8f-1795-431b-aa98-b6f8e3727145,D15,REDB,REDB.AOS.aquatic.plant.transect.05,15,2022-07-28T18:37:00Z,REDB.20220728,REDB.20220728.AP15.1.T5,NA,Sample condition ok,NA,NA,NA,N,plant,submerged,MAPO16,Marchantia polymorpha L.,NA,NA,NA,NA,Hepaticopsida,Marchantiales,Marchantiaceae,Marchantia,NA,polymorpha,NA,NA,NA,L.,NA,NA,species,NA,NA,NA,NA,NA,20260113T222402Z,RELEASE-2026
d91ac8da-2c1e-4af3-8565-dd2f7ae92ba3,D15,REDB,REDB.AOS.aquatic.plant.transect.06,18,2022-07-28T19:36:00Z,REDB.20220728,REDB.20220728.AP18.1.T6,NA,Sample condition ok,NA,NA,NA,N,plant,submerged,MAPO16,Marchantia polymorpha L.,NA,NA,NA,NA,Hepaticopsida,Marchantiales,Marchantiaceae,Marchantia,NA,polymorpha,NA,NA,NA,L.,NA,NA,species,NA,NA,NA,NA,NA,20260113T222402Z,RELEASE-2026
b200f169-46ac-4df5-a2dd-d0b1d53d4065,D15,REDB,REDB.AOS.aquatic.plant.transect.06,5,2022-07-28T19:36:00Z,REDB.20220728,REDB.20220728.AP5.1.T6,NA,Sample condition ok,NA,NA,NA,N,plant,submerged,MAPO16,Marchantia polymorpha L.,NA,NA,NA,NA,Hepaticopsida,Marchantiales,Marchantiaceae,Marchantia,NA,polymorpha,NA,NA,NA,L.,NA,NA,species,NA,NA,NA,NA,NA,20260113T222402Z,RELEASE-2026
dffe9979-c4c1-45b9-a9d6-1bbf47612a4f,D15,REDB,REDB.AOS.aquatic.plant.transect.06,3,2022-07-28T19:36:00Z,REDB.20220728,REDB.20220728.AP3.1.T6,NA,Sample condition ok,NA,NA,NA,N,plant,emergent,MAPO16,Marchantia polymorpha L.,NA,NA,NA,NA,Hepaticopsida,Marchantiales,Marchantiaceae,Marchantia,NA,polymorpha,NA,NA,NA,L.,NA,NA,species,NA,NA,NA,NA,NA,20260113T222402Z,RELEASE-2026
7967abe8-0a75-4731-9a9a-20c37629d4f5,D15,REDB,REDB.AOS.aquatic.plant.transect.07,6,2022-07-28T19:58:00Z,REDB.20220728,REDB.20220728.AP6.1.T7,NA,Sample condition ok,NA,NA,NA,N,plant,submerged,MAPO16,Marchantia polymorpha L.,NA,NA,NA,NA,Hepaticopsida,Marchantiales,Marchantiaceae,Marchantia,NA,polymorpha,NA,NA,NA,L.,NA,NA,species,NA,NA,NA,NA,NA,20260113T222402Z,RELEASE-2026
a4de5c51-8708-4481-988f-1698654e9468,D15,REDB,REDB.AOS.aquatic.plant.transect.08,2,2022-07-28T20:14:00Z,REDB.20220728,REDB.20220728.AP2.1.T8,NA,Sample condition ok,NA,NA,NA,N,plant,emergent,MAPO16,Marchantia polymorpha L.,NA,NA,NA,NA,Hepaticopsida,Marchantiales,Marchantiaceae,Marchantia,NA,polymorpha,NA,NA,NA,L.,NA,NA,species,NA,NA,NA,NA,NA,20260113T222402Z,RELEASE-2026
f4a24ade-d790-4990-af04-1e191e995b10,D15,REDB,REDB.AOS.aquatic.plant.transect.10,17,2022-07-28T20:48:00Z,REDB.20220728,REDB.20220728.AP17.1.T10,NA,Sample condition ok,NA,NA,NA,N,plant,submerged,MAPO16,Marchantia polymorpha L.,NA,NA,NA,NA,Hepaticopsida,Marchantiales,Marchantiaceae,Marchantia,NA,polymorpha,NA,NA,NA,L.,NA,NA,species,NA,NA,NA,NA,NA,20260113T222402Z,RELEASE-2026
c52c260f-54a0-45a7-bfc3-2f7c1150105b,D15,REDB,REDB.AOS.aquatic.plant.transect.10,18,2022-07-28T20:48:00Z,REDB.20220728,REDB.20220728.AP18.1.T10,NA,Sample condition ok,NA,NA,NA,N,plant,submerged,MAPO16,Marchantia polymorpha L.,NA,NA,NA,NA,Hepaticopsida,Marchantiales,Marchantiaceae,Marchantia,NA,polymorpha,NA,NA,NA,L.,NA,NA,species,NA,NA,NA,NA,NA,20260113T222402Z,RELEASE-2026
fbc8adea-0cea-42af-b96e-1b7170e182e7,D15,REDB,REDB.AOS.aquatic.plant.transect.10,16,2022-07-28T20:48:00Z,REDB.20220728,REDB.20220728.AP16.1.T10,NA,Sample condition ok,NA,NA,NA,N,plant,submerged,MAPO16,Marchantia polymorpha L.,NA,NA,NA,NA,Hepaticopsida,Marchantiales,Marchantiaceae,Marchantia,NA,polymorpha,NA,NA,NA,L.,NA,NA,species,NA,NA,NA,NA,NA,20260113T222402Z,RELEASE-2026
8db23864-8f29-44af-923d-8d103105c3e8,D15,REDB,REDB.AOS.aquatic.plant.transect.10,9,2022-07-28T20:48:00Z,REDB.20220728,REDB.20220728.MACROALGAE9.T10,A00000287917,Sample condition ok,NA,NA,NA,Y,macroalgae,submerged,UNKALG,Unknown Algae,macroalgae9.20220728.T10,NA,NA,NA,NA,NA,NA,NA,NA,NA,NA,NA,NA,NA,NA,NA,kingdom,NA,NA,NA,NA,NA,20260113T222402Z,RELEASE-2026
aee3e3f4-4a24-448a-9698-d309aecc1321,D15,REDB,REDB.AOS.aquatic.plant.transect.02,7,2022-04-20T15:35:00Z,REDB.20220420,REDB.20220420.MACROALGAE7.T2,A00000286623,Sample condition ok,NA,NA,NA,Y,macroalgae,submerged,UNKALG,Unknown Algae,macroalgae7.20220420.T2,NA,NA,NA,NA,NA,NA,NA,NA,NA,NA,NA,NA,NA,NA,NA,kingdom,NA,NA,NA,NA,NA,20260113T223333Z,RELEASE-2026
b4f1f557-3eee-4671-94e0-992e73175b6f,D15,REDB,REDB.AOS.aquatic.plant.transect.02,8,2022-04-20T15:35:00Z,REDB.20220420,REDB.20220420.MACROALGAE7.T2,A00000286623,Sample condition ok,NA,NA,NA,N,macroalgae,submerged,UNKALG,Unknown Algae,macroalgae7.20220420.T2,NA,NA,NA,NA,NA,NA,NA,NA,NA,NA,NA,NA,NA,NA,NA,kingdom,NA,NA,NA,NA,NA,20260113T223333Z,RELEASE-2026
af99f88c-2734-41a4-8504-4d77dd5f0792,D15,REDB,REDB.AOS.aquatic.plant.transect.02,10,2022-04-20T15:35:00Z,REDB.20220420,REDB.20220420.AP10.1.T2,NA,Other (specified in remarks),NA,NA,NA,N,plant,submerged,2PLANT,Unknown plant,StringyTranslucentFettuccini,Translucent to light brown flat fettuccini or tapeworm like filaments attached to substratum at one end and 1-3 cm long occurring as sparse individuals,NA,NA,NA,NA,NA,NA,NA,NA,NA,NA,NA,NA,NA,NA,kingdom,specimen too small and in poor condition for taxonomist,NA,NA,NA,NA,20260113T223333Z,RELEASE-2026
6459ff6a-ec7e-4614-a4ca-2dfd3b469252,D15,REDB,REDB.AOS.aquatic.plant.transect.03,15,2022-04-20T16:22:00Z,REDB.20220420,REDB.20220420.MACROALGAE15.T3,A00000286625,Sample condition ok,NA,NA,NA,Y,macroalgae,submerged,UNKALG,Unknown Algae,macroalgae15.20220420.T3,NA,NA,NA,NA,NA,NA,NA,NA,NA,NA,NA,NA,NA,NA,NA,kingdom,NA,NA,NA,NA,NA,20260113T223333Z,RELEASE-2026
77588c55-6353-46f4-b545-11083f1720e7,D15,REDB,REDB.AOS.aquatic.plant.transect.03,17,2022-04-20T16:22:00Z,REDB.20220420,REDB.20220420.MACROALGAE15.T3,A00000286625,Sample condition ok,NA,NA,NA,N,macroalgae,submerged,UNKALG,Unknown Algae,macroalgae15.20220420.T3,NA,NA,NA,NA,NA,NA,NA,NA,NA,NA,NA,NA,NA,NA,NA,kingdom,NA,NA,NA,NA,NA,20260113T223333Z,RELEASE-2026
5c6b10fc-60bb-4d1a-9cb7-c4f01fbe3e3f,D15,REDB,REDB.AOS.aquatic.plant.transect.04,2,2022-04-20T16:47:00Z,REDB.20220420,REDB.20220420.AP2.1.T4,NA,Sample condition ok,NA,NA,NA,N,plant,submerged,2PLANT,Unknown plant,GRAS,Runners roots sprouting from nodes leaves growing from end of stem,NA,NA,NA,NA,NA,NA,NA,NA,NA,NA,NA,NA,NA,NA,kingdom,NA,NA,NA,NA,NA,20260113T223333Z,RELEASE-2026
9b12322a-b195-4d6b-b083-0a6dfa439a84,D15,REDB,REDB.AOS.aquatic.plant.transect.04,3,2022-04-20T16:47:00Z,REDB.20220420,REDB.20220420.AP3.1.T4,NA,Sample condition ok,NA,NA,NA,N,plant,submerged,2PLANT,Unknown plant,GRAS,Runners roots sprouting from nodes leaves growing from end of stem,NA,NA,NA,NA,NA,NA,NA,NA,NA,NA,NA,NA,NA,NA,kingdom,NA,NA,NA,NA,NA,20260113T223333Z,RELEASE-2026
27be44d5-d8fe-468c-a05d-2f0386cedfe2,D15,REDB,REDB.AOS.aquatic.plant.transect.05,6,2022-04-20T17:17:00Z,REDB.20220420,REDB.20220420.MACROALGAE6.T5,A00000286626,Sample condition ok,NA,NA,NA,Y,macroalgae,submerged,UNKALG,Unknown Algae,macroalgae6.20220420.T5,NA,NA,NA,NA,NA,NA,NA,NA,NA,NA,NA,NA,NA,NA,NA,kingdom,NA,NA,NA,NA,NA,20260113T223333Z,RELEASE-2026
6da1271d-7c49-43cd-8d5b-d0c552bd5bc1,D15,REDB,REDB.AOS.aquatic.plant.transect.05,12,2022-04-20T17:17:00Z,REDB.20220420,REDB.20220420.AP12.1.T5,NA,Sample condition ok,NA,NA,NA,N,plant,submerged,MAPO16,Marchantia polymorpha L.,NA,NA,NA,NA,Hepaticopsida,Marchantiales,Marchantiaceae,Marchantia,NA,polymorpha,NA,NA,NA,L.,NA,NA,species,NA,NA,NA,NA,NA,20260113T223333Z,RELEASE-2026
3f4827cf-85b5-4252-bcbd-6058d0ac1e6a,D15,REDB,REDB.AOS.aquatic.plant.transect.05,9,2022-04-20T17:17:00Z,REDB.20220420,REDB.20220420.AP9.1.T5,NA,Sample condition ok,NA,NA,NA,N,plant,submerged,MAPO16,Marchantia polymorpha L.,NA,NA,NA,NA,Hepaticopsida,Marchantiales,Marchantiaceae,Marchantia,NA,polymorpha,NA,NA,NA,L.,NA,NA,species,NA,NA,NA,NA,NA,20260113T223333Z,RELEASE-2026
92de2275-c620-4cdf-b273-ae85dce7c9c5,D15,REDB,REDB.AOS.aquatic.plant.transect.05,16,2022-04-20T17:17:00Z,REDB.20220420,REDB.20220420.AP16.1.T5,NA,Sample condition ok,NA,NA,NA,N,plant,submerged,2PLANT,Unknown plant,Fairyforestmoss,Fairy forest moss,NA,NA,NA,NA,NA,NA,NA,NA,NA,NA,NA,NA,NA,NA,kingdom,NA,NA,NA,NA,NA,20260113T223333Z,RELEASE-2026
581fbd3c-19fe-46f5-b4a9-f9a83e39e9ef,D15,REDB,REDB.AOS.aquatic.plant.transect.05,18,2022-04-20T17:17:00Z,REDB.20220420,REDB.20220420.AP18.1.T5,NA,Sample condition ok,NA,NA,NA,N,plant,submerged,2PLANT,Unknown plant,Fairyforestmoss,Fairy forest moss,NA,NA,NA,NA,NA,NA,NA,NA,NA,NA,NA,NA,NA,NA,kingdom,NA,NA,NA,NA,NA,20260113T223333Z,RELEASE-2026
1798d2e1-3d1a-4fc5-b169-4e83b1ff6f46,D15,REDB,REDB.AOS.aquatic.plant.transect.06,14,2022-04-20T17:58:00Z,REDB.20220420,REDB.20220420.MACROALGAE10.T6,A00000286624,Sample condition ok,NA,NA,NA,N,macroalgae,submerged,UNKALG,Unknown Algae,macroalgae10.20220420.T6,NA,NA,NA,NA,NA,NA,NA,NA,NA,NA,NA,NA,NA,NA,NA,kingdom,NA,NA,NA,NA,NA,20260113T223333Z,RELEASE-2026
485d1df8-2240-4ae2-8383-030c652fdadc,D15,REDB,REDB.AOS.aquatic.plant.transect.06,8,2022-04-20T17:58:00Z,REDB.20220420,REDB.20220420.AP8.1.T6,NA,Sample condition ok,NA,NA,NA,N,plant,submerged,MAPO16,Marchantia polymorpha L.,NA,NA,NA,NA,Hepaticopsida,Marchantiales,Marchantiaceae,Marchantia,NA,polymorpha,NA,NA,NA,L.,NA,NA,species,NA,NA,NA,NA,NA,20260113T223333Z,RELEASE-2026
71d9d815-dc5c-459b-b1cf-894fc66a581d,D15,REDB,REDB.AOS.aquatic.plant.transect.06,10,2022-04-20T17:58:00Z,REDB.20220420,REDB.20220420.MACROALGAE10.T6,A00000286624,Sample condition ok,NA,NA,NA,Y,macroalgae,submerged,UNKALG,Unknown Algae,macroalgae10.20220420.T6,NA,NA,NA,NA,NA,NA,NA,NA,NA,NA,NA,NA,NA,NA,NA,kingdom,NA,NA,NA,NA,NA,20260113T223333Z,RELEASE-2026
7cc1456b-f029-490d-bda5-064bf7e104f3,D15,REDB,REDB.AOS.aquatic.plant.transect.06,9,2022-04-20T17:58:00Z,REDB.20220420,REDB.20220420.AP9.1.T6,NA,Sample condition ok,NA,NA,NA,N,plant,submerged,MAPO16,Marchantia polymorpha L.,NA,NA,NA,NA,Hepaticopsida,Marchantiales,Marchantiaceae,Marchantia,NA,polymorpha,NA,NA,NA,L.,NA,NA,species,NA,NA,NA,NA,NA,20260113T223333Z,RELEASE-2026
941c419f-090a-4b83-87a3-1ae5ff0c3f64,D15,REDB,REDB.AOS.aquatic.plant.transect.06,11,2022-04-20T17:58:00Z,REDB.20220420,REDB.20220420.MACROALGAE10.T6,A00000286624,Sample condition ok,NA,NA,NA,N,macroalgae,submerged,UNKALG,Unknown Algae,macroalgae10.20220420.T6,NA,NA,NA,NA,NA,NA,NA,NA,NA,NA,NA,NA,NA,NA,NA,kingdom,NA,NA,NA,NA,NA,20260113T223333Z,RELEASE-2026
7f4d16c6-7e33-4b8c-8b07-8104729d42ce,D15,REDB,REDB.AOS.aquatic.plant.transect.06,13,2022-04-20T17:58:00Z,REDB.20220420,REDB.20220420.AP13.1.T6,NA,Sample condition ok,NA,NA,NA,N,plant,submerged,MAPO16,Marchantia polymorpha L.,NA,NA,NA,NA,Hepaticopsida,Marchantiales,Marchantiaceae,Marchantia,NA,polymorpha,NA,NA,NA,L.,NA,NA,species,NA,NA,NA,NA,NA,20260113T223333Z,RELEASE-2026
17005a83-cfb3-4fa5-a50a-70e817fb2e86,D15,REDB,REDB.AOS.aquatic.plant.transect.08,6,2022-04-20T18:40:00Z,REDB.20220420,REDB.20220420.MACROALGAE6.T8,A00000286628,Sample condition ok,NA,NA,NA,Y,macroalgae,submerged,UNKALG,Unknown Algae,macroalgae6.20220420.T8,NA,NA,NA,NA,NA,NA,NA,NA,NA,NA,NA,NA,NA,NA,NA,kingdom,Due to uncertainty at the time of collection as to if this was moss or algae only 1 specimen was collected at this point during the bout and it was determined upon return to the lab it is more likely algae than moss furthermore a similar specimen was seen again at REDB.20220420.macroalgae15.T9,NA,NA,NA,NA,20260113T223333Z,RELEASE-2026
49427aea-323e-4779-a6ea-071f19782a13,D15,REDB,REDB.AOS.aquatic.plant.transect.08,11,2022-04-20T18:40:00Z,REDB.20220420,REDB.20220420.MACROALGAE4.T8,A00000286622,Sample condition ok,NA,NA,NA,N,macroalgae,submerged,UNKALG,Unknown Algae,macroalgae4.20220420.T8,NA,NA,NA,NA,NA,NA,NA,NA,NA,NA,NA,NA,NA,NA,NA,kingdom,NA,NA,NA,NA,NA,20260113T223333Z,RELEASE-2026
34549d7d-3876-4cc1-a780-47d92b87def6,D15,REDB,REDB.AOS.aquatic.plant.transect.08,8,2022-04-20T18:40:00Z,REDB.20220420,REDB.20220420.MACROALGAE4.T8,A00000286622,Sample condition ok,NA,NA,NA,N,macroalgae,submerged,UNKALG,Unknown Algae,macroalgae4.20220420.T8,NA,NA,NA,NA,NA,NA,NA,NA,NA,NA,NA,NA,NA,NA,NA,kingdom,NA,NA,NA,NA,NA,20260113T223333Z,RELEASE-2026
f0e25b92-78c2-43dd-8b79-226070370c94,D15,REDB,REDB.AOS.aquatic.plant.transect.08,12,2022-04-20T18:40:00Z,REDB.20220420,REDB.20220420.MACROALGAE4.T8,A00000286622,Sample condition ok,NA,NA,NA,N,macroalgae,submerged,UNKALG,Unknown Algae,macroalgae4.20220420.T8,NA,NA,NA,NA,NA,NA,NA,NA,NA,NA,NA,NA,NA,NA,NA,kingdom,NA,NA,NA,NA,NA,20260113T223333Z,RELEASE-2026
ad564564-8af3-4679-81d1-528c70ee0d10,D15,REDB,REDB.AOS.aquatic.plant.transect.08,7,2022-04-20T18:40:00Z,REDB.20220420,REDB.20220420.MACROALGAE4.T8,A00000286622,Sample condition ok,NA,NA,NA,N,macroalgae,submerged,UNKALG,Unknown Algae,macroalgae4.20220420.T8,NA,NA,NA,NA,NA,NA,NA,NA,NA,NA,NA,NA,NA,NA,NA,kingdom,NA,NA,NA,NA,NA,20260113T223333Z,RELEASE-2026
18467b99-ad10-472b-80e7-225bfc1f526f,D15,REDB,REDB.AOS.aquatic.plant.transect.08,4,2022-04-20T18:40:00Z,REDB.20220420,REDB.20220420.MACROALGAE4.T8,A00000286622,Sample condition ok,NA,NA,NA,Y,macroalgae,submerged,UNKALG,Unknown Algae,macroalgae4.20220420.T8,NA,NA,NA,NA,NA,NA,NA,NA,NA,NA,NA,NA,NA,NA,NA,kingdom,NA,NA,NA,NA,NA,20260113T223333Z,RELEASE-2026
84486786-acfd-44a9-8770-6b963c19d1af,D15,REDB,REDB.AOS.aquatic.plant.transect.08,5,2022-04-20T18:40:00Z,REDB.20220420,REDB.20220420.MACROALGAE4.T8,A00000286622,Sample condition ok,NA,NA,NA,N,macroalgae,submerged,UNKALG,Unknown Algae,macroalgae4.20220420.T8,NA,NA,NA,NA,NA,NA,NA,NA,NA,NA,NA,NA,NA,NA,NA,kingdom,NA,NA,NA,NA,NA,20260113T223333Z,RELEASE-2026
a6aeeab5-7984-46d1-92de-99a56efa406a,D15,REDB,REDB.AOS.aquatic.plant.transect.08,9,2022-04-20T18:40:00Z,REDB.20220420,REDB.20220420.MACROALGAE4.T8,A00000286622,Sample condition ok,NA,NA,NA,N,macroalgae,submerged,UNKALG,Unknown Algae,macroalgae4.20220420.T8,NA,NA,NA,NA,NA,NA,NA,NA,NA,NA,NA,NA,NA,NA,NA,kingdom,NA,NA,NA,NA,NA,20260113T223333Z,RELEASE-2026
d6359ca9-bffe-46a8-b2ea-dfd997200f0c,D15,REDB,REDB.AOS.aquatic.plant.transect.09,15,2022-04-20T18:57:00Z,REDB.20220420,REDB.20220420.MACROALGAE8.T9,A00000286627,Sample condition ok,NA,NA,NA,N,macroalgae,submerged,UNKALG,Unknown Algae,macroalgae8.20220420.T9,NA,NA,NA,NA,NA,NA,NA,NA,NA,NA,NA,NA,NA,NA,NA,kingdom,Due to uncertainty at the time of collection as to if this was moss or algae only 1 specimen was collected from REDB.20220420.macroalgae6.T8 but it was later decided upon examination in the lab this sample is more likely algae,NA,NA,NA,NA,20260113T223333Z,RELEASE-2026
8e4f3771-f9b6-40e6-87df-eca5ae1fa6f6,D15,REDB,REDB.AOS.aquatic.plant.transect.09,17,2022-04-20T18:57:00Z,REDB.20220420,REDB.20220420.MACROALGAE8.T9,A00000286627,Sample condition ok,NA,NA,NA,N,macroalgae,submerged,UNKALG,Unknown Algae,macroalgae8.20220420.T9,NA,NA,NA,NA,NA,NA,NA,NA,NA,NA,NA,NA,NA,NA,NA,kingdom,NA,NA,NA,NA,NA,20260113T223333Z,RELEASE-2026
bd7ec057-b402-45d4-a5ae-f1c7adf38c9f,D15,REDB,REDB.AOS.aquatic.plant.transect.09,16,2022-04-20T18:57:00Z,REDB.20220420,REDB.20220420.MACROALGAE8.T9,A00000286627,Sample condition ok,NA,NA,NA,N,macroalgae,submerged,UNKALG,Unknown Algae,macroalgae8.20220420.T9,NA,NA,NA,NA,NA,NA,NA,NA,NA,NA,NA,NA,NA,NA,NA,kingdom,NA,NA,NA,NA,NA,20260113T223333Z,RELEASE-2026
28a22f30-6174-4d14-87db-b3be4eeccc72,D15,REDB,REDB.AOS.aquatic.plant.transect.09,14,2022-04-20T18:57:00Z,REDB.20220420,REDB.20220420.MACROALGAE8.T9,A00000286627,Sample condition ok,NA,NA,NA,N,macroalgae,submerged,UNKALG,Unknown Algae,macroalgae8.20220420.T9,NA,NA,NA,NA,NA,NA,NA,NA,NA,NA,NA,NA,NA,NA,NA,kingdom,NA,NA,NA,NA,NA,20260113T223333Z,RELEASE-2026
8cc439d5-390f-48fc-9556-801efd9d756a,D15,REDB,REDB.AOS.aquatic.plant.transect.09,8,2022-04-20T18:57:00Z,REDB.20220420,REDB.20220420.MACROALGAE8.T9,A00000286627,Sample condition ok,NA,NA,NA,Y,macroalgae,submerged,UNKALG,Unknown Algae,macroalgae8.20220420.T9,NA,NA,NA,NA,NA,NA,NA,NA,NA,NA,NA,NA,NA,NA,NA,kingdom,NA,NA,NA,NA,NA,20260113T223333Z,RELEASE-2026
d438b111-4b97-476b-b632-e65199c1498b,D15,REDB,REDB.AOS.aquatic.plant.transect.09,18,2022-04-20T18:57:00Z,REDB.20220420,REDB.20220420.MACROALGAE8.T9,A00000286627,Sample condition ok,NA,NA,NA,N,macroalgae,submerged,UNKALG,Unknown Algae,macroalgae8.20220420.T9,NA,NA,NA,NA,NA,NA,NA,NA,NA,NA,NA,NA,NA,NA,NA,kingdom,NA,NA,NA,NA,NA,20260113T223333Z,RELEASE-2026
275ea57d-82e1-4a0e-ad67-8311f4d81709,D15,REDB,REDB.AOS.aquatic.plant.transect.09,9,2022-04-20T18:57:00Z,REDB.20220420,REDB.20220420.MACROALGAE8.T9,A00000286627,Sample condition ok,NA,NA,NA,N,macroalgae,submerged,UNKALG,Unknown Algae,macroalgae8.20220420.T9,NA,NA,NA,NA,NA,NA,NA,NA,NA,NA,NA,NA,NA,NA,NA,kingdom,NA,NA,NA,NA,NA,20260113T223333Z,RELEASE-2026
fd1eee7a-d669-436c-bbd8-35689f651a06,D15,REDB,REDB.AOS.aquatic.plant.transect.10,14,2022-04-20T19:24:00Z,REDB.20220420,REDB.20220420.MACROALGAE12.T10,A00000286621,Sample condition ok,NA,NA,NA,N,macroalgae,submerged,UNKALG,Unknown Algae,macroalgae12.20220420.T10,NA,NA,NA,NA,NA,NA,NA,NA,NA,NA,NA,NA,NA,NA,NA,kingdom,NA,NA,NA,NA,NA,20260113T223333Z,RELEASE-2026
afdc06a8-803b-4a16-9fed-46ce73df7d07,D15,REDB,REDB.AOS.aquatic.plant.transect.10,12,2022-04-20T19:24:00Z,REDB.20220420,REDB.20220420.MACROALGAE12.T10,A00000286621,Sample condition ok,NA,NA,NA,Y,macroalgae,submerged,UNKALG,Unknown Algae,macroalgae12.20220420.T10,NA,NA,NA,NA,NA,NA,NA,NA,NA,NA,NA,NA,NA,NA,NA,kingdom,NA,NA,NA,NA,NA,20260113T223333Z,RELEASE-2026
ec79896a-4968-419f-85e3-7b7b04da8c62,D15,REDB,REDB.AOS.aquatic.plant.transect.10,17,2022-04-20T19:24:00Z,REDB.20220420,REDB.20220420.MACROALGAE17.T10,A00000286619,Sample condition ok,NA,NA,NA,Y,macroalgae,submerged,UNKALG,Unknown Algae,macroalgae17.20220420.T10,NA,NA,NA,NA,NA,NA,NA,NA,NA,NA,NA,NA,NA,NA,NA,kingdom,NA,NA,NA,NA,NA,20260113T223333Z,RELEASE-2026
2976d6b8-ad80-45a0-acca-f407f53f4dec,D15,REDB,REDB.AOS.aquatic.plant.transect.10,18,2022-04-20T19:24:00Z,REDB.20220420,REDB.20220420.MACROALGAE12.T10,A00000286621,Sample condition ok,NA,NA,NA,N,macroalgae,submerged,UNKALG,Unknown Algae,macroalgae12.20220420.T10,NA,NA,NA,NA,NA,NA,NA,NA,NA,NA,NA,NA,NA,NA,NA,kingdom,NA,NA,NA,NA,NA,20260113T223333Z,RELEASE-2026
fa88e126-8c45-48bf-af98-8578028be63b,D17,BIGC,BIGC.AOS.aquatic.plant.transect.01,12,2018-07-16T17:22:00Z,BIGC.20180716,BIGC.20180716.AP1.T01,NA,NA,NA,NA,NA,N,plant,submerged,CHPO14,Chiloscyphus polyanthos (L.) Corda,NA,NA,NA,NA,Hepaticopsida,Jungermanniales,Geocalycaceae,Chiloscyphus,NA,polyanthos,NA,NA,NA,(L.) Corda,NA,"Doyle, W. T. and Stotler, R. E. 2006. Contributions toward a Bryoflora of California III. Keys and Annotated Species Catalogue for Liverworts and Hornworts. Madrono 53 (2) 89-197.",species,Darkgui morphospecies,"David Kofranek Botany, LLC",2020-05-15T19:00:00Z,34a6816b-1447-413a-9a26-3b2722a97b73,NA,20260113T222804Z,RELEASE-2026
11f25fc2-8107-477f-a2e6-5f2ac976df85,D17,BIGC,BIGC.AOS.aquatic.plant.transect.02,11,2018-07-16T18:19:00Z,BIGC.20180716,BIGC.20180716.AP4.T02,NA,NA,NA,NA,NA,N,plant,submerged,CHPO14,Chiloscyphus polyanthos (L.) Corda,NA,NA,NA,NA,Hepaticopsida,Jungermanniales,Geocalycaceae,Chiloscyphus,NA,polyanthos,NA,NA,NA,(L.) Corda,NA,"Doyle, W. T. and Stotler, R. E. 2006. Contributions toward a Bryoflora of California III. Keys and Annotated Species Catalogue for Liverworts and Hornworts. Madrono 53 (2) 89-197.",species,NA,"David Kofranek Botany, LLC",2020-05-15T19:00:00Z,659c0fd7-1624-4825-b981-82ebfd6e04d2,NA,20260113T222804Z,RELEASE-2026
3b8aa09d-e733-4d12-ad75-140863c786b7,D17,BIGC,BIGC.AOS.aquatic.plant.transect.02,18,2018-07-16T18:19:00Z,BIGC.20180716,BIGC.20180716.AP8.T02,NA,NA,NA,NA,NA,N,plant,submerged,CHPO14,Chiloscyphus polyanthos (L.) Corda,NA,NA,NA,NA,Hepaticopsida,Jungermanniales,Geocalycaceae,Chiloscyphus,NA,polyanthos,NA,NA,NA,(L.) Corda,NA,"Doyle, W. T. and Stotler, R. E. 2006. Contributions toward a Bryoflora of California III. Keys and Annotated Species Catalogue for Liverworts and Hornworts. Madrono 53 (2) 89-197.",species,NA,"David Kofranek Botany, LLC",2020-05-15T19:00:00Z,23cda70d-20b2-460a-81e5-782e65560dbc,NA,20260113T222804Z,RELEASE-2026
12f75d58-120f-40e9-b761-b3159993865e,D17,BIGC,BIGC.AOS.aquatic.plant.transect.02,20,2018-07-16T18:19:00Z,BIGC.20180716,BIGC.20180716.AP9.T02,NA,NA,NA,NA,NA,N,plant,submerged,CHPO14,Chiloscyphus polyanthos (L.) Corda,NA,NA,NA,NA,Hepaticopsida,Jungermanniales,Geocalycaceae,Chiloscyphus,NA,polyanthos,NA,NA,NA,(L.) Corda,NA,"Doyle, W. T. and Stotler, R. E. 2006. Contributions toward a Bryoflora of California III. Keys and Annotated Species Catalogue for Liverworts and Hornworts. Madrono 53 (2) 89-197.",species,NA,"David Kofranek Botany, LLC",2020-05-15T19:00:00Z,5ff1de09-e9a1-454a-89e7-598418eb85f1,NA,20260113T222804Z,RELEASE-2026
738ef001-e95c-45a9-85c2-9218dca4f7f0,D17,BIGC,BIGC.AOS.aquatic.plant.transect.02,16,2018-07-16T18:19:00Z,BIGC.20180716,BIGC.20180716.AP6.T02,NA,NA,NA,NA,NA,N,plant,submerged,CHPO14,Chiloscyphus polyanthos (L.) Corda,NA,NA,NA,NA,Hepaticopsida,Jungermanniales,Geocalycaceae,Chiloscyphus,NA,polyanthos,NA,NA,NA,(L.) Corda,NA,"Doyle, W. T. and Stotler, R. E. 2006. Contributions toward a Bryoflora of California III. Keys and Annotated Species Catalogue for Liverworts and Hornworts. Madrono 53 (2) 89-197.",species,NA,"David Kofranek Botany, LLC",2020-05-15T19:00:00Z,1026d639-7eb4-4ccf-af23-06d844d72b25,NA,20260113T222804Z,RELEASE-2026
4a541046-a53a-4570-8a7d-6356d466972d,D17,BIGC,BIGC.AOS.aquatic.plant.transect.02,17,2018-07-16T18:19:00Z,BIGC.20180716,BIGC.20180716.AP7.T02,NA,NA,NA,NA,NA,N,plant,submerged,CHPO14,Chiloscyphus polyanthos (L.) Corda,NA,NA,NA,NA,Hepaticopsida,Jungermanniales,Geocalycaceae,Chiloscyphus,NA,polyanthos,NA,NA,NA,(L.) Corda,NA,"Doyle, W. T. and Stotler, R. E. 2006. Contributions toward a Bryoflora of California III. Keys and Annotated Species Catalogue for Liverworts and Hornworts. Madrono 53 (2) 89-197.",species,NA,"David Kofranek Botany, LLC",2020-05-15T19:00:00Z,898cb5e0-9572-4508-a931-a470a952f7e2,NA,20260113T222804Z,RELEASE-2026
db129a92-1650-41b3-8ae3-e2f51d48558e,D17,BIGC,BIGC.AOS.aquatic.plant.transect.02,10,2018-07-16T18:19:00Z,BIGC.20180716,BIGC.20180716.AP3.T02,NA,NA,NA,NA,NA,N,plant,submerged,CHPO14,Chiloscyphus polyanthos (L.) Corda,NA,NA,NA,NA,Hepaticopsida,Jungermanniales,Geocalycaceae,Chiloscyphus,NA,polyanthos,NA,NA,NA,(L.) Corda,NA,"Doyle, W. T. and Stotler, R. E. 2006. Contributions toward a Bryoflora of California III. Keys and Annotated Species Catalogue for Liverworts and Hornworts. Madrono 53 (2) 89-197.",species,NA,"David Kofranek Botany, LLC",2020-05-15T19:00:00Z,cff4a0e5-adf5-4c90-87b2-0bd2179b4c2d,NA,20260113T222804Z,RELEASE-2026
4cf52d2c-615f-4bf1-8d83-1ac31a187e9b,D17,BIGC,BIGC.AOS.aquatic.plant.transect.02,12,2018-07-16T18:19:00Z,BIGC.20180716,BIGC.20180716.AP5.T02,NA,NA,NA,NA,NA,N,plant,submerged,CHPO14,Chiloscyphus polyanthos (L.) Corda,NA,NA,NA,NA,Hepaticopsida,Jungermanniales,Geocalycaceae,Chiloscyphus,NA,polyanthos,NA,NA,NA,(L.) Corda,NA,"Doyle, W. T. and Stotler, R. E. 2006. Contributions toward a Bryoflora of California III. Keys and Annotated Species Catalogue for Liverworts and Hornworts. Madrono 53 (2) 89-197.",species,NA,"David Kofranek Botany, LLC",2020-05-15T19:00:00Z,2eabc1a4-c367-45ac-bdc2-2a5aa55ca135,NA,20260113T222804Z,RELEASE-2026
18d0ec32-8083-4f81-b4cb-6fe925ce7416,D17,BIGC,BIGC.AOS.aquatic.plant.transect.02,8,2018-07-16T18:19:00Z,BIGC.20180716,BIGC.20180716.AP2.T02,NA,NA,NA,NA,NA,N,plant,submerged,CHPO14,Chiloscyphus polyanthos (L.) Corda,NA,NA,NA,NA,Hepaticopsida,Jungermanniales,Geocalycaceae,Chiloscyphus,NA,polyanthos,NA,NA,NA,(L.) Corda,NA,"Doyle, W. T. and Stotler, R. E. 2006. Contributions toward a Bryoflora of California III. Keys and Annotated Species Catalogue for Liverworts and Hornworts. Madrono 53 (2) 89-197.",species,NA,"David Kofranek Botany, LLC",2020-05-15T19:00:00Z,f0a530b3-da25-402a-b19a-3adcbb3eb8de,NA,20260113T222804Z,RELEASE-2026
b148a1a2-1720-424f-89b2-748d561cb05e,D17,BIGC,BIGC.AOS.aquatic.plant.transect.02,2,2018-07-16T18:19:00Z,BIGC.20180716,BIGC.20180716.MACROALGAE1.T02,NA,NA,NA,NA,NA,N,macroalgae,submerged,NA,NA,NA,NA,NA,NA,NA,NA,NA,NA,NA,NA,NA,NA,NA,NA,NA,NA,NA,NA,NA,NA,NA,NA,20260113T222804Z,RELEASE-2026
f7958a58-6802-4614-9bd4-adc9fc60af7f,D17,BIGC,BIGC.AOS.aquatic.plant.transect.03,5,2018-07-16T19:22:00Z,BIGC.20180716,BIGC.20180716.AP1.T03,NA,NA,NA,NA,NA,N,plant,submerged,CHPO14,Chiloscyphus polyanthos (L.) Corda,NA,NA,NA,NA,Hepaticopsida,Jungermanniales,Geocalycaceae,Chiloscyphus,NA,polyanthos,NA,NA,NA,(L.) Corda,NA,"Doyle, W. T. and Stotler, R. E. 2006. Contributions toward a Bryoflora of California III. Keys and Annotated Species Catalogue for Liverworts and Hornworts. Madrono 53 (2) 89-197.",species,NA,"David Kofranek Botany, LLC",2020-05-15T19:00:00Z,fe7426b5-67d0-4125-a3a7-75a6144f2e18,NA,20260113T222804Z,RELEASE-2026
e2b9f73c-8737-4913-8261-81bf03b1d30c,D17,BIGC,BIGC.AOS.aquatic.plant.transect.05,18,2018-07-16T20:16:00Z,BIGC.20180716,BIGC.20180716.AP2.T05,NA,NA,NA,NA,NA,N,plant,submerged,FOANA,Fontinalis antipyretica Hedw. var. antipyretica,NA,NA,NA,NA,Bryopsida,Isobryales,Fontinalaceae,Fontinalis,NA,antipyretica,var. antipyretica,NA,NA,Hedw.,NA,NA,variety,NA,NA,NA,NA,NA,20260113T222804Z,RELEASE-2026
1f532f5d-30e1-4459-af62-255f0ef82548,D17,BIGC,BIGC.AOS.aquatic.plant.transect.05,17,2018-07-16T20:16:00Z,BIGC.20180716,BIGC.20180716.AP1.T05,NA,NA,NA,NA,NA,N,plant,submerged,FOANA,Fontinalis antipyretica Hedw. var. antipyretica,NA,NA,NA,NA,Bryopsida,Isobryales,Fontinalaceae,Fontinalis,NA,antipyretica,var. antipyretica,NA,NA,Hedw.,NA,NA,variety,NA,NA,NA,NA,NA,20260113T222804Z,RELEASE-2026
4ec8512a-6113-4023-b09d-d2170298d03f,D17,BIGC,BIGC.AOS.aquatic.plant.transect.05,19,2018-07-16T20:16:00Z,BIGC.20180716,BIGC.20180716.AP3.T05,NA,NA,NA,NA,NA,N,plant,submerged,FOANA,Fontinalis antipyretica Hedw. var. antipyretica,NA,NA,NA,NA,Bryopsida,Isobryales,Fontinalaceae,Fontinalis,NA,antipyretica,var. antipyretica,NA,NA,Hedw.,NA,NA,variety,NA,NA,NA,NA,NA,20260113T222804Z,RELEASE-2026
52558509-20a8-4a9b-bfcb-413832bb4156,D17,BIGC,BIGC.AOS.aquatic.plant.transect.06,2,2018-07-16T20:33:00Z,BIGC.20180716,BIGC.20180716.AP2.T06,NA,NA,NA,NA,NA,N,plant,emergent,TRIFO,Trifolium sp.,NA,NA,Magnoliophyta,NA,Magnoliopsida,Fabales,Fabaceae,Trifolium,NA,sp.,NA,NA,NA,L.,NA,NA,genus,NA,NA,NA,NA,NA,20260113T222804Z,RELEASE-2026
e55a846d-3a33-4517-ac7d-1d9b539f115c,D17,BIGC,BIGC.AOS.aquatic.plant.transect.06,9,2018-07-16T20:33:00Z,BIGC.20180716,BIGC.20180716.AP4.T06,NA,NA,NA,NA,NA,N,plant,submerged,FOANA,Fontinalis antipyretica Hedw. var. antipyretica,NA,NA,NA,NA,Bryopsida,Isobryales,Fontinalaceae,Fontinalis,NA,antipyretica,var. antipyretica,NA,NA,Hedw.,NA,NA,variety,NA,NA,NA,NA,NA,20260113T222804Z,RELEASE-2026
1fa9d456-fdaf-422a-8281-fbad8ef63fe9,D17,BIGC,BIGC.AOS.aquatic.plant.transect.06,12,2018-07-16T20:33:00Z,BIGC.20180716,BIGC.20180716.AP5.T06,NA,NA,NA,NA,NA,N,plant,submerged,CHPO14,Chiloscyphus polyanthos (L.) Corda,NA,NA,NA,NA,Hepaticopsida,Jungermanniales,Geocalycaceae,Chiloscyphus,NA,polyanthos,NA,NA,NA,(L.) Corda,NA,"Doyle, W. T. and Stotler, R. E. 2006. Contributions toward a Bryoflora of California III. Keys and Annotated Species Catalogue for Liverworts and Hornworts. Madrono 53 (2) 89-197.",species,NA,"David Kofranek Botany, LLC",2020-05-15T19:00:00Z,e34877d0-755f-4e5e-a4c9-1f24c69ea8b3,NA,20260113T222804Z,RELEASE-2026
b32dea2f-71d6-43f5-8576-7106a73d7f8e,D17,BIGC,BIGC.AOS.aquatic.plant.transect.06,1,2018-07-16T20:33:00Z,BIGC.20180716,BIGC.20180716.TRIFO.T6,A00000297762,NA,NA,NA,NA,Y,plant,emergent,TRIFO,Trifolium sp.,NA,NA,Magnoliophyta,NA,Magnoliopsida,Fabales,Fabaceae,Trifolium,NA,sp.,NA,NA,NA,L.,NA,NA,genus,Photo 100-0055 and 0056,NA,NA,NA,NA,20260113T222804Z,RELEASE-2026
42786dd7-dc5b-4c4d-a791-bc6172ed7e3f,D17,BIGC,BIGC.AOS.aquatic.plant.transect.06,3,2018-07-16T20:33:00Z,BIGC.20180716,BIGC.20180716.RIVERRUSH.T6,A00000297761,NA,NA,NA,NA,Y,plant,emergent,2PLANT,Unknown plant,RiverRush,Tall erect and spikey florets underneath top spike,NA,NA,NA,NA,NA,NA,NA,NA,NA,NA,NA,NA,NA,NA,kingdom,NA,NA,NA,NA,NA,20260113T222804Z,RELEASE-2026
8e4f045e-55e8-4d96-a882-ae0e37500f69,D17,BIGC,BIGC.AOS.aquatic.plant.transect.07,19,2018-07-16T21:55:00Z,BIGC.20180716,BIGC.20180716.AP7.T07,NA,NA,NA,NA,NA,N,plant,submerged,CHPO14,Chiloscyphus polyanthos (L.) Corda,NA,NA,NA,NA,Hepaticopsida,Jungermanniales,Geocalycaceae,Chiloscyphus,NA,polyanthos,NA,NA,NA,(L.) Corda,NA,"Doyle, W. T. and Stotler, R. E. 2006. Contributions toward a Bryoflora of California III. Keys and Annotated Species Catalogue for Liverworts and Hornworts. Madrono 53 (2) 89-197.",species,NA,"David Kofranek Botany, LLC",2020-05-15T19:00:00Z,34636b48-ac10-4665-87e2-09a5cbbee344,NA,20260113T222804Z,RELEASE-2026
f8e57229-91fe-47c1-84a6-adb6f8decc94,D17,BIGC,BIGC.AOS.aquatic.plant.transect.07,10,2018-07-16T21:55:00Z,BIGC.20180716,BIGC.20180716.AP3.T07,NA,NA,NA,NA,NA,N,plant,submerged,CHPO14,Chiloscyphus polyanthos (L.) Corda,NA,NA,NA,NA,Hepaticopsida,Jungermanniales,Geocalycaceae,Chiloscyphus,NA,polyanthos,NA,NA,NA,(L.) Corda,NA,"Doyle, W. T. and Stotler, R. E. 2006. Contributions toward a Bryoflora of California III. Keys and Annotated Species Catalogue for Liverworts and Hornworts. Madrono 53 (2) 89-197.",species,NA,"David Kofranek Botany, LLC",2020-05-15T19:00:00Z,0129fbb3-f008-4362-90c0-42ed11513324,NA,20260113T222804Z,RELEASE-2026
8baf837a-d5e3-4cd5-9247-39ef55b41616,D17,BIGC,BIGC.AOS.aquatic.plant.transect.07,3,2018-07-16T21:55:00Z,BIGC.20180716,BIGC.20180716.AP1.T07,NA,NA,NA,NA,NA,N,plant,submerged,CHPO14,Chiloscyphus polyanthos (L.) Corda,NA,NA,NA,NA,Hepaticopsida,Jungermanniales,Geocalycaceae,Chiloscyphus,NA,polyanthos,NA,NA,NA,(L.) Corda,NA,"Doyle, W. T. and Stotler, R. E. 2006. Contributions toward a Bryoflora of California III. Keys and Annotated Species Catalogue for Liverworts and Hornworts. Madrono 53 (2) 89-197.",species,NA,"David Kofranek Botany, LLC",2020-05-15T19:00:00Z,dd87b696-7383-4850-8acb-a535095842d7,NA,20260113T222804Z,RELEASE-2026
06cf5749-a4ef-40d2-affa-37893b12e866,D17,BIGC,BIGC.AOS.aquatic.plant.transect.07,4,2018-07-16T21:55:00Z,BIGC.20180716,BIGC.20180716.AP2.T07,NA,NA,NA,NA,NA,N,plant,submerged,CHPO14,Chiloscyphus polyanthos (L.) Corda,NA,NA,NA,NA,Hepaticopsida,Jungermanniales,Geocalycaceae,Chiloscyphus,NA,polyanthos,NA,NA,NA,(L.) Corda,NA,"Doyle, W. T. and Stotler, R. E. 2006. Contributions toward a Bryoflora of California III. Keys and Annotated Species Catalogue for Liverworts and Hornworts. Madrono 53 (2) 89-197.",species,NA,"David Kofranek Botany, LLC",2020-05-15T19:00:00Z,987daddd-618c-434b-94dc-a6934c3f3f9a,NA,20260113T222804Z,RELEASE-2026
c8d84dca-1a87-4b95-9491-9bc56f927f4d,D17,BIGC,BIGC.AOS.aquatic.plant.transect.07,18,2018-07-16T21:55:00Z,BIGC.20180716,BIGC.20180716.AP6.T07,NA,NA,NA,NA,NA,N,plant,submerged,FOANA,Fontinalis antipyretica Hedw. var. antipyretica,NA,NA,NA,NA,Bryopsida,Isobryales,Fontinalaceae,Fontinalis,NA,antipyretica,var. antipyretica,NA,NA,Hedw.,NA,NA,variety,NA,NA,NA,NA,NA,20260113T222804Z,RELEASE-2026
95659f53-cb01-43cd-9947-b50f9ef727a5,D17,BIGC,BIGC.AOS.aquatic.plant.transect.07,12,2018-07-16T21:55:00Z,BIGC.20180716,BIGC.20180716.AP4.T07,NA,NA,NA,NA,NA,N,plant,submerged,CHPO14,Chiloscyphus polyanthos (L.) Corda,NA,NA,NA,NA,Hepaticopsida,Jungermanniales,Geocalycaceae,Chiloscyphus,NA,polyanthos,NA,NA,NA,(L.) Corda,NA,"Doyle, W. T. and Stotler, R. E. 2006. Contributions toward a Bryoflora of California III. Keys and Annotated Species Catalogue for Liverworts and Hornworts. Madrono 53 (2) 89-197.",species,NA,"David Kofranek Botany, LLC",2020-05-15T19:00:00Z,c4d05efc-6012-4de0-8610-ca2867993c4d,NA,20260113T222804Z,RELEASE-2026
7b7c7588-120e-4be4-a92e-2784ef48aed2,D17,BIGC,BIGC.AOS.aquatic.plant.transect.07,13,2018-07-16T21:55:00Z,BIGC.20180716,BIGC.20180716.AP5.T07,NA,NA,NA,NA,NA,N,plant,submerged,FOANA,Fontinalis antipyretica Hedw. var. antipyretica,NA,NA,NA,NA,Bryopsida,Isobryales,Fontinalaceae,Fontinalis,NA,antipyretica,var. antipyretica,NA,NA,Hedw.,NA,NA,variety,NA,NA,NA,NA,NA,20260113T222804Z,RELEASE-2026
0d3cdd0b-a275-4ae7-aa39-8e203284de1a,D17,BIGC,BIGC.AOS.aquatic.plant.transect.08,3,2018-07-16T22:16:00Z,BIGC.20180716,BIGC.20180716.AP1.T08,NA,NA,NA,NA,NA,N,plant,submerged,CHPO14,Chiloscyphus polyanthos (L.) Corda,NA,NA,NA,NA,Hepaticopsida,Jungermanniales,Geocalycaceae,Chiloscyphus,NA,polyanthos,NA,NA,NA,(L.) Corda,NA,"Doyle, W. T. and Stotler, R. E. 2006. Contributions toward a Bryoflora of California III. Keys and Annotated Species Catalogue for Liverworts and Hornworts. Madrono 53 (2) 89-197.",species,NA,"David Kofranek Botany, LLC",2020-05-15T19:00:00Z,d7871c94-a4a9-43e4-8dbc-93841ed1fa2b,NA,20260113T222804Z,RELEASE-2026
aa6f059e-a516-4de3-85ca-3d0d908c1d09,D17,BIGC,BIGC.AOS.aquatic.plant.transect.08,15,2018-07-16T22:16:00Z,BIGC.20180716,BIGC.20180716.AP5.T08,NA,NA,NA,NA,NA,N,plant,submerged,FOANA,Fontinalis antipyretica Hedw. var. antipyretica,NA,NA,NA,NA,Bryopsida,Isobryales,Fontinalaceae,Fontinalis,NA,antipyretica,var. antipyretica,NA,NA,Hedw.,NA,NA,variety,NA,NA,NA,NA,NA,20260113T222804Z,RELEASE-2026
748a0acf-b3b4-4559-aabd-78b2c259fdee,D17,BIGC,BIGC.AOS.aquatic.plant.transect.08,7,2018-07-16T22:16:00Z,BIGC.20180716,BIGC.20180716.AP3.T08,NA,NA,NA,NA,NA,N,plant,submerged,FOANA,Fontinalis antipyretica Hedw. var. antipyretica,NA,NA,NA,NA,Bryopsida,Isobryales,Fontinalaceae,Fontinalis,NA,antipyretica,var. antipyretica,NA,NA,Hedw.,NA,NA,variety,NA,NA,NA,NA,NA,20260113T222804Z,RELEASE-2026
47f98ad3-bd3b-420b-aa02-741f300a32ad,D17,BIGC,BIGC.AOS.aquatic.plant.transect.08,18,2018-07-16T22:16:00Z,BIGC.20180716,BIGC.20180716.AP7.T08,NA,NA,NA,NA,NA,N,plant,submerged,FOANA,Fontinalis antipyretica Hedw. var. antipyretica,NA,NA,NA,NA,Bryopsida,Isobryales,Fontinalaceae,Fontinalis,NA,antipyretica,var. antipyretica,NA,NA,Hedw.,NA,NA,variety,NA,NA,NA,NA,NA,20260113T222804Z,RELEASE-2026
5278cd6c-c3cd-4d32-a3c5-2abcae90f48c,D17,BIGC,BIGC.AOS.aquatic.plant.transect.08,16,2018-07-16T22:16:00Z,BIGC.20180716,BIGC.20180716.AP6.T08,NA,NA,NA,NA,NA,N,plant,submerged,FOANA,Fontinalis antipyretica Hedw. var. antipyretica,NA,NA,NA,NA,Bryopsida,Isobryales,Fontinalaceae,Fontinalis,NA,antipyretica,var. antipyretica,NA,NA,Hedw.,NA,NA,variety,NA,NA,NA,NA,NA,20260113T222804Z,RELEASE-2026
285a7472-840f-42ff-b91b-c5301bc33e49,D17,BIGC,BIGC.AOS.aquatic.plant.transect.08,4,2018-07-16T22:16:00Z,BIGC.20180716,BIGC.20180716.AP2.T08,NA,NA,NA,NA,NA,N,plant,submerged,CHPO14,Chiloscyphus polyanthos (L.) Corda,NA,NA,NA,NA,Hepaticopsida,Jungermanniales,Geocalycaceae,Chiloscyphus,NA,polyanthos,NA,NA,NA,(L.) Corda,NA,"Doyle, W. T. and Stotler, R. E. 2006. Contributions toward a Bryoflora of California III. Keys and Annotated Species Catalogue for Liverworts and Hornworts. Madrono 53 (2) 89-197.",species,NA,"David Kofranek Botany, LLC",2020-05-15T19:00:00Z,5e6672b9-9201-453c-9800-fa60d6953be8,NA,20260113T222804Z,RELEASE-2026
a58db555-6046-4e0e-926a-af30b8ecf453,D17,BIGC,BIGC.AOS.aquatic.plant.transect.08,8,2018-07-16T22:16:00Z,BIGC.20180716,BIGC.20180716.AP4.T08,NA,NA,NA,NA,NA,N,plant,submerged,FOANA,Fontinalis antipyretica Hedw. var. antipyretica,NA,NA,NA,NA,Bryopsida,Isobryales,Fontinalaceae,Fontinalis,NA,antipyretica,var. antipyretica,NA,NA,Hedw.,NA,NA,variety,NA,NA,NA,NA,NA,20260113T222804Z,RELEASE-2026
30d19400-4f60-419b-b098-e8e2c894f32c,D17,BIGC,BIGC.AOS.aquatic.plant.transect.09,5,2018-07-16T22:38:00Z,BIGC.20180716,BIGC.20180716.AP1.T09,NA,NA,NA,NA,NA,N,plant,submerged,FOANA,Fontinalis antipyretica Hedw. var. antipyretica,NA,NA,NA,NA,Bryopsida,Isobryales,Fontinalaceae,Fontinalis,NA,antipyretica,var. antipyretica,NA,NA,Hedw.,NA,NA,variety,NA,NA,NA,NA,NA,20260113T222804Z,RELEASE-2026
50a9b55c-ec18-4f7f-b935-6394b57181ca,D17,BIGC,BIGC.AOS.aquatic.plant.transect.09,11,2018-07-16T22:38:00Z,BIGC.20180716,BIGC.20180716.AP3.T09,NA,NA,NA,NA,NA,N,plant,submerged,FOANA,Fontinalis antipyretica Hedw. var. antipyretica,NA,NA,NA,NA,Bryopsida,Isobryales,Fontinalaceae,Fontinalis,NA,antipyretica,var. antipyretica,NA,NA,Hedw.,NA,NA,variety,NA,NA,NA,NA,NA,20260113T222804Z,RELEASE-2026
a5d9fe41-dd82-496c-9be2-913fa36a9c48,D17,BIGC,BIGC.AOS.aquatic.plant.transect.09,9,2018-07-16T22:38:00Z,BIGC.20180716,BIGC.20180716.AP2.T09,NA,NA,NA,NA,NA,N,plant,submerged,2PLANT,Unknown plant,Lilcedar,"Light green 'spikelet' , increasing number of spikes around stem approaching the base of stem up to 5-6, rooted in Sandy/pebbly substrate, erect, dark thick roots with lighter brown fibers, roots longer than stalk",NA,NA,NA,NA,NA,NA,NA,NA,NA,NA,NA,NA,NA,NA,kingdom,NA,NA,NA,NA,NA,20260113T222804Z,RELEASE-2026
ccec18aa-ce34-4fdb-85c5-bc2b0cfcb0aa,D17,BIGC,BIGC.AOS.aquatic.plant.transect.10,5,2018-07-16T22:56:00Z,BIGC.20180716,BIGC.20180716.AP1.T10,NA,NA,NA,NA,NA,N,plant,submerged,2PLANT,Unknown plant,Lilcedar,"Light green 'spikelet' , increasing number of spikes around stem approaching the base of stem up to 5-6, rooted in Sandy/pebbly substrate, erect, dark thick roots with lighter brown fibers, roots longer than stalk",NA,NA,NA,NA,NA,NA,NA,NA,NA,NA,NA,NA,NA,NA,kingdom,NA,NA,NA,NA,NA,20260113T222804Z,RELEASE-2026
bb9a6aeb-a83b-4087-8a46-2a4c6e2deb6c,D17,BIGC,BIGC.AOS.aquatic.plant.transect.10,9,2018-07-16T22:56:00Z,BIGC.20180716,BIGC.20180716.AP2.T10,NA,NA,NA,NA,NA,N,plant,submerged,FOANA,Fontinalis antipyretica Hedw. var. antipyretica,NA,NA,NA,NA,Bryopsida,Isobryales,Fontinalaceae,Fontinalis,NA,antipyretica,var. antipyretica,NA,NA,Hedw.,NA,NA,variety,NA,NA,NA,NA,NA,20260113T222804Z,RELEASE-2026
b20ed5be-97b5-44dc-b4bf-1889f392f71f,D17,BIGC,BIGC.AOS.aquatic.plant.transect.10,13,2018-07-16T22:56:00Z,BIGC.20180716,BIGC.20180716.AP3.T10,NA,NA,NA,NA,NA,N,plant,submerged,CHPO14,Chiloscyphus polyanthos (L.) Corda,NA,NA,NA,NA,Hepaticopsida,Jungermanniales,Geocalycaceae,Chiloscyphus,NA,polyanthos,NA,NA,NA,(L.) Corda,NA,"Doyle, W. T. and Stotler, R. E. 2006. Contributions toward a Bryoflora of California III. Keys and Annotated Species Catalogue for Liverworts and Hornworts. Madrono 53 (2) 89-197.",species,NA,"David Kofranek Botany, LLC",2020-05-15T19:00:00Z,7753cd3d-2aa5-4f4c-8119-ef11af01c7de,NA,20260113T222804Z,RELEASE-2026
f67d5417-f8d2-4471-9214-cccbdb03ff72,D17,BIGC,BIGC.AOS.aquatic.plant.transect.10,19,2018-07-16T22:56:00Z,BIGC.20180716,BIGC.20180716.AP4.T10,NA,NA,NA,NA,NA,N,plant,submerged,FOANA,Fontinalis antipyretica Hedw. var. antipyretica,NA,NA,NA,NA,Bryopsida,Isobryales,Fontinalaceae,Fontinalis,NA,antipyretica,var. antipyretica,NA,NA,Hedw.,NA,NA,variety,NA,NA,NA,NA,NA,20260113T222804Z,RELEASE-2026
f4c74634-8f4a-4305-91b6-809ce4ed5995,D17,BIGC,BIGC.AOS.aquatic.plant.transect.02,1,2018-05-07T19:16:00Z,BIGC.20180507,BIGC.20180507.CLOVERGRASS.T1,A00000297784,NA,NA,NA,NA,Y,plant,emergent,2PLANT,Unknown plant,Clovergrass,"4 spiral leaves around stem 1ish cm apart. Erect, rooted in mossy cobble",NA,NA,NA,NA,NA,NA,NA,NA,NA,NA,NA,NA,NA,NA,kingdom,NA,NA,NA,NA,NA,20260113T222243Z,RELEASE-2026
3800866c-6beb-42d9-b0e4-200e32218ebd,D17,BIGC,BIGC.AOS.aquatic.plant.transect.02,13,2018-05-07T19:16:00Z,BIGC.20180507,BIGC.20180507.AP5.T02,NA,NA,NA,NA,NA,N,plant,submerged,2PLANT,Unknown plant,Darkgui,"Matted, dark green, braided, attached to cobble, mossy-looking",NA,NA,NA,NA,NA,NA,NA,NA,NA,NA,NA,NA,NA,NA,kingdom,NA,NA,NA,NA,NA,20260113T222243Z,RELEASE-2026
7cb8ac3c-1dae-4bb3-8f86-b698cfc6f549,D17,BIGC,BIGC.AOS.aquatic.plant.transect.02,11,2018-05-07T19:16:00Z,BIGC.20180507,BIGC.20180507.AP4.T02,NA,NA,NA,NA,NA,N,plant,submerged,2PLANT,Unknown plant,Darkgui,"Matted, dark green, braided, attached to cobble, mossy-looking",NA,NA,NA,NA,NA,NA,NA,NA,NA,NA,NA,NA,NA,NA,kingdom,NA,NA,NA,NA,NA,20260113T222243Z,RELEASE-2026
cc247d8e-75a4-4f3f-bfc5-617282365a5e,D17,BIGC,BIGC.AOS.aquatic.plant.transect.02,10,2018-05-07T19:16:00Z,BIGC.20180507,BIGC.20180507.AP3.T02,NA,NA,NA,NA,NA,N,plant,submerged,2PLANT,Unknown plant,Darkgui,"Matted, dark green, braided, attached to cobble, mossy-looking",NA,NA,NA,NA,NA,NA,NA,NA,NA,NA,NA,NA,NA,NA,kingdom,Darkgui,NA,NA,NA,NA,20260113T222243Z,RELEASE-2026
936db207-da53-4e83-a3fa-2a2939eb0648,D17,BIGC,BIGC.AOS.aquatic.plant.transect.02,17,2018-05-07T19:16:00Z,BIGC.20180507,BIGC.20180507.AP7.T02,NA,NA,NA,NA,NA,N,plant,submerged,2PLANT,Unknown plant,Darkgui,"Matted, dark green, braided, attached to cobble, mossy-looking",NA,NA,NA,NA,NA,NA,NA,NA,NA,NA,NA,NA,NA,NA,kingdom,NA,NA,NA,NA,NA,20260113T222243Z,RELEASE-2026
73e14ff7-5396-44cf-a676-af9de17500b6,D17,BIGC,BIGC.AOS.aquatic.plant.transect.02,9,2018-05-07T19:16:00Z,BIGC.20180507,BIGC.20180507.DARKGUI.T2,NA,NA,NA,NA,NA,N,plant,submerged,2PLANT,Unknown plant,Darkgui,"Matted, dark green, braided, attached to cobble, mossy-looking",NA,NA,NA,NA,NA,NA,NA,NA,NA,NA,NA,NA,NA,NA,kingdom,"unsure if plant, moss or macroalgae",NA,NA,NA,NA,20260113T222243Z,RELEASE-2026
1d087f5b-8b10-41fa-ab81-efc4d0a1bf88,D17,BIGC,BIGC.AOS.aquatic.plant.transect.02,14,2018-05-07T19:16:00Z,BIGC.20180507,BIGC.20180507.AP6.T02,NA,NA,NA,NA,NA,N,plant,submerged,2PLANT,Unknown plant,Darkgui,"Matted, dark green, braided, attached to cobble, mossy-looking",NA,NA,NA,NA,NA,NA,NA,NA,NA,NA,NA,NA,NA,NA,kingdom,NA,NA,NA,NA,NA,20260113T222243Z,RELEASE-2026
69328619-9d91-4ee7-9269-d7e93c09df0a,D17,BIGC,BIGC.AOS.aquatic.plant.transect.04,6,2018-05-07T20:44:00Z,BIGC.20180507,BIGC.20180507.AP1.T04,NA,NA,NA,NA,NA,N,plant,submerged,2PLANT,Unknown plant,Darkgui,"Matted, dark green, braided, attached to cobble, mossy-looking",NA,NA,NA,NA,NA,NA,NA,NA,NA,NA,NA,NA,NA,NA,kingdom,NA,NA,NA,NA,NA,20260113T222243Z,RELEASE-2026
f73e9a5d-4446-41d9-a24d-884cae135af7,D17,BIGC,BIGC.AOS.aquatic.plant.transect.06,19,2018-05-07T22:29:00Z,BIGC.20180507,BIGC.20180507.AP3.T06,NA,NA,NA,NA,NA,N,plant,submerged,2PLANT,Unknown plant,Darkgui,"Matted, dark green, braided, attached to cobble, mossy-looking",NA,NA,NA,NA,NA,NA,NA,NA,NA,NA,NA,NA,NA,NA,kingdom,NA,NA,NA,NA,NA,20260113T222243Z,RELEASE-2026
712bfdcb-d3ae-4f31-8768-40617c8b96a3,D17,BIGC,BIGC.AOS.aquatic.plant.transect.06,17,2018-05-07T22:29:00Z,BIGC.20180507,BIGC.20180507.AP2.T06,NA,NA,NA,NA,NA,N,plant,submerged,2PLANT,Unknown plant,Darkgui,"Matted, dark green, braided, attached to cobble, mossy-looking",NA,NA,NA,NA,NA,NA,NA,NA,NA,NA,NA,NA,NA,NA,kingdom,NA,NA,NA,NA,NA,20260113T222243Z,RELEASE-2026
450ab853-c3c5-4f8e-bfd7-e83bb314f9eb,D17,BIGC,BIGC.AOS.aquatic.plant.transect.06,16,2018-05-07T22:29:00Z,BIGC.20180507,BIGC.20180507.AP1.T06,NA,NA,NA,NA,NA,N,plant,submerged,2PLANT,Unknown plant,Darkgui,"Matted, dark green, braided, attached to cobble, mossy-looking",NA,NA,NA,NA,NA,NA,NA,NA,NA,NA,NA,NA,NA,NA,kingdom,NA,NA,NA,NA,NA,20260113T222243Z,RELEASE-2026
ca4755da-e828-4f77-bf0a-6b7862dac606,D17,BIGC,BIGC.AOS.aquatic.plant.transect.07,16,2018-05-07T22:45:00Z,BIGC.20180507,BIGC.20180507.VEGETABLE.T5,A00000297768,NA,NA,NA,NA,Y,plant,emergent,2PLANT,Unknown plant,Vegetable,"Light green, parallel leaves, round oval-shaped leaves all up and down stem, semi-erect, stringy white roots",NA,NA,NA,NA,NA,NA,NA,NA,NA,NA,NA,NA,NA,NA,kingdom,NA,NA,NA,NA,NA,20260113T222243Z,RELEASE-2026
e42bc1bf-8e4e-4589-a17b-8062aafd8a80,D17,BIGC,BIGC.AOS.aquatic.plant.transect.07,19,2018-05-07T22:45:00Z,BIGC.20180507,BIGC.20180507.BASIL.T5,A00000297760,NA,NA,NA,NA,Y,plant,emergent,2PLANT,Unknown plant,Basil,"Oval-shaped leaves, alternating orientation, redi-ish stem, leaves close at roots,",NA,NA,NA,NA,NA,NA,NA,NA,NA,NA,NA,NA,NA,NA,kingdom,NA,NA,NA,NA,NA,20260113T222243Z,RELEASE-2026
09649db8-7660-45cd-a9b6-9d6127bf2d56,D17,BIGC,BIGC.AOS.aquatic.plant.transect.03,17,2018-05-09T17:16:00Z,BIGC.20180509,BIGC.20180509.AQUACHARD.T3,NA,NA,NA,NA,NA,N,plant,emergent,2PLANT,Unknown plant,Aquachard,"Dentate-ish shaped leaves, variable teeth sizes, leaves have wavy edges, stem is redish where leaves attach (stipule?), Large Taproot with lots of fibrous material attached. Fibrous roots floating, Taproot attached to pebbly substrate, leafy greens emergent.",NA,NA,NA,NA,NA,NA,NA,NA,NA,NA,NA,NA,NA,NA,kingdom,1srt plant Photo on Zack's phone,NA,NA,NA,NA,20260113T222243Z,RELEASE-2026
9dd0d2db-2b44-4c84-84fe-f3f29d82cbff,D17,BIGC,BIGC.AOS.aquatic.plant.transect.03,11,2018-05-09T17:16:00Z,BIGC.20180509,BIGC.20180509.LILCEDAR.T3,NA,NA,NA,NA,NA,N,plant,emergent,2PLANT,Unknown plant,Lilcedar,"Light green 'spikelet' , increasing number of spikes around stem approaching the base of stem up to 5-6, rooted in Sandy/pebbly substrate, erect, dark thick roots with lighter brown fibers, roots longer than stalk",NA,NA,NA,NA,NA,NA,NA,NA,NA,NA,NA,NA,NA,NA,kingdom,NA,NA,NA,NA,NA,20260113T222243Z,RELEASE-2026
2c2d273b-4869-42cf-849b-1e050c064a64,D17,BIGC,BIGC.AOS.aquatic.plant.transect.03,19,2018-05-09T17:16:00Z,BIGC.20180509,BIGC.20180509.AP3.T03,NA,NA,NA,NA,NA,N,plant,submerged,2PLANT,Unknown plant,Darkgui,"Matted, dark green, braided, attached to cobble, mossy-looking",NA,NA,NA,NA,NA,NA,NA,NA,NA,NA,NA,NA,NA,NA,kingdom,Attached to debris,NA,NA,NA,NA,20260113T222243Z,RELEASE-2026
ae537443-b15a-494b-89f9-a64e4ebd53a8,D17,BIGC,BIGC.AOS.aquatic.plant.transect.09,17,2018-05-09T19:06:00Z,BIGC.20180509,BIGC.20180509.FLOPPY.T9,NA,NA,NA,NA,NA,N,plant,emergent,2PLANT,Unknown plant,Floppy,Only on shallow edge in sand and banks. Alternate leaves. Base is curved before roots. Light brown stringy roots. Matted roots. Ones in water have floating roots. The ones on the bank all roots are buried.,NA,NA,NA,NA,NA,NA,NA,NA,NA,NA,NA,NA,NA,NA,kingdom,NA,NA,NA,NA,NA,20260113T222243Z,RELEASE-2026
2764b38f-b11f-4f75-8916-c2507ef63575,D17,BIGC,BIGC.AOS.aquatic.plant.transect.09,9,2018-05-09T19:06:00Z,BIGC.20180509,BIGC.20180509.FOANA.T9,NA,NA,NA,NA,NA,N,plant,submerged,FOANA,Fontinalis antipyretica Hedw. var. antipyretica,NA,NA,NA,NA,Bryopsida,Isobryales,Fontinalaceae,Fontinalis,NA,antipyretica,var. antipyretica,NA,NA,Hedw.,NA,NA,variety,NA,NA,NA,NA,NA,20260113T222243Z,RELEASE-2026
3367591a-5a6b-4144-a09a-0bd685eb1b89,D17,BIGC,BIGC.AOS.aquatic.plant.transect.09,20,2018-05-09T19:06:00Z,BIGC.20180509,BIGC.20180509.FLOPPY.T8,NA,NA,NA,NA,NA,N,plant,emergent,2PLANT,Unknown plant,Floppy,Only on shallow edge in sand and banks. Alternate leaves. Base is curved before roots. Light brown stringy roots. Matted roots. Ones in water have floating roots. The ones on the bank all roots are buried.,NA,NA,NA,NA,NA,NA,NA,NA,NA,NA,NA,NA,NA,NA,kingdom,NA,NA,NA,NA,NA,20260113T222243Z,RELEASE-2026
a226c77b-0b28-48aa-98a3-76d0377766b0,D17,BIGC,BIGC.AOS.aquatic.plant.transect.10,19,2018-05-09T19:38:00Z,BIGC.20180509,BIGC.20180509.AP1.T10,NA,NA,NA,NA,NA,N,plant,submerged,2PLANT,Unknown plant,Darkgui,"Matted, dark green, braided, attached to cobble, mossy-looking",NA,NA,NA,NA,NA,NA,NA,NA,NA,NA,NA,NA,NA,NA,kingdom,NA,NA,NA,NA,NA,20260113T222243Z,RELEASE-2026
010ce01e-81e4-4a25-8a28-fd59ca328b86,D17,BIGC,BIGC.AOS.aquatic.plant.transect.08,20,2018-05-09T20:02:00Z,BIGC.20180509,BIGC.20180509.FERNGULLY.T8,NA,NA,NA,NA,NA,N,plant,emergent,2PLANT,Unknown plant,FernGully,"Most individuals are on bank. Half are rooted below water line, half above. Dark and thick mass of stringy roots. Alternating pinnated lobes",NA,NA,NA,NA,NA,NA,NA,NA,NA,NA,NA,NA,NA,NA,kingdom,NA,NA,NA,NA,NA,20260113T222243Z,RELEASE-2026
4ddcfaf9-fde4-40de-b780-8ddbf132a655,D17,BIGC,BIGC.AOS.aquatic.plant.transect.02,19,2018-09-24T18:02:00Z,BIGC.20180924,BIGC.20180924.AP10.T02,NA,NA,NA,NA,NA,N,plant,submerged,CHPO14,Chiloscyphus polyanthos (L.) Corda,NA,NA,NA,NA,Hepaticopsida,Jungermanniales,Geocalycaceae,Chiloscyphus,NA,polyanthos,NA,NA,NA,(L.) Corda,NA,"Doyle, W. T. and Stotler, R. E. 2006. Contributions toward a Bryoflora of California III. Keys and Annotated Species Catalogue for Liverworts and Hornworts. Madrono 53 (2) 89-197.",species,NA,"David Kofranek Botany, LLC",2020-05-15T19:00:00Z,7bb0f081-15bf-4dd5-8063-9945e566104e,NA,20260113T222602Z,RELEASE-2026
b998482a-39b9-489c-b71a-d5f4f0c0ac5a,D17,BIGC,BIGC.AOS.aquatic.plant.transect.02,3,2018-09-24T18:02:00Z,BIGC.20180924,BIGC.20180924.AP1.T02,NA,NA,NA,NA,NA,N,plant,submerged,CHPO14,Chiloscyphus polyanthos (L.) Corda,NA,NA,NA,NA,Hepaticopsida,Jungermanniales,Geocalycaceae,Chiloscyphus,NA,polyanthos,NA,NA,NA,(L.) Corda,NA,"Doyle, W. T. and Stotler, R. E. 2006. Contributions toward a Bryoflora of California III. Keys and Annotated Species Catalogue for Liverworts and Hornworts. Madrono 53 (2) 89-197.",species,NA,"David Kofranek Botany, LLC",2020-05-15T19:00:00Z,17998020-a4bd-4157-ba2b-76f457b30f9d,NA,20260113T222602Z,RELEASE-2026
b004f826-6fa2-4be3-89c4-fec801046fd6,D17,BIGC,BIGC.AOS.aquatic.plant.transect.02,9,2018-09-24T18:02:00Z,BIGC.20180924,BIGC.20180924.AP7.T02,NA,NA,NA,NA,NA,N,plant,submerged,CHPO14,Chiloscyphus polyanthos (L.) Corda,NA,NA,NA,NA,Hepaticopsida,Jungermanniales,Geocalycaceae,Chiloscyphus,NA,polyanthos,NA,NA,NA,(L.) Corda,NA,"Doyle, W. T. and Stotler, R. E. 2006. Contributions toward a Bryoflora of California III. Keys and Annotated Species Catalogue for Liverworts and Hornworts. Madrono 53 (2) 89-197.",species,NA,"David Kofranek Botany, LLC",2020-05-15T19:00:00Z,ba88116c-aafe-4cff-b567-6f1fe03f3940,NA,20260113T222602Z,RELEASE-2026
a4778a23-5225-4143-80b4-dfbc4b47cafe,D17,BIGC,BIGC.AOS.aquatic.plant.transect.02,4,2018-09-24T18:02:00Z,BIGC.20180924,BIGC.20180924.AP2.T02,NA,NA,NA,NA,NA,N,plant,submerged,CHPO14,Chiloscyphus polyanthos (L.) Corda,NA,NA,NA,NA,Hepaticopsida,Jungermanniales,Geocalycaceae,Chiloscyphus,NA,polyanthos,NA,NA,NA,(L.) Corda,NA,"Doyle, W. T. and Stotler, R. E. 2006. Contributions toward a Bryoflora of California III. Keys and Annotated Species Catalogue for Liverworts and Hornworts. Madrono 53 (2) 89-197.",species,NA,"David Kofranek Botany, LLC",2020-05-15T19:00:00Z,e1de91dc-38df-4c93-9bec-1317116f24f0,NA,20260113T222602Z,RELEASE-2026
d797e12e-69e0-4d7f-a94a-acc4f035ac47,D17,BIGC,BIGC.AOS.aquatic.plant.transect.02,10,2018-09-24T18:02:00Z,BIGC.20180924,BIGC.20180924.AP8.T02,NA,NA,NA,NA,NA,N,plant,submerged,CHPO14,Chiloscyphus polyanthos (L.) Corda,NA,NA,NA,NA,Hepaticopsida,Jungermanniales,Geocalycaceae,Chiloscyphus,NA,polyanthos,NA,NA,NA,(L.) Corda,NA,"Doyle, W. T. and Stotler, R. E. 2006. Contributions toward a Bryoflora of California III. Keys and Annotated Species Catalogue for Liverworts and Hornworts. Madrono 53 (2) 89-197.",species,NA,"David Kofranek Botany, LLC",2020-05-15T19:00:00Z,c3b16469-006f-49e4-af08-6865d13786e9,NA,20260113T222602Z,RELEASE-2026
c9c52cba-cab0-4ebf-8293-1f3c161e76ab,D17,BIGC,BIGC.AOS.aquatic.plant.transect.02,20,2018-09-24T18:02:00Z,BIGC.20180924,BIGC.20180924.ANPIP.T2,NA,NA,NA,NA,NA,N,plant,submerged,ANPIP,Aneura pinguis (L.) Dumort. var. pinguis,NA,NA,NA,NA,Hepaticopsida,Metzgeriales,Aneuraceae,Aneura,NA,pinguis,var. pinguis,NA,NA,(L.) Dumort.,cf. variety,NA,variety,NA,NA,NA,NA,NA,20260113T222602Z,RELEASE-2026
5175a78f-66a6-40a5-ab11-ee558ebd7124,D17,BIGC,BIGC.AOS.aquatic.plant.transect.02,5,2018-09-24T18:02:00Z,BIGC.20180924,BIGC.20180924.AP3.T02,NA,NA,NA,NA,NA,N,plant,submerged,CHPO14,Chiloscyphus polyanthos (L.) Corda,NA,NA,NA,NA,Hepaticopsida,Jungermanniales,Geocalycaceae,Chiloscyphus,NA,polyanthos,NA,NA,NA,(L.) Corda,NA,"Doyle, W. T. and Stotler, R. E. 2006. Contributions toward a Bryoflora of California III. Keys and Annotated Species Catalogue for Liverworts and Hornworts. Madrono 53 (2) 89-197.",species,NA,"David Kofranek Botany, LLC",2020-05-15T19:00:00Z,a302512f-d900-4485-b892-8ad4f68257d2,NA,20260113T222602Z,RELEASE-2026
a36c2c56-5662-46b8-90be-56940fe13500,D17,BIGC,BIGC.AOS.aquatic.plant.transect.02,7,2018-09-24T18:02:00Z,BIGC.20180924,BIGC.20180924.AP5.T02,NA,NA,NA,NA,NA,N,plant,submerged,CHPO14,Chiloscyphus polyanthos (L.) Corda,NA,NA,NA,NA,Hepaticopsida,Jungermanniales,Geocalycaceae,Chiloscyphus,NA,polyanthos,NA,NA,NA,(L.) Corda,NA,"Doyle, W. T. and Stotler, R. E. 2006. Contributions toward a Bryoflora of California III. Keys and Annotated Species Catalogue for Liverworts and Hornworts. Madrono 53 (2) 89-197.",species,NA,"David Kofranek Botany, LLC",2020-05-15T19:00:00Z,3481c887-ca68-4116-bf5e-91aa4be733b4,NA,20260113T222602Z,RELEASE-2026
985b351e-20fc-46b9-a128-663e667084c1,D17,BIGC,BIGC.AOS.aquatic.plant.transect.02,6,2018-09-24T18:02:00Z,BIGC.20180924,BIGC.20180924.AP4.T02,NA,NA,NA,NA,NA,N,plant,submerged,FOANA,Fontinalis antipyretica Hedw. var. antipyretica,NA,NA,NA,NA,Bryopsida,Isobryales,Fontinalaceae,Fontinalis,NA,antipyretica,var. antipyretica,NA,NA,Hedw.,NA,NA,variety,NA,NA,NA,NA,NA,20260113T222602Z,RELEASE-2026
5ba35ff9-e4ad-4b9b-88e1-4c89dd101dad,D17,BIGC,BIGC.AOS.aquatic.plant.transect.02,12,2018-09-24T18:02:00Z,BIGC.20180924,BIGC.20180924.AP9.T02,NA,NA,NA,NA,NA,N,plant,submerged,CHPO14,Chiloscyphus polyanthos (L.) Corda,NA,NA,NA,NA,Hepaticopsida,Jungermanniales,Geocalycaceae,Chiloscyphus,NA,polyanthos,NA,NA,NA,(L.) Corda,NA,"Doyle, W. T. and Stotler, R. E. 2006. Contributions toward a Bryoflora of California III. Keys and Annotated Species Catalogue for Liverworts and Hornworts. Madrono 53 (2) 89-197.",species,NA,"David Kofranek Botany, LLC",2020-05-15T19:00:00Z,484011ab-be27-4f75-865b-6458a4597526,NA,20260113T222602Z,RELEASE-2026
2e69e884-2ce3-4b42-93bf-675e0fc8807b,D17,BIGC,BIGC.AOS.aquatic.plant.transect.02,8,2018-09-24T18:02:00Z,BIGC.20180924,BIGC.20180924.AP6.T02,NA,NA,NA,NA,NA,N,plant,submerged,CHPO14,Chiloscyphus polyanthos (L.) Corda,NA,NA,NA,NA,Hepaticopsida,Jungermanniales,Geocalycaceae,Chiloscyphus,NA,polyanthos,NA,NA,NA,(L.) Corda,NA,"Doyle, W. T. and Stotler, R. E. 2006. Contributions toward a Bryoflora of California III. Keys and Annotated Species Catalogue for Liverworts and Hornworts. Madrono 53 (2) 89-197.",species,NA,"David Kofranek Botany, LLC",2020-05-15T19:00:00Z,a4a444ac-26bb-417d-9d97-24a7fff4fea0,NA,20260113T222602Z,RELEASE-2026
7d676caf-94d3-4f2d-b8fd-a08f8a511dcb,D17,BIGC,BIGC.AOS.aquatic.plant.transect.02,20,2018-09-24T18:02:00Z,BIGC.20180924,BIGC.20180924.AP12.T02,NA,NA,NA,NA,NA,N,plant,submerged,CHPO14,Chiloscyphus polyanthos (L.) Corda,NA,NA,NA,NA,Hepaticopsida,Jungermanniales,Geocalycaceae,Chiloscyphus,NA,polyanthos,NA,NA,NA,(L.) Corda,NA,"Doyle, W. T. and Stotler, R. E. 2006. Contributions toward a Bryoflora of California III. Keys and Annotated Species Catalogue for Liverworts and Hornworts. Madrono 53 (2) 89-197.",species,NA,"David Kofranek Botany, LLC",2020-05-15T19:00:00Z,23d8ccf3-0482-4f4f-8b92-e8510960a7ae,NA,20260113T222602Z,RELEASE-2026
71c78657-68f0-4d5a-a5c1-46ce596f5f19,D17,BIGC,BIGC.AOS.aquatic.plant.transect.03,5,2018-09-24T18:53:00Z,BIGC.20180924,BIGC.20180924.AP1.T03,NA,NA,NA,NA,NA,N,plant,submerged,CHPO14,Chiloscyphus polyanthos (L.) Corda,NA,NA,NA,NA,Hepaticopsida,Jungermanniales,Geocalycaceae,Chiloscyphus,NA,polyanthos,NA,NA,NA,(L.) Corda,NA,"Doyle, W. T. and Stotler, R. E. 2006. Contributions toward a Bryoflora of California III. Keys and Annotated Species Catalogue for Liverworts and Hornworts. Madrono 53 (2) 89-197.",species,NA,"David Kofranek Botany, LLC",2020-05-15T19:00:00Z,b4f5ef5b-87a1-4e49-a654-07757c4355f9,NA,20260113T222602Z,RELEASE-2026
33e067fa-88bb-48f9-abc8-893833544797,D17,BIGC,BIGC.AOS.aquatic.plant.transect.03,6,2018-09-24T18:53:00Z,BIGC.20180924,BIGC.20180924.AP2.T03,NA,NA,NA,NA,NA,N,plant,submerged,CHPO14,Chiloscyphus polyanthos (L.) Corda,NA,NA,NA,NA,Hepaticopsida,Jungermanniales,Geocalycaceae,Chiloscyphus,NA,polyanthos,NA,NA,NA,(L.) Corda,NA,"Doyle, W. T. and Stotler, R. E. 2006. Contributions toward a Bryoflora of California III. Keys and Annotated Species Catalogue for Liverworts and Hornworts. Madrono 53 (2) 89-197.",species,NA,"David Kofranek Botany, LLC",2020-05-15T19:00:00Z,1bde689a-2fa1-4a33-a9fc-1ce773130dc8,NA,20260113T222602Z,RELEASE-2026
233c7e6b-ee8a-4b56-b68f-892b6ebd57f7,D17,BIGC,BIGC.AOS.aquatic.plant.transect.05,19,2018-09-24T19:44:00Z,BIGC.20180924,BIGC.20180924.AP1.T05,NA,NA,NA,NA,NA,N,plant,submerged,CHPO14,Chiloscyphus polyanthos (L.) Corda,NA,NA,NA,NA,Hepaticopsida,Jungermanniales,Geocalycaceae,Chiloscyphus,NA,polyanthos,NA,NA,NA,(L.) Corda,NA,"Doyle, W. T. and Stotler, R. E. 2006. Contributions toward a Bryoflora of California III. Keys and Annotated Species Catalogue for Liverworts and Hornworts. Madrono 53 (2) 89-197.",species,NA,"David Kofranek Botany, LLC",2020-05-15T19:00:00Z,3bc9a629-2211-432c-8572-9c5e10c0ca21,NA,20260113T222602Z,RELEASE-2026
b4677d38-b2b8-4850-bda5-5c7c929a986c,D17,BIGC,BIGC.AOS.aquatic.plant.transect.05,20,2018-09-24T19:44:00Z,BIGC.20180924,BIGC.20180924.AP2.T05,NA,NA,NA,NA,NA,N,plant,submerged,CHPO14,Chiloscyphus polyanthos (L.) Corda,NA,NA,NA,NA,Hepaticopsida,Jungermanniales,Geocalycaceae,Chiloscyphus,NA,polyanthos,NA,NA,NA,(L.) Corda,NA,"Doyle, W. T. and Stotler, R. E. 2006. Contributions toward a Bryoflora of California III. Keys and Annotated Species Catalogue for Liverworts and Hornworts. Madrono 53 (2) 89-197.",species,NA,"David Kofranek Botany, LLC",2020-05-15T19:00:00Z,82bc5a6a-aa44-4306-b678-bb82fd5973f4,NA,20260113T222602Z,RELEASE-2026
4672ff90-5218-4f42-a783-50c28dcb017e,D17,BIGC,BIGC.AOS.aquatic.plant.transect.06,11,2018-09-24T19:56:00Z,BIGC.20180924,BIGC.20180924.AP3.T06,NA,NA,NA,NA,NA,N,plant,submerged,FOANA,Fontinalis antipyretica Hedw. var. antipyretica,NA,NA,NA,NA,Bryopsida,Isobryales,Fontinalaceae,Fontinalis,NA,antipyretica,var. antipyretica,NA,NA,Hedw.,NA,NA,variety,NA,NA,NA,NA,NA,20260113T222602Z,RELEASE-2026
78df1f13-bd93-44cc-9e16-3ca6095469ce,D17,BIGC,BIGC.AOS.aquatic.plant.transect.06,9,2018-09-24T19:56:00Z,BIGC.20180924,BIGC.20180924.AP1.T06,NA,NA,NA,NA,NA,N,plant,submerged,FOANA,Fontinalis antipyretica Hedw. var. antipyretica,NA,NA,NA,NA,Bryopsida,Isobryales,Fontinalaceae,Fontinalis,NA,antipyretica,var. antipyretica,NA,NA,Hedw.,NA,NA,variety,NA,NA,NA,NA,NA,20260113T222602Z,RELEASE-2026
3392f04e-d8be-44c4-962e-e929a547c99f,D17,BIGC,BIGC.AOS.aquatic.plant.transect.06,12,2018-09-24T19:56:00Z,BIGC.20180924,BIGC.20180924.AP4.T06,NA,NA,NA,NA,NA,N,plant,submerged,CHPO14,Chiloscyphus polyanthos (L.) Corda,NA,NA,NA,NA,Hepaticopsida,Jungermanniales,Geocalycaceae,Chiloscyphus,NA,polyanthos,NA,NA,NA,(L.) Corda,NA,"Doyle, W. T. and Stotler, R. E. 2006. Contributions toward a Bryoflora of California III. Keys and Annotated Species Catalogue for Liverworts and Hornworts. Madrono 53 (2) 89-197.",species,NA,"David Kofranek Botany, LLC",2020-05-15T19:00:00Z,a3cf7c26-eeb9-456c-a3a0-608a727a4f51,NA,20260113T222602Z,RELEASE-2026
9497defa-ec66-41e6-a8f6-61c3af34a010,D17,BIGC,BIGC.AOS.aquatic.plant.transect.06,10,2018-09-24T19:56:00Z,BIGC.20180924,BIGC.20180924.AP2.T06,NA,NA,NA,NA,NA,N,plant,submerged,FOANA,Fontinalis antipyretica Hedw. var. antipyretica,NA,NA,NA,NA,Bryopsida,Isobryales,Fontinalaceae,Fontinalis,NA,antipyretica,var. antipyretica,NA,NA,Hedw.,NA,NA,variety,NA,NA,NA,NA,NA,20260113T222602Z,RELEASE-2026
0486950e-2dd3-47c6-9a99-f085ece01ab3,D17,BIGC,BIGC.AOS.aquatic.plant.transect.07,15,2018-09-24T21:22:00Z,BIGC.20180924,BIGC.20180924.AP1.T07,NA,NA,NA,NA,NA,N,plant,submerged,FOANA,Fontinalis antipyretica Hedw. var. antipyretica,NA,NA,NA,NA,Bryopsida,Isobryales,Fontinalaceae,Fontinalis,NA,antipyretica,var. antipyretica,NA,NA,Hedw.,NA,NA,variety,NA,NA,NA,NA,NA,20260113T222602Z,RELEASE-2026
4b365c60-edf1-4678-8562-238b91d5bf2b,D17,BIGC,BIGC.AOS.aquatic.plant.transect.08,16,2018-09-24T21:54:00Z,BIGC.20180924,BIGC.20180924.AP3.T08,NA,NA,NA,NA,NA,N,plant,submerged,FOANA,Fontinalis antipyretica Hedw. var. antipyretica,NA,NA,NA,NA,Bryopsida,Isobryales,Fontinalaceae,Fontinalis,NA,antipyretica,var. antipyretica,NA,NA,Hedw.,NA,NA,variety,NA,NA,NA,NA,NA,20260113T222602Z,RELEASE-2026
09916d6d-e4c8-4067-99d4-0c1d8ccf12d5,D17,BIGC,BIGC.AOS.aquatic.plant.transect.08,18,2018-09-24T21:54:00Z,BIGC.20180924,BIGC.20180924.AP4.T08,NA,NA,NA,NA,NA,N,plant,submerged,CHPO14,Chiloscyphus polyanthos (L.) Corda,NA,NA,NA,NA,Hepaticopsida,Jungermanniales,Geocalycaceae,Chiloscyphus,NA,polyanthos,NA,NA,NA,(L.) Corda,NA,"Doyle, W. T. and Stotler, R. E. 2006. Contributions toward a Bryoflora of California III. Keys and Annotated Species Catalogue for Liverworts and Hornworts. Madrono 53 (2) 89-197.",species,NA,"David Kofranek Botany, LLC",2020-05-15T19:00:00Z,bebf7a3b-5a77-469e-ba7b-763cf2621e33,NA,20260113T222602Z,RELEASE-2026
742ec40c-e4a1-4b31-a960-e6066a59ee2f,D17,BIGC,BIGC.AOS.aquatic.plant.transect.08,15,2018-09-24T21:54:00Z,BIGC.20180924,BIGC.20180924.AP2.T08,NA,NA,NA,NA,NA,N,plant,submerged,CHPO14,Chiloscyphus polyanthos (L.) Corda,NA,NA,NA,NA,Hepaticopsida,Jungermanniales,Geocalycaceae,Chiloscyphus,NA,polyanthos,NA,NA,NA,(L.) Corda,NA,"Doyle, W. T. and Stotler, R. E. 2006. Contributions toward a Bryoflora of California III. Keys and Annotated Species Catalogue for Liverworts and Hornworts. Madrono 53 (2) 89-197.",species,NA,"David Kofranek Botany, LLC",2020-05-15T19:00:00Z,1a62110a-b18f-438e-90d0-d1dbc9cfd674,NA,20260113T222602Z,RELEASE-2026
aaeb5129-819f-4215-b0e9-ce1ab12a5105,D17,BIGC,BIGC.AOS.aquatic.plant.transect.08,4,2018-09-24T21:54:00Z,BIGC.20180924,BIGC.20180924.AP1.T08,NA,NA,NA,NA,NA,N,plant,submerged,FOANA,Fontinalis antipyretica Hedw. var. antipyretica,NA,NA,NA,NA,Bryopsida,Isobryales,Fontinalaceae,Fontinalis,NA,antipyretica,var. antipyretica,NA,NA,Hedw.,NA,NA,variety,NA,NA,NA,NA,NA,20260113T222602Z,RELEASE-2026
02bbf23b-87de-4c49-96f0-e82b161960eb,D17,BIGC,BIGC.AOS.aquatic.plant.transect.09,6,2018-09-24T22:09:00Z,BIGC.20180924,BIGC.20180924.AP2.T09,NA,NA,NA,NA,NA,N,plant,submerged,FOANA,Fontinalis antipyretica Hedw. var. antipyretica,NA,NA,NA,NA,Bryopsida,Isobryales,Fontinalaceae,Fontinalis,NA,antipyretica,var. antipyretica,NA,NA,Hedw.,NA,NA,variety,NA,NA,NA,NA,NA,20260113T222602Z,RELEASE-2026
dda82914-c91b-41a9-844c-a90e3ac20cfe,D17,BIGC,BIGC.AOS.aquatic.plant.transect.09,5,2018-09-24T22:09:00Z,BIGC.20180924,BIGC.20180924.AP1.T09,NA,NA,NA,NA,NA,N,plant,submerged,FOANA,Fontinalis antipyretica Hedw. var. antipyretica,NA,NA,NA,NA,Bryopsida,Isobryales,Fontinalaceae,Fontinalis,NA,antipyretica,var. antipyretica,NA,NA,Hedw.,NA,NA,variety,NA,NA,NA,NA,NA,20260113T222602Z,RELEASE-2026
db88d15c-5dfd-4a78-b9b3-a8ebe3e4b8db,D17,BIGC,BIGC.AOS.aquatic.plant.transect.10,16,2018-09-24T22:18:00Z,BIGC.20180924,BIGC.20180924.AP3.T10,NA,NA,NA,NA,NA,N,plant,submerged,CHPO14,Chiloscyphus polyanthos (L.) Corda,NA,NA,NA,NA,Hepaticopsida,Jungermanniales,Geocalycaceae,Chiloscyphus,NA,polyanthos,NA,NA,NA,(L.) Corda,NA,"Doyle, W. T. and Stotler, R. E. 2006. Contributions toward a Bryoflora of California III. Keys and Annotated Species Catalogue for Liverworts and Hornworts. Madrono 53 (2) 89-197.",species,NA,"David Kofranek Botany, LLC",2020-05-15T19:00:00Z,6a492c83-a95b-491c-a48d-1644638d4ac4,NA,20260113T222602Z,RELEASE-2026
2bbf0f4d-31fa-4b45-8634-a2662083a6f3,D17,BIGC,BIGC.AOS.aquatic.plant.transect.10,4,2018-09-24T22:18:00Z,BIGC.20180924,BIGC.20180924.AP1.T10,NA,NA,NA,NA,NA,N,plant,submerged,CHPO14,Chiloscyphus polyanthos (L.) Corda,NA,NA,NA,NA,Hepaticopsida,Jungermanniales,Geocalycaceae,Chiloscyphus,NA,polyanthos,NA,NA,NA,(L.) Corda,NA,"Doyle, W. T. and Stotler, R. E. 2006. Contributions toward a Bryoflora of California III. Keys and Annotated Species Catalogue for Liverworts and Hornworts. Madrono 53 (2) 89-197.",species,NA,"David Kofranek Botany, LLC",2020-05-15T19:00:00Z,ca6a3eba-f36b-4111-a8da-6876627eb9fe,NA,20260113T222602Z,RELEASE-2026
4561866b-5930-4c88-b55a-f16c49797335,D17,BIGC,BIGC.AOS.aquatic.plant.transect.10,18,2018-09-24T22:18:00Z,BIGC.20180924,BIGC.20180924.AP4.T10,NA,NA,NA,NA,NA,N,plant,submerged,FOANA,Fontinalis antipyretica Hedw. var. antipyretica,NA,NA,NA,NA,Bryopsida,Isobryales,Fontinalaceae,Fontinalis,NA,antipyretica,var. antipyretica,NA,NA,Hedw.,NA,NA,variety,NA,NA,NA,NA,NA,20260113T222602Z,RELEASE-2026
9f9e892a-c8bc-46a3-8202-f667dea10565,D17,BIGC,BIGC.AOS.aquatic.plant.transect.10,10,2018-09-24T22:18:00Z,BIGC.20180924,BIGC.20180924.AP2.T10,NA,NA,NA,NA,NA,N,plant,submerged,FOANA,Fontinalis antipyretica Hedw. var. antipyretica,NA,NA,NA,NA,Bryopsida,Isobryales,Fontinalaceae,Fontinalis,NA,antipyretica,var. antipyretica,NA,NA,Hedw.,NA,NA,variety,NA,NA,NA,NA,NA,20260113T222602Z,RELEASE-2026
761fced9-dffe-448b-9f2a-1e72cecd97eb,D17,BIGC,BIGC.AOS.aquatic.plant.transect.02,12,2019-09-30T18:26:00Z,BIGC.20190930,BIGC.20190930.AP5.T02,NA,NA,NA,NA,NA,N,plant,submerged,CHPO14,Chiloscyphus polyanthos (L.) Corda,NA,NA,NA,NA,Hepaticopsida,Jungermanniales,Geocalycaceae,Chiloscyphus,NA,polyanthos,NA,NA,NA,(L.) Corda,NA,"Doyle, W. T. and Stotler, R. E. 2006. Contributions toward a Bryoflora of California III. Keys and Annotated Species Catalogue for Liverworts and Hornworts. Madrono 53 (2) 89-197.",species,NA,"David Kofranek Botany, LLC",2020-05-15T19:00:00Z,aff38baa-b1f2-44bc-b9b0-3d557e63b1c6,NA,20260113T222723Z,RELEASE-2026
a3ea240b-3c76-487b-8c4a-e612bf90384f,D17,BIGC,BIGC.AOS.aquatic.plant.transect.02,14,2019-09-30T18:26:00Z,BIGC.20190930,BIGC.20190930.AP6.T02,NA,NA,NA,NA,NA,N,plant,submerged,CHPO14,Chiloscyphus polyanthos (L.) Corda,NA,NA,NA,NA,Hepaticopsida,Jungermanniales,Geocalycaceae,Chiloscyphus,NA,polyanthos,NA,NA,NA,(L.) Corda,NA,"Doyle, W. T. and Stotler, R. E. 2006. Contributions toward a Bryoflora of California III. Keys and Annotated Species Catalogue for Liverworts and Hornworts. Madrono 53 (2) 89-197.",species,NA,"David Kofranek Botany, LLC",2020-05-15T19:00:00Z,7d9c28d6-3071-4882-9427-8365e1c0244e,NA,20260113T222723Z,RELEASE-2026
c0e0fdd8-3c2b-4408-8bb0-73c3c1ae3eeb,D17,BIGC,BIGC.AOS.aquatic.plant.transect.02,10,2019-09-30T18:26:00Z,BIGC.20190930,BIGC.20190930.AP4.T02,NA,NA,NA,NA,NA,N,plant,submerged,CHPO14,Chiloscyphus polyanthos (L.) Corda,NA,NA,NA,NA,Hepaticopsida,Jungermanniales,Geocalycaceae,Chiloscyphus,NA,polyanthos,NA,NA,NA,(L.) Corda,NA,"Doyle, W. T. and Stotler, R. E. 2006. Contributions toward a Bryoflora of California III. Keys and Annotated Species Catalogue for Liverworts and Hornworts. Madrono 53 (2) 89-197.",species,NA,"David Kofranek Botany, LLC",2020-05-15T19:00:00Z,ba250642-4b9a-4f2c-b338-519180ab0325,NA,20260113T222723Z,RELEASE-2026
4fd352dc-ef6e-4b49-85fe-3d3fbba64067,D17,BIGC,BIGC.AOS.aquatic.plant.transect.02,9,2019-09-30T18:26:00Z,BIGC.20190930,BIGC.20190930.AP3.T02,NA,NA,NA,NA,NA,N,plant,submerged,CHPO14,Chiloscyphus polyanthos (L.) Corda,NA,NA,NA,NA,Hepaticopsida,Jungermanniales,Geocalycaceae,Chiloscyphus,NA,polyanthos,NA,NA,NA,(L.) Corda,NA,"Doyle, W. T. and Stotler, R. E. 2006. Contributions toward a Bryoflora of California III. Keys and Annotated Species Catalogue for Liverworts and Hornworts. Madrono 53 (2) 89-197.",species,NA,"David Kofranek Botany, LLC",2020-05-15T19:00:00Z,a8fa3ea0-6c3b-4ab1-833c-1ef962b22a06,NA,20260113T222723Z,RELEASE-2026
f810c61c-ee78-45a7-8d10-b7632dea2099,D17,BIGC,BIGC.AOS.aquatic.plant.transect.02,15,2019-09-30T18:26:00Z,BIGC.20190930,BIGC.20190930.AP7.T02,NA,NA,NA,NA,NA,N,plant,submerged,CHPO14,Chiloscyphus polyanthos (L.) Corda,NA,NA,NA,NA,Hepaticopsida,Jungermanniales,Geocalycaceae,Chiloscyphus,NA,polyanthos,NA,NA,NA,(L.) Corda,NA,"Doyle, W. T. and Stotler, R. E. 2006. Contributions toward a Bryoflora of California III. Keys and Annotated Species Catalogue for Liverworts and Hornworts. Madrono 53 (2) 89-197.",species,NA,"David Kofranek Botany, LLC",2020-05-15T19:00:00Z,5647413f-276d-402d-8ba0-e5fd23392c11,NA,20260113T222723Z,RELEASE-2026
e48e3e7b-4626-417a-847b-421549135f91,D17,BIGC,BIGC.AOS.aquatic.plant.transect.02,7,2019-09-30T18:26:00Z,BIGC.20190930,BIGC.20190930.AP2.T02,NA,NA,NA,NA,NA,N,plant,submerged,CHPO14,Chiloscyphus polyanthos (L.) Corda,NA,NA,NA,NA,Hepaticopsida,Jungermanniales,Geocalycaceae,Chiloscyphus,NA,polyanthos,NA,NA,NA,(L.) Corda,NA,"Doyle, W. T. and Stotler, R. E. 2006. Contributions toward a Bryoflora of California III. Keys and Annotated Species Catalogue for Liverworts and Hornworts. Madrono 53 (2) 89-197.",species,NA,"David Kofranek Botany, LLC",2020-05-15T19:00:00Z,b515e30f-5c2c-4f29-9a46-c9db09bc2828,NA,20260113T222723Z,RELEASE-2026
00c78870-3738-48f3-b0a5-1150bbd6fd3e,D17,BIGC,BIGC.AOS.aquatic.plant.transect.02,16,2019-09-30T18:26:00Z,BIGC.20190930,BIGC.20190930.AP8.T02,NA,NA,NA,NA,NA,N,plant,submerged,CHPO14,Chiloscyphus polyanthos (L.) Corda,NA,NA,NA,NA,Hepaticopsida,Jungermanniales,Geocalycaceae,Chiloscyphus,NA,polyanthos,NA,NA,NA,(L.) Corda,NA,"Doyle, W. T. and Stotler, R. E. 2006. Contributions toward a Bryoflora of California III. Keys and Annotated Species Catalogue for Liverworts and Hornworts. Madrono 53 (2) 89-197.",species,NA,"David Kofranek Botany, LLC",2020-05-15T19:00:00Z,f4f3d834-9ac2-47a7-93bd-78d6de301a57,NA,20260113T222723Z,RELEASE-2026
69dcf303-4c21-4714-af8b-eb24f3b47343,D17,BIGC,BIGC.AOS.aquatic.plant.transect.02,20,2019-09-30T18:26:00Z,BIGC.20190930,BIGC.20190930.AP11.T02,NA,NA,NA,NA,NA,N,plant,submerged,CHPO14,Chiloscyphus polyanthos (L.) Corda,NA,NA,NA,NA,Hepaticopsida,Jungermanniales,Geocalycaceae,Chiloscyphus,NA,polyanthos,NA,NA,NA,(L.) Corda,NA,"Doyle, W. T. and Stotler, R. E. 2006. Contributions toward a Bryoflora of California III. Keys and Annotated Species Catalogue for Liverworts and Hornworts. Madrono 53 (2) 89-197.",species,NA,"David Kofranek Botany, LLC",2020-05-15T19:00:00Z,27e7f5ad-5b1a-4a9e-8fb8-c067a37cc8ce,NA,20260113T222723Z,RELEASE-2026
46255f2a-8c57-4712-8e1f-d4895f244147,D17,BIGC,BIGC.AOS.aquatic.plant.transect.02,17,2019-09-30T18:26:00Z,BIGC.20190930,BIGC.20190930.AP9.T02,NA,NA,NA,NA,NA,N,plant,submerged,CHPO14,Chiloscyphus polyanthos (L.) Corda,NA,NA,NA,NA,Hepaticopsida,Jungermanniales,Geocalycaceae,Chiloscyphus,NA,polyanthos,NA,NA,NA,(L.) Corda,NA,"Doyle, W. T. and Stotler, R. E. 2006. Contributions toward a Bryoflora of California III. Keys and Annotated Species Catalogue for Liverworts and Hornworts. Madrono 53 (2) 89-197.",species,NA,"David Kofranek Botany, LLC",2020-05-15T19:00:00Z,b6e86a35-0596-41dc-9549-bc96dad1e0bf,NA,20260113T222723Z,RELEASE-2026
132c4f18-fd5b-4945-8942-a19f4c0e9e21,D17,BIGC,BIGC.AOS.aquatic.plant.transect.02,4,2019-09-30T18:26:00Z,BIGC.20190930,BIGC.20190930.AP1.T02,NA,NA,NA,NA,NA,N,plant,emergent,CHPO14,Chiloscyphus polyanthos (L.) Corda,NA,NA,NA,NA,Hepaticopsida,Jungermanniales,Geocalycaceae,Chiloscyphus,NA,polyanthos,NA,NA,NA,(L.) Corda,NA,"Doyle, W. T. and Stotler, R. E. 2006. Contributions toward a Bryoflora of California III. Keys and Annotated Species Catalogue for Liverworts and Hornworts. Madrono 53 (2) 89-197.",species,NA,"David Kofranek Botany, LLC",2020-05-15T19:00:00Z,0cdb24b8-f438-4606-9d71-c16053495aff,NA,20260113T222723Z,RELEASE-2026
1cfd81c4-da4f-4abd-9af0-8c3a32936d7b,D17,BIGC,BIGC.AOS.aquatic.plant.transect.02,18,2019-09-30T18:26:00Z,BIGC.20190930,BIGC.20190930.AP10.T02,NA,NA,NA,NA,NA,N,plant,submerged,CHPO14,Chiloscyphus polyanthos (L.) Corda,NA,NA,NA,NA,Hepaticopsida,Jungermanniales,Geocalycaceae,Chiloscyphus,NA,polyanthos,NA,NA,NA,(L.) Corda,NA,"Doyle, W. T. and Stotler, R. E. 2006. Contributions toward a Bryoflora of California III. Keys and Annotated Species Catalogue for Liverworts and Hornworts. Madrono 53 (2) 89-197.",species,NA,"David Kofranek Botany, LLC",2020-05-15T19:00:00Z,f33d24bf-84f7-4464-b7c8-2ec745a7682f,NA,20260113T222723Z,RELEASE-2026
e6a95a5d-cf09-4f07-a16f-c7b4a2068411,D17,BIGC,BIGC.AOS.aquatic.plant.transect.03,9,2019-09-30T18:49:00Z,BIGC.20190930,BIGC.20190930.AP3.T03,NA,NA,NA,NA,NA,N,plant,emergent,MARCH,Marchantia sp.,NA,NA,NA,NA,Hepaticopsida,Marchantiales,Marchantiaceae,Marchantia,NA,sp.,NA,NA,NA,L.,NA,NA,genus,NA,NA,NA,NA,NA,20260113T222723Z,RELEASE-2026
bb8b3e58-4343-4060-853c-781d4f72a91d,D17,BIGC,BIGC.AOS.aquatic.plant.transect.03,13,2019-09-30T18:49:00Z,BIGC.20190930,BIGC.20190930.AP4.T03,NA,NA,NA,NA,NA,N,plant,submerged,CHPO14,Chiloscyphus polyanthos (L.) Corda,NA,NA,NA,NA,Hepaticopsida,Jungermanniales,Geocalycaceae,Chiloscyphus,NA,polyanthos,NA,NA,NA,(L.) Corda,NA,"Doyle, W. T. and Stotler, R. E. 2006. Contributions toward a Bryoflora of California III. Keys and Annotated Species Catalogue for Liverworts and Hornworts. Madrono 53 (2) 89-197.",species,NA,"David Kofranek Botany, LLC",2020-05-15T19:00:00Z,eb9e154f-0dc4-4c2e-a7a1-76f998ca6121,NA,20260113T222723Z,RELEASE-2026
b0f632d3-5a39-4fa8-8e3b-f45805a6406d,D17,BIGC,BIGC.AOS.aquatic.plant.transect.03,8,2019-09-30T18:49:00Z,BIGC.20190930,BIGC.20190930.AP2.T03,NA,NA,NA,NA,NA,N,plant,emergent,CHPO14,Chiloscyphus polyanthos (L.) Corda,NA,NA,NA,NA,Hepaticopsida,Jungermanniales,Geocalycaceae,Chiloscyphus,NA,polyanthos,NA,NA,NA,(L.) Corda,NA,"Doyle, W. T. and Stotler, R. E. 2006. Contributions toward a Bryoflora of California III. Keys and Annotated Species Catalogue for Liverworts and Hornworts. Madrono 53 (2) 89-197.",species,NA,"David Kofranek Botany, LLC",2020-05-15T19:00:00Z,73d5a61a-86f5-4865-a0ed-8cd92037fefd,NA,20260113T222723Z,RELEASE-2026
207437e1-7a75-421b-b003-88ca808a16b4,D17,BIGC,BIGC.AOS.aquatic.plant.transect.03,3,2019-09-30T18:49:00Z,BIGC.20190930,BIGC.20190930.CHPA43.T3,A00000148636,NA,NA,NA,NA,Y,plant,submerged,CHPO14,Chiloscyphus polyanthos (L.) Corda,NA,NA,NA,NA,Hepaticopsida,Jungermanniales,Geocalycaceae,Chiloscyphus,NA,polyanthos,NA,NA,NA,(L.) Corda,NA,"Doyle, W. T. and Stotler, R. E. 2006. Contributions toward a Bryoflora of California III. Keys and Annotated Species Catalogue for Liverworts and Hornworts. Madrono 53 (2) 89-197.",species,Verify ID at DSF,"David Kofranek Botany, LLC",2020-05-15T19:00:00Z,ab1eb275-8e0b-484a-b75d-8ff4f81e73e8,NA,20260113T222723Z,RELEASE-2026
336f5ea1-f945-4fa1-97e5-7637b4458636,D17,BIGC,BIGC.AOS.aquatic.plant.transect.06,13,2019-09-30T19:55:00Z,BIGC.20190930,BIGC.20190930.MACROALGAE7.T06,NA,NA,NA,NA,NA,N,macroalgae,submerged,NA,NA,NA,NA,NA,NA,NA,NA,NA,NA,NA,NA,NA,NA,NA,NA,NA,NA,NA,NA,NA,NA,NA,NA,20260113T222723Z,RELEASE-2026
94e3d46d-d942-4cc3-b720-e520f6023e48,D17,BIGC,BIGC.AOS.aquatic.plant.transect.06,10,2019-09-30T19:55:00Z,BIGC.20190930,BIGC.20190930.AP4.T06,NA,NA,NA,NA,NA,N,plant,submerged,FOANA,Fontinalis antipyretica Hedw. var. antipyretica,NA,NA,NA,NA,Bryopsida,Isobryales,Fontinalaceae,Fontinalis,NA,antipyretica,var. antipyretica,NA,NA,Hedw.,NA,NA,variety,NA,NA,NA,NA,NA,20260113T222723Z,RELEASE-2026
5f5df2c3-e866-40bb-8cd4-1a43bb7dfdae,D17,BIGC,BIGC.AOS.aquatic.plant.transect.06,2,2019-09-30T19:55:00Z,BIGC.20190930,BIGC.20190930.AP1.T06,NA,NA,NA,NA,NA,N,plant,emergent,JUEF,Juncus effusus L.,NA,NA,Magnoliophyta,NA,Liliopsida,Juncales,Juncaceae,Juncus,NA,effusus,NA,NA,NA,L.,cf. species,NA,species,NA,NA,NA,NA,NA,20260113T222723Z,RELEASE-2026
4f813db4-98d0-400b-8c75-58f80913c9dd,D17,BIGC,BIGC.AOS.aquatic.plant.transect.06,11,2019-09-30T19:55:00Z,BIGC.20190930,BIGC.20190930.AP5.T06,NA,NA,NA,NA,NA,N,plant,submerged,FOANA,Fontinalis antipyretica Hedw. var. antipyretica,NA,NA,NA,NA,Bryopsida,Isobryales,Fontinalaceae,Fontinalis,NA,antipyretica,var. antipyretica,NA,NA,Hedw.,NA,NA,variety,NA,NA,NA,NA,NA,20260113T222723Z,RELEASE-2026
132b2575-acdd-40eb-bd47-a65f7f5c0a26,D17,BIGC,BIGC.AOS.aquatic.plant.transect.06,4,2019-09-30T19:55:00Z,BIGC.20190930,BIGC.20190930.AP3.T06,NA,NA,NA,NA,NA,N,plant,emergent,JUEF,Juncus effusus L.,NA,NA,Magnoliophyta,NA,Liliopsida,Juncales,Juncaceae,Juncus,NA,effusus,NA,NA,NA,L.,NA,NA,species,NA,NA,NA,NA,NA,20260113T222723Z,RELEASE-2026
dee3e918-f0fd-4a0b-a18b-b73ad8f6dbe0,D17,BIGC,BIGC.AOS.aquatic.plant.transect.06,3,2019-09-30T19:55:00Z,BIGC.20190930,BIGC.20190930.AP2.T06,NA,NA,NA,NA,NA,N,plant,emergent,JUEF,Juncus effusus L.,NA,NA,Magnoliophyta,NA,Liliopsida,Juncales,Juncaceae,Juncus,NA,effusus,NA,NA,NA,L.,cf. species,NA,species,NA,NA,NA,NA,NA,20260113T222723Z,RELEASE-2026
8e8b4cb6-94e1-4cfe-be85-0775afbfe599,D17,BIGC,BIGC.AOS.aquatic.plant.transect.06,12,2019-09-30T19:55:00Z,BIGC.20190930,BIGC.20190930.CHPA43.T6,A00000148635,NA,NA,NA,NA,Y,plant,submerged,CHPO14,Chiloscyphus polyanthos (L.) Corda,NA,NA,NA,NA,Hepaticopsida,Jungermanniales,Geocalycaceae,Chiloscyphus,NA,polyanthos,NA,NA,NA,(L.) Corda,NA,"Doyle, W. T. and Stotler, R. E. 2006. Contributions toward a Bryoflora of California III. Keys and Annotated Species Catalogue for Liverworts and Hornworts. Madrono 53 (2) 89-197.",species,NA,"David Kofranek Botany, LLC",2020-05-15T19:00:00Z,a14c951c-77fd-495b-9073-30e7439aeb2c,NA,20260113T222723Z,RELEASE-2026
0caddf2f-6491-466c-91f2-91b3dacfde5e,D17,BIGC,BIGC.AOS.aquatic.plant.transect.07,7,2019-09-30T20:31:00Z,BIGC.20190930,BIGC.20190930.MACROALGAE3.T07,NA,NA,NA,NA,NA,N,macroalgae,submerged,NA,NA,NA,NA,NA,NA,NA,NA,NA,NA,NA,NA,NA,NA,NA,NA,NA,NA,NA,NA,NA,NA,NA,NA,20260113T222723Z,RELEASE-2026
6a3a4c74-211f-4d80-95f4-8e32f1d24ce0,D17,BIGC,BIGC.AOS.aquatic.plant.transect.07,8,2019-09-30T20:31:00Z,BIGC.20190930,BIGC.20190930.AP4.T07,NA,NA,NA,NA,NA,N,plant,submerged,CHPO14,Chiloscyphus polyanthos (L.) Corda,NA,NA,NA,NA,Hepaticopsida,Jungermanniales,Geocalycaceae,Chiloscyphus,NA,polyanthos,NA,NA,NA,(L.) Corda,NA,"Doyle, W. T. and Stotler, R. E. 2006. Contributions toward a Bryoflora of California III. Keys and Annotated Species Catalogue for Liverworts and Hornworts. Madrono 53 (2) 89-197.",species,NA,"David Kofranek Botany, LLC",2020-05-15T19:00:00Z,2b1eab6d-4cfc-41aa-ad77-6dadf61dc485,NA,20260113T222723Z,RELEASE-2026
d3ba00b0-63c8-4317-a81d-c903db76b413,D17,BIGC,BIGC.AOS.aquatic.plant.transect.07,14,2019-09-30T20:31:00Z,BIGC.20190930,BIGC.20190930.AP6.T07,NA,NA,NA,NA,NA,N,plant,submerged,FOANA,Fontinalis antipyretica Hedw. var. antipyretica,NA,NA,NA,NA,Bryopsida,Isobryales,Fontinalaceae,Fontinalis,NA,antipyretica,var. antipyretica,NA,NA,Hedw.,NA,NA,variety,NA,NA,NA,NA,NA,20260113T222723Z,RELEASE-2026
d26f705a-3677-49ed-b68b-a75d60dc919c,D17,BIGC,BIGC.AOS.aquatic.plant.transect.07,1,2019-09-30T20:31:00Z,BIGC.20190930,BIGC.20190930.CHPA43.T7,A00000148634,NA,NA,NA,NA,Y,plant,submerged,CHPO14,Chiloscyphus polyanthos (L.) Corda,NA,NA,NA,NA,Hepaticopsida,Jungermanniales,Geocalycaceae,Chiloscyphus,NA,polyanthos,NA,NA,NA,(L.) Corda,NA,"Doyle, W. T. and Stotler, R. E. 2006. Contributions toward a Bryoflora of California III. Keys and Annotated Species Catalogue for Liverworts and Hornworts. Madrono 53 (2) 89-197.",species,NA,"David Kofranek Botany, LLC",2020-05-15T19:00:00Z,7973084c-e73e-469f-880a-8e407612398c,NA,20260113T222723Z,RELEASE-2026
efc0170e-92e9-48f3-a5cd-ccb1bfbe2048,D17,BIGC,BIGC.AOS.aquatic.plant.transect.07,11,2019-09-30T20:31:00Z,BIGC.20190930,BIGC.20190930.AP5.T07,NA,NA,NA,NA,NA,N,plant,submerged,CHPO14,Chiloscyphus polyanthos (L.) Corda,NA,NA,NA,NA,Hepaticopsida,Jungermanniales,Geocalycaceae,Chiloscyphus,NA,polyanthos,NA,NA,NA,(L.) Corda,NA,"Doyle, W. T. and Stotler, R. E. 2006. Contributions toward a Bryoflora of California III. Keys and Annotated Species Catalogue for Liverworts and Hornworts. Madrono 53 (2) 89-197.",species,NA,"David Kofranek Botany, LLC",2020-05-15T19:00:00Z,8d12cd0d-31dc-45d8-9f41-b8558da9e637,NA,20260113T222723Z,RELEASE-2026
7dec88e0-8039-4036-9eb8-7b61a5157f0b,D17,BIGC,BIGC.AOS.aquatic.plant.transect.07,2,2019-09-30T20:31:00Z,BIGC.20190930,BIGC.20190930.AP2.T07,NA,NA,NA,NA,NA,N,plant,submerged,FOANA,Fontinalis antipyretica Hedw. var. antipyretica,NA,NA,NA,NA,Bryopsida,Isobryales,Fontinalaceae,Fontinalis,NA,antipyretica,var. antipyretica,NA,NA,Hedw.,NA,NA,variety,NA,NA,NA,NA,NA,20260113T222723Z,RELEASE-2026
257c9e1c-34d7-4755-9d6e-c5abdc6cc22d,D17,BIGC,BIGC.AOS.aquatic.plant.transect.08,15,2019-09-30T20:47:00Z,BIGC.20190930,BIGC.20190930.AP7.T08,NA,NA,NA,NA,NA,N,plant,submerged,FOANA,Fontinalis antipyretica Hedw. var. antipyretica,NA,NA,NA,NA,Bryopsida,Isobryales,Fontinalaceae,Fontinalis,NA,antipyretica,var. antipyretica,NA,NA,Hedw.,NA,NA,variety,NA,NA,NA,NA,NA,20260113T222723Z,RELEASE-2026
f6fa7d2c-8dae-4265-9433-1f063e7f6ee3,D17,BIGC,BIGC.AOS.aquatic.plant.transect.08,10,2019-09-30T20:47:00Z,BIGC.20190930,BIGC.20190930.AP5.T08,NA,NA,NA,NA,NA,N,plant,submerged,CHPO14,Chiloscyphus polyanthos (L.) Corda,NA,NA,NA,NA,Hepaticopsida,Jungermanniales,Geocalycaceae,Chiloscyphus,NA,polyanthos,NA,NA,NA,(L.) Corda,NA,"Doyle, W. T. and Stotler, R. E. 2006. Contributions toward a Bryoflora of California III. Keys and Annotated Species Catalogue for Liverworts and Hornworts. Madrono 53 (2) 89-197.",species,NA,"David Kofranek Botany, LLC",2020-05-15T19:00:00Z,e74f2b74-5550-4220-91e4-caab6e8b0230,NA,20260113T222723Z,RELEASE-2026
5ef4f6bf-3228-43c8-9092-b93bb8d0498c,D17,BIGC,BIGC.AOS.aquatic.plant.transect.08,14,2019-09-30T20:47:00Z,BIGC.20190930,BIGC.20190930.AP6.T08,NA,NA,NA,NA,NA,N,plant,submerged,FOANA,Fontinalis antipyretica Hedw. var. antipyretica,NA,NA,NA,NA,Bryopsida,Isobryales,Fontinalaceae,Fontinalis,NA,antipyretica,var. antipyretica,NA,NA,Hedw.,NA,NA,variety,NA,NA,NA,NA,NA,20260113T222723Z,RELEASE-2026
72db8c32-4333-4211-9a14-933e7b0f615c,D17,BIGC,BIGC.AOS.aquatic.plant.transect.08,3,2019-09-30T20:47:00Z,BIGC.20190930,BIGC.20190930.CHPA43.T8,A00000148637,NA,NA,NA,NA,Y,plant,submerged,CHPO14,Chiloscyphus polyanthos (L.) Corda,NA,NA,NA,NA,Hepaticopsida,Jungermanniales,Geocalycaceae,Chiloscyphus,NA,polyanthos,NA,NA,NA,(L.) Corda,NA,"Doyle, W. T. and Stotler, R. E. 2006. Contributions toward a Bryoflora of California III. Keys and Annotated Species Catalogue for Liverworts and Hornworts. Madrono 53 (2) 89-197.",species,NA,"David Kofranek Botany, LLC",2020-05-15T19:00:00Z,5917f4b4-6155-4a0f-a76c-2579e551a990,NA,20260113T222723Z,RELEASE-2026
8311d35c-2913-43c0-97a3-606613bbb90a,D17,BIGC,BIGC.AOS.aquatic.plant.transect.08,5,2019-09-30T20:47:00Z,BIGC.20190930,BIGC.20190930.AP3.T08,NA,NA,NA,NA,NA,N,plant,submerged,CHPO14,Chiloscyphus polyanthos (L.) Corda,NA,NA,NA,NA,Hepaticopsida,Jungermanniales,Geocalycaceae,Chiloscyphus,NA,polyanthos,NA,NA,NA,(L.) Corda,NA,"Doyle, W. T. and Stotler, R. E. 2006. Contributions toward a Bryoflora of California III. Keys and Annotated Species Catalogue for Liverworts and Hornworts. Madrono 53 (2) 89-197.",species,NA,"David Kofranek Botany, LLC",2020-05-15T19:00:00Z,d4fb04a8-f2a6-4724-b9cd-87363ef738ac,NA,20260113T222723Z,RELEASE-2026
2b379e90-0f38-4939-a377-2e2e2fcd5578,D17,BIGC,BIGC.AOS.aquatic.plant.transect.08,6,2019-09-30T20:47:00Z,BIGC.20190930,BIGC.20190930.AP4.T08,NA,NA,NA,NA,NA,N,plant,submerged,CHPO14,Chiloscyphus polyanthos (L.) Corda,NA,NA,NA,NA,Hepaticopsida,Jungermanniales,Geocalycaceae,Chiloscyphus,NA,polyanthos,NA,NA,NA,(L.) Corda,NA,"Doyle, W. T. and Stotler, R. E. 2006. Contributions toward a Bryoflora of California III. Keys and Annotated Species Catalogue for Liverworts and Hornworts. Madrono 53 (2) 89-197.",species,NA,"David Kofranek Botany, LLC",2020-05-15T19:00:00Z,3281bf3b-d077-4ac3-b77c-fa5abfb55b29,NA,20260113T222723Z,RELEASE-2026
821d42f1-2dd9-4de0-856f-ae46bd4c3cd3,D17,BIGC,BIGC.AOS.aquatic.plant.transect.08,4,2019-09-30T20:47:00Z,BIGC.20190930,BIGC.20190930.AP2.T08,NA,NA,NA,NA,NA,N,plant,submerged,CHPO14,Chiloscyphus polyanthos (L.) Corda,NA,NA,NA,NA,Hepaticopsida,Jungermanniales,Geocalycaceae,Chiloscyphus,NA,polyanthos,NA,NA,NA,(L.) Corda,NA,"Doyle, W. T. and Stotler, R. E. 2006. Contributions toward a Bryoflora of California III. Keys and Annotated Species Catalogue for Liverworts and Hornworts. Madrono 53 (2) 89-197.",species,NA,"David Kofranek Botany, LLC",2020-05-15T19:00:00Z,ce294ca3-c158-4206-85c4-325c89c46079,NA,20260113T222723Z,RELEASE-2026
1749070e-d9b4-47ae-a27c-6c557a0c1f9d,D17,BIGC,BIGC.AOS.aquatic.plant.transect.09,9,2019-09-30T21:01:00Z,BIGC.20190930,BIGC.20190930.AP4.T09,NA,NA,NA,NA,NA,N,plant,submerged,FOANA,Fontinalis antipyretica Hedw. var. antipyretica,NA,NA,NA,NA,Bryopsida,Isobryales,Fontinalaceae,Fontinalis,NA,antipyretica,var. antipyretica,NA,NA,Hedw.,NA,NA,variety,NA,NA,NA,NA,NA,20260113T222723Z,RELEASE-2026
abbd279d-fadf-4ae6-9561-fcefbb8dd2f9,D17,BIGC,BIGC.AOS.aquatic.plant.transect.09,8,2019-09-30T21:01:00Z,BIGC.20190930,BIGC.20190930.AP3.T09,NA,NA,NA,NA,NA,N,plant,submerged,CHPO14,Chiloscyphus polyanthos (L.) Corda,NA,NA,NA,NA,Hepaticopsida,Jungermanniales,Geocalycaceae,Chiloscyphus,NA,polyanthos,NA,NA,NA,(L.) Corda,NA,"Doyle, W. T. and Stotler, R. E. 2006. Contributions toward a Bryoflora of California III. Keys and Annotated Species Catalogue for Liverworts and Hornworts. Madrono 53 (2) 89-197.",species,NA,"David Kofranek Botany, LLC",2020-05-15T19:00:00Z,c217e602-40b3-4e97-b8a4-252f1de52fd9,NA,20260113T222723Z,RELEASE-2026
1145b271-b58e-4e77-a2fb-7fa42a3a2258,D17,BIGC,BIGC.AOS.aquatic.plant.transect.09,7,2019-09-30T21:01:00Z,BIGC.20190930,BIGC.20190930.AP1.T09,NA,NA,NA,NA,NA,N,plant,submerged,FOANA,Fontinalis antipyretica Hedw. var. antipyretica,NA,NA,NA,NA,Bryopsida,Isobryales,Fontinalaceae,Fontinalis,NA,antipyretica,var. antipyretica,NA,NA,Hedw.,NA,NA,variety,NA,NA,NA,NA,NA,20260113T222723Z,RELEASE-2026
59f4538e-9cc7-4b06-b82f-60f70bdbe944,D17,BIGC,BIGC.AOS.aquatic.plant.transect.09,7,2019-09-30T21:01:00Z,BIGC.20190930,BIGC.20190930.AP2.T09,NA,NA,NA,NA,NA,N,plant,submerged,CHPO14,Chiloscyphus polyanthos (L.) Corda,NA,NA,NA,NA,Hepaticopsida,Jungermanniales,Geocalycaceae,Chiloscyphus,NA,polyanthos,NA,NA,NA,(L.) Corda,NA,"Doyle, W. T. and Stotler, R. E. 2006. Contributions toward a Bryoflora of California III. Keys and Annotated Species Catalogue for Liverworts and Hornworts. Madrono 53 (2) 89-197.",species,NA,"David Kofranek Botany, LLC",2020-05-15T19:00:00Z,f213e929-4f49-44bf-bc68-75194b19caf6,NA,20260113T222723Z,RELEASE-2026
ad63de3e-92eb-484d-a5de-5e0164f94bad,D17,BIGC,BIGC.AOS.aquatic.plant.transect.10,8,2019-09-30T21:14:00Z,BIGC.20190930,BIGC.20190930.AP4.T10,NA,NA,NA,NA,NA,N,plant,submerged,FOANA,Fontinalis antipyretica Hedw. var. antipyretica,NA,NA,NA,NA,Bryopsida,Isobryales,Fontinalaceae,Fontinalis,NA,antipyretica,var. antipyretica,NA,NA,Hedw.,NA,NA,variety,NA,NA,NA,NA,NA,20260113T222723Z,RELEASE-2026
714bbfd0-12c7-4b38-ba32-8cc92f4d2a64,D17,BIGC,BIGC.AOS.aquatic.plant.transect.10,16,2019-09-30T21:14:00Z,BIGC.20190930,BIGC.20190930.AP5.T10,NA,NA,NA,NA,NA,N,plant,submerged,CHPO14,Chiloscyphus polyanthos (L.) Corda,NA,NA,NA,NA,Hepaticopsida,Jungermanniales,Geocalycaceae,Chiloscyphus,NA,polyanthos,NA,NA,NA,(L.) Corda,NA,"Doyle, W. T. and Stotler, R. E. 2006. Contributions toward a Bryoflora of California III. Keys and Annotated Species Catalogue for Liverworts and Hornworts. Madrono 53 (2) 89-197.",species,NA,"David Kofranek Botany, LLC",2020-05-15T19:00:00Z,3098b56d-0530-46ca-8115-abbb7c456ef7,NA,20260113T222723Z,RELEASE-2026
ca895385-25f3-4c15-b5e8-07b6ea8eda43,D17,BIGC,BIGC.AOS.aquatic.plant.transect.10,18,2019-09-30T21:14:00Z,BIGC.20190930,BIGC.20190930.AP7.T10,NA,NA,NA,NA,NA,N,plant,emergent,NAOF,Nasturtium officinale W.T. Aiton,NA,NA,Magnoliophyta,NA,Magnoliopsida,Capparales,Brassicaceae,Nasturtium,NA,officinale,NA,NA,NA,W.T. Aiton,NA,NA,species,NA,NA,NA,NA,NA,20260113T222723Z,RELEASE-2026
ca0104a3-cac7-4f24-ad7a-e75996533212,D17,BIGC,BIGC.AOS.aquatic.plant.transect.10,6,2019-09-30T21:14:00Z,BIGC.20190930,BIGC.20190930.CHPA43.T10,A00000148638,NA,NA,NA,NA,Y,plant,submerged,CHPO14,Chiloscyphus polyanthos (L.) Corda,NA,NA,NA,NA,Hepaticopsida,Jungermanniales,Geocalycaceae,Chiloscyphus,NA,polyanthos,NA,NA,NA,(L.) Corda,NA,"Doyle, W. T. and Stotler, R. E. 2006. Contributions toward a Bryoflora of California III. Keys and Annotated Species Catalogue for Liverworts and Hornworts. Madrono 53 (2) 89-197.",species,NA,"David Kofranek Botany, LLC",2020-05-15T19:00:00Z,5470c3ab-de81-4118-a413-3683718db3c8,NA,20260113T222723Z,RELEASE-2026
3aedf2e9-ced9-4254-b664-d8bb4a28a521,D17,BIGC,BIGC.AOS.aquatic.plant.transect.10,17,2019-09-30T21:14:00Z,BIGC.20190930,BIGC.20190930.AP6.T10,NA,NA,NA,NA,NA,N,plant,submerged,FOANA,Fontinalis antipyretica Hedw. var. antipyretica,NA,NA,NA,NA,Bryopsida,Isobryales,Fontinalaceae,Fontinalis,NA,antipyretica,var. antipyretica,NA,NA,Hedw.,NA,NA,variety,NA,NA,NA,NA,NA,20260113T222723Z,RELEASE-2026
82dcfd79-8cb5-4469-a09c-ca1f54a909e4,D17,BIGC,BIGC.AOS.aquatic.plant.transect.10,5,2019-09-30T21:14:00Z,BIGC.20190930,BIGC.20190930.AP2.T10,NA,NA,NA,NA,NA,N,plant,emergent,FOANA,Fontinalis antipyretica Hedw. var. antipyretica,NA,NA,NA,NA,Bryopsida,Isobryales,Fontinalaceae,Fontinalis,NA,antipyretica,var. antipyretica,NA,NA,Hedw.,NA,NA,variety,NA,NA,NA,NA,NA,20260113T222723Z,RELEASE-2026
535491aa-3546-4d0e-8be6-29b2c8bec69d,D17,BIGC,BIGC.AOS.aquatic.plant.transect.10,1,2019-09-30T21:14:00Z,BIGC.20190930,BIGC.20190930.AP1.T10,NA,NA,NA,NA,NA,N,plant,emergent,CHPO14,Chiloscyphus polyanthos (L.) Corda,NA,NA,NA,NA,Hepaticopsida,Jungermanniales,Geocalycaceae,Chiloscyphus,NA,polyanthos,NA,NA,NA,(L.) Corda,NA,"Doyle, W. T. and Stotler, R. E. 2006. Contributions toward a Bryoflora of California III. Keys and Annotated Species Catalogue for Liverworts and Hornworts. Madrono 53 (2) 89-197.",species,NA,"David Kofranek Botany, LLC",2020-05-15T19:00:00Z,cffbb319-14de-4dd1-9704-1bf9472f9cce,NA,20260113T222723Z,RELEASE-2026
03197dfc-ff9a-4c7d-a589-07ae0046daec,D17,BIGC,BIGC.AOS.aquatic.plant.transect.01,4,2021-04-20T15:47:00Z,BIGC.20210420,BIGC.20210420.AP1.T01,NA,NA,NA,NA,NA,N,plant,submerged,CHPO14,Chiloscyphus polyanthos (L.) Corda,NA,NA,NA,NA,Hepaticopsida,Jungermanniales,Geocalycaceae,Chiloscyphus,NA,polyanthos,NA,NA,NA,(L.) Corda,NA,"Doyle, W. T. and Stotler, R. E. 2006. Contributions toward a Bryoflora of California III. Keys and Annotated Species Catalogue for Liverworts and Hornworts. Madrono 53 (2) 89-197.",species,NA,"David Kofranek Botany, LLC",2021-04-20T15:47:00Z,8549ffcd-e12a-4faa-8177-78a650ba0a02,NA,20260113T222759Z,RELEASE-2026
e1b4dfc6-5b8f-43e9-a9e1-c87c470d6cbf,D17,BIGC,BIGC.AOS.aquatic.plant.transect.02,2,2021-04-20T16:03:00Z,BIGC.20210420,BIGC.20210420.AP2.T02,NA,NA,NA,NA,NA,N,plant,submerged,CHPO14,Chiloscyphus polyanthos (L.) Corda,NA,NA,NA,NA,Hepaticopsida,Jungermanniales,Geocalycaceae,Chiloscyphus,NA,polyanthos,NA,NA,NA,(L.) Corda,NA,"Doyle, W. T. and Stotler, R. E. 2006. Contributions toward a Bryoflora of California III. Keys and Annotated Species Catalogue for Liverworts and Hornworts. Madrono 53 (2) 89-197.",species,NA,"David Kofranek Botany, LLC",2021-04-20T16:03:00Z,388277ff-9320-404e-8d92-9e5d5f5747ee,NA,20260113T222759Z,RELEASE-2026
8cb0f606-7305-4b04-b1a7-3b0b050b5466,D17,BIGC,BIGC.AOS.aquatic.plant.transect.02,1,2021-04-20T16:03:00Z,BIGC.20210420,BIGC.20210420.AP1.T02,NA,NA,NA,NA,NA,N,plant,submerged,EQUIS,Equisetum sp.,NA,NA,Equisetophyta,NA,Equisetopsida,Equisetales,Equisetaceae,Equisetum,NA,sp.,NA,NA,NA,L.,NA,NA,genus,Emergent species but under water,NA,NA,NA,NA,20260113T222759Z,RELEASE-2026
52923535-34d0-4302-9034-346f148149ae,D17,BIGC,BIGC.AOS.aquatic.plant.transect.02,4,2021-04-20T16:03:00Z,BIGC.20210420,BIGC.20210420.AP3.T02,NA,NA,NA,NA,NA,N,plant,submerged,CHPO14,Chiloscyphus polyanthos (L.) Corda,NA,NA,NA,NA,Hepaticopsida,Jungermanniales,Geocalycaceae,Chiloscyphus,NA,polyanthos,NA,NA,NA,(L.) Corda,NA,"Doyle, W. T. and Stotler, R. E. 2006. Contributions toward a Bryoflora of California III. Keys and Annotated Species Catalogue for Liverworts and Hornworts. Madrono 53 (2) 89-197.",species,NA,"David Kofranek Botany, LLC",2021-04-20T16:03:00Z,d709d903-5730-4d88-a319-d4330ffd9e3b,NA,20260113T222759Z,RELEASE-2026
357dc9ca-80e7-44b6-ac7e-8e9b073bd15b,D17,BIGC,BIGC.AOS.aquatic.plant.transect.03,7,2021-04-20T16:22:00Z,BIGC.20210420,BIGC.20210420.AP2.T03,NA,NA,NA,NA,NA,N,plant,submerged,CHPO14,Chiloscyphus polyanthos (L.) Corda,NA,NA,NA,NA,Hepaticopsida,Jungermanniales,Geocalycaceae,Chiloscyphus,NA,polyanthos,NA,NA,NA,(L.) Corda,NA,"Doyle, W. T. and Stotler, R. E. 2006. Contributions toward a Bryoflora of California III. Keys and Annotated Species Catalogue for Liverworts and Hornworts. Madrono 53 (2) 89-197.",species,Covered in benthic algae,"David Kofranek Botany, LLC",2021-04-20T16:22:00Z,a72199ea-8df1-4af0-8881-027fbe19d8bf,NA,20260113T222759Z,RELEASE-2026
700f74db-115d-4f2d-878e-77b186fbace6,D17,BIGC,BIGC.AOS.aquatic.plant.transect.03,5,2021-04-20T16:22:00Z,BIGC.20210420,BIGC.20210420.AP1.T03,NA,NA,NA,NA,NA,N,plant,submerged,CHPO14,Chiloscyphus polyanthos (L.) Corda,NA,NA,NA,NA,Hepaticopsida,Jungermanniales,Geocalycaceae,Chiloscyphus,NA,polyanthos,NA,NA,NA,(L.) Corda,NA,"Doyle, W. T. and Stotler, R. E. 2006. Contributions toward a Bryoflora of California III. Keys and Annotated Species Catalogue for Liverworts and Hornworts. Madrono 53 (2) 89-197.",species,NA,"David Kofranek Botany, LLC",2021-04-20T16:22:00Z,32eb21af-b465-46b1-a5d2-de25976abcd2,NA,20260113T222759Z,RELEASE-2026
000c197d-6195-4f42-961f-85663ca35af0,D17,BIGC,BIGC.AOS.aquatic.plant.transect.05,14,2021-04-20T17:23:00Z,BIGC.20210420,BIGC.20210420.AP1.T05,NA,NA,NA,NA,NA,N,plant,submerged,FOANA,Fontinalis antipyretica Hedw. var. antipyretica,NA,NA,NA,NA,Bryopsida,Isobryales,Fontinalaceae,Fontinalis,NA,antipyretica,var. antipyretica,NA,NA,Hedw.,NA,NA,variety,NA,NA,NA,NA,NA,20260113T222759Z,RELEASE-2026
4b6337a5-0439-430e-b16b-db9b94b57c96,D17,BIGC,BIGC.AOS.aquatic.plant.transect.07,15,2021-04-22T15:34:00Z,BIGC.20210422,BIGC.20210422.AP15.1.T7,A00000340087,NA,BIGC.20210422.AP15.1.T7.H,A00000340088,NA,Y,plant,emergent,NASTU2,Nasturtium sp.,NA,NA,Magnoliophyta,NA,Magnoliopsida,Capparales,Brassicaceae,Nasturtium,NA,sp.,NA,NA,NA,R. Br.,cf. species,NA,genus,nasturtium aquaticum?,NA,NA,NA,NA,20260113T222759Z,RELEASE-2026
4314107b-56a1-4fd0-a9b0-f22a85520889,D17,BIGC,BIGC.AOS.aquatic.plant.transect.07,14,2021-04-22T15:34:00Z,BIGC.20210422,BIGC.20210422.AP6.T07,NA,NA,NA,NA,NA,N,plant,submerged,CHPO14,Chiloscyphus polyanthos (L.) Corda,NA,NA,NA,NA,Hepaticopsida,Jungermanniales,Geocalycaceae,Chiloscyphus,NA,polyanthos,NA,NA,NA,(L.) Corda,NA,"Doyle, W. T. and Stotler, R. E. 2006. Contributions toward a Bryoflora of California III. Keys and Annotated Species Catalogue for Liverworts and Hornworts. Madrono 53 (2) 89-197.",species,NA,"David Kofranek Botany, LLC",2021-04-22T15:34:00Z,ba43b1e6-f77c-4933-a12c-99ddc31172a3,NA,20260113T222759Z,RELEASE-2026
d77c2e91-4147-429d-9505-b16d1dfbb444,D17,BIGC,BIGC.AOS.aquatic.plant.transect.07,4,2021-04-22T15:34:00Z,BIGC.20210422,BIGC.20210422.AP2.T07,NA,NA,NA,NA,NA,N,plant,submerged,CHPO14,Chiloscyphus polyanthos (L.) Corda,NA,NA,NA,NA,Hepaticopsida,Jungermanniales,Geocalycaceae,Chiloscyphus,NA,polyanthos,NA,NA,NA,(L.) Corda,NA,"Doyle, W. T. and Stotler, R. E. 2006. Contributions toward a Bryoflora of California III. Keys and Annotated Species Catalogue for Liverworts and Hornworts. Madrono 53 (2) 89-197.",species,NA,"David Kofranek Botany, LLC",2021-04-22T15:34:00Z,0b43c070-d621-47fd-b7ef-af5ce0d38dd3,NA,20260113T222759Z,RELEASE-2026
4e32fa55-3953-4767-8b45-b33c2405bcf8,D17,BIGC,BIGC.AOS.aquatic.plant.transect.07,7,2021-04-22T15:34:00Z,BIGC.20210422,BIGC.20210422.AP5.T07,NA,NA,NA,NA,NA,N,plant,submerged,FOANA,Fontinalis antipyretica Hedw. var. antipyretica,NA,NA,NA,NA,Bryopsida,Isobryales,Fontinalaceae,Fontinalis,NA,antipyretica,var. antipyretica,NA,NA,Hedw.,NA,NA,variety,NA,NA,NA,NA,NA,20260113T222759Z,RELEASE-2026
dfd48f44-4e80-41e9-b2b4-6b492f82768a,D17,BIGC,BIGC.AOS.aquatic.plant.transect.07,6,2021-04-22T15:34:00Z,BIGC.20210422,BIGC.20210422.AP4.T07,NA,NA,NA,NA,NA,N,plant,submerged,FOANA,Fontinalis antipyretica Hedw. var. antipyretica,NA,NA,NA,NA,Bryopsida,Isobryales,Fontinalaceae,Fontinalis,NA,antipyretica,var. antipyretica,NA,NA,Hedw.,NA,NA,variety,NA,NA,NA,NA,NA,20260113T222759Z,RELEASE-2026
b545a67a-2647-488b-a2b8-8cce0fd0fd64,D17,BIGC,BIGC.AOS.aquatic.plant.transect.07,5,2021-04-22T15:34:00Z,BIGC.20210422,BIGC.20210422.AP3.T07,NA,NA,NA,NA,NA,N,plant,submerged,FOANA,Fontinalis antipyretica Hedw. var. antipyretica,NA,NA,NA,NA,Bryopsida,Isobryales,Fontinalaceae,Fontinalis,NA,antipyretica,var. antipyretica,NA,NA,Hedw.,NA,NA,variety,NA,NA,NA,NA,NA,20260113T222759Z,RELEASE-2026
8a505fb4-984e-4ed2-95d7-f45ee8b3f81d,D17,BIGC,BIGC.AOS.aquatic.plant.transect.07,1,2021-04-22T15:34:00Z,BIGC.20210422,BIGC.20210422.AP1.T07,NA,NA,NA,NA,NA,N,plant,submerged,CHPO14,Chiloscyphus polyanthos (L.) Corda,NA,NA,NA,NA,Hepaticopsida,Jungermanniales,Geocalycaceae,Chiloscyphus,NA,polyanthos,NA,NA,NA,(L.) Corda,NA,"Doyle, W. T. and Stotler, R. E. 2006. Contributions toward a Bryoflora of California III. Keys and Annotated Species Catalogue for Liverworts and Hornworts. Madrono 53 (2) 89-197.",species,NA,"David Kofranek Botany, LLC",2021-04-22T15:34:00Z,51c5a9d7-8fb3-4534-8b40-2847843d3e6d,NA,20260113T222759Z,RELEASE-2026
01fe19ed-1b4b-4bf2-b8cc-58e0a04347c9,D17,BIGC,BIGC.AOS.aquatic.plant.transect.08,7,2021-04-22T15:50:00Z,BIGC.20210422,BIGC.20210422.AP2.T08,NA,NA,NA,NA,NA,N,plant,emergent,NASTU2,Nasturtium sp.,NA,NA,Magnoliophyta,NA,Magnoliopsida,Capparales,Brassicaceae,Nasturtium,NA,sp.,NA,NA,NA,R. Br.,NA,NA,genus,Same as T7 sample,NA,NA,NA,NA,20260113T222759Z,RELEASE-2026
e79eba26-da95-4238-9987-cc515bfdbd26,D17,BIGC,BIGC.AOS.aquatic.plant.transect.08,2,2021-04-22T15:50:00Z,BIGC.20210422,BIGC.20210422.AP1.T08,NA,NA,NA,NA,NA,N,plant,submerged,FOANA,Fontinalis antipyretica Hedw. var. antipyretica,NA,NA,NA,NA,Bryopsida,Isobryales,Fontinalaceae,Fontinalis,NA,antipyretica,var. antipyretica,NA,NA,Hedw.,NA,NA,variety,NA,NA,NA,NA,NA,20260113T222759Z,RELEASE-2026
00b4dd9e-1273-452c-91b5-ae0a3c3733ee,D17,BIGC,BIGC.AOS.aquatic.plant.transect.08,20,2021-04-22T15:50:00Z,BIGC.20210422,BIGC.20210422.AP20.1.T8,A00000339512,NA,BIGC.20210422.AP20.1.T8.H,A00000340086,NA,Y,plant,emergent,MARCH,Marchantia sp.,NA,NA,NA,NA,Hepaticopsida,Marchantiales,Marchantiaceae,Marchantia,NA,sp.,NA,NA,NA,L.,cf. species,NA,genus,Marchantia sp. we see this both submerged and emergent,NA,NA,NA,NA,20260113T222759Z,RELEASE-2026
35231bf4-ea93-45ec-8d4e-6a2aa2d5a9ca,D17,BIGC,BIGC.AOS.aquatic.plant.transect.01,18,2019-04-15T17:30:00Z,BIGC.20190415,BIGC.20190415.AP1.T01,NA,NA,NA,NA,NA,N,plant,submerged,CAREX,Carex sp.,NA,NA,Magnoliophyta,NA,Liliopsida,Cyperales,Cyperaceae,Carex,NA,sp.,NA,NA,NA,L.,NA,NA,genus,No flower cannot identify not usually submerged,NA,NA,NA,NA,20260113T222627Z,RELEASE-2026
d65b3bcb-d003-4e29-b7e1-da08ebd54d42,D17,BIGC,BIGC.AOS.aquatic.plant.transect.02,7,2019-04-15T18:12:00Z,BIGC.20190415,BIGC.20190415.AP3.T02,NA,NA,NA,NA,NA,N,plant,submerged,CHPO14,Chiloscyphus polyanthos (L.) Corda,NA,NA,NA,NA,Hepaticopsida,Jungermanniales,Geocalycaceae,Chiloscyphus,NA,polyanthos,NA,NA,NA,(L.) Corda,NA,"Doyle, W. T. and Stotler, R. E. 2006. Contributions toward a Bryoflora of California III. Keys and Annotated Species Catalogue for Liverworts and Hornworts. Madrono 53 (2) 89-197.",species,NA,"David Kofranek Botany, LLC",2020-05-15T19:00:00Z,0726bf24-a6ac-4352-870f-2c0308bff009,NA,20260113T222627Z,RELEASE-2026
83f4fd9c-6e53-46d7-a50b-3117dd47238a,D17,BIGC,BIGC.AOS.aquatic.plant.transect.02,4,2019-04-15T18:12:00Z,BIGC.20190415,BIGC.20190415.AP2.T02,NA,NA,NA,NA,NA,N,plant,submerged,BETUL,Betula sp.,NA,NA,Magnoliophyta,NA,Magnoliopsida,Fagales,Betulaceae,Betula,NA,sp.,NA,NA,NA,L.,NA,NA,genus,Seedling not usually submerged,NA,NA,NA,NA,20260113T222627Z,RELEASE-2026
caab6f0d-ce1f-4ce7-9487-da119df4bee6,D17,BIGC,BIGC.AOS.aquatic.plant.transect.02,13,2019-04-15T18:12:00Z,BIGC.20190415,BIGC.20190415.AP8.T02,NA,NA,NA,NA,NA,N,plant,submerged,FOANA,Fontinalis antipyretica Hedw. var. antipyretica,NA,NA,NA,NA,Bryopsida,Isobryales,Fontinalaceae,Fontinalis,NA,antipyretica,var. antipyretica,NA,NA,Hedw.,NA,NA,variety,NA,NA,NA,NA,NA,20260113T222627Z,RELEASE-2026
c2d649a1-98f9-4ba3-8d17-02ca280be67b,D17,BIGC,BIGC.AOS.aquatic.plant.transect.02,10,2019-04-15T18:12:00Z,BIGC.20190415,BIGC.20190415.AP5.T02,NA,NA,NA,NA,NA,N,plant,submerged,FOANA,Fontinalis antipyretica Hedw. var. antipyretica,NA,NA,NA,NA,Bryopsida,Isobryales,Fontinalaceae,Fontinalis,NA,antipyretica,var. antipyretica,NA,NA,Hedw.,NA,NA,variety,NA,NA,NA,NA,NA,20260113T222627Z,RELEASE-2026
1f2ce9a8-80bb-4600-90ea-951c985ad737,D17,BIGC,BIGC.AOS.aquatic.plant.transect.02,3,2019-04-15T18:12:00Z,BIGC.20190415,BIGC.20190415.AP1.T02,NA,NA,NA,NA,NA,N,plant,submerged,FOANA,Fontinalis antipyretica Hedw. var. antipyretica,NA,NA,NA,NA,Bryopsida,Isobryales,Fontinalaceae,Fontinalis,NA,antipyretica,var. antipyretica,NA,NA,Hedw.,cf. species,NA,variety,NA,NA,NA,NA,NA,20260113T222627Z,RELEASE-2026
e5e67513-f3b6-48c0-9d52-7ed9c28bf15a,D17,BIGC,BIGC.AOS.aquatic.plant.transect.02,9,2019-04-15T18:12:00Z,BIGC.20190415,BIGC.20190415.AP4.T02,NA,NA,NA,NA,NA,N,plant,submerged,CHPO14,Chiloscyphus polyanthos (L.) Corda,NA,NA,NA,NA,Hepaticopsida,Jungermanniales,Geocalycaceae,Chiloscyphus,NA,polyanthos,NA,NA,NA,(L.) Corda,NA,"Doyle, W. T. and Stotler, R. E. 2006. Contributions toward a Bryoflora of California III. Keys and Annotated Species Catalogue for Liverworts and Hornworts. Madrono 53 (2) 89-197.",species,NA,"David Kofranek Botany, LLC",2020-05-15T19:00:00Z,55ec9b37-444d-4a3c-8fd0-9d61120bf1d5,NA,20260113T222627Z,RELEASE-2026
10332086-e62f-475f-80ff-f638e0cf8f82,D17,BIGC,BIGC.AOS.aquatic.plant.transect.02,19,2019-04-15T18:12:00Z,BIGC.20190415,BIGC.20190415.AP12.T02,NA,NA,NA,NA,NA,N,plant,submerged,FOANA,Fontinalis antipyretica Hedw. var. antipyretica,NA,NA,NA,NA,Bryopsida,Isobryales,Fontinalaceae,Fontinalis,NA,antipyretica,var. antipyretica,NA,NA,Hedw.,NA,NA,variety,NA,NA,NA,NA,NA,20260113T222627Z,RELEASE-2026
20e6f42f-a991-40d1-a9e5-ee11ea7b0fc5,D17,BIGC,BIGC.AOS.aquatic.plant.transect.02,16,2019-04-15T18:12:00Z,BIGC.20190415,BIGC.20190415.AP9.T02,NA,NA,NA,NA,NA,N,plant,submerged,FOANA,Fontinalis antipyretica Hedw. var. antipyretica,NA,NA,NA,NA,Bryopsida,Isobryales,Fontinalaceae,Fontinalis,NA,antipyretica,var. antipyretica,NA,NA,Hedw.,NA,NA,variety,NA,NA,NA,NA,NA,20260113T222627Z,RELEASE-2026
dc82eff1-e381-415c-873d-abd15a929903,D17,BIGC,BIGC.AOS.aquatic.plant.transect.02,18,2019-04-15T18:12:00Z,BIGC.20190415,BIGC.20190415.AP11.T02,NA,NA,NA,NA,NA,N,plant,submerged,FOANA,Fontinalis antipyretica Hedw. var. antipyretica,NA,NA,NA,NA,Bryopsida,Isobryales,Fontinalaceae,Fontinalis,NA,antipyretica,var. antipyretica,NA,NA,Hedw.,NA,NA,variety,NA,NA,NA,NA,NA,20260113T222627Z,RELEASE-2026
227b49ab-60d2-4e23-9a04-2fb284910d07,D17,BIGC,BIGC.AOS.aquatic.plant.transect.02,12,2019-04-15T18:12:00Z,BIGC.20190415,BIGC.20190415.AP7.T02,NA,NA,NA,NA,NA,N,plant,submerged,FOANA,Fontinalis antipyretica Hedw. var. antipyretica,NA,NA,NA,NA,Bryopsida,Isobryales,Fontinalaceae,Fontinalis,NA,antipyretica,var. antipyretica,NA,NA,Hedw.,NA,NA,variety,NA,NA,NA,NA,NA,20260113T222627Z,RELEASE-2026
f6c7eb77-71eb-4c0d-b49f-abd85b606d9c,D17,BIGC,BIGC.AOS.aquatic.plant.transect.02,17,2019-04-15T18:12:00Z,BIGC.20190415,BIGC.20190415.AP10.T02,NA,NA,NA,NA,NA,N,plant,submerged,FOANA,Fontinalis antipyretica Hedw. var. antipyretica,NA,NA,NA,NA,Bryopsida,Isobryales,Fontinalaceae,Fontinalis,NA,antipyretica,var. antipyretica,NA,NA,Hedw.,NA,NA,variety,NA,NA,NA,NA,NA,20260113T222627Z,RELEASE-2026
4dbda0bd-0b88-40af-ba53-e3912151f287,D17,BIGC,BIGC.AOS.aquatic.plant.transect.02,11,2019-04-15T18:12:00Z,BIGC.20190415,BIGC.20190415.PAULSLEAFYLIVERWORT.T2,NA,NA,NA,NA,NA,N,plant,submerged,2PLANT,Unknown plant,PaulsLeafyLiverwort,Wide spatulate leaves Distillate leaves minutely lobed 3 to 5,NA,NA,NA,NA,NA,NA,NA,NA,NA,NA,NA,NA,NA,NA,kingdom,NA,NA,NA,NA,NA,20260113T222627Z,RELEASE-2026
458086d5-fd04-40a4-abb1-7b5b01c24c15,D17,BIGC,BIGC.AOS.aquatic.plant.transect.03,5,2019-04-15T18:51:00Z,BIGC.20190415,BIGC.20190415.AP2.T03,NA,NA,NA,NA,NA,N,plant,submerged,CHPO14,Chiloscyphus polyanthos (L.) Corda,NA,NA,NA,NA,Hepaticopsida,Jungermanniales,Geocalycaceae,Chiloscyphus,NA,polyanthos,NA,NA,NA,(L.) Corda,NA,"Doyle, W. T. and Stotler, R. E. 2006. Contributions toward a Bryoflora of California III. Keys and Annotated Species Catalogue for Liverworts and Hornworts. Madrono 53 (2) 89-197.",species,NA,"David Kofranek Botany, LLC",2020-05-15T19:00:00Z,e078757a-5320-4b89-89c1-b9f4fa643034,NA,20260113T222627Z,RELEASE-2026
fb865a98-efbb-4b61-b3f9-cea78ea16f67,D17,BIGC,BIGC.AOS.aquatic.plant.transect.03,19,2019-04-15T18:51:00Z,BIGC.20190415,BIGC.20190415.AP7.T03,NA,NA,NA,NA,NA,N,plant,submerged,JUNCU,Juncus sp.,NA,NA,Magnoliophyta,NA,Liliopsida,Juncales,Juncaceae,Juncus,NA,sp.,NA,NA,NA,L.,NA,NA,genus,NA,NA,NA,NA,NA,20260113T222627Z,RELEASE-2026
e5372a08-3db1-4443-8144-fdb7f7c641af,D17,BIGC,BIGC.AOS.aquatic.plant.transect.03,16,2019-04-15T18:51:00Z,BIGC.20190415,BIGC.20190415.AP6.T03,NA,NA,NA,NA,NA,N,plant,submerged,CHPO14,Chiloscyphus polyanthos (L.) Corda,NA,NA,NA,NA,Hepaticopsida,Jungermanniales,Geocalycaceae,Chiloscyphus,NA,polyanthos,NA,NA,NA,(L.) Corda,NA,"Doyle, W. T. and Stotler, R. E. 2006. Contributions toward a Bryoflora of California III. Keys and Annotated Species Catalogue for Liverworts and Hornworts. Madrono 53 (2) 89-197.",species,NA,"David Kofranek Botany, LLC",2020-05-15T19:00:00Z,eb98a9f4-c644-4a02-9f51-9b1fe4c99d2e,NA,20260113T222627Z,RELEASE-2026
ee11e385-3e3e-43ed-b425-6ae752bfda78,D17,BIGC,BIGC.AOS.aquatic.plant.transect.03,15,2019-04-15T18:51:00Z,BIGC.20190415,BIGC.20190415.AP5.T03,NA,NA,NA,NA,NA,N,plant,submerged,CHPO14,Chiloscyphus polyanthos (L.) Corda,NA,NA,NA,NA,Hepaticopsida,Jungermanniales,Geocalycaceae,Chiloscyphus,NA,polyanthos,NA,NA,NA,(L.) Corda,NA,"Doyle, W. T. and Stotler, R. E. 2006. Contributions toward a Bryoflora of California III. Keys and Annotated Species Catalogue for Liverworts and Hornworts. Madrono 53 (2) 89-197.",species,NA,"David Kofranek Botany, LLC",2020-05-15T19:00:00Z,105b6518-1eb6-4f53-abe5-8397efa74013,NA,20260113T222627Z,RELEASE-2026
90ec84e0-2a56-46ef-83b5-f0230e08286e,D17,BIGC,BIGC.AOS.aquatic.plant.transect.03,7,2019-04-15T18:51:00Z,BIGC.20190415,BIGC.20190415.AP4.T03,NA,NA,NA,NA,NA,N,plant,submerged,CHPO14,Chiloscyphus polyanthos (L.) Corda,NA,NA,NA,NA,Hepaticopsida,Jungermanniales,Geocalycaceae,Chiloscyphus,NA,polyanthos,NA,NA,NA,(L.) Corda,NA,"Doyle, W. T. and Stotler, R. E. 2006. Contributions toward a Bryoflora of California III. Keys and Annotated Species Catalogue for Liverworts and Hornworts. Madrono 53 (2) 89-197.",species,NA,"David Kofranek Botany, LLC",2020-05-15T19:00:00Z,7fb44706-fc00-4983-8fc0-9412b1e44ba8,NA,20260113T222627Z,RELEASE-2026
fbaeef0a-3ce8-4fa9-a14c-a093735c2cf7,D17,BIGC,BIGC.AOS.aquatic.plant.transect.03,4,2019-04-15T18:51:00Z,BIGC.20190415,BIGC.20190415.AP1.T03,NA,NA,NA,NA,NA,N,plant,submerged,PLME4,Plagiomnium medium (Bruch & Schimp.) T. Kop.,NA,NA,NA,NA,Bryopsida,Bryales,Mniaceae,Plagiomnium,NA,medium,NA,NA,NA,(Bruch & Schimp.) T. Kop.,cf. species,NA,species,NA,NA,NA,NA,NA,20260113T222627Z,RELEASE-2026
6e526ee4-6ce9-4a29-b386-a014b91c32b3,D17,BIGC,BIGC.AOS.aquatic.plant.transect.03,6,2019-04-15T18:51:00Z,BIGC.20190415,BIGC.20190415.AP3.T03,NA,NA,NA,NA,NA,N,plant,submerged,CHPO14,Chiloscyphus polyanthos (L.) Corda,NA,NA,NA,NA,Hepaticopsida,Jungermanniales,Geocalycaceae,Chiloscyphus,NA,polyanthos,NA,NA,NA,(L.) Corda,NA,"Doyle, W. T. and Stotler, R. E. 2006. Contributions toward a Bryoflora of California III. Keys and Annotated Species Catalogue for Liverworts and Hornworts. Madrono 53 (2) 89-197.",species,NA,"David Kofranek Botany, LLC",2020-05-15T19:00:00Z,ab10e7d2-0364-4dc6-a821-acb316d3dbf9,NA,20260113T222627Z,RELEASE-2026
550e9cd1-4d50-4aa9-bac6-17b41dcd1c9e,D17,BIGC,BIGC.AOS.aquatic.plant.transect.06,10,2019-04-15T19:40:00Z,BIGC.20190415,BIGC.20190415.AP3.T06,NA,NA,NA,NA,NA,N,plant,submerged,CHPO14,Chiloscyphus polyanthos (L.) Corda,NA,NA,NA,NA,Hepaticopsida,Jungermanniales,Geocalycaceae,Chiloscyphus,NA,polyanthos,NA,NA,NA,(L.) Corda,NA,"Doyle, W. T. and Stotler, R. E. 2006. Contributions toward a Bryoflora of California III. Keys and Annotated Species Catalogue for Liverworts and Hornworts. Madrono 53 (2) 89-197.",species,NA,"David Kofranek Botany, LLC",2020-05-15T19:00:00Z,c6a9a6a7-b3a3-4764-8eaf-3f0be961525e,NA,20260113T222627Z,RELEASE-2026
ce01d1c6-e0db-4af3-887e-19bf83bb4cd6,D17,BIGC,BIGC.AOS.aquatic.plant.transect.06,9,2019-04-15T19:40:00Z,BIGC.20190415,BIGC.20190415.AP1.T06,NA,NA,NA,NA,NA,N,plant,submerged,FOANA,Fontinalis antipyretica Hedw. var. antipyretica,NA,NA,NA,NA,Bryopsida,Isobryales,Fontinalaceae,Fontinalis,NA,antipyretica,var. antipyretica,NA,NA,Hedw.,NA,NA,variety,NA,NA,NA,NA,NA,20260113T222627Z,RELEASE-2026
e977b1bc-67b9-448f-acf7-57f83623d8bf,D17,BIGC,BIGC.AOS.aquatic.plant.transect.06,10,2019-04-15T19:40:00Z,BIGC.20190415,BIGC.20190415.AP2.T06,NA,NA,NA,NA,NA,N,plant,submerged,FOANA,Fontinalis antipyretica Hedw. var. antipyretica,NA,NA,NA,NA,Bryopsida,Isobryales,Fontinalaceae,Fontinalis,NA,antipyretica,var. antipyretica,NA,NA,Hedw.,NA,NA,variety,NA,NA,NA,NA,NA,20260113T222627Z,RELEASE-2026
ac0e79f4-120d-4c54-9647-6caa816fc3b9,D17,BIGC,BIGC.AOS.aquatic.plant.transect.07,8,2019-04-15T20:54:00Z,BIGC.20190415,BIGC.20190415.AP11.T07,NA,NA,NA,NA,NA,N,plant,submerged,POACEA,Poaceae sp.,NA,NA,Magnoliophyta,NA,Liliopsida,Cyperales,Poaceae,NA,NA,sp.,NA,NA,NA,NA,NA,NA,family,NA,NA,NA,NA,NA,20260113T222627Z,RELEASE-2026
7624f118-4bcc-4516-a6c9-65e5e8a371fc,D17,BIGC,BIGC.AOS.aquatic.plant.transect.07,13,2019-04-15T20:54:00Z,BIGC.20190415,BIGC.20190415.AP23.T07,NA,NA,NA,NA,NA,N,plant,submerged,FOANA,Fontinalis antipyretica Hedw. var. antipyretica,NA,NA,NA,NA,Bryopsida,Isobryales,Fontinalaceae,Fontinalis,NA,antipyretica,var. antipyretica,NA,NA,Hedw.,NA,NA,variety,NA,NA,NA,NA,NA,20260113T222627Z,RELEASE-2026
0ba804f8-4970-4f6b-a4dc-28a2bb181577,D17,BIGC,BIGC.AOS.aquatic.plant.transect.07,7,2019-04-15T20:54:00Z,BIGC.20190415,BIGC.20190415.AP8.T07,NA,NA,NA,NA,NA,N,plant,submerged,POACEA,Poaceae sp.,NA,NA,Magnoliophyta,NA,Liliopsida,Cyperales,Poaceae,NA,NA,sp.,NA,NA,NA,NA,NA,NA,family,NA,NA,NA,NA,NA,20260113T222627Z,RELEASE-2026
c0bcc3bf-b2d8-4cbe-8678-31a33513b2ff,D17,BIGC,BIGC.AOS.aquatic.plant.transect.07,4,2019-04-15T20:54:00Z,BIGC.20190415,BIGC.20190415.AP6.T07,NA,NA,NA,NA,NA,N,plant,submerged,POACEA,Poaceae sp.,NA,NA,Magnoliophyta,NA,Liliopsida,Cyperales,Poaceae,NA,NA,sp.,NA,NA,NA,NA,NA,NA,family,NA,NA,NA,NA,NA,20260113T222627Z,RELEASE-2026
bf17d4b4-f433-4391-bcd9-c0bac5b0dcdd,D17,BIGC,BIGC.AOS.aquatic.plant.transect.07,18,2019-04-15T20:54:00Z,BIGC.20190415,BIGC.20190415.AP30.T07,NA,NA,NA,NA,NA,N,plant,submerged,FOANA,Fontinalis antipyretica Hedw. var. antipyretica,NA,NA,NA,NA,Bryopsida,Isobryales,Fontinalaceae,Fontinalis,NA,antipyretica,var. antipyretica,NA,NA,Hedw.,NA,NA,variety,NA,NA,NA,NA,NA,20260113T222627Z,RELEASE-2026
d95a461a-5c2a-48ec-8718-31b96b698040,D17,BIGC,BIGC.AOS.aquatic.plant.transect.07,11,2019-04-15T20:54:00Z,BIGC.20190415,BIGC.20190415.AP17.T07,NA,NA,NA,NA,NA,N,plant,submerged,FOANA,Fontinalis antipyretica Hedw. var. antipyretica,NA,NA,NA,NA,Bryopsida,Isobryales,Fontinalaceae,Fontinalis,NA,antipyretica,var. antipyretica,NA,NA,Hedw.,NA,NA,variety,NA,NA,NA,NA,NA,20260113T222627Z,RELEASE-2026
175566eb-9b4c-41de-bb78-dd1f005d1137,D17,BIGC,BIGC.AOS.aquatic.plant.transect.07,13,2019-04-15T20:54:00Z,BIGC.20190415,BIGC.20190415.AP22.T07,NA,NA,NA,NA,NA,N,plant,submerged,CHPO14,Chiloscyphus polyanthos (L.) Corda,NA,NA,NA,NA,Hepaticopsida,Jungermanniales,Geocalycaceae,Chiloscyphus,NA,polyanthos,NA,NA,NA,(L.) Corda,NA,"Doyle, W. T. and Stotler, R. E. 2006. Contributions toward a Bryoflora of California III. Keys and Annotated Species Catalogue for Liverworts and Hornworts. Madrono 53 (2) 89-197.",species,NA,"David Kofranek Botany, LLC",2020-05-15T19:00:00Z,aa4a6654-a8de-4f25-9a57-daf6a1f75f79,NA,20260113T222627Z,RELEASE-2026
27f21e66-bdf6-41e7-8b10-bfba8e2d16a2,D17,BIGC,BIGC.AOS.aquatic.plant.transect.07,16,2019-04-15T20:54:00Z,BIGC.20190415,BIGC.20190415.AP26.T07,NA,NA,NA,NA,NA,N,plant,submerged,FOANA,Fontinalis antipyretica Hedw. var. antipyretica,NA,NA,NA,NA,Bryopsida,Isobryales,Fontinalaceae,Fontinalis,NA,antipyretica,var. antipyretica,NA,NA,Hedw.,NA,NA,variety,NA,NA,NA,NA,NA,20260113T222627Z,RELEASE-2026
11c037c9-9b78-4354-a55d-92555e84e845,D17,BIGC,BIGC.AOS.aquatic.plant.transect.07,9,2019-04-15T20:54:00Z,BIGC.20190415,BIGC.20190415.AP14.T07,NA,NA,NA,NA,NA,N,plant,submerged,MIGU,Mimulus guttatus DC.,NA,NA,Magnoliophyta,NA,Magnoliopsida,Scrophulariales,Scrophulariaceae,Mimulus,NA,guttatus,NA,NA,NA,DC.,cf. species,NA,species,NA,NA,NA,NA,NA,20260113T222627Z,RELEASE-2026
12bcc809-fbba-4e17-ade2-32c42b3d3380,D17,BIGC,BIGC.AOS.aquatic.plant.transect.07,12,2019-04-15T20:54:00Z,BIGC.20190415,BIGC.20190415.AP21.T07,NA,NA,NA,NA,NA,N,plant,submerged,CHPO14,Chiloscyphus polyanthos (L.) Corda,NA,NA,NA,NA,Hepaticopsida,Jungermanniales,Geocalycaceae,Chiloscyphus,NA,polyanthos,NA,NA,NA,(L.) Corda,NA,"Doyle, W. T. and Stotler, R. E. 2006. Contributions toward a Bryoflora of California III. Keys and Annotated Species Catalogue for Liverworts and Hornworts. Madrono 53 (2) 89-197.",species,NA,"David Kofranek Botany, LLC",2020-05-15T19:00:00Z,9282df4d-cfc1-405c-a9cf-b3960750da3d,NA,20260113T222627Z,RELEASE-2026
751a769f-bcb5-445a-9bc9-94691a008c60,D17,BIGC,BIGC.AOS.aquatic.plant.transect.07,11,2019-04-15T20:54:00Z,BIGC.20190415,BIGC.20190415.AP18.T07,NA,NA,NA,NA,NA,N,plant,submerged,POACEA,Poaceae sp.,NA,NA,Magnoliophyta,NA,Liliopsida,Cyperales,Poaceae,NA,NA,sp.,NA,NA,NA,NA,NA,NA,family,NA,NA,NA,NA,NA,20260113T222627Z,RELEASE-2026
80820da0-6847-4c0f-8a26-0798404312d5,D17,BIGC,BIGC.AOS.aquatic.plant.transect.07,14,2019-04-15T20:54:00Z,BIGC.20190415,BIGC.20190415.AP24.T07,NA,NA,NA,NA,NA,N,plant,submerged,FOANA,Fontinalis antipyretica Hedw. var. antipyretica,NA,NA,NA,NA,Bryopsida,Isobryales,Fontinalaceae,Fontinalis,NA,antipyretica,var. antipyretica,NA,NA,Hedw.,NA,NA,variety,NA,NA,NA,NA,NA,20260113T222627Z,RELEASE-2026
706c8462-7d75-4360-89a8-4f08cfe0f27d,D17,BIGC,BIGC.AOS.aquatic.plant.transect.07,8,2019-04-15T20:54:00Z,BIGC.20190415,BIGC.20190415.AP12.T07,NA,NA,NA,NA,NA,N,plant,submerged,FOANA,Fontinalis antipyretica Hedw. var. antipyretica,NA,NA,NA,NA,Bryopsida,Isobryales,Fontinalaceae,Fontinalis,NA,antipyretica,var. antipyretica,NA,NA,Hedw.,NA,NA,variety,NA,NA,NA,NA,NA,20260113T222627Z,RELEASE-2026
147540f1-aac3-48f6-a683-2c4dc5348284,D17,BIGC,BIGC.AOS.aquatic.plant.transect.07,3,2019-04-15T20:54:00Z,BIGC.20190415,BIGC.20190415.AP4.T07,NA,NA,NA,NA,NA,N,plant,emergent,POACEA,Poaceae sp.,NA,NA,Magnoliophyta,NA,Liliopsida,Cyperales,Poaceae,NA,NA,sp.,NA,NA,NA,NA,NA,NA,family,NA,NA,NA,NA,NA,20260113T222627Z,RELEASE-2026
662e430b-7714-4916-b2cb-776be1ad8c1d,D17,BIGC,BIGC.AOS.aquatic.plant.transect.07,15,2019-04-15T20:54:00Z,BIGC.20190415,BIGC.20190415.AP25.T07,NA,NA,NA,NA,NA,N,plant,submerged,FOANA,Fontinalis antipyretica Hedw. var. antipyretica,NA,NA,NA,NA,Bryopsida,Isobryales,Fontinalaceae,Fontinalis,NA,antipyretica,var. antipyretica,NA,NA,Hedw.,NA,NA,variety,NA,NA,NA,NA,NA,20260113T222627Z,RELEASE-2026
98baa816-208c-4528-a55f-c174bdc8f1a7,D17,BIGC,BIGC.AOS.aquatic.plant.transect.07,2,2019-04-15T20:54:00Z,BIGC.20190415,BIGC.20190415.AP3.T07,NA,NA,NA,NA,NA,N,plant,emergent,POACEA,Poaceae sp.,NA,NA,Magnoliophyta,NA,Liliopsida,Cyperales,Poaceae,NA,NA,sp.,NA,NA,NA,NA,NA,NA,family,NA,NA,NA,NA,NA,20260113T222627Z,RELEASE-2026
8f86afd3-acac-4203-bfc3-aa189dbf43fd,D17,BIGC,BIGC.AOS.aquatic.plant.transect.07,17,2019-04-15T20:54:00Z,BIGC.20190415,BIGC.20190415.AP27.T07,NA,NA,NA,NA,NA,N,plant,submerged,CHPO14,Chiloscyphus polyanthos (L.) Corda,NA,NA,NA,NA,Hepaticopsida,Jungermanniales,Geocalycaceae,Chiloscyphus,NA,polyanthos,NA,NA,NA,(L.) Corda,NA,"Doyle, W. T. and Stotler, R. E. 2006. Contributions toward a Bryoflora of California III. Keys and Annotated Species Catalogue for Liverworts and Hornworts. Madrono 53 (2) 89-197.",species,NA,"David Kofranek Botany, LLC",2020-05-15T19:00:00Z,aa091527-9148-472a-80b3-6f809f04aa86,NA,20260113T222627Z,RELEASE-2026
8dd2e431-6042-483f-bc09-ee8df919b254,D17,BIGC,BIGC.AOS.aquatic.plant.transect.07,17,2019-04-15T20:54:00Z,BIGC.20190415,BIGC.20190415.AP28.T07,NA,NA,NA,NA,NA,N,plant,submerged,FOANO,Fontinalis antipyretica Hedw. var. oregonensis Renauld & Cardot,NA,NA,NA,NA,Bryopsida,Isobryales,Fontinalaceae,Fontinalis,NA,antipyretica,var. oregonensis,NA,NA,Renauld & Cardot,NA,NA,variety,NA,NA,NA,NA,NA,20260113T222627Z,RELEASE-2026
6e55bbf3-014a-4d02-ba55-e93f996e424e,D17,BIGC,BIGC.AOS.aquatic.plant.transect.07,19,2019-04-15T20:54:00Z,BIGC.20190415,BIGC.20190415.AP31.T07,NA,NA,NA,NA,NA,N,plant,floating-leaved,2PLANT,Unknown plant,DangleRoots,Floating dangling roots in stream by bank. Pinately compound leaves alternate broadly obovate leaves,NA,NA,NA,NA,NA,NA,NA,NA,NA,NA,NA,NA,NA,NA,kingdom,NA,NA,NA,NA,NA,20260113T222627Z,RELEASE-2026
543e682a-7718-4852-b3ca-3db5db8c0dd8,D17,BIGC,BIGC.AOS.aquatic.plant.transect.07,12,2019-04-15T20:54:00Z,BIGC.20190415,BIGC.20190415.AP19.T07,NA,NA,NA,NA,NA,N,plant,submerged,FOANO,Fontinalis antipyretica Hedw. var. oregonensis Renauld & Cardot,NA,NA,NA,NA,Bryopsida,Isobryales,Fontinalaceae,Fontinalis,NA,antipyretica,var. oregonensis,NA,NA,Renauld & Cardot,cf. species,NA,variety,NA,NA,NA,NA,NA,20260113T222627Z,RELEASE-2026
1103f12b-b5f7-47b0-a561-5caf5b72de21,D17,BIGC,BIGC.AOS.aquatic.plant.transect.07,18,2019-04-15T20:54:00Z,BIGC.20190415,BIGC.20190415.AP29.T07,NA,NA,NA,NA,NA,N,plant,submerged,POACEA,Poaceae sp.,NA,NA,Magnoliophyta,NA,Liliopsida,Cyperales,Poaceae,NA,NA,sp.,NA,NA,NA,NA,NA,NA,family,NA,NA,NA,NA,NA,20260113T222627Z,RELEASE-2026
a5577feb-98b2-41d8-bf05-e5fe01db5c7d,D17,BIGC,BIGC.AOS.aquatic.plant.transect.07,1,2019-04-15T20:54:00Z,BIGC.20190415,BIGC.20190415.AP2.T07,NA,NA,NA,NA,NA,N,plant,emergent,POACEA,Poaceae sp.,NA,NA,Magnoliophyta,NA,Liliopsida,Cyperales,Poaceae,NA,NA,sp.,NA,NA,NA,NA,NA,NA,family,NA,NA,NA,NA,NA,20260113T222627Z,RELEASE-2026
2be5e480-9806-46bb-8f17-0987a5b0b91b,D17,BIGC,BIGC.AOS.aquatic.plant.transect.07,1,2019-04-15T20:54:00Z,BIGC.20190415,BIGC.20190415.AP1.T07,NA,NA,NA,NA,NA,N,plant,emergent,MIGU,Mimulus guttatus DC.,NA,NA,Magnoliophyta,NA,Magnoliopsida,Scrophulariales,Scrophulariaceae,Mimulus,NA,guttatus,NA,NA,NA,DC.,cf. species,NA,species,NA,NA,NA,NA,NA,20260113T222627Z,RELEASE-2026
0ac18f3a-3791-40c7-a012-1281301cfebb,D17,BIGC,BIGC.AOS.aquatic.plant.transect.07,12,2019-04-15T20:54:00Z,BIGC.20190415,BIGC.20190415.AP20.T07,NA,NA,NA,NA,NA,N,plant,submerged,FOANA,Fontinalis antipyretica Hedw. var. antipyretica,NA,NA,NA,NA,Bryopsida,Isobryales,Fontinalaceae,Fontinalis,NA,antipyretica,var. antipyretica,NA,NA,Hedw.,NA,NA,variety,NA,NA,NA,NA,NA,20260113T222627Z,RELEASE-2026
1f2669cc-daf1-4cd5-a3b4-2a0bb5460c5f,D17,BIGC,BIGC.AOS.aquatic.plant.transect.07,9,2019-04-15T20:54:00Z,BIGC.20190415,BIGC.20190415.AP15.T07,NA,NA,NA,NA,NA,N,plant,submerged,CHPO14,Chiloscyphus polyanthos (L.) Corda,NA,NA,NA,NA,Hepaticopsida,Jungermanniales,Geocalycaceae,Chiloscyphus,NA,polyanthos,NA,NA,NA,(L.) Corda,NA,"Doyle, W. T. and Stotler, R. E. 2006. Contributions toward a Bryoflora of California III. Keys and Annotated Species Catalogue for Liverworts and Hornworts. Madrono 53 (2) 89-197.",species,NA,"David Kofranek Botany, LLC",2020-05-15T19:00:00Z,fca7beb1-ca73-4509-9eae-400f41607737,NA,20260113T222627Z,RELEASE-2026
ce639afa-23ed-4218-af8a-e34b114e6ec3,D17,BIGC,BIGC.AOS.aquatic.plant.transect.07,7,2019-04-15T20:54:00Z,BIGC.20190415,BIGC.20190415.AP9.T07,NA,NA,NA,NA,NA,N,plant,submerged,MIGU,Mimulus guttatus DC.,NA,NA,Magnoliophyta,NA,Magnoliopsida,Scrophulariales,Scrophulariaceae,Mimulus,NA,guttatus,NA,NA,NA,DC.,cf. species,NA,species,NA,NA,NA,NA,NA,20260113T222627Z,RELEASE-2026
9a1270bc-2675-4959-aeb6-550de2807af5,D17,BIGC,BIGC.AOS.aquatic.plant.transect.07,9,2019-04-15T20:54:00Z,BIGC.20190415,BIGC.20190415.AP13.T07,NA,NA,NA,NA,NA,N,plant,submerged,FOANA,Fontinalis antipyretica Hedw. var. antipyretica,NA,NA,NA,NA,Bryopsida,Isobryales,Fontinalaceae,Fontinalis,NA,antipyretica,var. antipyretica,NA,NA,Hedw.,NA,NA,variety,NA,NA,NA,NA,NA,20260113T222627Z,RELEASE-2026
7fef37fc-d860-41da-9bdb-32bd14d3c80a,D17,BIGC,BIGC.AOS.aquatic.plant.transect.07,8,2019-04-15T20:54:00Z,BIGC.20190415,BIGC.20190415.AP10.T07,NA,NA,NA,NA,NA,N,plant,submerged,MIGU,Mimulus guttatus DC.,NA,NA,Magnoliophyta,NA,Magnoliopsida,Scrophulariales,Scrophulariaceae,Mimulus,NA,guttatus,NA,NA,NA,DC.,cf. species,NA,species,NA,NA,NA,NA,NA,20260113T222627Z,RELEASE-2026
1cbe7c1e-97e7-4389-949e-d541f43b515b,D17,BIGC,BIGC.AOS.aquatic.plant.transect.07,10,2019-04-15T20:54:00Z,BIGC.20190415,BIGC.20190415.AP16.T07,NA,NA,NA,NA,NA,N,plant,submerged,FOANA,Fontinalis antipyretica Hedw. var. antipyretica,NA,NA,NA,NA,Bryopsida,Isobryales,Fontinalaceae,Fontinalis,NA,antipyretica,var. antipyretica,NA,NA,Hedw.,NA,NA,variety,NA,NA,NA,NA,NA,20260113T222627Z,RELEASE-2026
b3a5e568-b68b-463c-854f-1fe5d10ebe27,D17,BIGC,BIGC.AOS.aquatic.plant.transect.07,6,2019-04-15T20:54:00Z,BIGC.20190415,BIGC.20190415.AP7.T07,NA,NA,NA,NA,NA,N,plant,submerged,POACEA,Poaceae sp.,NA,NA,Magnoliophyta,NA,Liliopsida,Cyperales,Poaceae,NA,NA,sp.,NA,NA,NA,NA,NA,NA,family,NA,NA,NA,NA,NA,20260113T222627Z,RELEASE-2026
70b9b2dc-2869-4da8-8dc6-8b030d973dce,D17,BIGC,BIGC.AOS.aquatic.plant.transect.07,19,2019-04-15T20:54:00Z,BIGC.20190415,BIGC.20190415.AP32.T07,NA,NA,NA,NA,NA,N,plant,submerged,POACEA,Poaceae sp.,NA,NA,Magnoliophyta,NA,Liliopsida,Cyperales,Poaceae,NA,NA,sp.,NA,NA,NA,NA,NA,NA,family,NA,NA,NA,NA,NA,20260113T222627Z,RELEASE-2026
367eff93-eb99-4787-b9fd-1fb811d4a54a,D17,BIGC,BIGC.AOS.aquatic.plant.transect.07,3,2019-04-15T20:54:00Z,BIGC.20190415,BIGC.20190415.AP5.T07,NA,NA,NA,NA,NA,N,plant,submerged,MIGU,Mimulus guttatus DC.,NA,NA,Magnoliophyta,NA,Magnoliopsida,Scrophulariales,Scrophulariaceae,Mimulus,NA,guttatus,NA,NA,NA,DC.,cf. species,NA,species,NA,NA,NA,NA,NA,20260113T222627Z,RELEASE-2026
4ea8af19-b2ca-4e6b-8e7d-5309d8e66a56,D17,BIGC,BIGC.AOS.aquatic.plant.transect.10,4,2019-04-15T21:28:00Z,BIGC.20190415,BIGC.20190415.AP3.T10,NA,NA,NA,NA,NA,N,plant,submerged,FOANA,Fontinalis antipyretica Hedw. var. antipyretica,NA,NA,NA,NA,Bryopsida,Isobryales,Fontinalaceae,Fontinalis,NA,antipyretica,var. antipyretica,NA,NA,Hedw.,NA,NA,variety,NA,NA,NA,NA,NA,20260113T222627Z,RELEASE-2026
903b1645-b609-4d8a-b578-c56600bc9728,D17,BIGC,BIGC.AOS.aquatic.plant.transect.10,5,2019-04-15T21:28:00Z,BIGC.20190415,BIGC.20190415.AP4.T10,NA,NA,NA,NA,NA,N,plant,submerged,FOANA,Fontinalis antipyretica Hedw. var. antipyretica,NA,NA,NA,NA,Bryopsida,Isobryales,Fontinalaceae,Fontinalis,NA,antipyretica,var. antipyretica,NA,NA,Hedw.,NA,NA,variety,NA,NA,NA,NA,NA,20260113T222627Z,RELEASE-2026
a6a5c2f9-4290-49f9-8583-b113ca267739,D17,BIGC,BIGC.AOS.aquatic.plant.transect.10,2,2019-04-15T21:28:00Z,BIGC.20190415,BIGC.20190415.AP1.T10,NA,NA,NA,NA,NA,N,plant,submerged,CHPO14,Chiloscyphus polyanthos (L.) Corda,NA,NA,NA,NA,Hepaticopsida,Jungermanniales,Geocalycaceae,Chiloscyphus,NA,polyanthos,NA,NA,NA,(L.) Corda,NA,"Doyle, W. T. and Stotler, R. E. 2006. Contributions toward a Bryoflora of California III. Keys and Annotated Species Catalogue for Liverworts and Hornworts. Madrono 53 (2) 89-197.",species,NA,"David Kofranek Botany, LLC",2020-05-15T19:00:00Z,8bf1a7dd-3a9e-413e-bcb7-25e9b01d88ac,NA,20260113T222627Z,RELEASE-2026
1790e621-2705-41e0-8e63-46fb1f8e123c,D17,BIGC,BIGC.AOS.aquatic.plant.transect.10,19,2019-04-15T21:28:00Z,BIGC.20190415,BIGC.20190415.AP17.T10,NA,NA,NA,NA,NA,N,plant,submerged,FOANO,Fontinalis antipyretica Hedw. var. oregonensis Renauld & Cardot,NA,NA,NA,NA,Bryopsida,Isobryales,Fontinalaceae,Fontinalis,NA,antipyretica,var. oregonensis,NA,NA,Renauld & Cardot,cf. species,NA,variety,NA,NA,NA,NA,NA,20260113T222627Z,RELEASE-2026
3ceef993-5df3-4e98-9bd9-3bf87164cc33,D17,BIGC,BIGC.AOS.aquatic.plant.transect.10,17,2019-04-15T21:28:00Z,BIGC.20190415,BIGC.20190415.AP10.T10,NA,NA,NA,NA,NA,N,plant,submerged,CHPO14,Chiloscyphus polyanthos (L.) Corda,NA,NA,NA,NA,Hepaticopsida,Jungermanniales,Geocalycaceae,Chiloscyphus,NA,polyanthos,NA,NA,NA,(L.) Corda,NA,"Doyle, W. T. and Stotler, R. E. 2006. Contributions toward a Bryoflora of California III. Keys and Annotated Species Catalogue for Liverworts and Hornworts. Madrono 53 (2) 89-197.",species,NA,"David Kofranek Botany, LLC",2020-05-15T19:00:00Z,8a01ddf2-cc2f-4ae9-8a3e-9676720a03e3,NA,20260113T222627Z,RELEASE-2026
0c907280-a2e4-48a9-9a29-5b17cc414d1e,D17,BIGC,BIGC.AOS.aquatic.plant.transect.10,17,2019-04-15T21:28:00Z,BIGC.20190415,BIGC.20190415.AP11.T10,NA,NA,NA,NA,NA,N,plant,submerged,FOANO,Fontinalis antipyretica Hedw. var. oregonensis Renauld & Cardot,NA,NA,NA,NA,Bryopsida,Isobryales,Fontinalaceae,Fontinalis,NA,antipyretica,var. oregonensis,NA,NA,Renauld & Cardot,cf. species,NA,variety,NA,NA,NA,NA,NA,20260113T222627Z,RELEASE-2026
9a5967a5-78cf-4674-8aec-05fe6f613375,D17,BIGC,BIGC.AOS.aquatic.plant.transect.10,7,2019-04-15T21:28:00Z,BIGC.20190415,BIGC.20190415.AP6.T10,NA,NA,NA,NA,NA,N,plant,submerged,CHPO14,Chiloscyphus polyanthos (L.) Corda,NA,NA,NA,NA,Hepaticopsida,Jungermanniales,Geocalycaceae,Chiloscyphus,NA,polyanthos,NA,NA,NA,(L.) Corda,NA,"Doyle, W. T. and Stotler, R. E. 2006. Contributions toward a Bryoflora of California III. Keys and Annotated Species Catalogue for Liverworts and Hornworts. Madrono 53 (2) 89-197.",species,NA,"David Kofranek Botany, LLC",2020-05-15T19:00:00Z,ab3a16ee-6262-4e44-b07a-631ac18a2c50,NA,20260113T222627Z,RELEASE-2026
fa3e8abe-5d69-4037-b01d-f5a574c5de3a,D17,BIGC,BIGC.AOS.aquatic.plant.transect.10,11,2019-04-15T21:28:00Z,BIGC.20190415,BIGC.20190415.AP8.T10,NA,NA,NA,NA,NA,N,plant,submerged,CHPO14,Chiloscyphus polyanthos (L.) Corda,NA,NA,NA,NA,Hepaticopsida,Jungermanniales,Geocalycaceae,Chiloscyphus,NA,polyanthos,NA,NA,NA,(L.) Corda,NA,"Doyle, W. T. and Stotler, R. E. 2006. Contributions toward a Bryoflora of California III. Keys and Annotated Species Catalogue for Liverworts and Hornworts. Madrono 53 (2) 89-197.",species,NA,"David Kofranek Botany, LLC",2020-05-15T19:00:00Z,12080323-7f3c-4490-922e-d9acfda43a9f,NA,20260113T222627Z,RELEASE-2026
3ab3167a-c400-4b38-83fb-942ce2da637f,D17,BIGC,BIGC.AOS.aquatic.plant.transect.10,9,2019-04-15T21:28:00Z,BIGC.20190415,BIGC.20190415.AP7.T10,NA,NA,NA,NA,NA,N,plant,submerged,CHPO14,Chiloscyphus polyanthos (L.) Corda,NA,NA,NA,NA,Hepaticopsida,Jungermanniales,Geocalycaceae,Chiloscyphus,NA,polyanthos,NA,NA,NA,(L.) Corda,NA,"Doyle, W. T. and Stotler, R. E. 2006. Contributions toward a Bryoflora of California III. Keys and Annotated Species Catalogue for Liverworts and Hornworts. Madrono 53 (2) 89-197.",species,NA,"David Kofranek Botany, LLC",2020-05-15T19:00:00Z,87f07d09-8e44-4dab-804e-a348f5b3f237,NA,20260113T222627Z,RELEASE-2026
f382f18c-65b4-415e-9555-0679b81ba681,D17,BIGC,BIGC.AOS.aquatic.plant.transect.10,6,2019-04-15T21:28:00Z,BIGC.20190415,BIGC.20190415.AP5.T10,NA,NA,NA,NA,NA,N,plant,submerged,FOANA,Fontinalis antipyretica Hedw. var. antipyretica,NA,NA,NA,NA,Bryopsida,Isobryales,Fontinalaceae,Fontinalis,NA,antipyretica,var. antipyretica,NA,NA,Hedw.,NA,NA,variety,NA,NA,NA,NA,NA,20260113T222627Z,RELEASE-2026
53f00679-5ae8-40b0-ab31-6a253d68bbe5,D17,BIGC,BIGC.AOS.aquatic.plant.transect.10,18,2019-04-15T21:28:00Z,BIGC.20190415,BIGC.20190415.AP14.T10,NA,NA,NA,NA,NA,N,plant,submerged,FOANO,Fontinalis antipyretica Hedw. var. oregonensis Renauld & Cardot,NA,NA,NA,NA,Bryopsida,Isobryales,Fontinalaceae,Fontinalis,NA,antipyretica,var. oregonensis,NA,NA,Renauld & Cardot,cf. species,NA,variety,NA,NA,NA,NA,NA,20260113T222627Z,RELEASE-2026
5a2dd7fa-4838-4929-9d5f-c8d97895dd11,D17,BIGC,BIGC.AOS.aquatic.plant.transect.10,19,2019-04-15T21:28:00Z,BIGC.20190415,BIGC.20190415.AP15.T10,NA,NA,NA,NA,NA,N,plant,submerged,FOANA,Fontinalis antipyretica Hedw. var. antipyretica,NA,NA,NA,NA,Bryopsida,Isobryales,Fontinalaceae,Fontinalis,NA,antipyretica,var. antipyretica,NA,NA,Hedw.,NA,NA,variety,NA,NA,NA,NA,NA,20260113T222627Z,RELEASE-2026
8afe5aca-03f3-4ec0-adbb-92a59745a71b,D17,BIGC,BIGC.AOS.aquatic.plant.transect.10,3,2019-04-15T21:28:00Z,BIGC.20190415,BIGC.20190415.AP2.T10,NA,NA,NA,NA,NA,N,plant,submerged,CHPO14,Chiloscyphus polyanthos (L.) Corda,NA,NA,NA,NA,Hepaticopsida,Jungermanniales,Geocalycaceae,Chiloscyphus,NA,polyanthos,NA,NA,NA,(L.) Corda,NA,"Doyle, W. T. and Stotler, R. E. 2006. Contributions toward a Bryoflora of California III. Keys and Annotated Species Catalogue for Liverworts and Hornworts. Madrono 53 (2) 89-197.",species,NA,"David Kofranek Botany, LLC",2020-05-15T19:00:00Z,b42e1056-3200-48e7-940a-49842f726008,NA,20260113T222627Z,RELEASE-2026
3ec84b9d-0be7-40d5-863b-e0744c7256a3,D17,BIGC,BIGC.AOS.aquatic.plant.transect.10,18,2019-04-15T21:28:00Z,BIGC.20190415,BIGC.20190415.AP13.T10,NA,NA,NA,NA,NA,N,plant,submerged,CHPO14,Chiloscyphus polyanthos (L.) Corda,NA,NA,NA,NA,Hepaticopsida,Jungermanniales,Geocalycaceae,Chiloscyphus,NA,polyanthos,NA,NA,NA,(L.) Corda,NA,"Doyle, W. T. and Stotler, R. E. 2006. Contributions toward a Bryoflora of California III. Keys and Annotated Species Catalogue for Liverworts and Hornworts. Madrono 53 (2) 89-197.",species,NA,"David Kofranek Botany, LLC",2020-05-15T19:00:00Z,012a3422-fcec-4847-bdae-5666ebc0b46c,NA,20260113T222627Z,RELEASE-2026
8642a066-6de6-4c9d-a123-999f08108637,D17,BIGC,BIGC.AOS.aquatic.plant.transect.10,16,2019-04-15T21:28:00Z,BIGC.20190415,BIGC.20190415.AP9.T10,NA,NA,NA,NA,NA,N,plant,submerged,FOANA,Fontinalis antipyretica Hedw. var. antipyretica,NA,NA,NA,NA,Bryopsida,Isobryales,Fontinalaceae,Fontinalis,NA,antipyretica,var. antipyretica,NA,NA,Hedw.,NA,NA,variety,NA,NA,NA,NA,NA,20260113T222627Z,RELEASE-2026
782cfdd4-9a47-4847-b389-6a231a944dc9,D17,BIGC,BIGC.AOS.aquatic.plant.transect.10,17,2019-04-15T21:28:00Z,BIGC.20190415,BIGC.20190415.AP12.T10,NA,NA,NA,NA,NA,N,plant,submerged,FOANA,Fontinalis antipyretica Hedw. var. antipyretica,NA,NA,NA,NA,Bryopsida,Isobryales,Fontinalaceae,Fontinalis,NA,antipyretica,var. antipyretica,NA,NA,Hedw.,NA,NA,variety,NA,NA,NA,NA,NA,20260113T222627Z,RELEASE-2026
6b6c0513-adf1-4de4-895b-20205865e9e9,D17,BIGC,BIGC.AOS.aquatic.plant.transect.10,19,2019-04-15T21:28:00Z,BIGC.20190415,BIGC.20190415.AP16.T10,NA,NA,NA,NA,NA,N,plant,emergent,WOFI,Woodwardia fimbriata Sm.,NA,NA,Pteridophyta,NA,Filicopsida,Polypodiales,Blechnaceae,Woodwardia,NA,fimbriata,NA,NA,NA,Sm.,NA,NA,species,NA,NA,NA,NA,NA,20260113T222627Z,RELEASE-2026
b9322f0e-d9a8-42cc-a01b-25a7787c8c18,D17,BIGC,BIGC.AOS.aquatic.plant.transect.09,5,2019-04-15T21:41:00Z,BIGC.20190415,BIGC.20190415.AP7.T09,NA,NA,NA,NA,NA,N,plant,submerged,2PLANT,Unknown plant,PaulsLeafyLiverwort,Wide spatulate leaves Distillate leaves minutely lobed 3 to 5,NA,NA,NA,NA,NA,NA,NA,NA,NA,NA,NA,NA,NA,NA,kingdom,NA,NA,NA,NA,NA,20260113T222627Z,RELEASE-2026
dd412993-5b75-44d5-8fe6-538de7a4a853,D17,BIGC,BIGC.AOS.aquatic.plant.transect.09,1,2019-04-15T21:41:00Z,BIGC.20190415,BIGC.20190415.AP1.T09,NA,NA,NA,NA,NA,N,plant,submerged,POACEA,Poaceae sp.,NA,NA,Magnoliophyta,NA,Liliopsida,Cyperales,Poaceae,NA,NA,sp.,NA,NA,NA,NA,NA,NA,family,NA,NA,NA,NA,NA,20260113T222627Z,RELEASE-2026
092b911f-9a25-4c07-9355-2d8f03491c4d,D17,BIGC,BIGC.AOS.aquatic.plant.transect.09,8,2019-04-15T21:41:00Z,BIGC.20190415,BIGC.20190415.AP9.T09,NA,NA,NA,NA,NA,N,plant,submerged,FOANA,Fontinalis antipyretica Hedw. var. antipyretica,NA,NA,NA,NA,Bryopsida,Isobryales,Fontinalaceae,Fontinalis,NA,antipyretica,var. antipyretica,NA,NA,Hedw.,NA,NA,variety,NA,NA,NA,NA,NA,20260113T222627Z,RELEASE-2026
b2e2be41-3e01-4fd4-874e-116ccebf9625,D17,BIGC,BIGC.AOS.aquatic.plant.transect.09,3,2019-04-15T21:41:00Z,BIGC.20190415,BIGC.20190415.AP5.T09,NA,NA,NA,NA,NA,N,plant,submerged,CHPO14,Chiloscyphus polyanthos (L.) Corda,NA,NA,NA,NA,Hepaticopsida,Jungermanniales,Geocalycaceae,Chiloscyphus,NA,polyanthos,NA,NA,NA,(L.) Corda,NA,"Doyle, W. T. and Stotler, R. E. 2006. Contributions toward a Bryoflora of California III. Keys and Annotated Species Catalogue for Liverworts and Hornworts. Madrono 53 (2) 89-197.",species,NA,"David Kofranek Botany, LLC",2020-05-15T19:00:00Z,9cf04303-dad5-414f-9a9c-ae06997ffbe4,NA,20260113T222627Z,RELEASE-2026
1f131095-16bb-4930-a6bc-03b2526648ed,D17,BIGC,BIGC.AOS.aquatic.plant.transect.09,2,2019-04-15T21:41:00Z,BIGC.20190415,BIGC.20190415.AP2.T09,NA,NA,NA,NA,NA,N,plant,submerged,2PLANT,Unknown plant,PaulsLeafyLiverwort,Wide spatulate leaves Distillate leaves minutely lobed 3 to 5,NA,NA,NA,NA,NA,NA,NA,NA,NA,NA,NA,NA,NA,NA,kingdom,NA,NA,NA,NA,NA,20260113T222627Z,RELEASE-2026
7cd0cbd1-e3ba-49f8-8dfc-b6426e3cc2c7,D17,BIGC,BIGC.AOS.aquatic.plant.transect.09,2,2019-04-15T21:41:00Z,BIGC.20190415,BIGC.20190415.AP4.T09,NA,NA,NA,NA,NA,N,plant,submerged,FOANA,Fontinalis antipyretica Hedw. var. antipyretica,NA,NA,NA,NA,Bryopsida,Isobryales,Fontinalaceae,Fontinalis,NA,antipyretica,var. antipyretica,NA,NA,Hedw.,NA,NA,variety,NA,NA,NA,NA,NA,20260113T222627Z,RELEASE-2026
20b20ce9-ae28-4c7d-b762-446b2be2b53e,D17,BIGC,BIGC.AOS.aquatic.plant.transect.09,4,2019-04-15T21:41:00Z,BIGC.20190415,BIGC.20190415.AP6.T09,NA,NA,NA,NA,NA,N,plant,submerged,FOANA,Fontinalis antipyretica Hedw. var. antipyretica,NA,NA,NA,NA,Bryopsida,Isobryales,Fontinalaceae,Fontinalis,NA,antipyretica,var. antipyretica,NA,NA,Hedw.,NA,NA,variety,NA,NA,NA,NA,NA,20260113T222627Z,RELEASE-2026
a5a40a17-ab20-4798-af63-08abbf1648df,D17,BIGC,BIGC.AOS.aquatic.plant.transect.09,5,2019-04-15T21:41:00Z,BIGC.20190415,BIGC.20190415.AP8.T09,NA,NA,NA,NA,NA,N,plant,submerged,FOANA,Fontinalis antipyretica Hedw. var. antipyretica,NA,NA,NA,NA,Bryopsida,Isobryales,Fontinalaceae,Fontinalis,NA,antipyretica,var. antipyretica,NA,NA,Hedw.,NA,NA,variety,NA,NA,NA,NA,NA,20260113T222627Z,RELEASE-2026
28fd8dc8-0e8c-42de-b015-db0fe85b5529,D17,BIGC,BIGC.AOS.aquatic.plant.transect.09,2,2019-04-15T21:41:00Z,BIGC.20190415,BIGC.20190415.AP3.T09,NA,NA,NA,NA,NA,N,plant,submerged,2PLANT,Unknown plant,DangleRoots,Floating dangling roots in stream by bank. Pinately compound leaves alternate broadly obovate leaves,NA,NA,NA,NA,NA,NA,NA,NA,NA,NA,NA,NA,NA,NA,kingdom,NA,NA,NA,NA,NA,20260113T222627Z,RELEASE-2026
62e25df2-25da-4953-bcc5-be586c13d781,D17,BIGC,BIGC.AOS.aquatic.plant.transect.08,10,2019-04-15T21:55:00Z,BIGC.20190415,BIGC.20190415.AP9.T08,NA,NA,NA,NA,NA,N,plant,submerged,FOANA,Fontinalis antipyretica Hedw. var. antipyretica,NA,NA,NA,NA,Bryopsida,Isobryales,Fontinalaceae,Fontinalis,NA,antipyretica,var. antipyretica,NA,NA,Hedw.,NA,NA,variety,NA,NA,NA,NA,NA,20260113T222627Z,RELEASE-2026
202243ad-f660-433c-a9b7-975e6f69d99d,D17,BIGC,BIGC.AOS.aquatic.plant.transect.08,16,2019-04-15T21:55:00Z,BIGC.20190415,BIGC.20190415.AP19.T08,NA,NA,NA,NA,NA,N,plant,submerged,FOANA,Fontinalis antipyretica Hedw. var. antipyretica,NA,NA,NA,NA,Bryopsida,Isobryales,Fontinalaceae,Fontinalis,NA,antipyretica,var. antipyretica,NA,NA,Hedw.,NA,NA,variety,NA,NA,NA,NA,NA,20260113T222627Z,RELEASE-2026
565044b6-ecb8-4d83-be65-98853de14830,D17,BIGC,BIGC.AOS.aquatic.plant.transect.08,1,2019-04-15T21:55:00Z,BIGC.20190415,BIGC.20190415.AP1.T08,NA,NA,NA,NA,NA,N,plant,submerged,FOANA,Fontinalis antipyretica Hedw. var. antipyretica,NA,NA,NA,NA,Bryopsida,Isobryales,Fontinalaceae,Fontinalis,NA,antipyretica,var. antipyretica,NA,NA,Hedw.,NA,NA,variety,NA,NA,NA,NA,NA,20260113T222627Z,RELEASE-2026
56102b2c-3ebc-490a-a3d8-a703916f2f8d,D17,BIGC,BIGC.AOS.aquatic.plant.transect.08,4,2019-04-15T21:55:00Z,BIGC.20190415,BIGC.20190415.AP5.T08,NA,NA,NA,NA,NA,N,plant,submerged,CHPO14,Chiloscyphus polyanthos (L.) Corda,NA,NA,NA,NA,Hepaticopsida,Jungermanniales,Geocalycaceae,Chiloscyphus,NA,polyanthos,NA,NA,NA,(L.) Corda,NA,"Doyle, W. T. and Stotler, R. E. 2006. Contributions toward a Bryoflora of California III. Keys and Annotated Species Catalogue for Liverworts and Hornworts. Madrono 53 (2) 89-197.",species,NA,"David Kofranek Botany, LLC",2020-05-15T19:00:00Z,8a067668-6de6-475d-bc99-27a14baae3fc,NA,20260113T222627Z,RELEASE-2026
16596f2b-df37-4200-a637-dea608bbb0bc,D17,BIGC,BIGC.AOS.aquatic.plant.transect.08,13,2019-04-15T21:55:00Z,BIGC.20190415,BIGC.20190415.AP14.T08,NA,NA,NA,NA,NA,N,plant,submerged,CHPO14,Chiloscyphus polyanthos (L.) Corda,NA,NA,NA,NA,Hepaticopsida,Jungermanniales,Geocalycaceae,Chiloscyphus,NA,polyanthos,NA,NA,NA,(L.) Corda,NA,"Doyle, W. T. and Stotler, R. E. 2006. Contributions toward a Bryoflora of California III. Keys and Annotated Species Catalogue for Liverworts and Hornworts. Madrono 53 (2) 89-197.",species,NA,"David Kofranek Botany, LLC",2020-05-15T19:00:00Z,73e93a7e-1f7a-4e36-956e-809431820967,NA,20260113T222627Z,RELEASE-2026
3b9f53ee-1725-425b-bfc5-53cb33c1c6de,D17,BIGC,BIGC.AOS.aquatic.plant.transect.08,15,2019-04-15T21:55:00Z,BIGC.20190415,BIGC.20190415.AP18.T08,NA,NA,NA,NA,NA,N,plant,submerged,FOANA,Fontinalis antipyretica Hedw. var. antipyretica,NA,NA,NA,NA,Bryopsida,Isobryales,Fontinalaceae,Fontinalis,NA,antipyretica,var. antipyretica,NA,NA,Hedw.,NA,NA,variety,NA,NA,NA,NA,NA,20260113T222627Z,RELEASE-2026
82046d56-b4ab-4216-8da0-c1059b6cfde7,D17,BIGC,BIGC.AOS.aquatic.plant.transect.08,4,2019-04-15T21:55:00Z,BIGC.20190415,BIGC.20190415.AP4.T08,NA,NA,NA,NA,NA,N,plant,submerged,FOANA,Fontinalis antipyretica Hedw. var. antipyretica,NA,NA,NA,NA,Bryopsida,Isobryales,Fontinalaceae,Fontinalis,NA,antipyretica,var. antipyretica,NA,NA,Hedw.,NA,NA,variety,NA,NA,NA,NA,NA,20260113T222627Z,RELEASE-2026
350d6d85-39e7-4890-801b-310d3fbac7ae,D17,BIGC,BIGC.AOS.aquatic.plant.transect.08,17,2019-04-15T21:55:00Z,BIGC.20190415,BIGC.20190415.AP21.T08,NA,NA,NA,NA,NA,N,plant,submerged,FOANA,Fontinalis antipyretica Hedw. var. antipyretica,NA,NA,NA,NA,Bryopsida,Isobryales,Fontinalaceae,Fontinalis,NA,antipyretica,var. antipyretica,NA,NA,Hedw.,NA,NA,variety,NA,NA,NA,NA,NA,20260113T222627Z,RELEASE-2026
dfbdd790-1c41-423b-a4d7-af18bfad79b2,D17,BIGC,BIGC.AOS.aquatic.plant.transect.08,13,2019-04-15T21:55:00Z,BIGC.20190415,BIGC.20190415.AP15.T08,NA,NA,NA,NA,NA,N,plant,submerged,FOANA,Fontinalis antipyretica Hedw. var. antipyretica,NA,NA,NA,NA,Bryopsida,Isobryales,Fontinalaceae,Fontinalis,NA,antipyretica,var. antipyretica,NA,NA,Hedw.,NA,NA,variety,NA,NA,NA,NA,NA,20260113T222627Z,RELEASE-2026
fd0cffb5-6f1f-403e-9b65-3b2f60ac85c6,D17,BIGC,BIGC.AOS.aquatic.plant.transect.08,5,2019-04-15T21:55:00Z,BIGC.20190415,BIGC.20190415.AP6.T08,NA,NA,NA,NA,NA,N,plant,submerged,FOANA,Fontinalis antipyretica Hedw. var. antipyretica,NA,NA,NA,NA,Bryopsida,Isobryales,Fontinalaceae,Fontinalis,NA,antipyretica,var. antipyretica,NA,NA,Hedw.,NA,NA,variety,NA,NA,NA,NA,NA,20260113T222627Z,RELEASE-2026
424bad04-8d6e-4180-a943-6c3cbb2dc97c,D17,BIGC,BIGC.AOS.aquatic.plant.transect.08,3,2019-04-15T21:55:00Z,BIGC.20190415,BIGC.20190415.AP2.T08,NA,NA,NA,NA,NA,N,plant,submerged,CHPO14,Chiloscyphus polyanthos (L.) Corda,NA,NA,NA,NA,Hepaticopsida,Jungermanniales,Geocalycaceae,Chiloscyphus,NA,polyanthos,NA,NA,NA,(L.) Corda,NA,"Doyle, W. T. and Stotler, R. E. 2006. Contributions toward a Bryoflora of California III. Keys and Annotated Species Catalogue for Liverworts and Hornworts. Madrono 53 (2) 89-197.",species,NA,"David Kofranek Botany, LLC",2020-05-15T19:00:00Z,cb1b7a11-2cb6-4f32-8221-e3fd8159ca5c,NA,20260113T222627Z,RELEASE-2026
dfdc72b6-2bd3-4e3a-b30c-5a11287dcdb5,D17,BIGC,BIGC.AOS.aquatic.plant.transect.08,16,2019-04-15T21:55:00Z,BIGC.20190415,BIGC.20190415.AP20.T08,NA,NA,NA,NA,NA,N,plant,submerged,CHPO14,Chiloscyphus polyanthos (L.) Corda,NA,NA,NA,NA,Hepaticopsida,Jungermanniales,Geocalycaceae,Chiloscyphus,NA,polyanthos,NA,NA,NA,(L.) Corda,NA,"Doyle, W. T. and Stotler, R. E. 2006. Contributions toward a Bryoflora of California III. Keys and Annotated Species Catalogue for Liverworts and Hornworts. Madrono 53 (2) 89-197.",species,NA,"David Kofranek Botany, LLC",2020-05-15T19:00:00Z,3cfcbd17-6b61-4975-ad4a-9e74959d9a32,NA,20260113T222627Z,RELEASE-2026
d9f5e1eb-d4ef-49cf-8e9d-02e122e277a5,D17,BIGC,BIGC.AOS.aquatic.plant.transect.08,3,2019-04-15T21:55:00Z,BIGC.20190415,BIGC.20190415.AP3.T08,NA,NA,NA,NA,NA,N,plant,submerged,FOANA,Fontinalis antipyretica Hedw. var. antipyretica,NA,NA,NA,NA,Bryopsida,Isobryales,Fontinalaceae,Fontinalis,NA,antipyretica,var. antipyretica,NA,NA,Hedw.,NA,NA,variety,NA,NA,NA,NA,NA,20260113T222627Z,RELEASE-2026
526703c8-5304-45fc-a904-b30784ce9840,D17,BIGC,BIGC.AOS.aquatic.plant.transect.08,11,2019-04-15T21:55:00Z,BIGC.20190415,BIGC.20190415.AP12.T08,NA,NA,NA,NA,NA,N,plant,submerged,2PLANT,Unknown plant,DangleRoots,Floating dangling roots in stream by bank. Pinately compound leaves alternate broadly obovate leaves,NA,NA,NA,NA,NA,NA,NA,NA,NA,NA,NA,NA,NA,NA,kingdom,NA,NA,NA,NA,NA,20260113T222627Z,RELEASE-2026
fc18e75a-9d21-486d-a35f-989f00ad768e,D17,BIGC,BIGC.AOS.aquatic.plant.transect.08,12,2019-04-15T21:55:00Z,BIGC.20190415,BIGC.20190415.AP13.T08,NA,NA,NA,NA,NA,N,plant,submerged,CHPO14,Chiloscyphus polyanthos (L.) Corda,NA,NA,NA,NA,Hepaticopsida,Jungermanniales,Geocalycaceae,Chiloscyphus,NA,polyanthos,NA,NA,NA,(L.) Corda,NA,"Doyle, W. T. and Stotler, R. E. 2006. Contributions toward a Bryoflora of California III. Keys and Annotated Species Catalogue for Liverworts and Hornworts. Madrono 53 (2) 89-197.",species,NA,"David Kofranek Botany, LLC",2020-05-15T19:00:00Z,4daf2f43-3109-4566-95e0-9053b4c145d8,NA,20260113T222627Z,RELEASE-2026
830f35b2-809a-40af-94da-ede028d548c8,D17,BIGC,BIGC.AOS.aquatic.plant.transect.08,14,2019-04-15T21:55:00Z,BIGC.20190415,BIGC.20190415.AP17.T08,NA,NA,NA,NA,NA,N,plant,submerged,CHPO14,Chiloscyphus polyanthos (L.) Corda,NA,NA,NA,NA,Hepaticopsida,Jungermanniales,Geocalycaceae,Chiloscyphus,NA,polyanthos,NA,NA,NA,(L.) Corda,NA,"Doyle, W. T. and Stotler, R. E. 2006. Contributions toward a Bryoflora of California III. Keys and Annotated Species Catalogue for Liverworts and Hornworts. Madrono 53 (2) 89-197.",species,NA,"David Kofranek Botany, LLC",2020-05-15T19:00:00Z,02fc52ae-878b-4ddc-a4dc-58096d08a970,NA,20260113T222627Z,RELEASE-2026
296ed4d1-ea67-4b5f-8a5f-9dc848f047ab,D17,BIGC,BIGC.AOS.aquatic.plant.transect.08,11,2019-04-15T21:55:00Z,BIGC.20190415,BIGC.20190415.AP11.T08,NA,NA,NA,NA,NA,N,plant,submerged,CHPO14,Chiloscyphus polyanthos (L.) Corda,NA,NA,NA,NA,Hepaticopsida,Jungermanniales,Geocalycaceae,Chiloscyphus,NA,polyanthos,NA,NA,NA,(L.) Corda,NA,"Doyle, W. T. and Stotler, R. E. 2006. Contributions toward a Bryoflora of California III. Keys and Annotated Species Catalogue for Liverworts and Hornworts. Madrono 53 (2) 89-197.",species,NA,"David Kofranek Botany, LLC",2020-05-15T19:00:00Z,cd5b67df-35d3-4892-b77c-34e962d3d809,NA,20260113T222627Z,RELEASE-2026
877bdd36-a83a-473a-ad46-b10fc875b078,D17,BIGC,BIGC.AOS.aquatic.plant.transect.08,10,2019-04-15T21:55:00Z,BIGC.20190415,BIGC.20190415.AP10.T08,NA,NA,NA,NA,NA,N,plant,submerged,CHPO14,Chiloscyphus polyanthos (L.) Corda,NA,NA,NA,NA,Hepaticopsida,Jungermanniales,Geocalycaceae,Chiloscyphus,NA,polyanthos,NA,NA,NA,(L.) Corda,NA,"Doyle, W. T. and Stotler, R. E. 2006. Contributions toward a Bryoflora of California III. Keys and Annotated Species Catalogue for Liverworts and Hornworts. Madrono 53 (2) 89-197.",species,NA,"David Kofranek Botany, LLC",2020-05-15T19:00:00Z,5bd7ca7a-9542-4d47-90cd-545afd2cb050,NA,20260113T222627Z,RELEASE-2026
b49358bd-1576-42c3-ab50-40a7d913d285,D17,BIGC,BIGC.AOS.aquatic.plant.transect.08,9,2019-04-15T21:55:00Z,BIGC.20190415,BIGC.20190415.AP8.T08,NA,NA,NA,NA,NA,N,plant,submerged,FOANA,Fontinalis antipyretica Hedw. var. antipyretica,NA,NA,NA,NA,Bryopsida,Isobryales,Fontinalaceae,Fontinalis,NA,antipyretica,var. antipyretica,NA,NA,Hedw.,NA,NA,variety,NA,NA,NA,NA,NA,20260113T222627Z,RELEASE-2026
fcb2f926-da65-4ceb-aa3c-9e16030049cc,D17,BIGC,BIGC.AOS.aquatic.plant.transect.08,6,2019-04-15T21:55:00Z,BIGC.20190415,BIGC.20190415.AP7.T08,NA,NA,NA,NA,NA,N,plant,submerged,FOANA,Fontinalis antipyretica Hedw. var. antipyretica,NA,NA,NA,NA,Bryopsida,Isobryales,Fontinalaceae,Fontinalis,NA,antipyretica,var. antipyretica,NA,NA,Hedw.,NA,NA,variety,NA,NA,NA,NA,NA,20260113T222627Z,RELEASE-2026
50bd5203-3aba-4520-8cfa-1222293773d1,D17,BIGC,BIGC.AOS.aquatic.plant.transect.08,14,2019-04-15T21:55:00Z,BIGC.20190415,BIGC.20190415.AP16.T08,NA,NA,NA,NA,NA,N,plant,submerged,FOANA,Fontinalis antipyretica Hedw. var. antipyretica,NA,NA,NA,NA,Bryopsida,Isobryales,Fontinalaceae,Fontinalis,NA,antipyretica,var. antipyretica,NA,NA,Hedw.,NA,NA,variety,NA,NA,NA,NA,NA,20260113T222627Z,RELEASE-2026
a13597c2-7979-42c9-9af4-30be8f7f6caf,D17,BIGC,BIGC.AOS.aquatic.plant.transect.02,1,2019-07-16T17:09:00Z,BIGC.20190716,BIGC.20190716.LILCEDAR.T2,NA,NA,NA,NA,NA,N,plant,emergent,2PLANT,Unknown plant,Lilcedar,"Light green 'spikelet' , increasing number of spikes around stem approaching the base of stem up to 5-6, rooted in Sandy/pebbly substrate, erect, dark thick roots with lighter brown fibers, roots longer than stalk",NA,NA,NA,NA,NA,NA,NA,NA,NA,NA,NA,NA,NA,NA,kingdom,NA,NA,NA,NA,NA,20260113T222809Z,RELEASE-2026
0583a868-23c4-4457-b5ca-ce886eb7ebe5,D17,BIGC,BIGC.AOS.aquatic.plant.transect.02,4,2019-07-16T17:09:00Z,BIGC.20190716,BIGC.20190716.AP2.T02,NA,NA,NA,NA,NA,N,plant,submerged,CHPO14,Chiloscyphus polyanthos (L.) Corda,NA,NA,NA,NA,Hepaticopsida,Jungermanniales,Geocalycaceae,Chiloscyphus,NA,polyanthos,NA,NA,NA,(L.) Corda,NA,"Doyle, W. T. and Stotler, R. E. 2006. Contributions toward a Bryoflora of California III. Keys and Annotated Species Catalogue for Liverworts and Hornworts. Madrono 53 (2) 89-197.",species,NA,"David Kofranek Botany, LLC",2020-05-15T19:00:00Z,84e48934-fcbb-486c-8042-6f8d5e1b0849,NA,20260113T222809Z,RELEASE-2026
ac5dcd50-bf00-41d9-b96e-1b44342e9eca,D17,BIGC,BIGC.AOS.aquatic.plant.transect.02,16,2019-07-16T17:09:00Z,BIGC.20190716,BIGC.20190716.AP5.T02,NA,NA,NA,NA,NA,N,plant,submerged,CHPO14,Chiloscyphus polyanthos (L.) Corda,NA,NA,NA,NA,Hepaticopsida,Jungermanniales,Geocalycaceae,Chiloscyphus,NA,polyanthos,NA,NA,NA,(L.) Corda,NA,"Doyle, W. T. and Stotler, R. E. 2006. Contributions toward a Bryoflora of California III. Keys and Annotated Species Catalogue for Liverworts and Hornworts. Madrono 53 (2) 89-197.",species,NA,"David Kofranek Botany, LLC",2020-05-15T19:00:00Z,fe0807dc-0127-43a7-9001-78d1da402b13,NA,20260113T222809Z,RELEASE-2026
bc0ed7f9-5991-4bd4-9827-a001e79ae210,D17,BIGC,BIGC.AOS.aquatic.plant.transect.02,10,2019-07-16T17:09:00Z,BIGC.20190716,BIGC.20190716.AP3.T02,NA,NA,NA,NA,NA,N,plant,submerged,CHPO14,Chiloscyphus polyanthos (L.) Corda,NA,NA,NA,NA,Hepaticopsida,Jungermanniales,Geocalycaceae,Chiloscyphus,NA,polyanthos,NA,NA,NA,(L.) Corda,NA,"Doyle, W. T. and Stotler, R. E. 2006. Contributions toward a Bryoflora of California III. Keys and Annotated Species Catalogue for Liverworts and Hornworts. Madrono 53 (2) 89-197.",species,NA,"David Kofranek Botany, LLC",2020-05-15T19:00:00Z,4b3986ac-0aa0-4c1c-b3fb-2133b3378123,NA,20260113T222809Z,RELEASE-2026
75374bc3-7ee8-45d3-9641-f6db08c0f98a,D17,BIGC,BIGC.AOS.aquatic.plant.transect.02,18,2019-07-16T17:09:00Z,BIGC.20190716,BIGC.20190716.AP6.T02,NA,NA,NA,NA,NA,N,plant,submerged,CHPO14,Chiloscyphus polyanthos (L.) Corda,NA,NA,NA,NA,Hepaticopsida,Jungermanniales,Geocalycaceae,Chiloscyphus,NA,polyanthos,NA,NA,NA,(L.) Corda,NA,"Doyle, W. T. and Stotler, R. E. 2006. Contributions toward a Bryoflora of California III. Keys and Annotated Species Catalogue for Liverworts and Hornworts. Madrono 53 (2) 89-197.",species,NA,"David Kofranek Botany, LLC",2020-05-15T19:00:00Z,09785973-f8a6-4e46-b27e-f0620b6aea73,NA,20260113T222809Z,RELEASE-2026
2cbf711a-ffbf-439e-9961-1c08c56949d7,D17,BIGC,BIGC.AOS.aquatic.plant.transect.02,12,2019-07-16T17:09:00Z,BIGC.20190716,BIGC.20190716.AP4.T02,NA,NA,NA,NA,NA,N,plant,submerged,CHPO14,Chiloscyphus polyanthos (L.) Corda,NA,NA,NA,NA,Hepaticopsida,Jungermanniales,Geocalycaceae,Chiloscyphus,NA,polyanthos,NA,NA,NA,(L.) Corda,NA,"Doyle, W. T. and Stotler, R. E. 2006. Contributions toward a Bryoflora of California III. Keys and Annotated Species Catalogue for Liverworts and Hornworts. Madrono 53 (2) 89-197.",species,NA,"David Kofranek Botany, LLC",2020-05-15T19:00:00Z,6ac1432a-f917-416d-9049-d433c9e687b0,NA,20260113T222809Z,RELEASE-2026
331f49cb-eb4b-486d-8076-079c389de571,D17,BIGC,BIGC.AOS.aquatic.plant.transect.03,8,2019-07-16T18:20:00Z,BIGC.20190716,BIGC.20190716.AP3.T03,NA,NA,NA,NA,NA,N,plant,submerged,CHPO14,Chiloscyphus polyanthos (L.) Corda,NA,NA,NA,NA,Hepaticopsida,Jungermanniales,Geocalycaceae,Chiloscyphus,NA,polyanthos,NA,NA,NA,(L.) Corda,NA,"Doyle, W. T. and Stotler, R. E. 2006. Contributions toward a Bryoflora of California III. Keys and Annotated Species Catalogue for Liverworts and Hornworts. Madrono 53 (2) 89-197.",species,NA,"David Kofranek Botany, LLC",2020-05-15T19:00:00Z,886b50bb-0113-4c66-8914-fed091f7e881,NA,20260113T222809Z,RELEASE-2026
e752d43f-0f80-43d9-bd4b-a2c0dc9232c5,D17,BIGC,BIGC.AOS.aquatic.plant.transect.03,18,2019-07-16T18:20:00Z,BIGC.20190716,BIGC.20190716.AP4.T03,NA,NA,NA,NA,NA,N,plant,submerged,CHPO14,Chiloscyphus polyanthos (L.) Corda,NA,NA,NA,NA,Hepaticopsida,Jungermanniales,Geocalycaceae,Chiloscyphus,NA,polyanthos,NA,NA,NA,(L.) Corda,NA,"Doyle, W. T. and Stotler, R. E. 2006. Contributions toward a Bryoflora of California III. Keys and Annotated Species Catalogue for Liverworts and Hornworts. Madrono 53 (2) 89-197.",species,NA,"David Kofranek Botany, LLC",2020-05-15T19:00:00Z,c05996f4-4cbf-4a1e-89be-65649afc9ba3,NA,20260113T222809Z,RELEASE-2026
33e92982-4bb2-491c-9aa7-4ef34abae451,D17,BIGC,BIGC.AOS.aquatic.plant.transect.03,5,2019-07-16T18:20:00Z,BIGC.20190716,BIGC.20190716.AP2.T03,NA,NA,NA,NA,NA,N,plant,submerged,CHPO14,Chiloscyphus polyanthos (L.) Corda,NA,NA,NA,NA,Hepaticopsida,Jungermanniales,Geocalycaceae,Chiloscyphus,NA,polyanthos,NA,NA,NA,(L.) Corda,NA,"Doyle, W. T. and Stotler, R. E. 2006. Contributions toward a Bryoflora of California III. Keys and Annotated Species Catalogue for Liverworts and Hornworts. Madrono 53 (2) 89-197.",species,NA,"David Kofranek Botany, LLC",2020-05-15T19:00:00Z,f92542b8-c172-457f-b1e6-fe96357a27cf,NA,20260113T222809Z,RELEASE-2026
10f7e30a-f7a9-4815-b4a7-6e3b7acb36f2,D17,BIGC,BIGC.AOS.aquatic.plant.transect.03,4,2019-07-16T18:20:00Z,BIGC.20190716,BIGC.20190716.AP1.T03,NA,NA,NA,NA,NA,N,plant,submerged,CHPO14,Chiloscyphus polyanthos (L.) Corda,NA,NA,NA,NA,Hepaticopsida,Jungermanniales,Geocalycaceae,Chiloscyphus,NA,polyanthos,NA,NA,NA,(L.) Corda,NA,"Doyle, W. T. and Stotler, R. E. 2006. Contributions toward a Bryoflora of California III. Keys and Annotated Species Catalogue for Liverworts and Hornworts. Madrono 53 (2) 89-197.",species,NA,"David Kofranek Botany, LLC",2020-05-15T19:00:00Z,5a8735d8-b2ab-4bb9-8fb1-909556ed208f,NA,20260113T222809Z,RELEASE-2026
28f02d04-688e-40a9-8f86-c42deca85cce,D17,BIGC,BIGC.AOS.aquatic.plant.transect.05,19,2019-07-16T19:26:00Z,BIGC.20190716,BIGC.20190716.AP1.T05,NA,NA,NA,NA,NA,N,plant,submerged,FOANA,Fontinalis antipyretica Hedw. var. antipyretica,NA,NA,NA,NA,Bryopsida,Isobryales,Fontinalaceae,Fontinalis,NA,antipyretica,var. antipyretica,NA,NA,Hedw.,NA,NA,variety,NA,NA,NA,NA,NA,20260113T222809Z,RELEASE-2026
f5e495f9-4cf8-4140-89cf-dc0fa52f39a2,D17,BIGC,BIGC.AOS.aquatic.plant.transect.06,4,2019-07-16T19:43:00Z,BIGC.20190716,BIGC.20190716.AP2.T06,NA,NA,NA,NA,NA,N,plant,emergent,2PLANT,Unknown plant,RiverRush,Tall erect and spikey florets underneath top spike,NA,NA,NA,NA,NA,NA,NA,NA,NA,NA,NA,NA,NA,NA,kingdom,NA,NA,NA,NA,NA,20260113T222809Z,RELEASE-2026
285b8c01-65f9-4614-af78-f267844f1feb,D17,BIGC,BIGC.AOS.aquatic.plant.transect.06,13,2019-07-16T19:43:00Z,BIGC.20190716,BIGC.20190716.MACROALGAE13.T6,NA,NA,NA,NA,NA,Y,macroalgae,submerged,NA,NA,macroalgae13.20190716.T6,NA,NA,NA,NA,NA,NA,NA,NA,NA,NA,NA,NA,NA,NA,NA,NA,NA,NA,NA,NA,NA,20260113T222809Z,RELEASE-2026
c3f79ba7-b1e7-40a4-bcc9-4c8f22e24695,D17,BIGC,BIGC.AOS.aquatic.plant.transect.06,10,2019-07-16T19:43:00Z,BIGC.20190716,BIGC.20190716.AP3.T06,NA,NA,NA,NA,NA,N,plant,submerged,FOANA,Fontinalis antipyretica Hedw. var. antipyretica,NA,NA,NA,NA,Bryopsida,Isobryales,Fontinalaceae,Fontinalis,NA,antipyretica,var. antipyretica,NA,NA,Hedw.,NA,NA,variety,NA,NA,NA,NA,NA,20260113T222809Z,RELEASE-2026
cd5513f1-378f-418f-803b-0228632d1295,D17,BIGC,BIGC.AOS.aquatic.plant.transect.06,11,2019-07-16T19:43:00Z,BIGC.20190716,BIGC.20190716.AP4.T06,NA,NA,NA,NA,NA,N,plant,submerged,FOANA,Fontinalis antipyretica Hedw. var. antipyretica,NA,NA,NA,NA,Bryopsida,Isobryales,Fontinalaceae,Fontinalis,NA,antipyretica,var. antipyretica,NA,NA,Hedw.,NA,NA,variety,NA,NA,NA,NA,NA,20260113T222809Z,RELEASE-2026
00e14d7c-8fe7-4177-89a8-ef25aba497eb,D17,BIGC,BIGC.AOS.aquatic.plant.transect.06,3,2019-07-16T19:43:00Z,BIGC.20190716,BIGC.20190716.RIVERRUSH.T6,NA,NA,NA,NA,NA,N,plant,emergent,2PLANT,Unknown plant,RiverRush,Tall erect and spikey florets underneath top spike,NA,NA,NA,NA,NA,NA,NA,NA,NA,NA,NA,NA,NA,NA,kingdom,NA,NA,NA,NA,NA,20260113T222809Z,RELEASE-2026
26408907-5bbb-48bb-9f2e-d4cdb2daf4d1,D17,BIGC,BIGC.AOS.aquatic.plant.transect.07,4,2019-07-16T20:33:00Z,BIGC.20190716,BIGC.20190716.AP4.T07,NA,NA,NA,NA,NA,N,plant,emergent,2PLANT,Unknown plant,DangleRoots,Floating dangling roots in stream by bank. Pinately compound leaves alternate broadly obovate leaves,NA,NA,NA,NA,NA,NA,NA,NA,NA,NA,NA,NA,NA,NA,kingdom,NA,NA,NA,NA,NA,20260113T222809Z,RELEASE-2026
2113be48-9c69-4747-94ee-2599767110cf,D17,BIGC,BIGC.AOS.aquatic.plant.transect.07,2,2019-07-16T20:33:00Z,BIGC.20190716,BIGC.20190716.AP2.T07,NA,NA,NA,NA,NA,N,plant,emergent,2PLANT,Unknown plant,Westernpanicum,Infl panicle Teeny tiny florets awns=florets Ligule papery and large Glabrous,NA,NA,NA,NA,NA,NA,NA,NA,NA,NA,NA,NA,NA,NA,kingdom,NA,NA,NA,NA,NA,20260113T222809Z,RELEASE-2026
f294b103-e56d-45d3-94f7-11406f1733e1,D17,BIGC,BIGC.AOS.aquatic.plant.transect.07,19,2019-07-16T20:33:00Z,BIGC.20190716,BIGC.20190716.STRAWBLANTRO.T7,NA,NA,NA,NA,NA,N,plant,emergent,2PLANT,Unknown plant,Strawblantro,Succulent hollow stems many branches infl umbel stamens exserted lfs pinnately compound,NA,NA,NA,NA,NA,NA,NA,NA,NA,NA,NA,NA,NA,NA,kingdom,NA,NA,NA,NA,NA,20260113T222809Z,RELEASE-2026
13a9fc0c-4d60-4660-a668-e9e2ffef79c4,D17,BIGC,BIGC.AOS.aquatic.plant.transect.07,20,2019-07-16T20:33:00Z,BIGC.20190716,BIGC.20190716.AP9.T07,NA,NA,NA,NA,NA,N,plant,emergent,2PLANT,Unknown plant,Lilcedar,"Light green 'spikelet' , increasing number of spikes around stem approaching the base of stem up to 5-6, rooted in Sandy/pebbly substrate, erect, dark thick roots with lighter brown fibers, roots longer than stalk",NA,NA,NA,NA,NA,NA,NA,NA,NA,NA,NA,NA,NA,NA,kingdom,NA,NA,NA,NA,NA,20260113T222809Z,RELEASE-2026
3c1b85c9-33d2-496c-b22a-bbd0b18df325,D17,BIGC,BIGC.AOS.aquatic.plant.transect.07,5,2019-07-16T20:33:00Z,BIGC.20190716,BIGC.20190716.AP5.T07,NA,NA,NA,NA,NA,N,plant,submerged,FOANA,Fontinalis antipyretica Hedw. var. antipyretica,NA,NA,NA,NA,Bryopsida,Isobryales,Fontinalaceae,Fontinalis,NA,antipyretica,var. antipyretica,NA,NA,Hedw.,NA,NA,variety,NA,NA,NA,NA,NA,20260113T222809Z,RELEASE-2026
f5e5f696-770f-404d-b1d9-b391fbc5de57,D17,BIGC,BIGC.AOS.aquatic.plant.transect.07,1,2019-07-16T20:33:00Z,BIGC.20190716,BIGC.20190716.WESTERNPANICUM.T7,NA,NA,NA,NA,NA,N,plant,emergent,2PLANT,Unknown plant,Westernpanicum,Infl panicle Teeny tiny florets awns=florets Ligule papery and large Glabrous,NA,NA,NA,NA,NA,NA,NA,NA,NA,NA,NA,NA,NA,NA,kingdom,NA,NA,NA,NA,NA,20260113T222809Z,RELEASE-2026
a41add1c-8b2f-4d76-a112-48e84d616ea9,D17,BIGC,BIGC.AOS.aquatic.plant.transect.07,3,2019-07-16T20:33:00Z,BIGC.20190716,BIGC.20190716.AP3.T07,NA,NA,NA,NA,NA,N,plant,submerged,FOANA,Fontinalis antipyretica Hedw. var. antipyretica,NA,NA,NA,NA,Bryopsida,Isobryales,Fontinalaceae,Fontinalis,NA,antipyretica,var. antipyretica,NA,NA,Hedw.,NA,NA,variety,NA,NA,NA,NA,NA,20260113T222809Z,RELEASE-2026
a28dbb20-c1e8-4ae5-9aff-01337d8b9a02,D17,BIGC,BIGC.AOS.aquatic.plant.transect.07,17,2019-07-16T20:33:00Z,BIGC.20190716,BIGC.20190716.AP7.T07,NA,NA,NA,NA,NA,N,plant,submerged,CHPO14,Chiloscyphus polyanthos (L.) Corda,NA,NA,NA,NA,Hepaticopsida,Jungermanniales,Geocalycaceae,Chiloscyphus,NA,polyanthos,NA,NA,NA,(L.) Corda,NA,"Doyle, W. T. and Stotler, R. E. 2006. Contributions toward a Bryoflora of California III. Keys and Annotated Species Catalogue for Liverworts and Hornworts. Madrono 53 (2) 89-197.",species,NA,"David Kofranek Botany, LLC",2020-05-15T19:00:00Z,7006a085-2117-4596-9c1c-a2a9bf5b87fb,NA,20260113T222809Z,RELEASE-2026
7241337f-6c96-44ad-930a-0647c8f99776,D17,BIGC,BIGC.AOS.aquatic.plant.transect.07,9,2019-07-16T20:33:00Z,BIGC.20190716,BIGC.20190716.AP6.T07,NA,NA,NA,NA,NA,N,plant,submerged,FOANA,Fontinalis antipyretica Hedw. var. antipyretica,NA,NA,NA,NA,Bryopsida,Isobryales,Fontinalaceae,Fontinalis,NA,antipyretica,var. antipyretica,NA,NA,Hedw.,NA,NA,variety,NA,NA,NA,NA,NA,20260113T222809Z,RELEASE-2026
f5cdb0e0-9bd0-4200-b838-746365ecf7c9,D17,BIGC,BIGC.AOS.aquatic.plant.transect.08,13,2019-07-16T21:51:00Z,BIGC.20190716,BIGC.20190716.AP5.T08,NA,NA,NA,NA,NA,N,plant,submerged,FOANA,Fontinalis antipyretica Hedw. var. antipyretica,NA,NA,NA,NA,Bryopsida,Isobryales,Fontinalaceae,Fontinalis,NA,antipyretica,var. antipyretica,NA,NA,Hedw.,NA,NA,variety,NA,NA,NA,NA,NA,20260113T222809Z,RELEASE-2026
94692d15-8b07-469d-934b-4beccb15b63a,D17,BIGC,BIGC.AOS.aquatic.plant.transect.08,4,2019-07-16T21:51:00Z,BIGC.20190716,BIGC.20190716.AP1.T08,NA,NA,NA,NA,NA,N,plant,submerged,CHPO14,Chiloscyphus polyanthos (L.) Corda,NA,NA,NA,NA,Hepaticopsida,Jungermanniales,Geocalycaceae,Chiloscyphus,NA,polyanthos,NA,NA,NA,(L.) Corda,NA,"Doyle, W. T. and Stotler, R. E. 2006. Contributions toward a Bryoflora of California III. Keys and Annotated Species Catalogue for Liverworts and Hornworts. Madrono 53 (2) 89-197.",species,NA,"David Kofranek Botany, LLC",2020-05-15T19:00:00Z,31d51aca-f0b5-42ab-8630-e9a6cdbcb990,NA,20260113T222809Z,RELEASE-2026
1c09bbb9-87f2-4b0c-9ba8-a09c907c1515,D17,BIGC,BIGC.AOS.aquatic.plant.transect.08,7,2019-07-16T21:51:00Z,BIGC.20190716,BIGC.20190716.AP4.T08,NA,NA,NA,NA,NA,N,plant,submerged,CHPO14,Chiloscyphus polyanthos (L.) Corda,NA,NA,NA,NA,Hepaticopsida,Jungermanniales,Geocalycaceae,Chiloscyphus,NA,polyanthos,NA,NA,NA,(L.) Corda,NA,"Doyle, W. T. and Stotler, R. E. 2006. Contributions toward a Bryoflora of California III. Keys and Annotated Species Catalogue for Liverworts and Hornworts. Madrono 53 (2) 89-197.",species,NA,"David Kofranek Botany, LLC",2020-05-15T19:00:00Z,db44d4c1-cff7-4dbc-a315-ec88c8e026fc,NA,20260113T222809Z,RELEASE-2026
d07ae060-132f-4e5a-9271-c23049078b37,D17,BIGC,BIGC.AOS.aquatic.plant.transect.08,17,2019-07-16T21:51:00Z,BIGC.20190716,BIGC.20190716.AP8.T08,NA,NA,NA,NA,NA,N,plant,submerged,FOANA,Fontinalis antipyretica Hedw. var. antipyretica,NA,NA,NA,NA,Bryopsida,Isobryales,Fontinalaceae,Fontinalis,NA,antipyretica,var. antipyretica,NA,NA,Hedw.,NA,NA,variety,NA,NA,NA,NA,NA,20260113T222809Z,RELEASE-2026
b5f541a2-c514-416d-a26a-0cb7cee98cfa,D17,BIGC,BIGC.AOS.aquatic.plant.transect.08,6,2019-07-16T21:51:00Z,BIGC.20190716,BIGC.20190716.AP3.T08,NA,NA,NA,NA,NA,N,plant,submerged,CHPO14,Chiloscyphus polyanthos (L.) Corda,NA,NA,NA,NA,Hepaticopsida,Jungermanniales,Geocalycaceae,Chiloscyphus,NA,polyanthos,NA,NA,NA,(L.) Corda,NA,"Doyle, W. T. and Stotler, R. E. 2006. Contributions toward a Bryoflora of California III. Keys and Annotated Species Catalogue for Liverworts and Hornworts. Madrono 53 (2) 89-197.",species,NA,"David Kofranek Botany, LLC",2020-05-15T19:00:00Z,fef1a7af-86f0-40d3-be19-73e129fe30e1,NA,20260113T222809Z,RELEASE-2026
42fa8779-4204-40f5-8784-2c158289de4a,D17,BIGC,BIGC.AOS.aquatic.plant.transect.08,14,2019-07-16T21:51:00Z,BIGC.20190716,BIGC.20190716.AP6.T08,NA,NA,NA,NA,NA,N,plant,emergent,FOANA,Fontinalis antipyretica Hedw. var. antipyretica,NA,NA,NA,NA,Bryopsida,Isobryales,Fontinalaceae,Fontinalis,NA,antipyretica,var. antipyretica,NA,NA,Hedw.,NA,NA,variety,NA,NA,NA,NA,NA,20260113T222809Z,RELEASE-2026
af96b31d-28a2-4410-9419-e8de98b7c54e,D17,BIGC,BIGC.AOS.aquatic.plant.transect.08,15,2019-07-16T21:51:00Z,BIGC.20190716,BIGC.20190716.AP7.T08,NA,NA,NA,NA,NA,N,plant,submerged,FOANA,Fontinalis antipyretica Hedw. var. antipyretica,NA,NA,NA,NA,Bryopsida,Isobryales,Fontinalaceae,Fontinalis,NA,antipyretica,var. antipyretica,NA,NA,Hedw.,NA,NA,variety,NA,NA,NA,NA,NA,20260113T222809Z,RELEASE-2026
8b83e6b5-d18a-4e9f-b238-8776bdae0f7c,D17,BIGC,BIGC.AOS.aquatic.plant.transect.08,5,2019-07-16T21:51:00Z,BIGC.20190716,BIGC.20190716.AP2.T08,NA,NA,NA,NA,NA,N,plant,submerged,CHPO14,Chiloscyphus polyanthos (L.) Corda,NA,NA,NA,NA,Hepaticopsida,Jungermanniales,Geocalycaceae,Chiloscyphus,NA,polyanthos,NA,NA,NA,(L.) Corda,NA,"Doyle, W. T. and Stotler, R. E. 2006. Contributions toward a Bryoflora of California III. Keys and Annotated Species Catalogue for Liverworts and Hornworts. Madrono 53 (2) 89-197.",species,NA,"David Kofranek Botany, LLC",2020-05-15T19:00:00Z,15d5310e-508a-412a-bf80-4ccf2d6dbb4d,NA,20260113T222809Z,RELEASE-2026
82c17435-def2-4683-a33d-1fa1227c6355,D17,BIGC,BIGC.AOS.aquatic.plant.transect.09,9,2019-07-16T22:26:00Z,BIGC.20190716,BIGC.20190716.AP8.T09,NA,NA,NA,NA,NA,N,plant,submerged,FOANA,Fontinalis antipyretica Hedw. var. antipyretica,NA,NA,NA,NA,Bryopsida,Isobryales,Fontinalaceae,Fontinalis,NA,antipyretica,var. antipyretica,NA,NA,Hedw.,NA,NA,variety,NA,NA,NA,NA,NA,20260113T222809Z,RELEASE-2026
12529515-5868-47fd-a756-6da8ada7083f,D17,BIGC,BIGC.AOS.aquatic.plant.transect.09,3,2019-07-16T22:26:00Z,BIGC.20190716,BIGC.20190716.AP2.T09,NA,NA,NA,NA,NA,N,plant,submerged,FOANA,Fontinalis antipyretica Hedw. var. antipyretica,NA,NA,NA,NA,Bryopsida,Isobryales,Fontinalaceae,Fontinalis,NA,antipyretica,var. antipyretica,NA,NA,Hedw.,NA,NA,variety,NA,NA,NA,NA,NA,20260113T222809Z,RELEASE-2026
576c9ba4-7d94-4ba9-a2d6-afa81e8229dc,D17,BIGC,BIGC.AOS.aquatic.plant.transect.09,1,2019-07-16T22:26:00Z,BIGC.20190716,BIGC.20190716.AP1.T09,NA,NA,NA,NA,NA,N,plant,submerged,CHPO14,Chiloscyphus polyanthos (L.) Corda,NA,NA,NA,NA,Hepaticopsida,Jungermanniales,Geocalycaceae,Chiloscyphus,NA,polyanthos,NA,NA,NA,(L.) Corda,NA,"Doyle, W. T. and Stotler, R. E. 2006. Contributions toward a Bryoflora of California III. Keys and Annotated Species Catalogue for Liverworts and Hornworts. Madrono 53 (2) 89-197.",species,NA,"David Kofranek Botany, LLC",2020-05-15T19:00:00Z,e1c61740-d0ee-421f-b96c-291a344c653b,NA,20260113T222809Z,RELEASE-2026
328fd979-7bed-4dc0-b1bb-a47a6dc39869,D17,BIGC,BIGC.AOS.aquatic.plant.transect.09,6,2019-07-16T22:26:00Z,BIGC.20190716,BIGC.20190716.AP5.T09,NA,NA,NA,NA,NA,N,plant,submerged,FOANA,Fontinalis antipyretica Hedw. var. antipyretica,NA,NA,NA,NA,Bryopsida,Isobryales,Fontinalaceae,Fontinalis,NA,antipyretica,var. antipyretica,NA,NA,Hedw.,NA,NA,variety,NA,NA,NA,NA,NA,20260113T222809Z,RELEASE-2026
68f71860-a974-4964-a3cc-8c06aba62816,D17,BIGC,BIGC.AOS.aquatic.plant.transect.09,20,2019-07-16T22:26:00Z,BIGC.20190716,BIGC.20190716.AP9.T09,NA,NA,NA,NA,NA,N,plant,emergent,2PLANT,Unknown plant,Lilcedar,"Light green 'spikelet' , increasing number of spikes around stem approaching the base of stem up to 5-6, rooted in Sandy/pebbly substrate, erect, dark thick roots with lighter brown fibers, roots longer than stalk",NA,NA,NA,NA,NA,NA,NA,NA,NA,NA,NA,NA,NA,NA,kingdom,NA,NA,NA,NA,NA,20260113T222809Z,RELEASE-2026
c22c4b69-e586-45f1-8ede-de50f2a52b04,D17,BIGC,BIGC.AOS.aquatic.plant.transect.09,8,2019-07-16T22:26:00Z,BIGC.20190716,BIGC.20190716.AP7.T09,NA,NA,NA,NA,NA,N,plant,submerged,CHPO14,Chiloscyphus polyanthos (L.) Corda,NA,NA,NA,NA,Hepaticopsida,Jungermanniales,Geocalycaceae,Chiloscyphus,NA,polyanthos,NA,NA,NA,(L.) Corda,NA,"Doyle, W. T. and Stotler, R. E. 2006. Contributions toward a Bryoflora of California III. Keys and Annotated Species Catalogue for Liverworts and Hornworts. Madrono 53 (2) 89-197.",species,NA,"David Kofranek Botany, LLC",2020-05-15T19:00:00Z,6309f368-0452-46c0-8df1-78b5827dcb52,NA,20260113T222809Z,RELEASE-2026
2579bca2-adf4-4274-bbf9-83c3a8429235,D17,BIGC,BIGC.AOS.aquatic.plant.transect.09,4,2019-07-16T22:26:00Z,BIGC.20190716,BIGC.20190716.AP3.T09,NA,NA,NA,NA,NA,N,plant,submerged,CHPO14,Chiloscyphus polyanthos (L.) Corda,NA,NA,NA,NA,Hepaticopsida,Jungermanniales,Geocalycaceae,Chiloscyphus,NA,polyanthos,NA,NA,NA,(L.) Corda,NA,"Doyle, W. T. and Stotler, R. E. 2006. Contributions toward a Bryoflora of California III. Keys and Annotated Species Catalogue for Liverworts and Hornworts. Madrono 53 (2) 89-197.",species,NA,"David Kofranek Botany, LLC",2020-05-15T19:00:00Z,e9359f90-105b-4b10-a814-80edb7febdfc,NA,20260113T222809Z,RELEASE-2026
68ffe55a-6666-4a50-99f1-486e87ff3f36,D17,BIGC,BIGC.AOS.aquatic.plant.transect.09,4,2019-07-16T22:26:00Z,BIGC.20190716,BIGC.20190716.AP4.T09,NA,NA,NA,NA,NA,N,plant,submerged,FOANA,Fontinalis antipyretica Hedw. var. antipyretica,NA,NA,NA,NA,Bryopsida,Isobryales,Fontinalaceae,Fontinalis,NA,antipyretica,var. antipyretica,NA,NA,Hedw.,NA,NA,variety,NA,NA,NA,NA,NA,20260113T222809Z,RELEASE-2026
324c86de-6601-4faf-ab23-5615b0adacef,D17,BIGC,BIGC.AOS.aquatic.plant.transect.09,7,2019-07-16T22:26:00Z,BIGC.20190716,BIGC.20190716.AP6.T09,NA,NA,NA,NA,NA,N,plant,submerged,CHPO14,Chiloscyphus polyanthos (L.) Corda,NA,NA,NA,NA,Hepaticopsida,Jungermanniales,Geocalycaceae,Chiloscyphus,NA,polyanthos,NA,NA,NA,(L.) Corda,NA,"Doyle, W. T. and Stotler, R. E. 2006. Contributions toward a Bryoflora of California III. Keys and Annotated Species Catalogue for Liverworts and Hornworts. Madrono 53 (2) 89-197.",species,NA,"David Kofranek Botany, LLC",2020-05-15T19:00:00Z,651c8dcd-daab-4533-8d82-bb97d619522e,NA,20260113T222809Z,RELEASE-2026
46e74332-86ee-4c0a-b399-fe076c9d0923,D17,BIGC,BIGC.AOS.aquatic.plant.transect.10,18,2019-07-16T23:02:00Z,BIGC.20190716,BIGC.20190716.AP7.T10,NA,NA,NA,NA,NA,N,plant,submerged,FOANA,Fontinalis antipyretica Hedw. var. antipyretica,NA,NA,NA,NA,Bryopsida,Isobryales,Fontinalaceae,Fontinalis,NA,antipyretica,var. antipyretica,NA,NA,Hedw.,NA,NA,variety,NA,NA,NA,NA,NA,20260113T222809Z,RELEASE-2026
da9e4761-4b59-4673-a304-e2e4e64e2d41,D17,BIGC,BIGC.AOS.aquatic.plant.transect.10,15,2019-07-16T23:02:00Z,BIGC.20190716,BIGC.20190716.AP6.T10,NA,NA,NA,NA,NA,N,plant,submerged,CHPO14,Chiloscyphus polyanthos (L.) Corda,NA,NA,NA,NA,Hepaticopsida,Jungermanniales,Geocalycaceae,Chiloscyphus,NA,polyanthos,NA,NA,NA,(L.) Corda,NA,"Doyle, W. T. and Stotler, R. E. 2006. Contributions toward a Bryoflora of California III. Keys and Annotated Species Catalogue for Liverworts and Hornworts. Madrono 53 (2) 89-197.",species,NA,"David Kofranek Botany, LLC",2020-05-15T19:00:00Z,afc8aa0d-fc68-4ecc-9b17-e514ea48db8c,NA,20260113T222809Z,RELEASE-2026
f56e7737-f95f-4d0a-82ee-f5143a71bd41,D17,BIGC,BIGC.AOS.aquatic.plant.transect.10,19,2019-07-16T23:02:00Z,BIGC.20190716,BIGC.20190716.AP8.T10,NA,NA,NA,NA,NA,N,plant,emergent,2PLANT,Unknown plant,Strawblantro,Succulent hollow stems many branches infl umbel stamens exserted lfs pinnately compound,NA,NA,NA,NA,NA,NA,NA,NA,NA,NA,NA,NA,NA,NA,kingdom,NA,NA,NA,NA,NA,20260113T222809Z,RELEASE-2026
d2ae861f-0ee6-45f7-a964-4e8730ae16d9,D17,BIGC,BIGC.AOS.aquatic.plant.transect.10,20,2019-07-16T23:02:00Z,BIGC.20190716,BIGC.20190716.AP9.T10,NA,NA,NA,NA,NA,N,plant,emergent,2PLANT,Unknown plant,Strawblantro,Succulent hollow stems many branches infl umbel stamens exserted lfs pinnately compound,NA,NA,NA,NA,NA,NA,NA,NA,NA,NA,NA,NA,NA,NA,kingdom,NA,NA,NA,NA,NA,20260113T222809Z,RELEASE-2026
d90b7d1f-71ba-441d-8b2c-bcb096fcd41f,D17,BIGC,BIGC.AOS.aquatic.plant.transect.10,5,2019-07-16T23:02:00Z,BIGC.20190716,BIGC.20190716.AP3.T10,NA,NA,NA,NA,NA,N,plant,submerged,FOANA,Fontinalis antipyretica Hedw. var. antipyretica,NA,NA,NA,NA,Bryopsida,Isobryales,Fontinalaceae,Fontinalis,NA,antipyretica,var. antipyretica,NA,NA,Hedw.,NA,NA,variety,NA,NA,NA,NA,NA,20260113T222809Z,RELEASE-2026
d6a0678d-0540-425b-b9dd-bf0aababd511,D17,BIGC,BIGC.AOS.aquatic.plant.transect.10,3,2019-07-16T23:02:00Z,BIGC.20190716,BIGC.20190716.AP1.T10,NA,NA,NA,NA,NA,N,plant,emergent,2PLANT,Unknown plant,Lilcedar,"Light green 'spikelet' , increasing number of spikes around stem approaching the base of stem up to 5-6, rooted in Sandy/pebbly substrate, erect, dark thick roots with lighter brown fibers, roots longer than stalk",NA,NA,NA,NA,NA,NA,NA,NA,NA,NA,NA,NA,NA,NA,kingdom,NA,NA,NA,NA,NA,20260113T222809Z,RELEASE-2026
83cf7f11-58b7-4f2c-b569-645285ed9434,D17,BIGC,BIGC.AOS.aquatic.plant.transect.10,20,2019-07-16T23:02:00Z,BIGC.20190716,BIGC.20190716.AP10.T10,NA,NA,NA,NA,NA,N,plant,submerged,CHPO14,Chiloscyphus polyanthos (L.) Corda,NA,NA,NA,NA,Hepaticopsida,Jungermanniales,Geocalycaceae,Chiloscyphus,NA,polyanthos,NA,NA,NA,(L.) Corda,NA,"Doyle, W. T. and Stotler, R. E. 2006. Contributions toward a Bryoflora of California III. Keys and Annotated Species Catalogue for Liverworts and Hornworts. Madrono 53 (2) 89-197.",species,NA,"David Kofranek Botany, LLC",2020-05-15T19:00:00Z,79da5198-0eab-4eab-95a3-f972ba3fa579,NA,20260113T222809Z,RELEASE-2026
a1fb66c0-7c3e-4dd9-bb15-f50c1fd988ed,D17,BIGC,BIGC.AOS.aquatic.plant.transect.10,4,2019-07-16T23:02:00Z,BIGC.20190716,BIGC.20190716.AP2.T10,NA,NA,NA,NA,NA,N,plant,submerged,CHPO14,Chiloscyphus polyanthos (L.) Corda,NA,NA,NA,NA,Hepaticopsida,Jungermanniales,Geocalycaceae,Chiloscyphus,NA,polyanthos,NA,NA,NA,(L.) Corda,NA,"Doyle, W. T. and Stotler, R. E. 2006. Contributions toward a Bryoflora of California III. Keys and Annotated Species Catalogue for Liverworts and Hornworts. Madrono 53 (2) 89-197.",species,NA,"David Kofranek Botany, LLC",2020-05-15T19:00:00Z,a8fb815e-62ca-42bc-b746-b9ef73a31ce4,NA,20260113T222809Z,RELEASE-2026
68c36a00-f07b-4439-baed-398befb34d2c,D17,BIGC,BIGC.AOS.aquatic.plant.transect.10,9,2019-07-16T23:02:00Z,BIGC.20190716,BIGC.20190716.AP5.T10,NA,NA,NA,NA,NA,N,plant,submerged,CHPO14,Chiloscyphus polyanthos (L.) Corda,NA,NA,NA,NA,Hepaticopsida,Jungermanniales,Geocalycaceae,Chiloscyphus,NA,polyanthos,NA,NA,NA,(L.) Corda,NA,"Doyle, W. T. and Stotler, R. E. 2006. Contributions toward a Bryoflora of California III. Keys and Annotated Species Catalogue for Liverworts and Hornworts. Madrono 53 (2) 89-197.",species,NA,"David Kofranek Botany, LLC",2020-05-15T19:00:00Z,d3f41b4b-6d5d-4ddc-9ac9-eff72f6319bd,NA,20260113T222809Z,RELEASE-2026
fe206507-38a1-4f4a-aebb-8730e25efa1a,D17,BIGC,BIGC.AOS.aquatic.plant.transect.10,6,2019-07-16T23:02:00Z,BIGC.20190716,BIGC.20190716.AP4.T10,NA,NA,NA,NA,NA,N,plant,submerged,FOANA,Fontinalis antipyretica Hedw. var. antipyretica,NA,NA,NA,NA,Bryopsida,Isobryales,Fontinalaceae,Fontinalis,NA,antipyretica,var. antipyretica,NA,NA,Hedw.,NA,NA,variety,NA,NA,NA,NA,NA,20260113T222809Z,RELEASE-2026
5e1a2a4c-631e-42d0-bd60-54dc739be730,D17,BIGC,BIGC.AOS.aquatic.plant.transect.02,1,2021-07-26T18:31:00Z,BIGC.20210726,BIGC.20210726.AP2.T02,NA,NA,NA,NA,NA,N,plant,emergent,EQAR,Equisetum arvense L.,NA,NA,Equisetophyta,NA,Equisetopsida,Equisetales,Equisetaceae,Equisetum,NA,arvense,NA,NA,NA,L.,NA,NA,species,NA,NA,NA,NA,NA,20260113T222326Z,RELEASE-2026
af721d39-aa01-417f-be2f-9a72fc770d06,D17,BIGC,BIGC.AOS.aquatic.plant.transect.02,3,2021-07-26T18:31:00Z,BIGC.20210726,BIGC.20210726.AP3.T02,NA,NA,NA,NA,NA,N,plant,submerged,CHPO14,Chiloscyphus polyanthos (L.) Corda,NA,NA,NA,NA,Hepaticopsida,Jungermanniales,Geocalycaceae,Chiloscyphus,NA,polyanthos,NA,NA,NA,(L.) Corda,NA,"Doyle, W. T. and Stotler, R. E. 2006. Contributions toward a Bryoflora of California III. Keys and Annotated Species Catalogue for Liverworts and Hornworts. Madrono 53 (2) 89-197.",species,NA,"David Kofranek Botany, LLC",2021-07-26T18:31:00Z,f5d2bdea-4cd9-4a63-b027-edfed6139b8c,NA,20260113T222326Z,RELEASE-2026
4c57f214-0b58-45e8-a29d-0bb65558a078,D17,BIGC,BIGC.AOS.aquatic.plant.transect.02,1,2021-07-26T18:31:00Z,BIGC.20210726,BIGC.20210726.AP1.T02,NA,NA,NA,NA,NA,N,plant,submerged,CHPO14,Chiloscyphus polyanthos (L.) Corda,NA,NA,NA,NA,Hepaticopsida,Jungermanniales,Geocalycaceae,Chiloscyphus,NA,polyanthos,NA,NA,NA,(L.) Corda,NA,"Doyle, W. T. and Stotler, R. E. 2006. Contributions toward a Bryoflora of California III. Keys and Annotated Species Catalogue for Liverworts and Hornworts. Madrono 53 (2) 89-197.",species,NA,"David Kofranek Botany, LLC",2021-07-26T18:31:00Z,93a7d736-ab4e-457a-9c34-7f5166ddaa20,NA,20260113T222326Z,RELEASE-2026
6a3706be-c496-47cc-8cfb-919a04f7365d,D17,BIGC,BIGC.AOS.aquatic.plant.transect.02,5,2021-07-26T18:31:00Z,BIGC.20210726,BIGC.20210726.AP7.T02,NA,NA,NA,NA,NA,N,plant,emergent,2PLANT,Unknown plant,Strawblantro,Succulent hollow stems many branches infl umbel stamens exserted lfs pinnately compound,NA,NA,NA,NA,NA,NA,NA,NA,NA,NA,NA,NA,NA,NA,kingdom,NA,NA,NA,NA,NA,20260113T222326Z,RELEASE-2026
a280bd35-5af3-44ab-8e58-637e9317b01d,D17,BIGC,BIGC.AOS.aquatic.plant.transect.02,4,2021-07-26T18:31:00Z,BIGC.20210726,BIGC.20210726.AP5.T02,NA,NA,NA,NA,NA,N,plant,emergent,EQAR,Equisetum arvense L.,NA,NA,Equisetophyta,NA,Equisetopsida,Equisetales,Equisetaceae,Equisetum,NA,arvense,NA,NA,NA,L.,NA,NA,species,NA,NA,NA,NA,NA,20260113T222326Z,RELEASE-2026
336dc3fe-0386-457d-b1ad-072f306715c4,D17,BIGC,BIGC.AOS.aquatic.plant.transect.02,4,2021-07-26T18:31:00Z,BIGC.20210726,BIGC.20210726.AP4.T02,NA,NA,NA,NA,NA,N,plant,submerged,CHPO14,Chiloscyphus polyanthos (L.) Corda,NA,NA,NA,NA,Hepaticopsida,Jungermanniales,Geocalycaceae,Chiloscyphus,NA,polyanthos,NA,NA,NA,(L.) Corda,NA,"Doyle, W. T. and Stotler, R. E. 2006. Contributions toward a Bryoflora of California III. Keys and Annotated Species Catalogue for Liverworts and Hornworts. Madrono 53 (2) 89-197.",species,NA,"David Kofranek Botany, LLC",2021-07-26T18:31:00Z,550b8382-4cbe-4579-b6c6-4e4069c07043,NA,20260113T222326Z,RELEASE-2026
4f0a83cc-e482-4e00-b577-eb2f0e523852,D17,BIGC,BIGC.AOS.aquatic.plant.transect.02,5,2021-07-26T18:31:00Z,BIGC.20210726,BIGC.20210726.AP6.T02,NA,NA,NA,NA,NA,N,plant,submerged,CHPO14,Chiloscyphus polyanthos (L.) Corda,NA,NA,NA,NA,Hepaticopsida,Jungermanniales,Geocalycaceae,Chiloscyphus,NA,polyanthos,NA,NA,NA,(L.) Corda,NA,"Doyle, W. T. and Stotler, R. E. 2006. Contributions toward a Bryoflora of California III. Keys and Annotated Species Catalogue for Liverworts and Hornworts. Madrono 53 (2) 89-197.",species,NA,"David Kofranek Botany, LLC",2021-07-26T18:31:00Z,c7c5c14e-597c-48a7-a3aa-1cba3fa60dda,NA,20260113T222326Z,RELEASE-2026
04a198db-6a66-42d0-9b8a-509fca98b6c1,D17,BIGC,BIGC.AOS.aquatic.plant.transect.03,6,2021-07-26T18:54:00Z,BIGC.20210726,BIGC.20210726.AP2.T03,NA,NA,NA,NA,NA,N,plant,submerged,CHPO14,Chiloscyphus polyanthos (L.) Corda,NA,NA,NA,NA,Hepaticopsida,Jungermanniales,Geocalycaceae,Chiloscyphus,NA,polyanthos,NA,NA,NA,(L.) Corda,NA,"Doyle, W. T. and Stotler, R. E. 2006. Contributions toward a Bryoflora of California III. Keys and Annotated Species Catalogue for Liverworts and Hornworts. Madrono 53 (2) 89-197.",species,NA,"David Kofranek Botany, LLC",2021-07-26T18:54:00Z,1a5d1652-3512-41d9-85fd-a90c1620c4f4,NA,20260113T222326Z,RELEASE-2026
d88bf1d3-0caa-4c91-8609-025e4c81f878,D17,BIGC,BIGC.AOS.aquatic.plant.transect.03,15,2021-07-26T18:54:00Z,BIGC.20210726,BIGC.20210726.AP4.T03,NA,NA,NA,NA,NA,N,plant,submerged,CHPO14,Chiloscyphus polyanthos (L.) Corda,NA,NA,NA,NA,Hepaticopsida,Jungermanniales,Geocalycaceae,Chiloscyphus,NA,polyanthos,NA,NA,NA,(L.) Corda,NA,"Doyle, W. T. and Stotler, R. E. 2006. Contributions toward a Bryoflora of California III. Keys and Annotated Species Catalogue for Liverworts and Hornworts. Madrono 53 (2) 89-197.",species,NA,"David Kofranek Botany, LLC",2021-07-26T18:54:00Z,fb401806-dd0b-46c4-93f9-d0719dcff39d,NA,20260113T222326Z,RELEASE-2026
ba5bdc6d-a61b-4c30-9c34-a0026cc336b5,D17,BIGC,BIGC.AOS.aquatic.plant.transect.03,7,2021-07-26T18:54:00Z,BIGC.20210726,BIGC.20210726.AP3.T03,NA,NA,NA,NA,NA,N,plant,submerged,CHPO14,Chiloscyphus polyanthos (L.) Corda,NA,NA,NA,NA,Hepaticopsida,Jungermanniales,Geocalycaceae,Chiloscyphus,NA,polyanthos,NA,NA,NA,(L.) Corda,NA,"Doyle, W. T. and Stotler, R. E. 2006. Contributions toward a Bryoflora of California III. Keys and Annotated Species Catalogue for Liverworts and Hornworts. Madrono 53 (2) 89-197.",species,NA,"David Kofranek Botany, LLC",2021-07-26T18:54:00Z,8445c84a-f36a-4983-aeec-0257cb359df2,NA,20260113T222326Z,RELEASE-2026
2e92772a-92d1-4aa1-9847-fc3baa94383c,D17,BIGC,BIGC.AOS.aquatic.plant.transect.03,5,2021-07-26T18:54:00Z,BIGC.20210726,BIGC.20210726.AP1.T03,NA,NA,NA,NA,NA,N,plant,submerged,CHPO14,Chiloscyphus polyanthos (L.) Corda,NA,NA,NA,NA,Hepaticopsida,Jungermanniales,Geocalycaceae,Chiloscyphus,NA,polyanthos,NA,NA,NA,(L.) Corda,NA,"Doyle, W. T. and Stotler, R. E. 2006. Contributions toward a Bryoflora of California III. Keys and Annotated Species Catalogue for Liverworts and Hornworts. Madrono 53 (2) 89-197.",species,NA,"David Kofranek Botany, LLC",2021-07-26T18:54:00Z,89b82aa9-018c-4ace-9164-a5ad7119ee67,NA,20260113T222326Z,RELEASE-2026
e4af8342-e657-4a5c-ab18-af53d98d2de5,D17,BIGC,BIGC.AOS.aquatic.plant.transect.05,13,2021-07-26T19:19:00Z,BIGC.20210726,BIGC.20210726.AP3.T05,NA,NA,NA,NA,NA,N,plant,submerged,FOANA,Fontinalis antipyretica Hedw. var. antipyretica,NA,NA,NA,NA,Bryopsida,Isobryales,Fontinalaceae,Fontinalis,NA,antipyretica,var. antipyretica,NA,NA,Hedw.,NA,NA,variety,NA,NA,NA,NA,NA,20260113T222326Z,RELEASE-2026
acb922fd-c5b0-4157-a249-3a801332c8bd,D17,BIGC,BIGC.AOS.aquatic.plant.transect.05,11,2021-07-26T19:19:00Z,BIGC.20210726,BIGC.20210726.AP1.T05,NA,NA,NA,NA,NA,N,plant,submerged,FOANA,Fontinalis antipyretica Hedw. var. antipyretica,NA,NA,NA,NA,Bryopsida,Isobryales,Fontinalaceae,Fontinalis,NA,antipyretica,var. antipyretica,NA,NA,Hedw.,NA,NA,variety,NA,NA,NA,NA,NA,20260113T222326Z,RELEASE-2026
43fe0ea2-292c-4db6-b117-9c5d58254045,D17,BIGC,BIGC.AOS.aquatic.plant.transect.05,15,2021-07-26T19:19:00Z,BIGC.20210726,BIGC.20210726.AP4.T05,NA,NA,NA,NA,NA,N,plant,submerged,FOANA,Fontinalis antipyretica Hedw. var. antipyretica,NA,NA,NA,NA,Bryopsida,Isobryales,Fontinalaceae,Fontinalis,NA,antipyretica,var. antipyretica,NA,NA,Hedw.,NA,NA,variety,NA,NA,NA,NA,NA,20260113T222326Z,RELEASE-2026
8ad33c58-3bf7-453a-8e50-61d0be7a53d8,D17,BIGC,BIGC.AOS.aquatic.plant.transect.05,12,2021-07-26T19:19:00Z,BIGC.20210726,BIGC.20210726.AP2.T05,NA,NA,NA,NA,NA,N,plant,submerged,FOANA,Fontinalis antipyretica Hedw. var. antipyretica,NA,NA,NA,NA,Bryopsida,Isobryales,Fontinalaceae,Fontinalis,NA,antipyretica,var. antipyretica,NA,NA,Hedw.,NA,NA,variety,NA,NA,NA,NA,NA,20260113T222326Z,RELEASE-2026
d4ba36cc-4fc1-4b4d-94c3-f7852393d188,D17,BIGC,BIGC.AOS.aquatic.plant.transect.06,13,2021-07-26T19:35:00Z,BIGC.20210726,BIGC.20210726.AP8.T06,NA,NA,NA,NA,NA,N,plant,submerged,FOANA,Fontinalis antipyretica Hedw. var. antipyretica,NA,NA,NA,NA,Bryopsida,Isobryales,Fontinalaceae,Fontinalis,NA,antipyretica,var. antipyretica,NA,NA,Hedw.,NA,NA,variety,NA,NA,NA,NA,NA,20260113T222326Z,RELEASE-2026
8fc01db9-ca75-430e-b541-5e3b732dacd3,D17,BIGC,BIGC.AOS.aquatic.plant.transect.06,13,2021-07-26T19:35:00Z,BIGC.20210726,BIGC.20210726.AP9.T06,NA,NA,NA,NA,NA,N,plant,floating-leaved,NAOF,Nasturtium officinale W.T. Aiton,NA,NA,Magnoliophyta,NA,Magnoliopsida,Capparales,Brassicaceae,Nasturtium,NA,officinale,NA,NA,NA,W.T. Aiton,NA,NA,species,NA,NA,NA,NA,NA,20260113T222326Z,RELEASE-2026
5dc04b47-5dea-4a6d-9db8-fdf35ce47f57,D17,BIGC,BIGC.AOS.aquatic.plant.transect.06,19,2021-07-26T19:35:00Z,BIGC.20210726,BIGC.20210726.AP10.T06,NA,NA,NA,NA,NA,N,plant,submerged,NAOF,Nasturtium officinale W.T. Aiton,NA,NA,Magnoliophyta,NA,Magnoliopsida,Capparales,Brassicaceae,Nasturtium,NA,officinale,NA,NA,NA,W.T. Aiton,NA,NA,species,NA,NA,NA,NA,NA,20260113T222326Z,RELEASE-2026
a17f5670-a65c-44d4-96fd-cf324bff2e7a,D17,BIGC,BIGC.AOS.aquatic.plant.transect.06,5,2021-07-26T19:35:00Z,BIGC.20210726,BIGC.20210726.AP3.T06,NA,NA,NA,NA,NA,N,plant,submerged,FOANA,Fontinalis antipyretica Hedw. var. antipyretica,NA,NA,NA,NA,Bryopsida,Isobryales,Fontinalaceae,Fontinalis,NA,antipyretica,var. antipyretica,NA,NA,Hedw.,NA,NA,variety,NA,NA,NA,NA,NA,20260113T222326Z,RELEASE-2026
d778d29f-f51f-42bd-80ed-7eef09b7d39f,D17,BIGC,BIGC.AOS.aquatic.plant.transect.06,1,2021-07-26T19:35:00Z,BIGC.20210726,BIGC.20210726.AP1.T06,NA,NA,NA,NA,NA,N,plant,floating-leaved,NAOF,Nasturtium officinale W.T. Aiton,NA,NA,Magnoliophyta,NA,Magnoliopsida,Capparales,Brassicaceae,Nasturtium,NA,officinale,NA,NA,NA,W.T. Aiton,NA,NA,species,NA,NA,NA,NA,NA,20260113T222326Z,RELEASE-2026
59fb71d7-13f3-418e-b1c6-78e4cab6b798,D17,BIGC,BIGC.AOS.aquatic.plant.transect.06,6,2021-07-26T19:35:00Z,BIGC.20210726,BIGC.20210726.AP4.T06,NA,NA,NA,NA,NA,N,plant,submerged,FOANA,Fontinalis antipyretica Hedw. var. antipyretica,NA,NA,NA,NA,Bryopsida,Isobryales,Fontinalaceae,Fontinalis,NA,antipyretica,var. antipyretica,NA,NA,Hedw.,NA,NA,variety,NA,NA,NA,NA,NA,20260113T222326Z,RELEASE-2026
218a2a10-22b2-4c3b-9a10-829abc19dd0c,D17,BIGC,BIGC.AOS.aquatic.plant.transect.06,12,2021-07-26T19:35:00Z,BIGC.20210726,BIGC.20210726.AP7.T06,NA,NA,NA,NA,NA,N,plant,submerged,NAOF,Nasturtium officinale W.T. Aiton,NA,NA,Magnoliophyta,NA,Magnoliopsida,Capparales,Brassicaceae,Nasturtium,NA,officinale,NA,NA,NA,W.T. Aiton,NA,NA,species,NA,NA,NA,NA,NA,20260113T222326Z,RELEASE-2026
6b1042a1-d5ae-4340-8968-61125a4d75d7,D17,BIGC,BIGC.AOS.aquatic.plant.transect.06,2,2021-07-26T19:35:00Z,BIGC.20210726,BIGC.20210726.AP2.T06,NA,NA,NA,NA,NA,N,plant,floating-leaved,NAOF,Nasturtium officinale W.T. Aiton,NA,NA,Magnoliophyta,NA,Magnoliopsida,Capparales,Brassicaceae,Nasturtium,NA,officinale,NA,NA,NA,W.T. Aiton,NA,NA,species,NA,NA,NA,NA,NA,20260113T222326Z,RELEASE-2026
8f99ad09-8edb-4b87-9e2d-a0eb9df171ff,D17,BIGC,BIGC.AOS.aquatic.plant.transect.06,19,2021-07-26T19:35:00Z,BIGC.20210726,BIGC.20210726.MACROALGAE19.T6,A00000298926,NA,NA,NA,NA,Y,macroalgae,submerged,NA,NA,macroalgae19.20210726.T6,NA,NA,NA,NA,NA,NA,NA,NA,NA,NA,NA,NA,NA,NA,NA,NA,NA,NA,NA,NA,NA,20260113T222326Z,RELEASE-2026
06f7d5d8-512f-486f-9816-ac47603a1a13,D17,BIGC,BIGC.AOS.aquatic.plant.transect.06,10,2021-07-26T19:35:00Z,BIGC.20210726,BIGC.20210726.AP6.T06,NA,NA,NA,NA,NA,N,plant,submerged,FOANA,Fontinalis antipyretica Hedw. var. antipyretica,NA,NA,NA,NA,Bryopsida,Isobryales,Fontinalaceae,Fontinalis,NA,antipyretica,var. antipyretica,NA,NA,Hedw.,NA,NA,variety,NA,NA,NA,NA,NA,20260113T222326Z,RELEASE-2026
c772ad4c-1f32-4294-9cb8-1f44d1fc5939,D17,BIGC,BIGC.AOS.aquatic.plant.transect.06,10,2021-07-26T19:35:00Z,BIGC.20210726,BIGC.20210726.AP5.T06,NA,NA,NA,NA,NA,N,plant,submerged,NAOF,Nasturtium officinale W.T. Aiton,NA,NA,Magnoliophyta,NA,Magnoliopsida,Capparales,Brassicaceae,Nasturtium,NA,officinale,NA,NA,NA,W.T. Aiton,NA,NA,species,NA,NA,NA,NA,NA,20260113T222326Z,RELEASE-2026
0ed681f2-16a6-4b49-8e61-149b6bbcfef5,D17,BIGC,BIGC.AOS.aquatic.plant.transect.07,1,2021-07-26T20:22:00Z,BIGC.20210726,BIGC.20210726.AP1.T07,NA,NA,NA,NA,NA,N,plant,floating-leaved,NAOF,Nasturtium officinale W.T. Aiton,NA,NA,Magnoliophyta,NA,Magnoliopsida,Capparales,Brassicaceae,Nasturtium,NA,officinale,NA,NA,NA,W.T. Aiton,NA,NA,species,NA,NA,NA,NA,NA,20260113T222326Z,RELEASE-2026
6a636e31-a852-4ff7-9b11-0ffdbcc52936,D17,BIGC,BIGC.AOS.aquatic.plant.transect.07,13,2021-07-26T20:22:00Z,BIGC.20210726,BIGC.20210726.AP17.T07,NA,NA,NA,NA,NA,N,plant,floating-leaved,NAOF,Nasturtium officinale W.T. Aiton,NA,NA,Magnoliophyta,NA,Magnoliopsida,Capparales,Brassicaceae,Nasturtium,NA,officinale,NA,NA,NA,W.T. Aiton,NA,NA,species,NA,NA,NA,NA,NA,20260113T222326Z,RELEASE-2026
8d531bb3-48ed-4726-91f8-5ca589078cea,D17,BIGC,BIGC.AOS.aquatic.plant.transect.07,13,2021-07-26T20:22:00Z,BIGC.20210726,BIGC.20210726.AP18.T07,NA,NA,NA,NA,NA,N,plant,submerged,CHPO14,Chiloscyphus polyanthos (L.) Corda,NA,NA,NA,NA,Hepaticopsida,Jungermanniales,Geocalycaceae,Chiloscyphus,NA,polyanthos,NA,NA,NA,(L.) Corda,NA,"Doyle, W. T. and Stotler, R. E. 2006. Contributions toward a Bryoflora of California III. Keys and Annotated Species Catalogue for Liverworts and Hornworts. Madrono 53 (2) 89-197.",species,NA,"David Kofranek Botany, LLC",2021-07-26T20:22:00Z,f835ce20-7f17-49db-b344-5e7916563523,NA,20260113T222326Z,RELEASE-2026
78a1197a-47fd-4f71-91e6-ddd61ab06f3b,D17,BIGC,BIGC.AOS.aquatic.plant.transect.07,12,2021-07-26T20:22:00Z,BIGC.20210726,BIGC.20210726.AP16.T07,NA,NA,NA,NA,NA,N,plant,submerged,FOANA,Fontinalis antipyretica Hedw. var. antipyretica,NA,NA,NA,NA,Bryopsida,Isobryales,Fontinalaceae,Fontinalis,NA,antipyretica,var. antipyretica,NA,NA,Hedw.,NA,NA,variety,NA,NA,NA,NA,NA,20260113T222326Z,RELEASE-2026
b5e3b284-943b-4daa-bf74-1fd3d1032621,D17,BIGC,BIGC.AOS.aquatic.plant.transect.07,4,2021-07-26T20:22:00Z,BIGC.20210726,BIGC.20210726.AP6.T07,NA,NA,NA,NA,NA,N,plant,submerged,FOANA,Fontinalis antipyretica Hedw. var. antipyretica,NA,NA,NA,NA,Bryopsida,Isobryales,Fontinalaceae,Fontinalis,NA,antipyretica,var. antipyretica,NA,NA,Hedw.,NA,NA,variety,NA,NA,NA,NA,NA,20260113T222326Z,RELEASE-2026
826b7425-ccd6-4b10-b7ec-fec9a814ffdc,D17,BIGC,BIGC.AOS.aquatic.plant.transect.07,8,2021-07-26T20:22:00Z,BIGC.20210726,BIGC.20210726.AP10.T07,NA,NA,NA,NA,NA,N,plant,submerged,CHPO14,Chiloscyphus polyanthos (L.) Corda,NA,NA,NA,NA,Hepaticopsida,Jungermanniales,Geocalycaceae,Chiloscyphus,NA,polyanthos,NA,NA,NA,(L.) Corda,NA,"Doyle, W. T. and Stotler, R. E. 2006. Contributions toward a Bryoflora of California III. Keys and Annotated Species Catalogue for Liverworts and Hornworts. Madrono 53 (2) 89-197.",species,NA,"David Kofranek Botany, LLC",2021-07-26T20:22:00Z,9c33da0b-c452-4cb4-9a0d-8af555905242,NA,20260113T222326Z,RELEASE-2026
67c4d4e6-e976-4725-b157-58933783940f,D17,BIGC,BIGC.AOS.aquatic.plant.transect.07,2,2021-07-26T20:22:00Z,BIGC.20210726,BIGC.20210726.AP3.T07,NA,NA,NA,NA,NA,N,plant,floating-leaved,NAOF,Nasturtium officinale W.T. Aiton,NA,NA,Magnoliophyta,NA,Magnoliopsida,Capparales,Brassicaceae,Nasturtium,NA,officinale,NA,NA,NA,W.T. Aiton,NA,NA,species,NA,NA,NA,NA,NA,20260113T222326Z,RELEASE-2026
14ecf439-e54f-4ea9-8c70-d5aa742ad785,D17,BIGC,BIGC.AOS.aquatic.plant.transect.07,7,2021-07-26T20:22:00Z,BIGC.20210726,BIGC.20210726.AP9.T07,NA,NA,NA,NA,NA,N,plant,submerged,CHPO14,Chiloscyphus polyanthos (L.) Corda,NA,NA,NA,NA,Hepaticopsida,Jungermanniales,Geocalycaceae,Chiloscyphus,NA,polyanthos,NA,NA,NA,(L.) Corda,NA,"Doyle, W. T. and Stotler, R. E. 2006. Contributions toward a Bryoflora of California III. Keys and Annotated Species Catalogue for Liverworts and Hornworts. Madrono 53 (2) 89-197.",species,NA,"David Kofranek Botany, LLC",2021-07-26T20:22:00Z,a0069bf3-d4ca-4e35-82b6-5f380858d998,NA,20260113T222326Z,RELEASE-2026
5c6450db-70c5-4e48-82f8-1326e77e9af1,D17,BIGC,BIGC.AOS.aquatic.plant.transect.07,3,2021-07-26T20:22:00Z,BIGC.20210726,BIGC.20210726.AP5.T07,NA,NA,NA,NA,NA,N,plant,submerged,CHPO14,Chiloscyphus polyanthos (L.) Corda,NA,NA,NA,NA,Hepaticopsida,Jungermanniales,Geocalycaceae,Chiloscyphus,NA,polyanthos,NA,NA,NA,(L.) Corda,NA,"Doyle, W. T. and Stotler, R. E. 2006. Contributions toward a Bryoflora of California III. Keys and Annotated Species Catalogue for Liverworts and Hornworts. Madrono 53 (2) 89-197.",species,NA,"David Kofranek Botany, LLC",2021-07-26T20:22:00Z,e099594f-c371-4d2a-8e2e-f18864af6460,NA,20260113T222326Z,RELEASE-2026
29088d32-536d-4379-a7f0-f4a4cfeedcf9,D17,BIGC,BIGC.AOS.aquatic.plant.transect.07,1,2021-07-26T20:22:00Z,BIGC.20210726,BIGC.20210726.AP2.T07,NA,NA,NA,NA,NA,N,plant,submerged,CHPO14,Chiloscyphus polyanthos (L.) Corda,NA,NA,NA,NA,Hepaticopsida,Jungermanniales,Geocalycaceae,Chiloscyphus,NA,polyanthos,NA,NA,NA,(L.) Corda,NA,"Doyle, W. T. and Stotler, R. E. 2006. Contributions toward a Bryoflora of California III. Keys and Annotated Species Catalogue for Liverworts and Hornworts. Madrono 53 (2) 89-197.",species,NA,"David Kofranek Botany, LLC",2021-07-26T20:22:00Z,56d55261-b8f2-4de8-9c5d-93c584d0aa36,NA,20260113T222326Z,RELEASE-2026
608989cf-25e0-4965-a42d-d8a66a0b262c,D17,BIGC,BIGC.AOS.aquatic.plant.transect.07,7,2021-07-26T20:22:00Z,BIGC.20210726,BIGC.20210726.AP8.T07,NA,NA,NA,NA,NA,N,plant,submerged,FOANA,Fontinalis antipyretica Hedw. var. antipyretica,NA,NA,NA,NA,Bryopsida,Isobryales,Fontinalaceae,Fontinalis,NA,antipyretica,var. antipyretica,NA,NA,Hedw.,NA,NA,variety,NA,NA,NA,NA,NA,20260113T222326Z,RELEASE-2026
5f9216bf-5227-4457-83e2-922b44b2f54b,D17,BIGC,BIGC.AOS.aquatic.plant.transect.07,2,2021-07-26T20:22:00Z,BIGC.20210726,BIGC.20210726.AP4.T07,NA,NA,NA,NA,NA,N,plant,submerged,CHPO14,Chiloscyphus polyanthos (L.) Corda,NA,NA,NA,NA,Hepaticopsida,Jungermanniales,Geocalycaceae,Chiloscyphus,NA,polyanthos,NA,NA,NA,(L.) Corda,NA,"Doyle, W. T. and Stotler, R. E. 2006. Contributions toward a Bryoflora of California III. Keys and Annotated Species Catalogue for Liverworts and Hornworts. Madrono 53 (2) 89-197.",species,NA,"David Kofranek Botany, LLC",2021-07-26T20:22:00Z,6f6929c4-a9a8-448f-b57d-8a16c0150137,NA,20260113T222326Z,RELEASE-2026
ad7630b0-4b43-4ae3-a3b4-25f4f22f2c97,D17,BIGC,BIGC.AOS.aquatic.plant.transect.07,11,2021-07-26T20:22:00Z,BIGC.20210726,BIGC.20210726.MACROALGAE11.T7,A00000298941,NA,NA,NA,NA,Y,macroalgae,submerged,NA,NA,macroalgae11.20210726.T7,NA,NA,NA,NA,NA,NA,NA,NA,NA,NA,NA,NA,NA,NA,NA,NA,NA,NA,NA,NA,NA,20260113T222326Z,RELEASE-2026
153b562d-f001-4ea9-b0cb-cf91bee6539c,D17,BIGC,BIGC.AOS.aquatic.plant.transect.07,10,2021-07-26T20:22:00Z,BIGC.20210726,BIGC.20210726.AP12.T07,NA,NA,NA,NA,NA,N,plant,submerged,CHPO14,Chiloscyphus polyanthos (L.) Corda,NA,NA,NA,NA,Hepaticopsida,Jungermanniales,Geocalycaceae,Chiloscyphus,NA,polyanthos,NA,NA,NA,(L.) Corda,NA,"Doyle, W. T. and Stotler, R. E. 2006. Contributions toward a Bryoflora of California III. Keys and Annotated Species Catalogue for Liverworts and Hornworts. Madrono 53 (2) 89-197.",species,NA,"David Kofranek Botany, LLC",2021-07-26T20:22:00Z,2a1ece13-61fc-414f-872b-57e0ae68dd59,NA,20260113T222326Z,RELEASE-2026
9f815594-1c01-41f3-b677-1e8d4d261368,D17,BIGC,BIGC.AOS.aquatic.plant.transect.07,10,2021-07-26T20:22:00Z,BIGC.20210726,BIGC.20210726.MACROALGAE10.T7,A00000298957,NA,NA,NA,NA,Y,macroalgae,submerged,NA,NA,macroalgae10.20210726.T7,NA,NA,NA,NA,NA,NA,NA,NA,NA,NA,NA,NA,NA,NA,NA,NA,NA,NA,NA,NA,NA,20260113T222326Z,RELEASE-2026
cbd9efd4-9be7-43a3-8fef-15e6374cdac1,D17,BIGC,BIGC.AOS.aquatic.plant.transect.07,11,2021-07-26T20:22:00Z,BIGC.20210726,BIGC.20210726.AP14.T07,NA,NA,NA,NA,NA,N,plant,submerged,FOANA,Fontinalis antipyretica Hedw. var. antipyretica,NA,NA,NA,NA,Bryopsida,Isobryales,Fontinalaceae,Fontinalis,NA,antipyretica,var. antipyretica,NA,NA,Hedw.,NA,NA,variety,NA,NA,NA,NA,NA,20260113T222326Z,RELEASE-2026
16d7a186-c96d-4a92-a53f-61dd09956fa1,D17,BIGC,BIGC.AOS.aquatic.plant.transect.07,11,2021-07-26T20:22:00Z,BIGC.20210726,BIGC.20210726.AP13.T07,NA,NA,NA,NA,NA,N,plant,submerged,CHPO14,Chiloscyphus polyanthos (L.) Corda,NA,NA,NA,NA,Hepaticopsida,Jungermanniales,Geocalycaceae,Chiloscyphus,NA,polyanthos,NA,NA,NA,(L.) Corda,NA,"Doyle, W. T. and Stotler, R. E. 2006. Contributions toward a Bryoflora of California III. Keys and Annotated Species Catalogue for Liverworts and Hornworts. Madrono 53 (2) 89-197.",species,NA,"David Kofranek Botany, LLC",2021-07-26T20:22:00Z,d4bfe187-d1d7-40a5-9823-579a98632e0e,NA,20260113T222326Z,RELEASE-2026
49afa2b8-b85e-4cf3-9461-0d01b71eda00,D17,BIGC,BIGC.AOS.aquatic.plant.transect.07,5,2021-07-26T20:22:00Z,BIGC.20210726,BIGC.20210726.AP7.T07,NA,NA,NA,NA,NA,N,plant,submerged,FOANA,Fontinalis antipyretica Hedw. var. antipyretica,NA,NA,NA,NA,Bryopsida,Isobryales,Fontinalaceae,Fontinalis,NA,antipyretica,var. antipyretica,NA,NA,Hedw.,NA,NA,variety,NA,NA,NA,NA,NA,20260113T222326Z,RELEASE-2026
70dfc126-0a8d-4f46-bc6a-009b170a435d,D17,BIGC,BIGC.AOS.aquatic.plant.transect.08,1,2021-07-26T20:43:00Z,BIGC.20210726,BIGC.20210726.AP1.T08,NA,NA,NA,NA,NA,N,plant,floating-leaved,NAOF,Nasturtium officinale W.T. Aiton,NA,NA,Magnoliophyta,NA,Magnoliopsida,Capparales,Brassicaceae,Nasturtium,NA,officinale,NA,NA,NA,W.T. Aiton,NA,NA,species,NA,NA,NA,NA,NA,20260113T222326Z,RELEASE-2026
407895e4-dd5e-451c-83e3-75e24dc27c6b,D17,BIGC,BIGC.AOS.aquatic.plant.transect.08,15,2021-07-26T20:43:00Z,BIGC.20210726,BIGC.20210726.AP11.T08,NA,NA,NA,NA,NA,N,plant,submerged,FOANA,Fontinalis antipyretica Hedw. var. antipyretica,NA,NA,NA,NA,Bryopsida,Isobryales,Fontinalaceae,Fontinalis,NA,antipyretica,var. antipyretica,NA,NA,Hedw.,NA,NA,variety,NA,NA,NA,NA,NA,20260113T222326Z,RELEASE-2026
d15def1b-2a77-4ef5-a251-b8aadf3ee829,D17,BIGC,BIGC.AOS.aquatic.plant.transect.08,19,2021-07-26T20:43:00Z,BIGC.20210726,BIGC.20210726.AP15.T08,NA,NA,NA,NA,NA,N,plant,emergent,2PLANT,Unknown plant,Strawblantro,Succulent hollow stems many branches infl umbel stamens exserted lfs pinnately compound,NA,NA,NA,NA,NA,NA,NA,NA,NA,NA,NA,NA,NA,NA,kingdom,NA,NA,NA,NA,NA,20260113T222326Z,RELEASE-2026
81c005ed-ab50-45ec-b887-9bc8818912d1,D17,BIGC,BIGC.AOS.aquatic.plant.transect.08,6,2021-07-26T20:43:00Z,BIGC.20210726,BIGC.20210726.AP6.T08,NA,NA,NA,NA,NA,N,plant,submerged,FOANA,Fontinalis antipyretica Hedw. var. antipyretica,NA,NA,NA,NA,Bryopsida,Isobryales,Fontinalaceae,Fontinalis,NA,antipyretica,var. antipyretica,NA,NA,Hedw.,NA,NA,variety,NA,NA,NA,NA,NA,20260113T222326Z,RELEASE-2026
9f493e14-f372-4f8d-9ff7-c1f30a188be0,D17,BIGC,BIGC.AOS.aquatic.plant.transect.08,14,2021-07-26T20:43:00Z,BIGC.20210726,BIGC.20210726.AP9.T08,NA,NA,NA,NA,NA,N,plant,submerged,CHPO14,Chiloscyphus polyanthos (L.) Corda,NA,NA,NA,NA,Hepaticopsida,Jungermanniales,Geocalycaceae,Chiloscyphus,NA,polyanthos,NA,NA,NA,(L.) Corda,NA,"Doyle, W. T. and Stotler, R. E. 2006. Contributions toward a Bryoflora of California III. Keys and Annotated Species Catalogue for Liverworts and Hornworts. Madrono 53 (2) 89-197.",species,NA,"David Kofranek Botany, LLC",2021-07-26T20:43:00Z,6c51d09c-f551-4e40-853d-220e4c91a586,NA,20260113T222326Z,RELEASE-2026
9f8cf424-6414-4c65-8411-6a146ea0cf2f,D17,BIGC,BIGC.AOS.aquatic.plant.transect.08,5,2021-07-26T20:43:00Z,BIGC.20210726,BIGC.20210726.AP5.T08,NA,NA,NA,NA,NA,N,plant,submerged,FOANA,Fontinalis antipyretica Hedw. var. antipyretica,NA,NA,NA,NA,Bryopsida,Isobryales,Fontinalaceae,Fontinalis,NA,antipyretica,var. antipyretica,NA,NA,Hedw.,NA,NA,variety,NA,NA,NA,NA,NA,20260113T222326Z,RELEASE-2026
894728e2-fded-46d7-900c-8148083b228f,D17,BIGC,BIGC.AOS.aquatic.plant.transect.08,1,2021-07-26T20:43:00Z,BIGC.20210726,BIGC.20210726.AP2.T08,NA,NA,NA,NA,NA,N,plant,submerged,FOANA,Fontinalis antipyretica Hedw. var. antipyretica,NA,NA,NA,NA,Bryopsida,Isobryales,Fontinalaceae,Fontinalis,NA,antipyretica,var. antipyretica,NA,NA,Hedw.,NA,NA,variety,NA,NA,NA,NA,NA,20260113T222326Z,RELEASE-2026
9e35a610-c43d-46cd-bdd9-e19219c31def,D17,BIGC,BIGC.AOS.aquatic.plant.transect.08,15,2021-07-26T20:43:00Z,BIGC.20210726,BIGC.20210726.AP10.T08,NA,NA,NA,NA,NA,N,plant,submerged,CHPO14,Chiloscyphus polyanthos (L.) Corda,NA,NA,NA,NA,Hepaticopsida,Jungermanniales,Geocalycaceae,Chiloscyphus,NA,polyanthos,NA,NA,NA,(L.) Corda,NA,"Doyle, W. T. and Stotler, R. E. 2006. Contributions toward a Bryoflora of California III. Keys and Annotated Species Catalogue for Liverworts and Hornworts. Madrono 53 (2) 89-197.",species,NA,"David Kofranek Botany, LLC",2021-07-26T20:43:00Z,916b7555-804c-46e4-bc20-2d502de5b2f9,NA,20260113T222326Z,RELEASE-2026
39a529f8-0026-4d50-be81-bfbda727b7b9,D17,BIGC,BIGC.AOS.aquatic.plant.transect.08,3,2021-07-26T20:43:00Z,BIGC.20210726,BIGC.20210726.AP3.T08,NA,NA,NA,NA,NA,N,plant,submerged,FOANA,Fontinalis antipyretica Hedw. var. antipyretica,NA,NA,NA,NA,Bryopsida,Isobryales,Fontinalaceae,Fontinalis,NA,antipyretica,var. antipyretica,NA,NA,Hedw.,NA,NA,variety,NA,NA,NA,NA,NA,20260113T222326Z,RELEASE-2026
293b96db-de59-4772-98e4-2278f17e2f6a,D17,BIGC,BIGC.AOS.aquatic.plant.transect.08,14,2021-07-26T20:43:00Z,BIGC.20210726,BIGC.20210726.AP8.T08,NA,NA,NA,NA,NA,N,plant,submerged,FOANA,Fontinalis antipyretica Hedw. var. antipyretica,NA,NA,NA,NA,Bryopsida,Isobryales,Fontinalaceae,Fontinalis,NA,antipyretica,var. antipyretica,NA,NA,Hedw.,NA,NA,variety,NA,NA,NA,NA,NA,20260113T222326Z,RELEASE-2026
522c7080-358b-4da6-abbe-f020d84ac195,D17,BIGC,BIGC.AOS.aquatic.plant.transect.08,7,2021-07-26T20:43:00Z,BIGC.20210726,BIGC.20210726.AP7.T08,NA,NA,NA,NA,NA,N,plant,emergent,NAOF,Nasturtium officinale W.T. Aiton,NA,NA,Magnoliophyta,NA,Magnoliopsida,Capparales,Brassicaceae,Nasturtium,NA,officinale,NA,NA,NA,W.T. Aiton,NA,NA,species,NA,NA,NA,NA,NA,20260113T222326Z,RELEASE-2026
f8d4f913-e2cb-4bbf-a204-0afe5c4f7e64,D17,BIGC,BIGC.AOS.aquatic.plant.transect.08,16,2021-07-26T20:43:00Z,BIGC.20210726,BIGC.20210726.AP12.T08,NA,NA,NA,NA,NA,N,plant,submerged,FOANA,Fontinalis antipyretica Hedw. var. antipyretica,NA,NA,NA,NA,Bryopsida,Isobryales,Fontinalaceae,Fontinalis,NA,antipyretica,var. antipyretica,NA,NA,Hedw.,NA,NA,variety,NA,NA,NA,NA,NA,20260113T222326Z,RELEASE-2026
bd385d8a-1f4b-4e9b-b79c-4cc79ec30956,D17,BIGC,BIGC.AOS.aquatic.plant.transect.08,4,2021-07-26T20:43:00Z,BIGC.20210726,BIGC.20210726.AP4.T08,NA,NA,NA,NA,NA,N,plant,submerged,FOANA,Fontinalis antipyretica Hedw. var. antipyretica,NA,NA,NA,NA,Bryopsida,Isobryales,Fontinalaceae,Fontinalis,NA,antipyretica,var. antipyretica,NA,NA,Hedw.,NA,NA,variety,NA,NA,NA,NA,NA,20260113T222326Z,RELEASE-2026
438e9044-1e33-4711-8642-1a9f7abe109b,D17,BIGC,BIGC.AOS.aquatic.plant.transect.08,18,2021-07-26T20:43:00Z,BIGC.20210726,BIGC.20210726.AP14.T08,NA,NA,NA,NA,NA,N,plant,submerged,CHPO14,Chiloscyphus polyanthos (L.) Corda,NA,NA,NA,NA,Hepaticopsida,Jungermanniales,Geocalycaceae,Chiloscyphus,NA,polyanthos,NA,NA,NA,(L.) Corda,NA,"Doyle, W. T. and Stotler, R. E. 2006. Contributions toward a Bryoflora of California III. Keys and Annotated Species Catalogue for Liverworts and Hornworts. Madrono 53 (2) 89-197.",species,NA,"David Kofranek Botany, LLC",2021-07-26T20:43:00Z,e5d9a5d2-968f-4889-81f9-0df5130ba66a,NA,20260113T222326Z,RELEASE-2026
f2dfacf8-f570-4867-bae2-42730899ff42,D17,BIGC,BIGC.AOS.aquatic.plant.transect.08,17,2021-07-26T20:43:00Z,BIGC.20210726,BIGC.20210726.AP13.T08,NA,NA,NA,NA,NA,N,plant,submerged,FOANA,Fontinalis antipyretica Hedw. var. antipyretica,NA,NA,NA,NA,Bryopsida,Isobryales,Fontinalaceae,Fontinalis,NA,antipyretica,var. antipyretica,NA,NA,Hedw.,NA,NA,variety,NA,NA,NA,NA,NA,20260113T222326Z,RELEASE-2026
299e2387-879b-4862-9104-0845368bae05,D17,BIGC,BIGC.AOS.aquatic.plant.transect.09,17,2021-07-26T21:06:00Z,BIGC.20210726,BIGC.20210726.AP1.T09,NA,NA,NA,NA,NA,N,plant,submerged,NAOF,Nasturtium officinale W.T. Aiton,NA,NA,Magnoliophyta,NA,Magnoliopsida,Capparales,Brassicaceae,Nasturtium,NA,officinale,NA,NA,NA,W.T. Aiton,NA,NA,species,NA,NA,NA,NA,NA,20260113T222326Z,RELEASE-2026
bd0e7359-4a24-4391-976d-992983263726,D17,BIGC,BIGC.AOS.aquatic.plant.transect.10,15,2021-07-26T21:17:00Z,BIGC.20210726,BIGC.20210726.AP13.T10,NA,NA,NA,NA,NA,N,plant,submerged,FOANA,Fontinalis antipyretica Hedw. var. antipyretica,NA,NA,NA,NA,Bryopsida,Isobryales,Fontinalaceae,Fontinalis,NA,antipyretica,var. antipyretica,NA,NA,Hedw.,NA,NA,variety,NA,NA,NA,NA,NA,20260113T222326Z,RELEASE-2026
fe401a8c-7d80-4e24-a1b8-37d8f838acce,D17,BIGC,BIGC.AOS.aquatic.plant.transect.10,13,2021-07-26T21:17:00Z,BIGC.20210726,BIGC.20210726.AP11.T10,NA,NA,NA,NA,NA,N,plant,submerged,FOANA,Fontinalis antipyretica Hedw. var. antipyretica,NA,NA,NA,NA,Bryopsida,Isobryales,Fontinalaceae,Fontinalis,NA,antipyretica,var. antipyretica,NA,NA,Hedw.,NA,NA,variety,NA,NA,NA,NA,NA,20260113T222326Z,RELEASE-2026
c9c2756f-3cad-4560-8ae0-8580a020f3fc,D17,BIGC,BIGC.AOS.aquatic.plant.transect.10,5,2021-07-26T21:17:00Z,BIGC.20210726,BIGC.20210726.AP4.T10,NA,NA,NA,NA,NA,N,plant,submerged,FOANA,Fontinalis antipyretica Hedw. var. antipyretica,NA,NA,NA,NA,Bryopsida,Isobryales,Fontinalaceae,Fontinalis,NA,antipyretica,var. antipyretica,NA,NA,Hedw.,NA,NA,variety,NA,NA,NA,NA,NA,20260113T222326Z,RELEASE-2026
347a73ac-989b-4ad9-8cce-23e827a23996,D17,BIGC,BIGC.AOS.aquatic.plant.transect.10,4,2021-07-26T21:17:00Z,BIGC.20210726,BIGC.20210726.AP3.T10,NA,NA,NA,NA,NA,N,plant,submerged,FOANA,Fontinalis antipyretica Hedw. var. antipyretica,NA,NA,NA,NA,Bryopsida,Isobryales,Fontinalaceae,Fontinalis,NA,antipyretica,var. antipyretica,NA,NA,Hedw.,NA,NA,variety,NA,NA,NA,NA,NA,20260113T222326Z,RELEASE-2026
2bad319b-1755-4be6-ac8f-4738c317dcec,D17,BIGC,BIGC.AOS.aquatic.plant.transect.10,2,2021-07-26T21:17:00Z,BIGC.20210726,BIGC.20210726.AP2.T10,NA,NA,NA,NA,NA,N,plant,emergent,NAOF,Nasturtium officinale W.T. Aiton,NA,NA,Magnoliophyta,NA,Magnoliopsida,Capparales,Brassicaceae,Nasturtium,NA,officinale,NA,NA,NA,W.T. Aiton,NA,NA,species,NA,NA,NA,NA,NA,20260113T222326Z,RELEASE-2026
515e9c15-acbd-49a7-9cd9-0c449dc7b5f1,D17,BIGC,BIGC.AOS.aquatic.plant.transect.10,13,2021-07-26T21:17:00Z,BIGC.20210726,BIGC.20210726.AP9.T10,NA,NA,NA,NA,NA,N,plant,submerged,NAOF,Nasturtium officinale W.T. Aiton,NA,NA,Magnoliophyta,NA,Magnoliopsida,Capparales,Brassicaceae,Nasturtium,NA,officinale,NA,NA,NA,W.T. Aiton,NA,NA,species,NA,NA,NA,NA,NA,20260113T222326Z,RELEASE-2026
5bbd41ea-203c-4e32-8550-44e673461d3f,D17,BIGC,BIGC.AOS.aquatic.plant.transect.10,13,2021-07-26T21:17:00Z,BIGC.20210726,BIGC.20210726.AP10.T10,NA,NA,NA,NA,NA,N,plant,submerged,CHPO14,Chiloscyphus polyanthos (L.) Corda,NA,NA,NA,NA,Hepaticopsida,Jungermanniales,Geocalycaceae,Chiloscyphus,NA,polyanthos,NA,NA,NA,(L.) Corda,NA,"Doyle, W. T. and Stotler, R. E. 2006. Contributions toward a Bryoflora of California III. Keys and Annotated Species Catalogue for Liverworts and Hornworts. Madrono 53 (2) 89-197.",species,NA,"David Kofranek Botany, LLC",2021-07-26T21:17:00Z,e97991ec-6fbc-4b3f-af86-2a838043ac7e,NA,20260113T222326Z,RELEASE-2026
043e56e9-5015-4e7f-a240-5bf46dec0e53,D17,BIGC,BIGC.AOS.aquatic.plant.transect.10,9,2021-07-26T21:17:00Z,BIGC.20210726,BIGC.20210726.AP7.T10,NA,NA,NA,NA,NA,N,plant,submerged,FOANA,Fontinalis antipyretica Hedw. var. antipyretica,NA,NA,NA,NA,Bryopsida,Isobryales,Fontinalaceae,Fontinalis,NA,antipyretica,var. antipyretica,NA,NA,Hedw.,NA,NA,variety,NA,NA,NA,NA,NA,20260113T222326Z,RELEASE-2026
b70241d4-29bd-421c-a531-d32b4b3cca4c,D17,BIGC,BIGC.AOS.aquatic.plant.transect.10,18,2021-07-26T21:17:00Z,BIGC.20210726,BIGC.20210726.AP18.T10,NA,NA,NA,NA,NA,N,plant,submerged,FOANA,Fontinalis antipyretica Hedw. var. antipyretica,NA,NA,NA,NA,Bryopsida,Isobryales,Fontinalaceae,Fontinalis,NA,antipyretica,var. antipyretica,NA,NA,Hedw.,NA,NA,variety,NA,NA,NA,NA,NA,20260113T222326Z,RELEASE-2026
bdb8d379-26a0-49e8-b278-f18d7132ff79,D17,BIGC,BIGC.AOS.aquatic.plant.transect.10,17,2021-07-26T21:17:00Z,BIGC.20210726,BIGC.20210726.AP15.T10,NA,NA,NA,NA,NA,N,plant,submerged,FOANA,Fontinalis antipyretica Hedw. var. antipyretica,NA,NA,NA,NA,Bryopsida,Isobryales,Fontinalaceae,Fontinalis,NA,antipyretica,var. antipyretica,NA,NA,Hedw.,NA,NA,variety,NA,NA,NA,NA,NA,20260113T222326Z,RELEASE-2026
9f9f819d-6fab-4b3e-8b14-71aff57923af,D17,BIGC,BIGC.AOS.aquatic.plant.transect.10,7,2021-07-26T21:17:00Z,BIGC.20210726,BIGC.20210726.AP6.T10,NA,NA,NA,NA,NA,N,plant,submerged,CHPO14,Chiloscyphus polyanthos (L.) Corda,NA,NA,NA,NA,Hepaticopsida,Jungermanniales,Geocalycaceae,Chiloscyphus,NA,polyanthos,NA,NA,NA,(L.) Corda,NA,"Doyle, W. T. and Stotler, R. E. 2006. Contributions toward a Bryoflora of California III. Keys and Annotated Species Catalogue for Liverworts and Hornworts. Madrono 53 (2) 89-197.",species,NA,"David Kofranek Botany, LLC",2021-07-26T21:17:00Z,7d8cacae-d2db-41c7-baab-b8fbff65ba0d,NA,20260113T222326Z,RELEASE-2026
5018d793-2d2e-4771-a3c5-af4f00a13bd6,D17,BIGC,BIGC.AOS.aquatic.plant.transect.10,18,2021-07-26T21:17:00Z,BIGC.20210726,BIGC.20210726.AP17.T10,NA,NA,NA,NA,NA,N,plant,emergent,GALIU,Galium sp.,NA,NA,Magnoliophyta,NA,Magnoliopsida,Rubiales,Rubiaceae,Galium,NA,sp.,NA,NA,NA,L.,NA,NA,genus,NA,NA,NA,NA,NA,20260113T222326Z,RELEASE-2026
5b8c9a35-94c1-4d23-8def-e97c202be3e2,D17,BIGC,BIGC.AOS.aquatic.plant.transect.10,6,2021-07-26T21:17:00Z,BIGC.20210726,BIGC.20210726.AP5.T10,NA,NA,NA,NA,NA,N,plant,submerged,FOANA,Fontinalis antipyretica Hedw. var. antipyretica,NA,NA,NA,NA,Bryopsida,Isobryales,Fontinalaceae,Fontinalis,NA,antipyretica,var. antipyretica,NA,NA,Hedw.,NA,NA,variety,NA,NA,NA,NA,NA,20260113T222326Z,RELEASE-2026
df55c57e-41ec-44a8-8f6b-48380bd9e16c,D17,BIGC,BIGC.AOS.aquatic.plant.transect.10,15,2021-07-26T21:17:00Z,BIGC.20210726,BIGC.20210726.AP12.T10,NA,NA,NA,NA,NA,N,plant,submerged,CHPO14,Chiloscyphus polyanthos (L.) Corda,NA,NA,NA,NA,Hepaticopsida,Jungermanniales,Geocalycaceae,Chiloscyphus,NA,polyanthos,NA,NA,NA,(L.) Corda,NA,"Doyle, W. T. and Stotler, R. E. 2006. Contributions toward a Bryoflora of California III. Keys and Annotated Species Catalogue for Liverworts and Hornworts. Madrono 53 (2) 89-197.",species,NA,"David Kofranek Botany, LLC",2021-07-26T21:17:00Z,bcbb1afb-63cd-4342-b776-2b9adaea497c,NA,20260113T222326Z,RELEASE-2026
2fbabf47-d25c-4651-a8f3-61ec537e8320,D17,BIGC,BIGC.AOS.aquatic.plant.transect.10,16,2021-07-26T21:17:00Z,BIGC.20210726,BIGC.20210726.AP14.T10,NA,NA,NA,NA,NA,N,plant,submerged,CHPO14,Chiloscyphus polyanthos (L.) Corda,NA,NA,NA,NA,Hepaticopsida,Jungermanniales,Geocalycaceae,Chiloscyphus,NA,polyanthos,NA,NA,NA,(L.) Corda,NA,"Doyle, W. T. and Stotler, R. E. 2006. Contributions toward a Bryoflora of California III. Keys and Annotated Species Catalogue for Liverworts and Hornworts. Madrono 53 (2) 89-197.",species,NA,"David Kofranek Botany, LLC",2021-07-26T21:17:00Z,cf180e9a-6746-4a5c-bf24-cc5762de67dc,NA,20260113T222326Z,RELEASE-2026
0146ffc0-a1e5-4fb2-813b-3b726dcd6703,D17,BIGC,BIGC.AOS.aquatic.plant.transect.10,11,2021-07-26T21:17:00Z,BIGC.20210726,BIGC.20210726.AP8.T10,NA,NA,NA,NA,NA,N,plant,submerged,FOANA,Fontinalis antipyretica Hedw. var. antipyretica,NA,NA,NA,NA,Bryopsida,Isobryales,Fontinalaceae,Fontinalis,NA,antipyretica,var. antipyretica,NA,NA,Hedw.,NA,NA,variety,NA,NA,NA,NA,NA,20260113T222326Z,RELEASE-2026
dac496d5-0c1c-455d-89fb-2135844a1194,D17,BIGC,BIGC.AOS.aquatic.plant.transect.10,17,2021-07-26T21:17:00Z,BIGC.20210726,BIGC.20210726.AP16.T10,NA,NA,NA,NA,NA,N,plant,submerged,CHPO14,Chiloscyphus polyanthos (L.) Corda,NA,NA,NA,NA,Hepaticopsida,Jungermanniales,Geocalycaceae,Chiloscyphus,NA,polyanthos,NA,NA,NA,(L.) Corda,NA,"Doyle, W. T. and Stotler, R. E. 2006. Contributions toward a Bryoflora of California III. Keys and Annotated Species Catalogue for Liverworts and Hornworts. Madrono 53 (2) 89-197.",species,NA,"David Kofranek Botany, LLC",2021-07-26T21:17:00Z,70171cd6-7756-4897-ad17-18423e75055c,NA,20260113T222326Z,RELEASE-2026
d4e57022-06af-416e-abd4-c590f165edcb,D17,BIGC,BIGC.AOS.aquatic.plant.transect.10,1,2021-07-26T21:17:00Z,BIGC.20210726,BIGC.20210726.AP1.T10,NA,NA,NA,NA,NA,N,plant,emergent,NAOF,Nasturtium officinale W.T. Aiton,NA,NA,Magnoliophyta,NA,Magnoliopsida,Capparales,Brassicaceae,Nasturtium,NA,officinale,NA,NA,NA,W.T. Aiton,NA,NA,species,NA,NA,NA,NA,NA,20260113T222326Z,RELEASE-2026
72706830-0af1-46bc-a3df-639eca757427,D17,BIGC,BIGC.AOS.aquatic.plant.transect.02,3,2022-10-06T18:16:00Z,BIGC.20221006,BIGC.20221006.AP3.1.T2,NA,Sample condition ok,NA,NA,NA,N,plant,emergent,CHPO14,Chiloscyphus polyanthos (L.) Corda,NA,NA,NA,NA,Hepaticopsida,Jungermanniales,Geocalycaceae,Chiloscyphus,NA,polyanthos,NA,NA,NA,(L.) Corda,NA,"Doyle, W. T. and Stotler, R. E. 2006. Contributions toward a Bryoflora of California III. Keys and Annotated Species Catalogue for Liverworts and Hornworts. Madrono 53 (2) 89-197.",species,NA,"David Kofranek Botany, LLC",2022-10-06T18:16:00Z,5f7dafaf-65b7-44d2-b255-15e709566156,NA,20260113T222235Z,RELEASE-2026
d4670f4d-a97b-4c27-bd56-fb0ee78ee6b9,D17,BIGC,BIGC.AOS.aquatic.plant.transect.03,19,2022-10-06T18:37:00Z,BIGC.20221006,BIGC.20221006.AP19.1.T3,NA,Sample condition ok,NA,NA,NA,N,plant,emergent,2PLANT,Unknown plant,P.pendulum,Green moss on rock w pointed leaves,NA,NA,NA,NA,NA,NA,NA,NA,NA,NA,NA,NA,NA,NA,kingdom,NA,NA,NA,NA,NA,20260113T222235Z,RELEASE-2026
522f2d90-66c0-4cf0-929e-0555f6e5a4d6,D17,BIGC,BIGC.AOS.aquatic.plant.transect.05,16,2022-10-06T19:16:00Z,BIGC.20221006,BIGC.20221006.AP16.1.T5,NA,Sample condition ok,NA,NA,NA,N,plant,submerged,FOANA,Fontinalis antipyretica Hedw. var. antipyretica,NA,NA,NA,NA,Bryopsida,Isobryales,Fontinalaceae,Fontinalis,NA,antipyretica,var. antipyretica,NA,NA,Hedw.,NA,NA,variety,NA,NA,NA,NA,NA,20260113T222235Z,RELEASE-2026
65bdd574-7080-457c-b6c7-3592ba98d5a6,D17,BIGC,BIGC.AOS.aquatic.plant.transect.06,20,2022-10-06T19:32:00Z,BIGC.20221006,BIGC.20221006.AP20.1.T6,NA,Sample condition ok,NA,NA,NA,N,plant,emergent,NAOF,Nasturtium officinale W.T. Aiton,NA,NA,Magnoliophyta,NA,Magnoliopsida,Capparales,Brassicaceae,Nasturtium,NA,officinale,NA,NA,NA,W.T. Aiton,NA,NA,species,NA,NA,NA,NA,NA,20260113T222235Z,RELEASE-2026
00d9d8a1-dbef-4a9f-808c-835094ee4e8f,D17,BIGC,BIGC.AOS.aquatic.plant.transect.06,18,2022-10-06T19:32:00Z,BIGC.20221006,BIGC.20221006.AP18.1.T6,NA,Sample condition ok,NA,NA,NA,N,plant,emergent,NAOF,Nasturtium officinale W.T. Aiton,NA,NA,Magnoliophyta,NA,Magnoliopsida,Capparales,Brassicaceae,Nasturtium,NA,officinale,NA,NA,NA,W.T. Aiton,NA,NA,species,NA,NA,NA,NA,NA,20260113T222235Z,RELEASE-2026
fdd23a67-1355-4451-8707-6001bd3f2a7d,D17,BIGC,BIGC.AOS.aquatic.plant.transect.06,17,2022-10-06T19:32:00Z,BIGC.20221006,BIGC.20221006.AP17.1.T6,NA,Sample condition ok,NA,NA,NA,N,plant,submerged,NAOF,Nasturtium officinale W.T. Aiton,NA,NA,Magnoliophyta,NA,Magnoliopsida,Capparales,Brassicaceae,Nasturtium,NA,officinale,NA,NA,NA,W.T. Aiton,NA,NA,species,NA,NA,NA,NA,NA,20260113T222235Z,RELEASE-2026
4cbca065-0d93-44a7-ab80-72fca7318cca,D17,BIGC,BIGC.AOS.aquatic.plant.transect.06,19,2022-10-06T19:32:00Z,BIGC.20221006,BIGC.20221006.AP19.1.T6,NA,Sample condition ok,NA,NA,NA,N,plant,emergent,NAOF,Nasturtium officinale W.T. Aiton,NA,NA,Magnoliophyta,NA,Magnoliopsida,Capparales,Brassicaceae,Nasturtium,NA,officinale,NA,NA,NA,W.T. Aiton,NA,NA,species,NA,NA,NA,NA,NA,20260113T222235Z,RELEASE-2026
9af339a4-f211-43a6-a526-42098c9b2701,D17,BIGC,BIGC.AOS.aquatic.plant.transect.06,13,2022-10-06T19:32:00Z,BIGC.20221006,BIGC.20221006.AP13.1.T6,NA,Sample condition ok,NA,NA,NA,N,plant,emergent,NAOF,Nasturtium officinale W.T. Aiton,NA,NA,Magnoliophyta,NA,Magnoliopsida,Capparales,Brassicaceae,Nasturtium,NA,officinale,NA,NA,NA,W.T. Aiton,NA,NA,species,NA,NA,NA,NA,NA,20260113T222235Z,RELEASE-2026
d3870a7b-75bd-4c72-98a2-2888ba550b55,D17,BIGC,BIGC.AOS.aquatic.plant.transect.06,11,2022-10-06T19:32:00Z,BIGC.20221006,BIGC.20221006.AP11.1.T6,NA,Sample condition ok,NA,NA,NA,N,plant,emergent,NAOF,Nasturtium officinale W.T. Aiton,NA,NA,Magnoliophyta,NA,Magnoliopsida,Capparales,Brassicaceae,Nasturtium,NA,officinale,NA,NA,NA,W.T. Aiton,NA,NA,species,NA,NA,NA,NA,NA,20260113T222235Z,RELEASE-2026
43cb0722-4576-460d-bf34-5f1a857dc105,D17,BIGC,BIGC.AOS.aquatic.plant.transect.07,5,2022-10-06T19:58:00Z,BIGC.20221006,BIGC.20221006.AP5.1.T7,NA,Sample condition ok,NA,NA,NA,N,plant,submerged,FOANA,Fontinalis antipyretica Hedw. var. antipyretica,NA,NA,NA,NA,Bryopsida,Isobryales,Fontinalaceae,Fontinalis,NA,antipyretica,var. antipyretica,NA,NA,Hedw.,NA,NA,variety,NA,NA,NA,NA,NA,20260113T222235Z,RELEASE-2026
9ada0296-6303-4f59-9a5d-5dec5162b612,D17,BIGC,BIGC.AOS.aquatic.plant.transect.07,7,2022-10-06T19:58:00Z,BIGC.20221006,BIGC.20221006.AP7.1.T7,NA,Sample condition ok,NA,NA,NA,N,plant,submerged,FOANA,Fontinalis antipyretica Hedw. var. antipyretica,NA,NA,NA,NA,Bryopsida,Isobryales,Fontinalaceae,Fontinalis,NA,antipyretica,var. antipyretica,NA,NA,Hedw.,NA,NA,variety,NA,NA,NA,NA,NA,20260113T222235Z,RELEASE-2026
648a42c7-58e1-4eba-bf79-b85f9cefdfa5,D17,BIGC,BIGC.AOS.aquatic.plant.transect.07,11,2022-10-06T19:58:00Z,BIGC.20221006,BIGC.20221006.AP11.1.T7,NA,Sample condition ok,NA,NA,NA,N,plant,submerged,CHPO14,Chiloscyphus polyanthos (L.) Corda,NA,NA,NA,NA,Hepaticopsida,Jungermanniales,Geocalycaceae,Chiloscyphus,NA,polyanthos,NA,NA,NA,(L.) Corda,NA,"Doyle, W. T. and Stotler, R. E. 2006. Contributions toward a Bryoflora of California III. Keys and Annotated Species Catalogue for Liverworts and Hornworts. Madrono 53 (2) 89-197.",species,NA,"David Kofranek Botany, LLC",2022-10-06T19:58:00Z,862d1f0b-8fa3-4379-8fd0-6b260d7cdec7,NA,20260113T222235Z,RELEASE-2026
4861dbb3-c1e7-4ffe-8691-74ca1e81439a,D17,BIGC,BIGC.AOS.aquatic.plant.transect.07,9,2022-10-06T19:58:00Z,BIGC.20221006,BIGC.20221006.AP9.1.T7,NA,Sample condition ok,NA,NA,NA,N,plant,submerged,FOANA,Fontinalis antipyretica Hedw. var. antipyretica,NA,NA,NA,NA,Bryopsida,Isobryales,Fontinalaceae,Fontinalis,NA,antipyretica,var. antipyretica,NA,NA,Hedw.,NA,NA,variety,NA,NA,NA,NA,NA,20260113T222235Z,RELEASE-2026
aa05ab66-3211-4255-9efa-9fd791c236b0,D17,BIGC,BIGC.AOS.aquatic.plant.transect.07,3,2022-10-06T19:58:00Z,BIGC.20221006,BIGC.20221006.AP3.1.T7,NA,Sample condition ok,NA,NA,NA,N,plant,submerged,FOANA,Fontinalis antipyretica Hedw. var. antipyretica,NA,NA,NA,NA,Bryopsida,Isobryales,Fontinalaceae,Fontinalis,NA,antipyretica,var. antipyretica,NA,NA,Hedw.,NA,NA,variety,NA,NA,NA,NA,NA,20260113T222235Z,RELEASE-2026
bfed5e92-47ab-475c-bc4b-d17d12d01f3e,D17,BIGC,BIGC.AOS.aquatic.plant.transect.07,6,2022-10-06T19:58:00Z,BIGC.20221006,BIGC.20221006.AP6.1.T7,NA,Sample condition ok,NA,NA,NA,N,plant,submerged,FOANA,Fontinalis antipyretica Hedw. var. antipyretica,NA,NA,NA,NA,Bryopsida,Isobryales,Fontinalaceae,Fontinalis,NA,antipyretica,var. antipyretica,NA,NA,Hedw.,NA,NA,variety,NA,NA,NA,NA,NA,20260113T222235Z,RELEASE-2026
31e82cd3-00af-4bbf-8633-f0294b9bdfd2,D17,BIGC,BIGC.AOS.aquatic.plant.transect.08,5,2022-10-06T20:12:00Z,BIGC.20221006,BIGC.20221006.AP5.1.T8,NA,Sample condition ok,NA,NA,NA,N,plant,emergent,FOANA,Fontinalis antipyretica Hedw. var. antipyretica,NA,NA,NA,NA,Bryopsida,Isobryales,Fontinalaceae,Fontinalis,NA,antipyretica,var. antipyretica,NA,NA,Hedw.,NA,NA,variety,NA,NA,NA,NA,NA,20260113T222235Z,RELEASE-2026
04e7b561-ca54-45d3-97cc-5e70b9ce6d6f,D17,BIGC,BIGC.AOS.aquatic.plant.transect.08,18,2022-10-06T20:12:00Z,BIGC.20221006,BIGC.20221006.AP18.1.T8,NA,Sample condition ok,NA,NA,NA,N,plant,submerged,FOANA,Fontinalis antipyretica Hedw. var. antipyretica,NA,NA,NA,NA,Bryopsida,Isobryales,Fontinalaceae,Fontinalis,NA,antipyretica,var. antipyretica,NA,NA,Hedw.,NA,NA,variety,NA,NA,NA,NA,NA,20260113T222235Z,RELEASE-2026
a59e10f7-5535-405d-9f44-13edea5575e2,D17,BIGC,BIGC.AOS.aquatic.plant.transect.10,15,2022-10-06T20:37:00Z,BIGC.20221006,BIGC.20221006.AP15.2.T9,NA,Sample condition ok,NA,NA,NA,N,plant,emergent,NAOF,Nasturtium officinale W.T. Aiton,NA,NA,Magnoliophyta,NA,Magnoliopsida,Capparales,Brassicaceae,Nasturtium,NA,officinale,NA,NA,NA,W.T. Aiton,NA,NA,species,NA,NA,NA,NA,NA,20260113T222235Z,RELEASE-2026
d840e919-1052-4c3c-9cfa-828f51ef968f,D17,BIGC,BIGC.AOS.aquatic.plant.transect.10,6,2022-10-06T20:37:00Z,BIGC.20221006,BIGC.20221006.AP6.1.T9,NA,Sample condition ok,NA,NA,NA,N,plant,emergent,NAOF,Nasturtium officinale W.T. Aiton,NA,NA,Magnoliophyta,NA,Magnoliopsida,Capparales,Brassicaceae,Nasturtium,NA,officinale,NA,NA,NA,W.T. Aiton,NA,NA,species,NA,NA,NA,NA,NA,20260113T222235Z,RELEASE-2026
51c1a87d-b809-4f85-89ae-c0558a4e76f2,D17,BIGC,BIGC.AOS.aquatic.plant.transect.10,18,2022-10-06T20:37:00Z,BIGC.20221006,BIGC.20221006.AP18.1.T9,NA,Sample condition ok,NA,NA,NA,N,plant,submerged,FOANA,Fontinalis antipyretica Hedw. var. antipyretica,NA,NA,NA,NA,Bryopsida,Isobryales,Fontinalaceae,Fontinalis,NA,antipyretica,var. antipyretica,NA,NA,Hedw.,NA,NA,variety,NA,NA,NA,NA,NA,20260113T222235Z,RELEASE-2026
e6cd25dd-df83-402f-b157-f1f6272bbc09,D17,BIGC,BIGC.AOS.aquatic.plant.transect.10,2,2022-10-06T20:37:00Z,BIGC.20221006,BIGC.20221006.AP2.1.T9,NA,Sample condition ok,NA,NA,NA,N,plant,submerged,NAOF,Nasturtium officinale W.T. Aiton,NA,NA,Magnoliophyta,NA,Magnoliopsida,Capparales,Brassicaceae,Nasturtium,NA,officinale,NA,NA,NA,W.T. Aiton,NA,NA,species,NA,NA,NA,NA,NA,20260113T222235Z,RELEASE-2026
d559ab22-fa75-4bec-9f68-4c5d828d1005,D17,BIGC,BIGC.AOS.aquatic.plant.transect.10,16,2022-10-06T20:37:00Z,BIGC.20221006,BIGC.20221006.AP16.1.T9,NA,Sample condition ok,NA,NA,NA,N,plant,submerged,FOANA,Fontinalis antipyretica Hedw. var. antipyretica,NA,NA,NA,NA,Bryopsida,Isobryales,Fontinalaceae,Fontinalis,NA,antipyretica,var. antipyretica,NA,NA,Hedw.,NA,NA,variety,NA,NA,NA,NA,NA,20260113T222235Z,RELEASE-2026
ef7e1358-4f37-4faf-913c-6b3eed144d90,D17,BIGC,BIGC.AOS.aquatic.plant.transect.10,17,2022-10-06T20:37:00Z,BIGC.20221006,BIGC.20221006.AP17.1.T9,NA,Sample condition ok,NA,NA,NA,N,plant,submerged,FOANA,Fontinalis antipyretica Hedw. var. antipyretica,NA,NA,NA,NA,Bryopsida,Isobryales,Fontinalaceae,Fontinalis,NA,antipyretica,var. antipyretica,NA,NA,Hedw.,NA,NA,variety,NA,NA,NA,NA,NA,20260113T222235Z,RELEASE-2026
7e83ceb5-53bc-4358-94e4-6c7d0c99d500,D17,BIGC,BIGC.AOS.aquatic.plant.transect.10,9,2022-10-06T20:37:00Z,BIGC.20221006,BIGC.20221006.AP9.1.T9,NA,Sample condition ok,NA,NA,NA,N,plant,submerged,FOANA,Fontinalis antipyretica Hedw. var. antipyretica,NA,NA,NA,NA,Bryopsida,Isobryales,Fontinalaceae,Fontinalis,NA,antipyretica,var. antipyretica,NA,NA,Hedw.,NA,NA,variety,NA,NA,NA,NA,NA,20260113T222235Z,RELEASE-2026
c24c991c-e54f-4893-995b-9dcf1ac8b670,D17,BIGC,BIGC.AOS.aquatic.plant.transect.10,5,2022-10-06T20:37:00Z,BIGC.20221006,BIGC.20221006.AP5.1.T9,NA,Sample condition ok,NA,NA,NA,N,plant,emergent,NAOF,Nasturtium officinale W.T. Aiton,NA,NA,Magnoliophyta,NA,Magnoliopsida,Capparales,Brassicaceae,Nasturtium,NA,officinale,NA,NA,NA,W.T. Aiton,NA,NA,species,NA,NA,NA,NA,NA,20260113T222235Z,RELEASE-2026
dbcbe615-6be2-4969-88b5-6485888218ee,D17,BIGC,BIGC.AOS.aquatic.plant.transect.10,15,2022-10-06T20:37:00Z,BIGC.20221006,BIGC.20221006.AP15.1.T9,NA,Sample condition ok,NA,NA,NA,N,plant,submerged,FOANA,Fontinalis antipyretica Hedw. var. antipyretica,NA,NA,NA,NA,Bryopsida,Isobryales,Fontinalaceae,Fontinalis,NA,antipyretica,var. antipyretica,NA,NA,Hedw.,NA,NA,variety,NA,NA,NA,NA,NA,20260113T222235Z,RELEASE-2026
af533697-219f-4f6a-9447-5aa470296e4b,D17,BIGC,BIGC.AOS.aquatic.plant.transect.10,3,2022-10-06T20:37:00Z,BIGC.20221006,BIGC.20221006.AP3.1.T9,NA,Sample condition ok,NA,NA,NA,N,plant,submerged,NAOF,Nasturtium officinale W.T. Aiton,NA,NA,Magnoliophyta,NA,Magnoliopsida,Capparales,Brassicaceae,Nasturtium,NA,officinale,NA,NA,NA,W.T. Aiton,NA,NA,species,NA,NA,NA,NA,NA,20260113T222235Z,RELEASE-2026
7a3e19c1-94c4-4455-ab0b-e6eecbc8ca41,D17,BIGC,BIGC.AOS.aquatic.plant.transect.10,18,2022-10-06T20:37:00Z,BIGC.20221006,BIGC.20221006.AP18.2.T9,NA,Sample condition ok,NA,NA,NA,N,plant,emergent,NAOF,Nasturtium officinale W.T. Aiton,NA,NA,Magnoliophyta,NA,Magnoliopsida,Capparales,Brassicaceae,Nasturtium,NA,officinale,NA,NA,NA,W.T. Aiton,NA,NA,species,NA,NA,NA,NA,NA,20260113T222235Z,RELEASE-2026
a194134c-eb87-487e-a773-4404c90a1d97,D17,BIGC,BIGC.AOS.aquatic.plant.transect.09,6,2022-10-06T21:00:00Z,BIGC.20221006,BIGC.20221006.AP6.1.T9,NA,Sample condition ok,NA,NA,NA,N,plant,emergent,NAOF,Nasturtium officinale W.T. Aiton,NA,NA,Magnoliophyta,NA,Magnoliopsida,Capparales,Brassicaceae,Nasturtium,NA,officinale,NA,NA,NA,W.T. Aiton,NA,NA,species,NA,NA,NA,NA,NA,20260113T222235Z,RELEASE-2026
b098a529-2a80-4341-b87e-e15d1ae41670,D17,BIGC,BIGC.AOS.aquatic.plant.transect.09,7,2022-10-06T21:00:00Z,BIGC.20221006,BIGC.20221006.AP7.1.T9,NA,Sample condition ok,NA,NA,NA,N,plant,emergent,NAOF,Nasturtium officinale W.T. Aiton,NA,NA,Magnoliophyta,NA,Magnoliopsida,Capparales,Brassicaceae,Nasturtium,NA,officinale,NA,NA,NA,W.T. Aiton,NA,NA,species,NA,NA,NA,NA,NA,20260113T222235Z,RELEASE-2026
ca372f48-9c87-4d2f-8f17-7f78be427d61,D17,BIGC,BIGC.AOS.aquatic.plant.transect.03,6,2022-04-06T17:36:00Z,BIGC.20220406,BIGC.20220406.AP6.1.T3,NA,Sample condition ok,NA,NA,NA,N,plant,submerged,CHPO14,Chiloscyphus polyanthos (L.) Corda,NA,NA,NA,NA,Hepaticopsida,Jungermanniales,Geocalycaceae,Chiloscyphus,NA,polyanthos,NA,NA,NA,(L.) Corda,NA,"Doyle, W. T. and Stotler, R. E. 2006. Contributions toward a Bryoflora of California III. Keys and Annotated Species Catalogue for Liverworts and Hornworts. Madrono 53 (2) 89-197.",species,NA,"David Kofranek Botany, LLC",2022-04-06T17:36:00Z,f395c349-47a5-4b9a-a28e-fc8bbf6df407,NA,20260113T223204Z,RELEASE-2026
0e73c1a7-1eb6-4a2f-b2f7-f4f6c783e8a5,D17,BIGC,BIGC.AOS.aquatic.plant.transect.03,10,2022-04-06T17:36:00Z,BIGC.20220406,BIGC.20220406.AP10.1.T3,NA,Sample condition ok,NA,NA,NA,N,plant,submerged,CHPO14,Chiloscyphus polyanthos (L.) Corda,NA,NA,NA,NA,Hepaticopsida,Jungermanniales,Geocalycaceae,Chiloscyphus,NA,polyanthos,NA,NA,NA,(L.) Corda,NA,"Doyle, W. T. and Stotler, R. E. 2006. Contributions toward a Bryoflora of California III. Keys and Annotated Species Catalogue for Liverworts and Hornworts. Madrono 53 (2) 89-197.",species,NA,"David Kofranek Botany, LLC",2022-04-06T17:36:00Z,2f08b22c-f032-4e62-9631-b7e2ad56f141,NA,20260113T223204Z,RELEASE-2026
d125626b-d32d-4e6c-93e4-cb392262565c,D17,BIGC,BIGC.AOS.aquatic.plant.transect.03,4,2022-04-06T17:36:00Z,BIGC.20220406,BIGC.20220406.AP4.1.T3,NA,Sample condition ok,NA,NA,NA,N,plant,submerged,CHPO14,Chiloscyphus polyanthos (L.) Corda,NA,NA,NA,NA,Hepaticopsida,Jungermanniales,Geocalycaceae,Chiloscyphus,NA,polyanthos,NA,NA,NA,(L.) Corda,NA,"Doyle, W. T. and Stotler, R. E. 2006. Contributions toward a Bryoflora of California III. Keys and Annotated Species Catalogue for Liverworts and Hornworts. Madrono 53 (2) 89-197.",species,NA,"David Kofranek Botany, LLC",2022-04-06T17:36:00Z,6b7f9a10-21fb-40ab-a872-c00229f2c75b,NA,20260113T223204Z,RELEASE-2026
b2300d82-06b9-4f1b-95f7-7c0bc250b30a,D17,BIGC,BIGC.AOS.aquatic.plant.transect.04,14,2022-04-06T17:54:00Z,BIGC.20220406,BIGC.20220406.MACROALGAE14.T4,A00000338103,Sample condition ok,NA,NA,NA,Y,macroalgae,free-floating,UNKALG,Unknown Algae,macroalgae14.20220406.T4,NA,NA,NA,NA,NA,NA,NA,NA,NA,NA,NA,NA,NA,NA,NA,kingdom,NA,NA,NA,NA,NA,20260113T223204Z,RELEASE-2026
13479302-01bb-4f1a-b3f0-60d6bc175ae2,D17,BIGC,BIGC.AOS.aquatic.plant.transect.05,9,2022-04-06T18:09:00Z,BIGC.20220406,BIGC.20220406.AP9.1.T5,NA,Sample condition ok,NA,NA,NA,N,plant,submerged,FOANA,Fontinalis antipyretica Hedw. var. antipyretica,NA,NA,NA,NA,Bryopsida,Isobryales,Fontinalaceae,Fontinalis,NA,antipyretica,var. antipyretica,NA,NA,Hedw.,NA,NA,variety,NA,NA,NA,NA,NA,20260113T223204Z,RELEASE-2026
8e773c3a-d401-455f-9d61-6ce64461b5cd,D17,BIGC,BIGC.AOS.aquatic.plant.transect.05,13,2022-04-06T18:09:00Z,BIGC.20220406,BIGC.20220406.AP13.1.T5,NA,Sample condition ok,NA,NA,NA,N,plant,submerged,FOANA,Fontinalis antipyretica Hedw. var. antipyretica,NA,NA,NA,NA,Bryopsida,Isobryales,Fontinalaceae,Fontinalis,NA,antipyretica,var. antipyretica,NA,NA,Hedw.,NA,NA,variety,NA,NA,NA,NA,NA,20260113T223204Z,RELEASE-2026
17485c7c-bc50-4ed1-b20b-1ec8e4dfd8d5,D17,BIGC,BIGC.AOS.aquatic.plant.transect.05,12,2022-04-06T18:09:00Z,BIGC.20220406,BIGC.20220406.AP12.1.T5,NA,Sample condition ok,NA,NA,NA,N,plant,submerged,FOANA,Fontinalis antipyretica Hedw. var. antipyretica,NA,NA,NA,NA,Bryopsida,Isobryales,Fontinalaceae,Fontinalis,NA,antipyretica,var. antipyretica,NA,NA,Hedw.,NA,NA,variety,NA,NA,NA,NA,NA,20260113T223204Z,RELEASE-2026
0e4775ab-197d-4a12-98f1-cd6f9520d79c,D17,BIGC,BIGC.AOS.aquatic.plant.transect.06,13,2022-04-06T18:21:00Z,BIGC.20220406,BIGC.20220406.AP13.1.T6,NA,Sample condition ok,NA,NA,NA,N,plant,emergent,NAOF,Nasturtium officinale W.T. Aiton,NA,NA,Magnoliophyta,NA,Magnoliopsida,Capparales,Brassicaceae,Nasturtium,NA,officinale,NA,NA,NA,W.T. Aiton,NA,NA,species,NA,NA,NA,NA,NA,20260113T223204Z,RELEASE-2026
d8339b9d-39a7-4fcd-8258-efdc7c1c34b0,D17,BIGC,BIGC.AOS.aquatic.plant.transect.06,8,2022-04-06T18:21:00Z,BIGC.20220406,BIGC.20220406.AP8.1.T6,NA,Sample condition ok,NA,NA,NA,N,plant,floating-leaved,NAOF,Nasturtium officinale W.T. Aiton,NA,NA,Magnoliophyta,NA,Magnoliopsida,Capparales,Brassicaceae,Nasturtium,NA,officinale,NA,NA,NA,W.T. Aiton,NA,NA,species,NA,NA,NA,NA,NA,20260113T223204Z,RELEASE-2026
406ce0bf-acca-49a0-9338-d822c847c013,D17,BIGC,BIGC.AOS.aquatic.plant.transect.06,14,2022-04-06T18:21:00Z,BIGC.20220406,BIGC.20220406.AP14.1.T6,A00000338106,Sample condition ok,BIGC.20220406.AP14.1.T6.H,A00000338115,NA,Y,plant,floating-leaved,GALIU,Galium sp.,NA,NA,Magnoliophyta,NA,Magnoliopsida,Rubiales,Rubiaceae,Galium,NA,sp.,NA,NA,NA,L.,NA,NA,genus,NA,NA,NA,NA,NA,20260113T223204Z,RELEASE-2026
30103648-0623-42fb-b576-3bfb8ca3cd32,D17,BIGC,BIGC.AOS.aquatic.plant.transect.06,8,2022-04-06T18:21:00Z,BIGC.20220406,BIGC.20220406.AP8.2.T6,NA,Sample condition ok,NA,NA,NA,N,plant,submerged,FOANA,Fontinalis antipyretica Hedw. var. antipyretica,NA,NA,NA,NA,Bryopsida,Isobryales,Fontinalaceae,Fontinalis,NA,antipyretica,var. antipyretica,NA,NA,Hedw.,NA,NA,variety,NA,NA,NA,NA,NA,20260113T223204Z,RELEASE-2026
3648de9c-8b44-452a-9980-8731900b783b,D17,BIGC,BIGC.AOS.aquatic.plant.transect.06,19,2022-04-06T18:21:00Z,BIGC.20220406,BIGC.20220406.MACROALGAE18.T6,A00000338104,Sample condition ok,NA,NA,NA,Y,macroalgae,free-floating,UNKALG,Unknown Algae,macroalgae18.20220406.T6,NA,NA,NA,NA,NA,NA,NA,NA,NA,NA,NA,NA,NA,NA,NA,kingdom,Same as point 18,NA,NA,NA,NA,20260113T223204Z,RELEASE-2026
aaab3ebf-466e-48b1-972d-6b1ce864d05d,D17,BIGC,BIGC.AOS.aquatic.plant.transect.06,1,2022-04-06T18:21:00Z,BIGC.20220406,BIGC.20220406.AP1.1.T6,NA,Sample condition ok,NA,NA,NA,N,plant,emergent,POACEA,Poaceae sp.,NA,NA,Magnoliophyta,NA,Liliopsida,Cyperales,Poaceae,NA,NA,sp.,NA,NA,NA,NA,NA,NA,family,NA,NA,NA,NA,NA,20260113T223204Z,RELEASE-2026
7d30a84d-0e2e-4b78-807d-492040736c95,D17,BIGC,BIGC.AOS.aquatic.plant.transect.06,10,2022-04-06T18:21:00Z,BIGC.20220406,BIGC.20220406.AP10.1.T6,NA,Sample condition ok,NA,NA,NA,N,plant,floating-leaved,NAOF,Nasturtium officinale W.T. Aiton,NA,NA,Magnoliophyta,NA,Magnoliopsida,Capparales,Brassicaceae,Nasturtium,NA,officinale,NA,NA,NA,W.T. Aiton,NA,NA,species,NA,NA,NA,NA,NA,20260113T223204Z,RELEASE-2026
62fce44c-8898-4ceb-baea-f2b5fd4b52ba,D17,BIGC,BIGC.AOS.aquatic.plant.transect.06,2,2022-04-06T18:21:00Z,BIGC.20220406,BIGC.20220406.AP2.1.T6,A00000338114,Sample condition ok,BIGC.20220406.AP2.1.T6.H,A00000338116,NA,Y,plant,floating-leaved,NAOF,Nasturtium officinale W.T. Aiton,NA,NA,Magnoliophyta,NA,Magnoliopsida,Capparales,Brassicaceae,Nasturtium,NA,officinale,NA,NA,NA,W.T. Aiton,NA,NA,species,NA,NA,NA,NA,NA,20260113T223204Z,RELEASE-2026
92cde3cb-08e6-4634-a60d-6aa7b89eeee8,D17,BIGC,BIGC.AOS.aquatic.plant.transect.06,11,2022-04-06T18:21:00Z,BIGC.20220406,BIGC.20220406.AP11.2.T6,NA,Sample condition ok,NA,NA,NA,N,plant,floating-leaved,NAOF,Nasturtium officinale W.T. Aiton,NA,NA,Magnoliophyta,NA,Magnoliopsida,Capparales,Brassicaceae,Nasturtium,NA,officinale,NA,NA,NA,W.T. Aiton,NA,NA,species,NA,NA,NA,NA,NA,20260113T223204Z,RELEASE-2026
69d70e49-c438-413a-9758-943fd1a7c1f8,D17,BIGC,BIGC.AOS.aquatic.plant.transect.06,9,2022-04-06T18:21:00Z,BIGC.20220406,BIGC.20220406.AP9.1.T6,NA,Sample condition ok,NA,NA,NA,N,plant,floating-leaved,NAOF,Nasturtium officinale W.T. Aiton,NA,NA,Magnoliophyta,NA,Magnoliopsida,Capparales,Brassicaceae,Nasturtium,NA,officinale,NA,NA,NA,W.T. Aiton,NA,NA,species,NA,NA,NA,NA,NA,20260113T223204Z,RELEASE-2026
98f414ed-4024-4793-bfb0-547ac87a70ab,D17,BIGC,BIGC.AOS.aquatic.plant.transect.06,7,2022-04-06T18:21:00Z,BIGC.20220406,BIGC.20220406.AP7.1.T6,NA,Sample condition ok,NA,NA,NA,N,plant,floating-leaved,NAOF,Nasturtium officinale W.T. Aiton,NA,NA,Magnoliophyta,NA,Magnoliopsida,Capparales,Brassicaceae,Nasturtium,NA,officinale,NA,NA,NA,W.T. Aiton,NA,NA,species,NA,NA,NA,NA,NA,20260113T223204Z,RELEASE-2026
2db587f7-c071-49ad-9b65-e41342a67789,D17,BIGC,BIGC.AOS.aquatic.plant.transect.06,11,2022-04-06T18:21:00Z,BIGC.20220406,BIGC.20220406.AP11.1.T6,NA,Sample condition ok,NA,NA,NA,N,plant,submerged,FOANA,Fontinalis antipyretica Hedw. var. antipyretica,NA,NA,NA,NA,Bryopsida,Isobryales,Fontinalaceae,Fontinalis,NA,antipyretica,var. antipyretica,NA,NA,Hedw.,NA,NA,variety,NA,NA,NA,NA,NA,20260113T223204Z,RELEASE-2026
cdc736f9-4392-42fe-b0d1-61bec546202a,D17,BIGC,BIGC.AOS.aquatic.plant.transect.06,18,2022-04-06T18:21:00Z,BIGC.20220406,BIGC.20220406.MACROALGAE18.T6,A00000338104,Sample condition ok,NA,NA,NA,Y,macroalgae,free-floating,UNKALG,Unknown Algae,macroalgae18.20220406.T6,NA,NA,NA,NA,NA,NA,NA,NA,NA,NA,NA,NA,NA,NA,NA,kingdom,NA,NA,NA,NA,NA,20260113T223204Z,RELEASE-2026
1ed3ad36-e104-4444-9fd9-8f700581afa2,D17,BIGC,BIGC.AOS.aquatic.plant.transect.07,4,2022-04-06T19:01:00Z,BIGC.20220406,BIGC.20220406.AP4.1.T7,NA,Sample condition ok,NA,NA,NA,N,plant,submerged,FOANA,Fontinalis antipyretica Hedw. var. antipyretica,NA,NA,NA,NA,Bryopsida,Isobryales,Fontinalaceae,Fontinalis,NA,antipyretica,var. antipyretica,NA,NA,Hedw.,NA,NA,variety,NA,NA,NA,NA,NA,20260113T223204Z,RELEASE-2026
322954f5-c369-4bd3-be7a-3017bd311972,D17,BIGC,BIGC.AOS.aquatic.plant.transect.07,1,2022-04-06T19:01:00Z,BIGC.20220406,BIGC.20220406.AP1.1.T7,NA,Sample condition ok,NA,NA,NA,N,plant,submerged,CHPO14,Chiloscyphus polyanthos (L.) Corda,NA,NA,NA,NA,Hepaticopsida,Jungermanniales,Geocalycaceae,Chiloscyphus,NA,polyanthos,NA,NA,NA,(L.) Corda,NA,"Doyle, W. T. and Stotler, R. E. 2006. Contributions toward a Bryoflora of California III. Keys and Annotated Species Catalogue for Liverworts and Hornworts. Madrono 53 (2) 89-197.",species,NA,"David Kofranek Botany, LLC",2022-04-06T19:01:00Z,5eff4292-274a-4e7d-ad49-f85bdbdb6ea5,NA,20260113T223204Z,RELEASE-2026
a94a7faa-7e91-4f8d-85d8-36e526013a1c,D17,BIGC,BIGC.AOS.aquatic.plant.transect.07,15,2022-04-06T19:01:00Z,BIGC.20220406,BIGC.20220406.AP15.1.T7,NA,Sample condition ok,NA,NA,NA,N,plant,emergent,2PLANT,Unknown plant,Worldleafyplant,Single stalk. World leafy pattern. 2 leaf each node alternating.,NA,NA,NA,NA,NA,NA,NA,NA,NA,NA,NA,NA,NA,NA,kingdom,NA,NA,NA,NA,NA,20260113T223204Z,RELEASE-2026
34d3129a-447d-4e27-945c-474e7825adc7,D17,BIGC,BIGC.AOS.aquatic.plant.transect.07,3,2022-04-06T19:01:00Z,BIGC.20220406,BIGC.20220406.AP3.2.T7,NA,Sample condition ok,NA,NA,NA,N,plant,submerged,CHPO14,Chiloscyphus polyanthos (L.) Corda,NA,NA,NA,NA,Hepaticopsida,Jungermanniales,Geocalycaceae,Chiloscyphus,NA,polyanthos,NA,NA,NA,(L.) Corda,NA,"Doyle, W. T. and Stotler, R. E. 2006. Contributions toward a Bryoflora of California III. Keys and Annotated Species Catalogue for Liverworts and Hornworts. Madrono 53 (2) 89-197.",species,NA,"David Kofranek Botany, LLC",2022-04-06T19:01:00Z,7c6cd736-4cea-4e0b-aec5-a26c062c4dab,NA,20260113T223204Z,RELEASE-2026
58a0e120-1768-40c5-a9b9-1de78d4a22a4,D17,BIGC,BIGC.AOS.aquatic.plant.transect.07,10,2022-04-06T19:01:00Z,BIGC.20220406,BIGC.20220406.AP10.1.T7,NA,Sample condition ok,NA,NA,NA,N,plant,submerged,FOANA,Fontinalis antipyretica Hedw. var. antipyretica,NA,NA,NA,NA,Bryopsida,Isobryales,Fontinalaceae,Fontinalis,NA,antipyretica,var. antipyretica,NA,NA,Hedw.,NA,NA,variety,NA,NA,NA,NA,NA,20260113T223204Z,RELEASE-2026
6a934b9b-9069-4642-8a09-ff35c4fc8c19,D17,BIGC,BIGC.AOS.aquatic.plant.transect.07,1,2022-04-06T19:01:00Z,BIGC.20220406,BIGC.20220406.AP1.2.T7,NA,Sample condition ok,NA,NA,NA,N,plant,floating-leaved,NAOF,Nasturtium officinale W.T. Aiton,NA,NA,Magnoliophyta,NA,Magnoliopsida,Capparales,Brassicaceae,Nasturtium,NA,officinale,NA,NA,NA,W.T. Aiton,NA,NA,species,NA,NA,NA,NA,NA,20260113T223204Z,RELEASE-2026
5f59bb09-a30a-434a-80e9-acc8c4e6bb62,D17,BIGC,BIGC.AOS.aquatic.plant.transect.07,14,2022-04-06T19:01:00Z,BIGC.20220406,BIGC.20220406.AP14.1.T7,A00000338108,Sample condition ok,BIGC.20220406.AP14.1.T7.H,A00000338107,NA,Y,plant,emergent,2PLANT,Unknown plant,Worldleafyplant,Single stalk. World leafy pattern. 2 leaf each node alternating.,NA,NA,NA,NA,NA,NA,NA,NA,NA,NA,NA,NA,NA,NA,kingdom,NA,NA,NA,NA,NA,20260113T223204Z,RELEASE-2026
9423b04a-fed6-4bc3-a51a-55833312d248,D17,BIGC,BIGC.AOS.aquatic.plant.transect.07,5,2022-04-06T19:01:00Z,BIGC.20220406,BIGC.20220406.AP5.1.T7,NA,Sample condition ok,NA,NA,NA,N,plant,submerged,FOANA,Fontinalis antipyretica Hedw. var. antipyretica,NA,NA,NA,NA,Bryopsida,Isobryales,Fontinalaceae,Fontinalis,NA,antipyretica,var. antipyretica,NA,NA,Hedw.,NA,NA,variety,NA,NA,NA,NA,NA,20260113T223204Z,RELEASE-2026
f78f3484-864a-4bdf-9dbb-4ca7fd903526,D17,BIGC,BIGC.AOS.aquatic.plant.transect.07,6,2022-04-06T19:01:00Z,BIGC.20220406,BIGC.20220406.AP6.1.T7,NA,Sample condition ok,NA,NA,NA,N,plant,submerged,FOANA,Fontinalis antipyretica Hedw. var. antipyretica,NA,NA,NA,NA,Bryopsida,Isobryales,Fontinalaceae,Fontinalis,NA,antipyretica,var. antipyretica,NA,NA,Hedw.,NA,NA,variety,NA,NA,NA,NA,NA,20260113T223204Z,RELEASE-2026
330acee2-09da-4c31-8881-beef885b97b9,D17,BIGC,BIGC.AOS.aquatic.plant.transect.07,3,2022-04-06T19:01:00Z,BIGC.20220406,BIGC.20220406.AP3.1.T7,NA,Sample condition ok,NA,NA,NA,N,plant,submerged,FOANA,Fontinalis antipyretica Hedw. var. antipyretica,NA,NA,NA,NA,Bryopsida,Isobryales,Fontinalaceae,Fontinalis,NA,antipyretica,var. antipyretica,NA,NA,Hedw.,NA,NA,variety,NA,NA,NA,NA,NA,20260113T223204Z,RELEASE-2026
0be7abbe-8be1-4794-8826-c6e6a8ac19e6,D17,BIGC,BIGC.AOS.aquatic.plant.transect.07,7,2022-04-06T19:01:00Z,BIGC.20220406,BIGC.20220406.AP7.1.T7,NA,Sample condition ok,NA,NA,NA,N,plant,submerged,FOANA,Fontinalis antipyretica Hedw. var. antipyretica,NA,NA,NA,NA,Bryopsida,Isobryales,Fontinalaceae,Fontinalis,NA,antipyretica,var. antipyretica,NA,NA,Hedw.,NA,NA,variety,NA,NA,NA,NA,NA,20260113T223204Z,RELEASE-2026
fd091564-ce24-413a-bca1-9c936e6454ff,D17,BIGC,BIGC.AOS.aquatic.plant.transect.07,9,2022-04-06T19:01:00Z,BIGC.20220406,BIGC.20220406.AP9.1.T7,NA,Sample condition ok,NA,NA,NA,N,plant,submerged,FOANA,Fontinalis antipyretica Hedw. var. antipyretica,NA,NA,NA,NA,Bryopsida,Isobryales,Fontinalaceae,Fontinalis,NA,antipyretica,var. antipyretica,NA,NA,Hedw.,NA,NA,variety,NA,NA,NA,NA,NA,20260113T223204Z,RELEASE-2026
979cc7e0-e4b3-488a-83db-08801fcdb4e3,D17,BIGC,BIGC.AOS.aquatic.plant.transect.07,8,2022-04-06T19:01:00Z,BIGC.20220406,BIGC.20220406.AP8.1.T7,NA,Sample condition ok,NA,NA,NA,N,plant,submerged,FOANA,Fontinalis antipyretica Hedw. var. antipyretica,NA,NA,NA,NA,Bryopsida,Isobryales,Fontinalaceae,Fontinalis,NA,antipyretica,var. antipyretica,NA,NA,Hedw.,NA,NA,variety,NA,NA,NA,NA,NA,20260113T223204Z,RELEASE-2026
0fc64a58-9868-4bc6-87aa-e28d9562a5d9,D17,BIGC,BIGC.AOS.aquatic.plant.transect.08,20,2022-04-06T19:27:00Z,BIGC.20220406,BIGC.20220406.AP20.1.T8,NA,Sample condition ok,NA,NA,NA,N,plant,submerged,FOANA,Fontinalis antipyretica Hedw. var. antipyretica,NA,NA,NA,NA,Bryopsida,Isobryales,Fontinalaceae,Fontinalis,NA,antipyretica,var. antipyretica,NA,NA,Hedw.,NA,NA,variety,NA,NA,NA,NA,NA,20260113T223204Z,RELEASE-2026
326cc707-85db-471f-ac0c-8205421c5634,D17,BIGC,BIGC.AOS.aquatic.plant.transect.08,3,2022-04-06T19:27:00Z,BIGC.20220406,BIGC.20220406.AP3.1.T8,NA,Sample condition ok,NA,NA,NA,N,plant,submerged,FOANA,Fontinalis antipyretica Hedw. var. antipyretica,NA,NA,NA,NA,Bryopsida,Isobryales,Fontinalaceae,Fontinalis,NA,antipyretica,var. antipyretica,NA,NA,Hedw.,NA,NA,variety,NA,NA,NA,NA,NA,20260113T223204Z,RELEASE-2026
ab658f9a-0b0c-477d-b718-18ccacc90ba9,D17,BIGC,BIGC.AOS.aquatic.plant.transect.08,11,2022-04-06T19:27:00Z,BIGC.20220406,BIGC.20220406.AP11.1.T8,NA,Sample condition ok,NA,NA,NA,N,plant,emergent,NAOF,Nasturtium officinale W.T. Aiton,NA,NA,Magnoliophyta,NA,Magnoliopsida,Capparales,Brassicaceae,Nasturtium,NA,officinale,NA,NA,NA,W.T. Aiton,NA,NA,species,NA,NA,NA,NA,NA,20260113T223204Z,RELEASE-2026
7044eed8-513c-4044-afd1-7a26f222de9e,D17,BIGC,BIGC.AOS.aquatic.plant.transect.08,16,2022-04-06T19:27:00Z,BIGC.20220406,BIGC.20220406.AP16.1.T8,NA,Sample condition ok,NA,NA,NA,N,plant,submerged,FOANA,Fontinalis antipyretica Hedw. var. antipyretica,NA,NA,NA,NA,Bryopsida,Isobryales,Fontinalaceae,Fontinalis,NA,antipyretica,var. antipyretica,NA,NA,Hedw.,NA,NA,variety,NA,NA,NA,NA,NA,20260113T223204Z,RELEASE-2026
9eb44ac6-450e-4351-9c6a-2798de08d109,D17,BIGC,BIGC.AOS.aquatic.plant.transect.08,15,2022-04-06T19:27:00Z,BIGC.20220406,BIGC.20220406.AP15.1.T8,NA,Sample condition ok,NA,NA,NA,N,plant,submerged,FOANA,Fontinalis antipyretica Hedw. var. antipyretica,NA,NA,NA,NA,Bryopsida,Isobryales,Fontinalaceae,Fontinalis,NA,antipyretica,var. antipyretica,NA,NA,Hedw.,NA,NA,variety,NA,NA,NA,NA,NA,20260113T223204Z,RELEASE-2026
d6ffa25c-3fd3-4ab5-9976-dc34061b5022,D17,BIGC,BIGC.AOS.aquatic.plant.transect.08,4,2022-04-06T19:27:00Z,BIGC.20220406,BIGC.20220406.AP4.1.T8,NA,Sample condition ok,NA,NA,NA,N,plant,submerged,FOANA,Fontinalis antipyretica Hedw. var. antipyretica,NA,NA,NA,NA,Bryopsida,Isobryales,Fontinalaceae,Fontinalis,NA,antipyretica,var. antipyretica,NA,NA,Hedw.,NA,NA,variety,NA,NA,NA,NA,NA,20260113T223204Z,RELEASE-2026
aa3f8498-626e-4734-b0df-c35c05ace4bc,D17,BIGC,BIGC.AOS.aquatic.plant.transect.08,6,2022-04-06T19:27:00Z,BIGC.20220406,BIGC.20220406.AP6.1.T8,NA,Sample condition ok,NA,NA,NA,N,plant,submerged,FOANA,Fontinalis antipyretica Hedw. var. antipyretica,NA,NA,NA,NA,Bryopsida,Isobryales,Fontinalaceae,Fontinalis,NA,antipyretica,var. antipyretica,NA,NA,Hedw.,NA,NA,variety,NA,NA,NA,NA,NA,20260113T223204Z,RELEASE-2026
c2593150-a5b6-4d90-9152-ba9669e0af5f,D17,BIGC,BIGC.AOS.aquatic.plant.transect.08,4,2022-04-06T19:27:00Z,BIGC.20220406,BIGC.20220406.AP4.2.T8,NA,Sample condition ok,NA,NA,NA,N,plant,submerged,CHPO14,Chiloscyphus polyanthos (L.) Corda,NA,NA,NA,NA,Hepaticopsida,Jungermanniales,Geocalycaceae,Chiloscyphus,NA,polyanthos,NA,NA,NA,(L.) Corda,NA,"Doyle, W. T. and Stotler, R. E. 2006. Contributions toward a Bryoflora of California III. Keys and Annotated Species Catalogue for Liverworts and Hornworts. Madrono 53 (2) 89-197.",species,NA,"David Kofranek Botany, LLC",2022-04-06T19:27:00Z,d0f823da-79f0-4372-b44b-f833f94f86a0,NA,20260113T223204Z,RELEASE-2026
cd870842-d685-454d-950c-55ac59af4eeb,D17,BIGC,BIGC.AOS.aquatic.plant.transect.08,19,2022-04-06T19:27:00Z,BIGC.20220406,BIGC.20220406.AP19.1.T8,NA,Sample condition ok,NA,NA,NA,N,plant,submerged,FOANA,Fontinalis antipyretica Hedw. var. antipyretica,NA,NA,NA,NA,Bryopsida,Isobryales,Fontinalaceae,Fontinalis,NA,antipyretica,var. antipyretica,NA,NA,Hedw.,NA,NA,variety,NA,NA,NA,NA,NA,20260113T223204Z,RELEASE-2026
242d5b45-9141-4a5f-8201-018e4adc1e6b,D17,BIGC,BIGC.AOS.aquatic.plant.transect.08,17,2022-04-06T19:27:00Z,BIGC.20220406,BIGC.20220406.AP17.1.T8,NA,Sample condition ok,NA,NA,NA,N,plant,emergent,NAOF,Nasturtium officinale W.T. Aiton,NA,NA,Magnoliophyta,NA,Magnoliopsida,Capparales,Brassicaceae,Nasturtium,NA,officinale,NA,NA,NA,W.T. Aiton,NA,NA,species,NA,NA,NA,NA,NA,20260113T223204Z,RELEASE-2026
7c6d873b-ccb4-474b-b222-081c0d46f5f4,D17,BIGC,BIGC.AOS.aquatic.plant.transect.08,17,2022-04-06T19:27:00Z,BIGC.20220406,BIGC.20220406.AP17.2.T8,NA,Sample condition ok,NA,NA,NA,N,plant,submerged,FOANA,Fontinalis antipyretica Hedw. var. antipyretica,NA,NA,NA,NA,Bryopsida,Isobryales,Fontinalaceae,Fontinalis,NA,antipyretica,var. antipyretica,NA,NA,Hedw.,NA,NA,variety,NA,NA,NA,NA,NA,20260113T223204Z,RELEASE-2026
9e21c347-2097-4446-bfea-6021086cccc4,D17,BIGC,BIGC.AOS.aquatic.plant.transect.09,19,2022-04-06T19:49:00Z,BIGC.20220406,BIGC.20220406.AP19.1.T9,NA,Sample condition ok,NA,NA,NA,N,plant,submerged,FOANA,Fontinalis antipyretica Hedw. var. antipyretica,NA,NA,NA,NA,Bryopsida,Isobryales,Fontinalaceae,Fontinalis,NA,antipyretica,var. antipyretica,NA,NA,Hedw.,NA,NA,variety,NA,NA,NA,NA,NA,20260113T223204Z,RELEASE-2026
aebd6f1d-332a-4e7b-b12d-c078993d1b42,D17,BIGC,BIGC.AOS.aquatic.plant.transect.09,20,2022-04-06T19:49:00Z,BIGC.20220406,BIGC.20220406.AP20.1.T9,NA,Sample condition ok,NA,NA,NA,N,plant,emergent,2PLANT,Unknown plant,Strawblantro,Succulent hollow stems many branches infl umbel stamens exserted lfs pinnately compound,NA,NA,NA,NA,NA,NA,NA,NA,NA,NA,NA,NA,NA,NA,kingdom,NA,NA,NA,NA,NA,20260113T223204Z,RELEASE-2026
3ea25fbe-b679-42c5-bcfc-539260c0e5b9,D17,BIGC,BIGC.AOS.aquatic.plant.transect.09,15,2022-04-06T19:49:00Z,BIGC.20220406,BIGC.20220406.AP15.1.T9,NA,Sample condition ok,NA,NA,NA,N,plant,submerged,FOANA,Fontinalis antipyretica Hedw. var. antipyretica,NA,NA,NA,NA,Bryopsida,Isobryales,Fontinalaceae,Fontinalis,NA,antipyretica,var. antipyretica,NA,NA,Hedw.,NA,NA,variety,NA,NA,NA,NA,NA,20260113T223204Z,RELEASE-2026
80e9bb51-9d19-41aa-8fac-4e4d81b1332e,D17,BIGC,BIGC.AOS.aquatic.plant.transect.10,17,2022-04-06T20:03:00Z,BIGC.20220406,BIGC.20220406.AP17.2.T10,NA,Sample condition ok,NA,NA,NA,N,plant,submerged,FOANA,Fontinalis antipyretica Hedw. var. antipyretica,NA,NA,NA,NA,Bryopsida,Isobryales,Fontinalaceae,Fontinalis,NA,antipyretica,var. antipyretica,NA,NA,Hedw.,NA,NA,variety,NA,NA,NA,NA,NA,20260113T223204Z,RELEASE-2026
468c1857-8c11-47f7-b6d6-3442a9e5e730,D17,BIGC,BIGC.AOS.aquatic.plant.transect.10,8,2022-04-06T20:03:00Z,BIGC.20220406,BIGC.20220406.AP8.1.T10,NA,Sample condition ok,NA,NA,NA,N,plant,emergent,NAOF,Nasturtium officinale W.T. Aiton,NA,NA,Magnoliophyta,NA,Magnoliopsida,Capparales,Brassicaceae,Nasturtium,NA,officinale,NA,NA,NA,W.T. Aiton,NA,NA,species,NA,NA,NA,NA,NA,20260113T223204Z,RELEASE-2026
b49bc52f-ef24-4b61-83bb-dfc233e1502e,D17,BIGC,BIGC.AOS.aquatic.plant.transect.10,2,2022-04-06T20:03:00Z,BIGC.20220406,BIGC.20220406.AP2.1.T10,NA,Sample condition ok,NA,NA,NA,N,plant,submerged,FOANA,Fontinalis antipyretica Hedw. var. antipyretica,NA,NA,NA,NA,Bryopsida,Isobryales,Fontinalaceae,Fontinalis,NA,antipyretica,var. antipyretica,NA,NA,Hedw.,NA,NA,variety,NA,NA,NA,NA,NA,20260113T223204Z,RELEASE-2026
d7f85d18-bd52-4aa8-91cd-33177d7ab06d,D17,BIGC,BIGC.AOS.aquatic.plant.transect.10,17,2022-04-06T20:03:00Z,BIGC.20220406,BIGC.20220406.AP17.1.T10,NA,Sample condition ok,NA,NA,NA,N,plant,emergent,NAOF,Nasturtium officinale W.T. Aiton,NA,NA,Magnoliophyta,NA,Magnoliopsida,Capparales,Brassicaceae,Nasturtium,NA,officinale,NA,NA,NA,W.T. Aiton,NA,NA,species,NA,NA,NA,NA,NA,20260113T223204Z,RELEASE-2026
764155f2-cbc3-411b-9041-15d46a99f5c5,D17,BIGC,BIGC.AOS.aquatic.plant.transect.10,8,2022-04-06T20:03:00Z,BIGC.20220406,BIGC.20220406.AP8.2.T10,NA,Sample condition ok,NA,NA,NA,N,plant,submerged,FOANA,Fontinalis antipyretica Hedw. var. antipyretica,NA,NA,NA,NA,Bryopsida,Isobryales,Fontinalaceae,Fontinalis,NA,antipyretica,var. antipyretica,NA,NA,Hedw.,NA,NA,variety,NA,NA,NA,NA,NA,20260113T223204Z,RELEASE-2026
c9150649-77ad-4db9-af41-48a1badd08cf,D17,BIGC,BIGC.AOS.aquatic.plant.transect.10,14,2022-04-06T20:03:00Z,BIGC.20220406,BIGC.20220406.AP14.1.T10,NA,Sample condition ok,NA,NA,NA,N,plant,submerged,FOANA,Fontinalis antipyretica Hedw. var. antipyretica,NA,NA,NA,NA,Bryopsida,Isobryales,Fontinalaceae,Fontinalis,NA,antipyretica,var. antipyretica,NA,NA,Hedw.,NA,NA,variety,NA,NA,NA,NA,NA,20260113T223204Z,RELEASE-2026
e5c26eb0-604b-4ba2-ab13-72b9430ab09f,D17,BIGC,BIGC.AOS.aquatic.plant.transect.10,13,2022-04-06T20:03:00Z,BIGC.20220406,BIGC.20220406.AP13.1.T10,NA,Sample condition ok,NA,NA,NA,N,plant,submerged,FOANA,Fontinalis antipyretica Hedw. var. antipyretica,NA,NA,NA,NA,Bryopsida,Isobryales,Fontinalaceae,Fontinalis,NA,antipyretica,var. antipyretica,NA,NA,Hedw.,NA,NA,variety,NA,NA,NA,NA,NA,20260113T223204Z,RELEASE-2026
07ffd6a1-77fc-4b1b-9377-834f58141473,D17,BIGC,BIGC.AOS.aquatic.plant.transect.10,16,2022-04-06T20:03:00Z,BIGC.20220406,BIGC.20220406.AP16.3.T10,NA,Sample condition ok,NA,NA,NA,N,plant,emergent,NAOF,Nasturtium officinale W.T. Aiton,NA,NA,Magnoliophyta,NA,Magnoliopsida,Capparales,Brassicaceae,Nasturtium,NA,officinale,NA,NA,NA,W.T. Aiton,NA,NA,species,NA,NA,NA,NA,NA,20260113T223204Z,RELEASE-2026
559761c3-a2f5-43ac-9687-323465beb2a3,D17,BIGC,BIGC.AOS.aquatic.plant.transect.10,3,2022-04-06T20:03:00Z,BIGC.20220406,BIGC.20220406.AP3.1.T10,NA,Sample condition ok,NA,NA,NA,N,plant,submerged,FOANA,Fontinalis antipyretica Hedw. var. antipyretica,NA,NA,NA,NA,Bryopsida,Isobryales,Fontinalaceae,Fontinalis,NA,antipyretica,var. antipyretica,NA,NA,Hedw.,NA,NA,variety,NA,NA,NA,NA,NA,20260113T223204Z,RELEASE-2026
a62bb917-93ea-48af-90a5-cede411fac0c,D17,BIGC,BIGC.AOS.aquatic.plant.transect.10,19,2022-04-06T20:03:00Z,BIGC.20220406,BIGC.20220406.MACROALGAE19.T10,A00000338105,Sample condition ok,NA,NA,NA,Y,macroalgae,free-floating,UNKALG,Unknown Algae,macroalgae19.20220406.T10,NA,NA,NA,NA,NA,NA,NA,NA,NA,NA,NA,NA,NA,NA,NA,kingdom,NA,NA,NA,NA,NA,20260113T223204Z,RELEASE-2026
6d6fef3a-4d14-4eeb-bc2f-7374570c13a4,D17,BIGC,BIGC.AOS.aquatic.plant.transect.10,6,2022-04-06T20:03:00Z,BIGC.20220406,BIGC.20220406.AP6.2.T10,NA,Sample condition ok,NA,NA,NA,N,plant,submerged,FOANA,Fontinalis antipyretica Hedw. var. antipyretica,NA,NA,NA,NA,Bryopsida,Isobryales,Fontinalaceae,Fontinalis,NA,antipyretica,var. antipyretica,NA,NA,Hedw.,NA,NA,variety,NA,NA,NA,NA,NA,20260113T223204Z,RELEASE-2026
adfe69ac-0e80-4c8a-8fc1-caa1e49382fe,D17,BIGC,BIGC.AOS.aquatic.plant.transect.10,11,2022-04-06T20:03:00Z,BIGC.20220406,BIGC.20220406.AP11.1.T10,NA,Sample condition ok,NA,NA,NA,N,plant,submerged,CHPO14,Chiloscyphus polyanthos (L.) Corda,NA,NA,NA,NA,Hepaticopsida,Jungermanniales,Geocalycaceae,Chiloscyphus,NA,polyanthos,NA,NA,NA,(L.) Corda,NA,"Doyle, W. T. and Stotler, R. E. 2006. Contributions toward a Bryoflora of California III. Keys and Annotated Species Catalogue for Liverworts and Hornworts. Madrono 53 (2) 89-197.",species,NA,"David Kofranek Botany, LLC",2022-04-06T20:03:00Z,eca62b42-ae92-4c83-9f95-574cd3b56566,NA,20260113T223204Z,RELEASE-2026
6a340089-1b9a-44fb-bb2e-b62d694f3a11,D17,BIGC,BIGC.AOS.aquatic.plant.transect.10,16,2022-04-06T20:03:00Z,BIGC.20220406,BIGC.20220406.AP16.2.T10,NA,Sample condition ok,NA,NA,NA,N,plant,submerged,CHPO14,Chiloscyphus polyanthos (L.) Corda,NA,NA,NA,NA,Hepaticopsida,Jungermanniales,Geocalycaceae,Chiloscyphus,NA,polyanthos,NA,NA,NA,(L.) Corda,NA,"Doyle, W. T. and Stotler, R. E. 2006. Contributions toward a Bryoflora of California III. Keys and Annotated Species Catalogue for Liverworts and Hornworts. Madrono 53 (2) 89-197.",species,NA,"David Kofranek Botany, LLC",2022-04-06T20:03:00Z,bf164cd2-cfe0-446a-b3e6-82fd48e14ea2,NA,20260113T223204Z,RELEASE-2026
3463d4ee-a1e9-40d1-aad3-a517de73fc97,D17,BIGC,BIGC.AOS.aquatic.plant.transect.10,6,2022-04-06T20:03:00Z,BIGC.20220406,BIGC.20220406.AP6.1.T10,NA,Sample condition ok,NA,NA,NA,N,plant,emergent,NAOF,Nasturtium officinale W.T. Aiton,NA,NA,Magnoliophyta,NA,Magnoliopsida,Capparales,Brassicaceae,Nasturtium,NA,officinale,NA,NA,NA,W.T. Aiton,NA,NA,species,NA,NA,NA,NA,NA,20260113T223204Z,RELEASE-2026
9f33bfda-14dd-4209-a19e-09823228755c,D17,BIGC,BIGC.AOS.aquatic.plant.transect.10,18,2022-04-06T20:03:00Z,BIGC.20220406,BIGC.20220406.AP18.2.T10,NA,Sample condition ok,NA,NA,NA,N,plant,submerged,CHPO14,Chiloscyphus polyanthos (L.) Corda,NA,NA,NA,NA,Hepaticopsida,Jungermanniales,Geocalycaceae,Chiloscyphus,NA,polyanthos,NA,NA,NA,(L.) Corda,NA,"Doyle, W. T. and Stotler, R. E. 2006. Contributions toward a Bryoflora of California III. Keys and Annotated Species Catalogue for Liverworts and Hornworts. Madrono 53 (2) 89-197.",species,NA,"David Kofranek Botany, LLC",2022-04-06T20:03:00Z,3805c1cb-f063-4dd1-adb0-e47a6483c6a8,NA,20260113T223204Z,RELEASE-2026
07a453cd-1020-4c23-9aba-f0053a083e7b,D17,BIGC,BIGC.AOS.aquatic.plant.transect.10,16,2022-04-06T20:03:00Z,BIGC.20220406,BIGC.20220406.AP16.1.T10,NA,Sample condition ok,NA,NA,NA,N,plant,submerged,FOANA,Fontinalis antipyretica Hedw. var. antipyretica,NA,NA,NA,NA,Bryopsida,Isobryales,Fontinalaceae,Fontinalis,NA,antipyretica,var. antipyretica,NA,NA,Hedw.,NA,NA,variety,NA,NA,NA,NA,NA,20260113T223204Z,RELEASE-2026
26c33383-e315-4feb-a6ff-4b23472e6507,D17,BIGC,BIGC.AOS.aquatic.plant.transect.10,15,2022-04-06T20:03:00Z,BIGC.20220406,BIGC.20220406.AP15.2.T10,NA,Sample condition ok,NA,NA,NA,N,plant,submerged,CHPO14,Chiloscyphus polyanthos (L.) Corda,NA,NA,NA,NA,Hepaticopsida,Jungermanniales,Geocalycaceae,Chiloscyphus,NA,polyanthos,NA,NA,NA,(L.) Corda,NA,"Doyle, W. T. and Stotler, R. E. 2006. Contributions toward a Bryoflora of California III. Keys and Annotated Species Catalogue for Liverworts and Hornworts. Madrono 53 (2) 89-197.",species,NA,"David Kofranek Botany, LLC",2022-04-06T20:03:00Z,5f556639-6357-4ff5-bfed-207858929531,NA,20260113T223204Z,RELEASE-2026
c714d180-5363-40cb-8dec-009d3f5261a3,D17,BIGC,BIGC.AOS.aquatic.plant.transect.10,7,2022-04-06T20:03:00Z,BIGC.20220406,BIGC.20220406.AP7.1.T10,NA,Sample condition ok,NA,NA,NA,N,plant,submerged,FOANA,Fontinalis antipyretica Hedw. var. antipyretica,NA,NA,NA,NA,Bryopsida,Isobryales,Fontinalaceae,Fontinalis,NA,antipyretica,var. antipyretica,NA,NA,Hedw.,NA,NA,variety,NA,NA,NA,NA,NA,20260113T223204Z,RELEASE-2026
d250718b-578b-4d7f-9a7b-b82c339c3c6e,D17,BIGC,BIGC.AOS.aquatic.plant.transect.10,18,2022-04-06T20:03:00Z,BIGC.20220406,BIGC.20220406.AP18.1.T10,NA,Sample condition ok,NA,NA,NA,N,plant,submerged,FOANA,Fontinalis antipyretica Hedw. var. antipyretica,NA,NA,NA,NA,Bryopsida,Isobryales,Fontinalaceae,Fontinalis,NA,antipyretica,var. antipyretica,NA,NA,Hedw.,NA,NA,variety,NA,NA,NA,NA,NA,20260113T223204Z,RELEASE-2026
900df109-a6dc-4f97-96d1-28ec1e744043,D17,BIGC,BIGC.AOS.aquatic.plant.transect.10,4,2022-04-06T20:03:00Z,BIGC.20220406,BIGC.20220406.AP4.1.T10,NA,Sample condition ok,NA,NA,NA,N,plant,submerged,FOANA,Fontinalis antipyretica Hedw. var. antipyretica,NA,NA,NA,NA,Bryopsida,Isobryales,Fontinalaceae,Fontinalis,NA,antipyretica,var. antipyretica,NA,NA,Hedw.,NA,NA,variety,NA,NA,NA,NA,NA,20260113T223204Z,RELEASE-2026
39559b68-2b47-4dc3-ac61-33671af8d3e1,D17,BIGC,BIGC.AOS.aquatic.plant.transect.10,5,2022-04-06T20:03:00Z,BIGC.20220406,BIGC.20220406.AP5.1.T10,NA,Sample condition ok,NA,NA,NA,N,plant,emergent,NAOF,Nasturtium officinale W.T. Aiton,NA,NA,Magnoliophyta,NA,Magnoliopsida,Capparales,Brassicaceae,Nasturtium,NA,officinale,NA,NA,NA,W.T. Aiton,NA,NA,species,NA,NA,NA,NA,NA,20260113T223204Z,RELEASE-2026
75db4b22-74dc-474f-bb9a-7c9a84306914,D17,BIGC,BIGC.AOS.aquatic.plant.transect.10,15,2022-04-06T20:03:00Z,BIGC.20220406,BIGC.20220406.AP15.1.T10,NA,Sample condition ok,NA,NA,NA,N,plant,submerged,FOANA,Fontinalis antipyretica Hedw. var. antipyretica,NA,NA,NA,NA,Bryopsida,Isobryales,Fontinalaceae,Fontinalis,NA,antipyretica,var. antipyretica,NA,NA,Hedw.,NA,NA,variety,NA,NA,NA,NA,NA,20260113T223204Z,RELEASE-2026
6094e538-1435-476d-95e1-aa3ead227bdf,D17,BIGC,BIGC.AOS.aquatic.plant.transect.10,15,2022-04-06T20:03:00Z,BIGC.20220406,BIGC.20220406.AP15.3.T10,NA,Sample condition ok,NA,NA,NA,N,plant,emergent,NAOF,Nasturtium officinale W.T. Aiton,NA,NA,Magnoliophyta,NA,Magnoliopsida,Capparales,Brassicaceae,Nasturtium,NA,officinale,NA,NA,NA,W.T. Aiton,NA,NA,species,NA,NA,NA,NA,NA,20260113T223204Z,RELEASE-2026
b50c5f35-df5e-4912-affe-ee3a2fe5a355,D17,BIGC,BIGC.AOS.aquatic.plant.transect.02,19,2022-07-11T18:15:00Z,BIGC.20220711,BIGC.20220711.AP19.1.T2,NA,Sample condition ok,BIGC.20220711.AP19.1.T2.H,NA,NA,N,plant,emergent,MAPO16,Marchantia polymorpha L.,NA,NA,NA,NA,Hepaticopsida,Marchantiales,Marchantiaceae,Marchantia,NA,polymorpha,NA,NA,NA,L.,NA,NA,species,NA,NA,NA,NA,NA,20260113T223332Z,RELEASE-2026
812e288e-d4e0-478c-a5be-0398437b6bcc,D17,BIGC,BIGC.AOS.aquatic.plant.transect.02,19,2022-07-11T18:15:00Z,BIGC.20220711,BIGC.20220711.AP19.2.T2,NA,Sample condition ok,NA,NA,NA,N,plant,emergent,CORNU,Cornus sp.,NA,NA,Magnoliophyta,NA,Magnoliopsida,Cornales,Cornaceae,Cornus,NA,sp.,NA,NA,NA,L.,NA,NA,genus,NA,NA,NA,NA,NA,20260113T223332Z,RELEASE-2026
e8efecb0-84cb-4e80-abfc-0046727c8da3,D17,BIGC,BIGC.AOS.aquatic.plant.transect.02,6,2022-07-11T18:15:00Z,BIGC.20220711,BIGC.20220711.AP6.1.T2,NA,Sample condition ok,NA,NA,NA,N,plant,submerged,CHPO14,Chiloscyphus polyanthos (L.) Corda,NA,NA,NA,NA,Hepaticopsida,Jungermanniales,Geocalycaceae,Chiloscyphus,NA,polyanthos,NA,NA,NA,(L.) Corda,NA,"Doyle, W. T. and Stotler, R. E. 2006. Contributions toward a Bryoflora of California III. Keys and Annotated Species Catalogue for Liverworts and Hornworts. Madrono 53 (2) 89-197.",species,NA,"David Kofranek Botany, LLC",2022-07-11T18:15:00Z,ac61b5de-6a81-4a3a-8fa6-3f6475eefa9b,NA,20260113T223332Z,RELEASE-2026
981eec2c-f2eb-4c0c-ac21-6e6f0ea02ba0,D17,BIGC,BIGC.AOS.aquatic.plant.transect.03,4,2022-07-11T18:54:00Z,BIGC.20220711,BIGC.20220711.AP4.1.T3,NA,Sample condition ok,NA,NA,NA,N,plant,submerged,CHPO14,Chiloscyphus polyanthos (L.) Corda,NA,NA,NA,NA,Hepaticopsida,Jungermanniales,Geocalycaceae,Chiloscyphus,NA,polyanthos,NA,NA,NA,(L.) Corda,NA,"Doyle, W. T. and Stotler, R. E. 2006. Contributions toward a Bryoflora of California III. Keys and Annotated Species Catalogue for Liverworts and Hornworts. Madrono 53 (2) 89-197.",species,NA,"David Kofranek Botany, LLC",2022-07-11T18:54:00Z,ccbc8ff6-ce6a-402e-86df-fc3d1a9ce207,NA,20260113T223332Z,RELEASE-2026
9f800656-6352-4744-8966-330cebca4ed3,D17,BIGC,BIGC.AOS.aquatic.plant.transect.03,5,2022-07-11T18:54:00Z,BIGC.20220711,BIGC.20220711.AP5.1.T3,NA,Sample condition ok,NA,NA,NA,N,plant,submerged,CHPO14,Chiloscyphus polyanthos (L.) Corda,NA,NA,NA,NA,Hepaticopsida,Jungermanniales,Geocalycaceae,Chiloscyphus,NA,polyanthos,NA,NA,NA,(L.) Corda,NA,"Doyle, W. T. and Stotler, R. E. 2006. Contributions toward a Bryoflora of California III. Keys and Annotated Species Catalogue for Liverworts and Hornworts. Madrono 53 (2) 89-197.",species,NA,"David Kofranek Botany, LLC",2022-07-11T18:54:00Z,1d7d78f6-34b6-4878-af3c-def0ed3bc0c5,NA,20260113T223332Z,RELEASE-2026
3d5d69c8-2ea1-4f86-b2c8-3d2dd69b8aa6,D17,BIGC,BIGC.AOS.aquatic.plant.transect.03,3,2022-07-11T18:54:00Z,BIGC.20220711,BIGC.20220711.AP3.1.T3,NA,Sample condition ok,NA,NA,NA,N,plant,submerged,CHPO14,Chiloscyphus polyanthos (L.) Corda,NA,NA,NA,NA,Hepaticopsida,Jungermanniales,Geocalycaceae,Chiloscyphus,NA,polyanthos,NA,NA,NA,(L.) Corda,NA,"Doyle, W. T. and Stotler, R. E. 2006. Contributions toward a Bryoflora of California III. Keys and Annotated Species Catalogue for Liverworts and Hornworts. Madrono 53 (2) 89-197.",species,NA,"David Kofranek Botany, LLC",2022-07-11T18:54:00Z,efc1fcfe-2992-4da7-890e-0ec06d9bf96c,NA,20260113T223332Z,RELEASE-2026
300b49c6-6fdb-44a7-895c-6b7bf24b1288,D17,BIGC,BIGC.AOS.aquatic.plant.transect.03,13,2022-07-11T18:54:00Z,BIGC.20220711,BIGC.20220711.AP13.1.T3,NA,Sample condition ok,NA,NA,NA,N,plant,emergent,CHPO14,Chiloscyphus polyanthos (L.) Corda,NA,NA,NA,NA,Hepaticopsida,Jungermanniales,Geocalycaceae,Chiloscyphus,NA,polyanthos,NA,NA,NA,(L.) Corda,NA,"Doyle, W. T. and Stotler, R. E. 2006. Contributions toward a Bryoflora of California III. Keys and Annotated Species Catalogue for Liverworts and Hornworts. Madrono 53 (2) 89-197.",species,NA,"David Kofranek Botany, LLC",2022-07-11T18:54:00Z,bf35c7f3-66f8-46a7-9e2e-b64fc5429caa,NA,20260113T223332Z,RELEASE-2026
226388b0-0572-4b8b-af67-a4448aa995c6,D17,BIGC,BIGC.AOS.aquatic.plant.transect.03,7,2022-07-11T18:54:00Z,BIGC.20220711,BIGC.20220711.AP7.1.T3,NA,Sample condition ok,NA,NA,NA,N,plant,submerged,CHPO14,Chiloscyphus polyanthos (L.) Corda,NA,NA,NA,NA,Hepaticopsida,Jungermanniales,Geocalycaceae,Chiloscyphus,NA,polyanthos,NA,NA,NA,(L.) Corda,NA,"Doyle, W. T. and Stotler, R. E. 2006. Contributions toward a Bryoflora of California III. Keys and Annotated Species Catalogue for Liverworts and Hornworts. Madrono 53 (2) 89-197.",species,NA,"David Kofranek Botany, LLC",2022-07-11T18:54:00Z,36da19d7-9af4-4db1-b30a-914be5ad5e70,NA,20260113T223332Z,RELEASE-2026
0b8d2e4e-af85-450f-98d5-e896e6678269,D17,BIGC,BIGC.AOS.aquatic.plant.transect.05,15,2022-07-11T19:45:00Z,BIGC.20220711,BIGC.20220711.AP15.1.T5,NA,Sample condition ok,NA,NA,NA,N,plant,submerged,FOANA,Fontinalis antipyretica Hedw. var. antipyretica,NA,NA,NA,NA,Bryopsida,Isobryales,Fontinalaceae,Fontinalis,NA,antipyretica,var. antipyretica,NA,NA,Hedw.,NA,NA,variety,NA,NA,NA,NA,NA,20260113T223332Z,RELEASE-2026
fc528a93-86aa-4755-a6e1-1aa86386ab3a,D17,BIGC,BIGC.AOS.aquatic.plant.transect.06,3,2022-07-11T20:02:00Z,BIGC.20220711,BIGC.20220711.AP3.1.T6,NA,Sample condition ok,NA,NA,NA,N,plant,submerged,NAOF,Nasturtium officinale W.T. Aiton,NA,NA,Magnoliophyta,NA,Magnoliopsida,Capparales,Brassicaceae,Nasturtium,NA,officinale,NA,NA,NA,W.T. Aiton,NA,NA,species,NA,NA,NA,NA,NA,20260113T223332Z,RELEASE-2026
b50e0351-2ff9-42a1-af03-f89f574db367,D17,BIGC,BIGC.AOS.aquatic.plant.transect.06,13,2022-07-11T20:02:00Z,BIGC.20220711,BIGC.20220711.AP13.1.T6,NA,Sample condition ok,NA,NA,NA,N,plant,submerged,NAOF,Nasturtium officinale W.T. Aiton,NA,NA,Magnoliophyta,NA,Magnoliopsida,Capparales,Brassicaceae,Nasturtium,NA,officinale,NA,NA,NA,W.T. Aiton,NA,NA,species,NA,NA,NA,NA,NA,20260113T223332Z,RELEASE-2026
c435eff3-ef8e-4cf9-833c-4551ef17742d,D17,BIGC,BIGC.AOS.aquatic.plant.transect.06,4,2022-07-11T20:02:00Z,BIGC.20220711,BIGC.20220711.AP4.1.T6,NA,Sample condition ok,NA,NA,NA,N,plant,submerged,NAOF,Nasturtium officinale W.T. Aiton,NA,NA,Magnoliophyta,NA,Magnoliopsida,Capparales,Brassicaceae,Nasturtium,NA,officinale,NA,NA,NA,W.T. Aiton,NA,NA,species,NA,NA,NA,NA,NA,20260113T223332Z,RELEASE-2026
13488d94-be93-4910-af02-32f97de9ad2f,D17,BIGC,BIGC.AOS.aquatic.plant.transect.06,13,2022-07-11T20:02:00Z,BIGC.20220711,BIGC.20220711.AP13.2.T6,NA,Sample condition ok,NA,NA,NA,N,plant,submerged,FOANA,Fontinalis antipyretica Hedw. var. antipyretica,NA,NA,NA,NA,Bryopsida,Isobryales,Fontinalaceae,Fontinalis,NA,antipyretica,var. antipyretica,NA,NA,Hedw.,NA,NA,variety,NA,NA,NA,NA,NA,20260113T223332Z,RELEASE-2026
0f0b259f-d3a9-4561-95d8-047cf9b4fcf0,D17,BIGC,BIGC.AOS.aquatic.plant.transect.06,10,2022-07-11T20:02:00Z,BIGC.20220711,BIGC.20220711.AP10.3.T6,NA,Sample condition ok,NA,NA,NA,N,plant,submerged,FOANA,Fontinalis antipyretica Hedw. var. antipyretica,NA,NA,NA,NA,Bryopsida,Isobryales,Fontinalaceae,Fontinalis,NA,antipyretica,var. antipyretica,NA,NA,Hedw.,NA,NA,variety,NA,NA,NA,NA,NA,20260113T223332Z,RELEASE-2026
07e300e1-ce0e-4092-b9ed-c18bc1bdba8c,D17,BIGC,BIGC.AOS.aquatic.plant.transect.06,8,2022-07-11T20:02:00Z,BIGC.20220711,BIGC.20220711.AP8.1.T6,NA,Sample condition ok,NA,NA,NA,N,plant,submerged,FOANA,Fontinalis antipyretica Hedw. var. antipyretica,NA,NA,NA,NA,Bryopsida,Isobryales,Fontinalaceae,Fontinalis,NA,antipyretica,var. antipyretica,NA,NA,Hedw.,NA,NA,variety,NA,NA,NA,NA,NA,20260113T223332Z,RELEASE-2026
c4779479-afcd-4bd1-9038-08b60fe1e21c,D17,BIGC,BIGC.AOS.aquatic.plant.transect.06,17,2022-07-11T20:02:00Z,BIGC.20220711,BIGC.20220711.AP17.1.T6,NA,Sample condition ok,NA,NA,NA,N,plant,emergent,NAOF,Nasturtium officinale W.T. Aiton,NA,NA,Magnoliophyta,NA,Magnoliopsida,Capparales,Brassicaceae,Nasturtium,NA,officinale,NA,NA,NA,W.T. Aiton,NA,NA,species,NA,NA,NA,NA,NA,20260113T223332Z,RELEASE-2026
cc2f7b7d-25bf-4503-822c-fd8c77026690,D17,BIGC,BIGC.AOS.aquatic.plant.transect.06,12,2022-07-11T20:02:00Z,BIGC.20220711,BIGC.20220711.AP12.2.T6,NA,Sample condition ok,NA,NA,NA,N,plant,submerged,FOANA,Fontinalis antipyretica Hedw. var. antipyretica,NA,NA,NA,NA,Bryopsida,Isobryales,Fontinalaceae,Fontinalis,NA,antipyretica,var. antipyretica,NA,NA,Hedw.,NA,NA,variety,NA,NA,NA,NA,NA,20260113T223332Z,RELEASE-2026
9ba0029a-82c7-40ea-b55b-38223c4c2254,D17,BIGC,BIGC.AOS.aquatic.plant.transect.06,12,2022-07-11T20:02:00Z,BIGC.20220711,BIGC.20220711.AP12.1.T6,NA,Sample condition ok,NA,NA,NA,N,plant,emergent,NAOF,Nasturtium officinale W.T. Aiton,NA,NA,Magnoliophyta,NA,Magnoliopsida,Capparales,Brassicaceae,Nasturtium,NA,officinale,NA,NA,NA,W.T. Aiton,NA,NA,species,NA,NA,NA,NA,NA,20260113T223332Z,RELEASE-2026
3ff94f53-d148-4b5a-ae8a-47dc4d8500ae,D17,BIGC,BIGC.AOS.aquatic.plant.transect.06,10,2022-07-11T20:02:00Z,BIGC.20220711,BIGC.20220711.AP10.2.T6,NA,Sample condition ok,NA,NA,NA,N,plant,submerged,CHPO14,Chiloscyphus polyanthos (L.) Corda,NA,NA,NA,NA,Hepaticopsida,Jungermanniales,Geocalycaceae,Chiloscyphus,NA,polyanthos,NA,NA,NA,(L.) Corda,NA,"Doyle, W. T. and Stotler, R. E. 2006. Contributions toward a Bryoflora of California III. Keys and Annotated Species Catalogue for Liverworts and Hornworts. Madrono 53 (2) 89-197.",species,NA,"David Kofranek Botany, LLC",2022-07-11T20:02:00Z,db80c990-fc35-4bd4-8ee6-9a3a66fc3022,NA,20260113T223332Z,RELEASE-2026
017f2ac2-cec6-4386-b25f-0b12577f4e42,D17,BIGC,BIGC.AOS.aquatic.plant.transect.06,7,2022-07-11T20:02:00Z,BIGC.20220711,BIGC.20220711.AP7.1.T6,NA,Sample condition ok,NA,NA,NA,N,plant,emergent,NAOF,Nasturtium officinale W.T. Aiton,NA,NA,Magnoliophyta,NA,Magnoliopsida,Capparales,Brassicaceae,Nasturtium,NA,officinale,NA,NA,NA,W.T. Aiton,NA,NA,species,NA,NA,NA,NA,NA,20260113T223332Z,RELEASE-2026
6d61bd6e-b170-466a-a2fb-c5a12e9c483a,D17,BIGC,BIGC.AOS.aquatic.plant.transect.06,10,2022-07-11T20:02:00Z,BIGC.20220711,BIGC.20220711.AP10.1.T6,NA,Sample condition ok,NA,NA,NA,N,plant,emergent,NAOF,Nasturtium officinale W.T. Aiton,NA,NA,Magnoliophyta,NA,Magnoliopsida,Capparales,Brassicaceae,Nasturtium,NA,officinale,NA,NA,NA,W.T. Aiton,NA,NA,species,NA,NA,NA,NA,NA,20260113T223332Z,RELEASE-2026
26ed0a6b-ae1e-43d8-acd4-f9bf5efded4a,D17,BIGC,BIGC.AOS.aquatic.plant.transect.06,8,2022-07-11T20:02:00Z,BIGC.20220711,BIGC.20220711.AP8.2.T6,NA,Sample condition ok,NA,NA,NA,N,plant,emergent,NAOF,Nasturtium officinale W.T. Aiton,NA,NA,Magnoliophyta,NA,Magnoliopsida,Capparales,Brassicaceae,Nasturtium,NA,officinale,NA,NA,NA,W.T. Aiton,NA,NA,species,NA,NA,NA,NA,NA,20260113T223332Z,RELEASE-2026
8ae15ae9-30de-436a-bea2-924866e7f5cb,D17,BIGC,BIGC.AOS.aquatic.plant.transect.07,3,2022-07-11T20:35:00Z,BIGC.20220711,BIGC.20220711.AP3.2.T7,NA,Sample condition ok,NA,NA,NA,N,plant,submerged,FOANA,Fontinalis antipyretica Hedw. var. antipyretica,NA,NA,NA,NA,Bryopsida,Isobryales,Fontinalaceae,Fontinalis,NA,antipyretica,var. antipyretica,NA,NA,Hedw.,NA,NA,variety,NA,NA,NA,NA,NA,20260113T223332Z,RELEASE-2026
cf6a7c08-5e11-4aa7-9a26-0917edb04706,D17,BIGC,BIGC.AOS.aquatic.plant.transect.07,7,2022-07-11T20:35:00Z,BIGC.20220711,BIGC.20220711.AP7.1.T7,NA,Sample condition ok,NA,NA,NA,N,plant,submerged,FOANA,Fontinalis antipyretica Hedw. var. antipyretica,NA,NA,NA,NA,Bryopsida,Isobryales,Fontinalaceae,Fontinalis,NA,antipyretica,var. antipyretica,NA,NA,Hedw.,NA,NA,variety,NA,NA,NA,NA,NA,20260113T223332Z,RELEASE-2026
4894ebb1-c24d-40be-bd5e-82588c1762a1,D17,BIGC,BIGC.AOS.aquatic.plant.transect.07,1,2022-07-11T20:35:00Z,BIGC.20220711,BIGC.20220711.AP1.1.T7,A00000340089,Sample condition ok,BIGC.20220711.AP1.1.T7.H,A00000340090,NA,Y,plant,emergent,2PLANT,Unknown plant,GreenClump,Clump of grass with inflorescence growing out of mass of soil macro algae and bryophytes on top of small rock. Less than 10cm tall. Likely Poaceae. Not Juncaceae or Chperaceae. Ligules absent.,NA,NA,NA,NA,NA,NA,NA,NA,NA,NA,NA,NA,NA,NA,kingdom,NA,NA,NA,NA,NA,20260113T223332Z,RELEASE-2026
bca48440-014d-4762-8798-72a0c74d882d,D17,BIGC,BIGC.AOS.aquatic.plant.transect.07,10,2022-07-11T20:35:00Z,BIGC.20220711,BIGC.20220711.AP10.1.T7,NA,Sample condition ok,NA,NA,NA,N,plant,submerged,CHPO14,Chiloscyphus polyanthos (L.) Corda,NA,NA,NA,NA,Hepaticopsida,Jungermanniales,Geocalycaceae,Chiloscyphus,NA,polyanthos,NA,NA,NA,(L.) Corda,NA,"Doyle, W. T. and Stotler, R. E. 2006. Contributions toward a Bryoflora of California III. Keys and Annotated Species Catalogue for Liverworts and Hornworts. Madrono 53 (2) 89-197.",species,NA,"David Kofranek Botany, LLC",2022-07-11T20:35:00Z,b25da27a-f102-43fb-9a35-5eb0a2e6d0ae,NA,20260113T223332Z,RELEASE-2026
bdd659bc-eef6-44fb-a150-53483642b4d0,D17,BIGC,BIGC.AOS.aquatic.plant.transect.07,8,2022-07-11T20:35:00Z,BIGC.20220711,BIGC.20220711.AP8.1.T7,NA,Sample condition ok,NA,NA,NA,N,plant,submerged,CHPO14,Chiloscyphus polyanthos (L.) Corda,NA,NA,NA,NA,Hepaticopsida,Jungermanniales,Geocalycaceae,Chiloscyphus,NA,polyanthos,NA,NA,NA,(L.) Corda,NA,"Doyle, W. T. and Stotler, R. E. 2006. Contributions toward a Bryoflora of California III. Keys and Annotated Species Catalogue for Liverworts and Hornworts. Madrono 53 (2) 89-197.",species,NA,"David Kofranek Botany, LLC",2022-07-11T20:35:00Z,49cc931f-d6bd-4e57-b5e5-75861ac1ec1b,NA,20260113T223332Z,RELEASE-2026
bdb249f4-fb4f-4b1b-a8e1-8c45e0f83a35,D17,BIGC,BIGC.AOS.aquatic.plant.transect.07,6,2022-07-11T20:35:00Z,BIGC.20220711,BIGC.20220711.AP6.1.T7,NA,Sample condition ok,NA,NA,NA,N,plant,submerged,CHPO14,Chiloscyphus polyanthos (L.) Corda,NA,NA,NA,NA,Hepaticopsida,Jungermanniales,Geocalycaceae,Chiloscyphus,NA,polyanthos,NA,NA,NA,(L.) Corda,NA,"Doyle, W. T. and Stotler, R. E. 2006. Contributions toward a Bryoflora of California III. Keys and Annotated Species Catalogue for Liverworts and Hornworts. Madrono 53 (2) 89-197.",species,NA,"David Kofranek Botany, LLC",2022-07-11T20:35:00Z,1b308785-87c0-4096-ac7a-170962aab14b,NA,20260113T223332Z,RELEASE-2026
536240bb-a710-4614-be5f-a2df1a94c6a5,D17,BIGC,BIGC.AOS.aquatic.plant.transect.07,4,2022-07-11T20:35:00Z,BIGC.20220711,BIGC.20220711.AP4.1.T7,NA,Sample condition ok,NA,NA,NA,N,plant,submerged,FOANA,Fontinalis antipyretica Hedw. var. antipyretica,NA,NA,NA,NA,Bryopsida,Isobryales,Fontinalaceae,Fontinalis,NA,antipyretica,var. antipyretica,NA,NA,Hedw.,NA,NA,variety,NA,NA,NA,NA,NA,20260113T223332Z,RELEASE-2026
aa808d40-727e-43c4-969b-862e00f42dac,D17,BIGC,BIGC.AOS.aquatic.plant.transect.07,3,2022-07-11T20:35:00Z,BIGC.20220711,BIGC.20220711.AP3.1.T7,NA,Sample condition ok,NA,NA,NA,N,plant,submerged,CHPO14,Chiloscyphus polyanthos (L.) Corda,NA,NA,NA,NA,Hepaticopsida,Jungermanniales,Geocalycaceae,Chiloscyphus,NA,polyanthos,NA,NA,NA,(L.) Corda,NA,"Doyle, W. T. and Stotler, R. E. 2006. Contributions toward a Bryoflora of California III. Keys and Annotated Species Catalogue for Liverworts and Hornworts. Madrono 53 (2) 89-197.",species,NA,"David Kofranek Botany, LLC",2022-07-11T20:35:00Z,c1d01e7d-e044-4efe-87d8-92ba1dfd8b4b,NA,20260113T223332Z,RELEASE-2026
5106500f-576c-40c9-91f3-f6d9f41e5b5b,D17,BIGC,BIGC.AOS.aquatic.plant.transect.07,5,2022-07-11T20:35:00Z,BIGC.20220711,BIGC.20220711.AP5.1.T7,NA,Sample condition ok,NA,NA,NA,N,plant,submerged,CHPO14,Chiloscyphus polyanthos (L.) Corda,NA,NA,NA,NA,Hepaticopsida,Jungermanniales,Geocalycaceae,Chiloscyphus,NA,polyanthos,NA,NA,NA,(L.) Corda,NA,"Doyle, W. T. and Stotler, R. E. 2006. Contributions toward a Bryoflora of California III. Keys and Annotated Species Catalogue for Liverworts and Hornworts. Madrono 53 (2) 89-197.",species,NA,"David Kofranek Botany, LLC",2022-07-11T20:35:00Z,f36c8027-42ca-4652-9834-35658f2bbf1a,NA,20260113T223332Z,RELEASE-2026
efe8f109-776a-45b2-b00d-54e67965ba02,D17,BIGC,BIGC.AOS.aquatic.plant.transect.07,5,2022-07-11T20:35:00Z,BIGC.20220711,BIGC.20220711.AP5.2.T7,NA,Sample condition ok,NA,NA,NA,N,plant,submerged,FOANA,Fontinalis antipyretica Hedw. var. antipyretica,NA,NA,NA,NA,Bryopsida,Isobryales,Fontinalaceae,Fontinalis,NA,antipyretica,var. antipyretica,NA,NA,Hedw.,NA,NA,variety,NA,NA,NA,NA,NA,20260113T223332Z,RELEASE-2026
e030d380-0f48-4809-b425-c27d3a09b5f8,D17,BIGC,BIGC.AOS.aquatic.plant.transect.07,11,2022-07-11T20:35:00Z,BIGC.20220711,BIGC.20220711.AP11.1.T7,NA,Sample condition ok,NA,NA,NA,N,plant,submerged,CHPO14,Chiloscyphus polyanthos (L.) Corda,NA,NA,NA,NA,Hepaticopsida,Jungermanniales,Geocalycaceae,Chiloscyphus,NA,polyanthos,NA,NA,NA,(L.) Corda,NA,"Doyle, W. T. and Stotler, R. E. 2006. Contributions toward a Bryoflora of California III. Keys and Annotated Species Catalogue for Liverworts and Hornworts. Madrono 53 (2) 89-197.",species,NA,"David Kofranek Botany, LLC",2022-07-11T20:35:00Z,74a46c80-dfd9-45fa-bae8-22b99c2bcbe1,NA,20260113T223332Z,RELEASE-2026
dea22e8e-d819-400b-a8ad-9084a6c750ed,D17,BIGC,BIGC.AOS.aquatic.plant.transect.07,4,2022-07-11T20:35:00Z,BIGC.20220711,BIGC.20220711.AP4.2.T7,NA,Sample condition ok,NA,NA,NA,N,plant,submerged,CHPO14,Chiloscyphus polyanthos (L.) Corda,NA,NA,NA,NA,Hepaticopsida,Jungermanniales,Geocalycaceae,Chiloscyphus,NA,polyanthos,NA,NA,NA,(L.) Corda,NA,"Doyle, W. T. and Stotler, R. E. 2006. Contributions toward a Bryoflora of California III. Keys and Annotated Species Catalogue for Liverworts and Hornworts. Madrono 53 (2) 89-197.",species,NA,"David Kofranek Botany, LLC",2022-07-11T20:35:00Z,77790039-e6ff-45fc-8361-dc8f47265631,NA,20260113T223332Z,RELEASE-2026
497589e6-e122-4e69-9c0b-d87475d1af3a,D17,BIGC,BIGC.AOS.aquatic.plant.transect.08,3,2022-07-11T21:15:00Z,BIGC.20220711,BIGC.20220711.AP3.1.T8,NA,Sample condition ok,NA,NA,NA,N,plant,emergent,NAOF,Nasturtium officinale W.T. Aiton,NA,NA,Magnoliophyta,NA,Magnoliopsida,Capparales,Brassicaceae,Nasturtium,NA,officinale,NA,NA,NA,W.T. Aiton,NA,NA,species,NA,NA,NA,NA,NA,20260113T223332Z,RELEASE-2026
74166a5d-e1b5-4bc1-880e-37fe0583887b,D17,BIGC,BIGC.AOS.aquatic.plant.transect.08,18,2022-07-11T21:15:00Z,BIGC.20220711,BIGC.20220711.AP18.1.T8,NA,Sample condition ok,NA,NA,NA,N,plant,submerged,FOANA,Fontinalis antipyretica Hedw. var. antipyretica,NA,NA,NA,NA,Bryopsida,Isobryales,Fontinalaceae,Fontinalis,NA,antipyretica,var. antipyretica,NA,NA,Hedw.,NA,NA,variety,NA,NA,NA,NA,NA,20260113T223332Z,RELEASE-2026
7de2f350-77fc-4f73-95cc-3660e250fc24,D17,BIGC,BIGC.AOS.aquatic.plant.transect.08,1,2022-07-11T21:15:00Z,BIGC.20220711,BIGC.20220711.AP1.1.T8,NA,Sample condition ok,NA,NA,NA,N,plant,emergent,NAOF,Nasturtium officinale W.T. Aiton,NA,NA,Magnoliophyta,NA,Magnoliopsida,Capparales,Brassicaceae,Nasturtium,NA,officinale,NA,NA,NA,W.T. Aiton,NA,NA,species,NA,NA,NA,NA,NA,20260113T223332Z,RELEASE-2026
daadc49f-37d1-4143-b180-18f121f28863,D17,BIGC,BIGC.AOS.aquatic.plant.transect.08,16,2022-07-11T21:15:00Z,BIGC.20220711,BIGC.20220711.AP16.1.T8,NA,Sample condition ok,NA,NA,NA,N,plant,submerged,CHPO14,Chiloscyphus polyanthos (L.) Corda,NA,NA,NA,NA,Hepaticopsida,Jungermanniales,Geocalycaceae,Chiloscyphus,NA,polyanthos,NA,NA,NA,(L.) Corda,NA,"Doyle, W. T. and Stotler, R. E. 2006. Contributions toward a Bryoflora of California III. Keys and Annotated Species Catalogue for Liverworts and Hornworts. Madrono 53 (2) 89-197.",species,NA,"David Kofranek Botany, LLC",2022-07-11T21:15:00Z,83e85d26-5913-445c-a649-8b0384000a54,NA,20260113T223332Z,RELEASE-2026
25a6b224-84b1-4f28-b04c-6b67de309d0e,D17,BIGC,BIGC.AOS.aquatic.plant.transect.08,15,2022-07-11T21:15:00Z,BIGC.20220711,BIGC.20220711.AP15.1.T8,NA,Sample condition ok,NA,NA,NA,N,plant,emergent,OESA,Oenanthe sarmentosa C. Presl ex DC.,NA,NA,Magnoliophyta,NA,Magnoliopsida,Apiales,Apiaceae,Oenanthe,NA,sarmentosa,NA,NA,NA,C. Presl ex DC.,NA,NA,species,NA,NA,NA,NA,NA,20260113T223332Z,RELEASE-2026
95783740-336d-48dc-83c3-74a2cd2a671f,D17,BIGC,BIGC.AOS.aquatic.plant.transect.08,18,2022-07-11T21:15:00Z,BIGC.20220711,BIGC.20220711.AP18.2.T8,NA,Sample condition ok,NA,NA,NA,N,plant,submerged,CHPO14,Chiloscyphus polyanthos (L.) Corda,NA,NA,NA,NA,Hepaticopsida,Jungermanniales,Geocalycaceae,Chiloscyphus,NA,polyanthos,NA,NA,NA,(L.) Corda,NA,"Doyle, W. T. and Stotler, R. E. 2006. Contributions toward a Bryoflora of California III. Keys and Annotated Species Catalogue for Liverworts and Hornworts. Madrono 53 (2) 89-197.",species,NA,"David Kofranek Botany, LLC",2022-07-11T21:15:00Z,71f2b160-da8c-4414-9167-87fb25a049c1,NA,20260113T223332Z,RELEASE-2026
3b1dacc4-49b7-463b-9699-af7e61412f5d,D17,BIGC,BIGC.AOS.aquatic.plant.transect.09,2,2022-07-11T21:58:00Z,BIGC.20220711,BIGC.20220711.AP2.1.T9,A00000340091,Sample condition ok,BIGC.20220711.AP2.1.T9.H,A00000340092,NA,Y,plant,emergent,2PLANT,Unknown plant,LonePanicum,Indictable stems heavily reminiscent of Panicum virgatum switchgrass but individual stems growing alone rather than large bunches. Some within the stream some fully out. None further than 5 m from the stream in this area and none more than 1 m into the stream. 1-2 ft tall.,NA,NA,NA,NA,NA,NA,NA,NA,NA,NA,NA,NA,NA,NA,kingdom,NA,NA,NA,NA,NA,20260113T223332Z,RELEASE-2026
d7c76252-03cf-4739-9d64-21492c6ae706,D17,BIGC,BIGC.AOS.aquatic.plant.transect.09,3,2022-07-11T21:58:00Z,BIGC.20220711,BIGC.20220711.AP3.1.T9,NA,Sample condition ok,NA,NA,NA,N,plant,emergent,2PLANT,Unknown plant,LonePanicum,Indictable stems heavily reminiscent of Panicum virgatum switchgrass but individual stems growing alone rather than large bunches. Some within the stream some fully out. None further than 5 m from the stream in this area and none more than 1 m into the stream. 1-2 ft tall.,NA,NA,NA,NA,NA,NA,NA,NA,NA,NA,NA,NA,NA,NA,kingdom,Same as last point,NA,NA,NA,NA,20260113T223332Z,RELEASE-2026
bcf46ed0-440f-48c3-a274-0b967a5b6df0,D17,BIGC,BIGC.AOS.aquatic.plant.transect.09,4,2022-07-11T21:58:00Z,BIGC.20220711,BIGC.20220711.AP4.1.T9,NA,Sample condition ok,NA,NA,NA,N,plant,submerged,FOANA,Fontinalis antipyretica Hedw. var. antipyretica,NA,NA,NA,NA,Bryopsida,Isobryales,Fontinalaceae,Fontinalis,NA,antipyretica,var. antipyretica,NA,NA,Hedw.,NA,NA,variety,NA,NA,NA,NA,NA,20260113T223332Z,RELEASE-2026
75db864f-1f25-42c5-a587-e6a9176ffe26,D17,BIGC,BIGC.AOS.aquatic.plant.transect.10,12,2022-07-11T22:20:00Z,BIGC.20220711,BIGC.20220711.AP12.1.T10,NA,Sample condition ok,NA,NA,NA,N,plant,submerged,CHPO14,Chiloscyphus polyanthos (L.) Corda,NA,NA,NA,NA,Hepaticopsida,Jungermanniales,Geocalycaceae,Chiloscyphus,NA,polyanthos,NA,NA,NA,(L.) Corda,NA,"Doyle, W. T. and Stotler, R. E. 2006. Contributions toward a Bryoflora of California III. Keys and Annotated Species Catalogue for Liverworts and Hornworts. Madrono 53 (2) 89-197.",species,NA,"David Kofranek Botany, LLC",2022-07-11T22:20:00Z,bfeb9358-2c4d-4817-85ed-876a97cbaa14,NA,20260113T223332Z,RELEASE-2026
ebe11783-335e-4473-bae5-567bc4546f31,D17,BIGC,BIGC.AOS.aquatic.plant.transect.10,14,2022-07-11T22:20:00Z,BIGC.20220711,BIGC.20220711.AP14.1.T10,NA,Sample condition ok,NA,NA,NA,N,plant,emergent,NAOF,Nasturtium officinale W.T. Aiton,NA,NA,Magnoliophyta,NA,Magnoliopsida,Capparales,Brassicaceae,Nasturtium,NA,officinale,NA,NA,NA,W.T. Aiton,NA,NA,species,NA,NA,NA,NA,NA,20260113T223332Z,RELEASE-2026
6444e9c2-09b2-4bac-81f5-bee0e439dc71,D17,BIGC,BIGC.AOS.aquatic.plant.transect.10,8,2022-07-11T22:20:00Z,BIGC.20220711,BIGC.20220711.AP8.2.T10,NA,Sample condition ok,NA,NA,NA,N,plant,floating-leaved,NAOF,Nasturtium officinale W.T. Aiton,NA,NA,Magnoliophyta,NA,Magnoliopsida,Capparales,Brassicaceae,Nasturtium,NA,officinale,NA,NA,NA,W.T. Aiton,NA,NA,species,NA,NA,NA,NA,NA,20260113T223332Z,RELEASE-2026
4987eea7-6983-4444-a6a2-f8083f11fc74,D17,BIGC,BIGC.AOS.aquatic.plant.transect.10,10,2022-07-11T22:20:00Z,BIGC.20220711,BIGC.20220711.AP10.1.T10,NA,Sample condition ok,NA,NA,NA,N,plant,submerged,FOANA,Fontinalis antipyretica Hedw. var. antipyretica,NA,NA,NA,NA,Bryopsida,Isobryales,Fontinalaceae,Fontinalis,NA,antipyretica,var. antipyretica,NA,NA,Hedw.,NA,NA,variety,NA,NA,NA,NA,NA,20260113T223332Z,RELEASE-2026
0b7f9c55-da14-4da9-9446-95136e37c4d9,D17,BIGC,BIGC.AOS.aquatic.plant.transect.10,9,2022-07-11T22:20:00Z,BIGC.20220711,BIGC.20220711.AP9.2.T10,NA,Sample condition ok,NA,NA,NA,N,plant,submerged,FOANA,Fontinalis antipyretica Hedw. var. antipyretica,NA,NA,NA,NA,Bryopsida,Isobryales,Fontinalaceae,Fontinalis,NA,antipyretica,var. antipyretica,NA,NA,Hedw.,NA,NA,variety,NA,NA,NA,NA,NA,20260113T223332Z,RELEASE-2026
58a2fe1c-2cbd-458e-9bbb-85b92a7c1f57,D17,BIGC,BIGC.AOS.aquatic.plant.transect.10,7,2022-07-11T22:20:00Z,BIGC.20220711,BIGC.20220711.AP7.1.T10,NA,Sample condition ok,NA,NA,NA,N,plant,submerged,FOANA,Fontinalis antipyretica Hedw. var. antipyretica,NA,NA,NA,NA,Bryopsida,Isobryales,Fontinalaceae,Fontinalis,NA,antipyretica,var. antipyretica,NA,NA,Hedw.,NA,NA,variety,NA,NA,NA,NA,NA,20260113T223332Z,RELEASE-2026
6a37c0eb-17ea-4bc8-8e61-87465cab99e7,D17,BIGC,BIGC.AOS.aquatic.plant.transect.10,15,2022-07-11T22:20:00Z,BIGC.20220711,BIGC.20220711.AP15.1.T10,NA,Sample condition ok,NA,NA,NA,N,plant,emergent,NAOF,Nasturtium officinale W.T. Aiton,NA,NA,Magnoliophyta,NA,Magnoliopsida,Capparales,Brassicaceae,Nasturtium,NA,officinale,NA,NA,NA,W.T. Aiton,NA,NA,species,NA,NA,NA,NA,NA,20260113T223332Z,RELEASE-2026
373239d4-f5e5-44e7-9aa8-85d6c0aec9b3,D17,BIGC,BIGC.AOS.aquatic.plant.transect.10,18,2022-07-11T22:20:00Z,BIGC.20220711,BIGC.20220711.AP18.1.T10,NA,Sample condition ok,NA,NA,NA,N,plant,emergent,OESA,Oenanthe sarmentosa C. Presl ex DC.,NA,NA,Magnoliophyta,NA,Magnoliopsida,Apiales,Apiaceae,Oenanthe,NA,sarmentosa,NA,NA,NA,C. Presl ex DC.,NA,NA,species,NA,NA,NA,NA,NA,20260113T223332Z,RELEASE-2026
0dde911d-d99a-4fb2-b2fa-4e4a5b428e3e,D17,BIGC,BIGC.AOS.aquatic.plant.transect.10,9,2022-07-11T22:20:00Z,BIGC.20220711,BIGC.20220711.AP9.1.T10,NA,Sample condition ok,NA,NA,NA,N,plant,submerged,NAOF,Nasturtium officinale W.T. Aiton,NA,NA,Magnoliophyta,NA,Magnoliopsida,Capparales,Brassicaceae,Nasturtium,NA,officinale,NA,NA,NA,W.T. Aiton,NA,NA,species,NA,NA,NA,NA,NA,20260113T223332Z,RELEASE-2026
3faea2f6-571d-4270-a0e3-f05103b4fa33,D17,BIGC,BIGC.AOS.aquatic.plant.transect.10,11,2022-07-11T22:20:00Z,BIGC.20220711,BIGC.20220711.AP11.1.T10,NA,Sample condition ok,NA,NA,NA,N,plant,submerged,CHPO14,Chiloscyphus polyanthos (L.) Corda,NA,NA,NA,NA,Hepaticopsida,Jungermanniales,Geocalycaceae,Chiloscyphus,NA,polyanthos,NA,NA,NA,(L.) Corda,NA,"Doyle, W. T. and Stotler, R. E. 2006. Contributions toward a Bryoflora of California III. Keys and Annotated Species Catalogue for Liverworts and Hornworts. Madrono 53 (2) 89-197.",species,NA,"David Kofranek Botany, LLC",2022-07-11T22:20:00Z,fce62d15-6729-46c9-878c-926c9359f493,NA,20260113T223332Z,RELEASE-2026
606ff8f4-316c-4c0b-9a7d-c83d610ce21c,D17,BIGC,BIGC.AOS.aquatic.plant.transect.10,13,2022-07-11T22:20:00Z,BIGC.20220711,BIGC.20220711.AP13.1.T10,NA,Sample condition ok,NA,NA,NA,N,plant,submerged,FOANA,Fontinalis antipyretica Hedw. var. antipyretica,NA,NA,NA,NA,Bryopsida,Isobryales,Fontinalaceae,Fontinalis,NA,antipyretica,var. antipyretica,NA,NA,Hedw.,NA,NA,variety,NA,NA,NA,NA,NA,20260113T223332Z,RELEASE-2026
55bba80c-bdb9-4023-9ca3-a37d720478ee,D17,BIGC,BIGC.AOS.aquatic.plant.transect.10,2,2022-07-11T22:20:00Z,BIGC.20220711,BIGC.20220711.AP2.1.T10,NA,Sample condition ok,NA,NA,NA,N,plant,emergent,MAPO16,Marchantia polymorpha L.,NA,NA,NA,NA,Hepaticopsida,Marchantiales,Marchantiaceae,Marchantia,NA,polymorpha,NA,NA,NA,L.,NA,NA,species,NA,NA,NA,NA,NA,20260113T223332Z,RELEASE-2026
0c56c0a5-0871-4784-a5a4-7b3492be58ea,D17,BIGC,BIGC.AOS.aquatic.plant.transect.10,8,2022-07-11T22:20:00Z,BIGC.20220711,BIGC.20220711.AP8.1.T10,NA,Sample condition ok,NA,NA,NA,N,plant,submerged,FOANA,Fontinalis antipyretica Hedw. var. antipyretica,NA,NA,NA,NA,Bryopsida,Isobryales,Fontinalaceae,Fontinalis,NA,antipyretica,var. antipyretica,NA,NA,Hedw.,NA,NA,variety,NA,NA,NA,NA,NA,20260113T223332Z,RELEASE-2026
08eeec38-9438-4108-85fc-7296ab055f71,D17,TECR,TECR.AOS.aquatic.plant.transect.01,9,2019-07-23T22:59:00Z,TECR.20190723,TECR.20190723.AP14.T01,NA,NA,NA,NA,NA,N,plant,submerged,SCUN6,Scapania undulata (L.) Dumort.,NA,NA,NA,NA,Hepaticopsida,Jungermanniales,Scapaniaceae,Scapania,NA,undulata,NA,NA,NA,(L.) Dumort.,NA,NA,species,NA,NA,NA,NA,NA,20260113T222409Z,RELEASE-2026
df46120b-9e0b-4102-8b1d-45d36091b655,D17,TECR,TECR.AOS.aquatic.plant.transect.01,3,2019-07-23T22:59:00Z,TECR.20190723,TECR.20190723.AP5.T01,NA,NA,NA,NA,NA,N,plant,submerged,FONE3,Fontinalis neomexicana Sull. & Lesq.,NA,NA,NA,NA,Bryopsida,Isobryales,Fontinalaceae,Fontinalis,NA,neomexicana,NA,NA,NA,Sull. & Lesq.,NA,NA,species,NA,NA,NA,NA,NA,20260113T222409Z,RELEASE-2026
2750abd4-d282-48d1-b602-3c0c90bddae4,D17,TECR,TECR.AOS.aquatic.plant.transect.01,11,2019-07-23T22:59:00Z,TECR.20190723,TECR.20190723.AP17.T01,NA,NA,NA,NA,NA,N,plant,submerged,FONE3,Fontinalis neomexicana Sull. & Lesq.,NA,NA,NA,NA,Bryopsida,Isobryales,Fontinalaceae,Fontinalis,NA,neomexicana,NA,NA,NA,Sull. & Lesq.,NA,NA,species,NA,NA,NA,NA,NA,20260113T222409Z,RELEASE-2026
f1f47b7e-7fc6-4b34-9461-18bf0e53a16a,D17,TECR,TECR.AOS.aquatic.plant.transect.01,2,2019-07-23T22:59:00Z,TECR.20190723,TECR.20190723.BLACKLUNG.T1,NA,NA,NA,NA,NA,N,plant,submerged,2PLANT,Unknown plant,BlackLung,Thin membaned leafy liverwort. Collation appears to change from purple to black with age,NA,NA,NA,NA,NA,NA,NA,NA,NA,NA,NA,NA,NA,NA,kingdom,NA,NA,NA,NA,NA,20260113T222409Z,RELEASE-2026
5de6ff14-ff5f-4b05-8c7d-c10c8baf7d11,D17,TECR,TECR.AOS.aquatic.plant.transect.01,10,2019-07-23T22:59:00Z,TECR.20190723,TECR.20190723.CHARLIESHEEN.REACH,A00000148586,NA,NA,NA,NA,Y,plant,submerged,2PLANT,Unknown plant,CharlieSheen,Iridescent golden tint becoming green out of water leaflets lanceolate stacked opposite,NA,NA,NA,NA,NA,NA,NA,NA,NA,NA,NA,NA,NA,NA,kingdom,NA,NA,NA,NA,NA,20260113T222409Z,RELEASE-2026
cffbcd9b-0caa-4533-8f66-fa86caffeec7,D17,TECR,TECR.AOS.aquatic.plant.transect.01,12,2019-07-23T22:59:00Z,TECR.20190723,TECR.20190723.AP19.T01,NA,NA,NA,NA,NA,N,plant,submerged,SCUN6,Scapania undulata (L.) Dumort.,NA,NA,NA,NA,Hepaticopsida,Jungermanniales,Scapaniaceae,Scapania,NA,undulata,NA,NA,NA,(L.) Dumort.,NA,NA,species,NA,NA,NA,NA,NA,20260113T222409Z,RELEASE-2026
24148504-5096-457b-b2dc-8d0a6540847e,D17,TECR,TECR.AOS.aquatic.plant.transect.01,4,2019-07-23T22:59:00Z,TECR.20190723,TECR.20190723.AP7.T01,NA,NA,NA,NA,NA,N,plant,submerged,SCUN6,Scapania undulata (L.) Dumort.,NA,NA,NA,NA,Hepaticopsida,Jungermanniales,Scapaniaceae,Scapania,NA,undulata,NA,NA,NA,(L.) Dumort.,NA,NA,species,NA,NA,NA,NA,NA,20260113T222409Z,RELEASE-2026
d4327f83-70e6-4858-800f-8ea7ce3e22ae,D17,TECR,TECR.AOS.aquatic.plant.transect.01,10,2019-07-23T22:59:00Z,TECR.20190723,TECR.20190723.AP15.T01,NA,NA,NA,NA,NA,N,plant,submerged,SCUN6,Scapania undulata (L.) Dumort.,NA,NA,NA,NA,Hepaticopsida,Jungermanniales,Scapaniaceae,Scapania,NA,undulata,NA,NA,NA,(L.) Dumort.,NA,NA,species,NA,NA,NA,NA,NA,20260113T222409Z,RELEASE-2026
c1fd5594-3881-42f8-8d8d-85e947c62139,D17,TECR,TECR.AOS.aquatic.plant.transect.01,18,2019-07-23T22:59:00Z,TECR.20190723,TECR.20190723.AP25.T01,NA,NA,NA,NA,NA,N,plant,submerged,2PLANT,Unknown plant,CharlieSheen,Iridescent golden tint becoming green out of water leaflets lanceolate stacked opposite,NA,NA,NA,NA,NA,NA,NA,NA,NA,NA,NA,NA,NA,NA,kingdom,NA,NA,NA,NA,NA,20260113T222409Z,RELEASE-2026
05c0b5bf-6ace-48ea-8d92-84aa2ad95731,D17,TECR,TECR.AOS.aquatic.plant.transect.01,15,2019-07-23T22:59:00Z,TECR.20190723,TECR.20190723.AP22.T01,NA,NA,NA,NA,NA,N,plant,submerged,SCUN6,Scapania undulata (L.) Dumort.,NA,NA,NA,NA,Hepaticopsida,Jungermanniales,Scapaniaceae,Scapania,NA,undulata,NA,NA,NA,(L.) Dumort.,NA,NA,species,NA,NA,NA,NA,NA,20260113T222409Z,RELEASE-2026
c52db160-a996-4e55-9dcb-ca7de07cb361,D17,TECR,TECR.AOS.aquatic.plant.transect.01,5,2019-07-23T22:59:00Z,TECR.20190723,TECR.20190723.AP8.T01,NA,NA,NA,NA,NA,N,plant,submerged,SCUN6,Scapania undulata (L.) Dumort.,NA,NA,NA,NA,Hepaticopsida,Jungermanniales,Scapaniaceae,Scapania,NA,undulata,NA,NA,NA,(L.) Dumort.,NA,NA,species,NA,NA,NA,NA,NA,20260113T222409Z,RELEASE-2026
41bfe0a4-3084-4340-b42b-21bac30874d4,D17,TECR,TECR.AOS.aquatic.plant.transect.01,6,2019-07-23T22:59:00Z,TECR.20190723,TECR.20190723.AP9.T01,NA,NA,NA,NA,NA,N,plant,submerged,FONE3,Fontinalis neomexicana Sull. & Lesq.,NA,NA,NA,NA,Bryopsida,Isobryales,Fontinalaceae,Fontinalis,NA,neomexicana,NA,NA,NA,Sull. & Lesq.,NA,NA,species,NA,NA,NA,NA,NA,20260113T222409Z,RELEASE-2026
929860a2-443d-4d49-bbf1-16ccdb920247,D17,TECR,TECR.AOS.aquatic.plant.transect.01,14,2019-07-23T22:59:00Z,TECR.20190723,TECR.20190723.AP21.T01,NA,NA,NA,NA,NA,N,plant,submerged,SCUN6,Scapania undulata (L.) Dumort.,NA,NA,NA,NA,Hepaticopsida,Jungermanniales,Scapaniaceae,Scapania,NA,undulata,NA,NA,NA,(L.) Dumort.,NA,NA,species,NA,NA,NA,NA,NA,20260113T222409Z,RELEASE-2026
96b662fb-eac0-434c-a9ac-37ca4063d38d,D17,TECR,TECR.AOS.aquatic.plant.transect.01,17,2019-07-23T22:59:00Z,TECR.20190723,TECR.20190723.AP24.T01,NA,NA,NA,NA,NA,N,plant,submerged,SCUN6,Scapania undulata (L.) Dumort.,NA,NA,NA,NA,Hepaticopsida,Jungermanniales,Scapaniaceae,Scapania,NA,undulata,NA,NA,NA,(L.) Dumort.,NA,NA,species,NA,NA,NA,NA,NA,20260113T222409Z,RELEASE-2026
35634f63-703f-4efe-84f8-59424e94114c,D17,TECR,TECR.AOS.aquatic.plant.transect.01,11,2019-07-23T22:59:00Z,TECR.20190723,TECR.20190723.AP18.T01,NA,NA,NA,NA,NA,N,plant,submerged,SCUN6,Scapania undulata (L.) Dumort.,NA,NA,NA,NA,Hepaticopsida,Jungermanniales,Scapaniaceae,Scapania,NA,undulata,NA,NA,NA,(L.) Dumort.,NA,NA,species,NA,NA,NA,NA,NA,20260113T222409Z,RELEASE-2026
20080e25-5565-44af-b543-b7ec5c37354d,D17,TECR,TECR.AOS.aquatic.plant.transect.01,8,2019-07-23T22:59:00Z,TECR.20190723,TECR.20190723.AP13.T01,NA,NA,NA,NA,NA,N,plant,submerged,SCUN6,Scapania undulata (L.) Dumort.,NA,NA,NA,NA,Hepaticopsida,Jungermanniales,Scapaniaceae,Scapania,NA,undulata,NA,NA,NA,(L.) Dumort.,NA,NA,species,NA,NA,NA,NA,NA,20260113T222409Z,RELEASE-2026
219ce2d7-b9b1-4b43-b258-d28a1b97acc3,D17,TECR,TECR.AOS.aquatic.plant.transect.01,7,2019-07-23T22:59:00Z,TECR.20190723,TECR.20190723.AP12.T01,NA,NA,NA,NA,NA,N,plant,submerged,FONE3,Fontinalis neomexicana Sull. & Lesq.,NA,NA,NA,NA,Bryopsida,Isobryales,Fontinalaceae,Fontinalis,NA,neomexicana,NA,NA,NA,Sull. & Lesq.,NA,NA,species,NA,NA,NA,NA,NA,20260113T222409Z,RELEASE-2026
4bbb7c26-6beb-4c36-98cf-2e9db4ce4991,D17,TECR,TECR.AOS.aquatic.plant.transect.01,6,2019-07-23T22:59:00Z,TECR.20190723,TECR.20190723.AP10.T01,NA,NA,NA,NA,NA,N,plant,submerged,SCUN6,Scapania undulata (L.) Dumort.,NA,NA,NA,NA,Hepaticopsida,Jungermanniales,Scapaniaceae,Scapania,NA,undulata,NA,NA,NA,(L.) Dumort.,NA,NA,species,NA,NA,NA,NA,NA,20260113T222409Z,RELEASE-2026
f32e6b92-6ea2-48fe-bbf9-ed38137df71f,D17,TECR,TECR.AOS.aquatic.plant.transect.01,16,2019-07-23T22:59:00Z,TECR.20190723,TECR.20190723.AP23.T01,NA,NA,NA,NA,NA,N,plant,submerged,SCUN6,Scapania undulata (L.) Dumort.,NA,NA,NA,NA,Hepaticopsida,Jungermanniales,Scapaniaceae,Scapania,NA,undulata,NA,NA,NA,(L.) Dumort.,NA,NA,species,NA,NA,NA,NA,NA,20260113T222409Z,RELEASE-2026
ffea96fe-d1d7-4cfd-958a-bf51761bdc79,D17,TECR,TECR.AOS.aquatic.plant.transect.01,7,2019-07-23T22:59:00Z,TECR.20190723,TECR.20190723.AP11.T01,NA,NA,NA,NA,NA,N,plant,submerged,SCUN6,Scapania undulata (L.) Dumort.,NA,NA,NA,NA,Hepaticopsida,Jungermanniales,Scapaniaceae,Scapania,NA,undulata,NA,NA,NA,(L.) Dumort.,NA,NA,species,NA,NA,NA,NA,NA,20260113T222409Z,RELEASE-2026
9336ec00-9b90-4d88-8eec-405d337f5b4c,D17,TECR,TECR.AOS.aquatic.plant.transect.01,13,2019-07-23T22:59:00Z,TECR.20190723,TECR.20190723.AP20.T01,NA,NA,NA,NA,NA,N,plant,submerged,SCUN6,Scapania undulata (L.) Dumort.,NA,NA,NA,NA,Hepaticopsida,Jungermanniales,Scapaniaceae,Scapania,NA,undulata,NA,NA,NA,(L.) Dumort.,NA,NA,species,NA,NA,NA,NA,NA,20260113T222409Z,RELEASE-2026
dd4c5460-47a1-4934-a465-b47aa7e371e2,D17,TECR,TECR.AOS.aquatic.plant.transect.01,2,2019-07-23T22:59:00Z,TECR.20190723,TECR.20190723.AP2.T01,NA,NA,NA,NA,NA,N,plant,submerged,SCUN6,Scapania undulata (L.) Dumort.,NA,NA,NA,NA,Hepaticopsida,Jungermanniales,Scapaniaceae,Scapania,NA,undulata,NA,NA,NA,(L.) Dumort.,NA,NA,species,NA,NA,NA,NA,NA,20260113T222409Z,RELEASE-2026
3dc7a78e-8b26-4bad-9017-fbe3a14c93fe,D17,TECR,TECR.AOS.aquatic.plant.transect.01,2,2019-07-23T22:59:00Z,TECR.20190723,TECR.20190723.FONE3.T1,NA,NA,NA,NA,NA,N,plant,submerged,FONE3,Fontinalis neomexicana Sull. & Lesq.,NA,NA,NA,NA,Bryopsida,Isobryales,Fontinalaceae,Fontinalis,NA,neomexicana,NA,NA,NA,Sull. & Lesq.,NA,NA,species,NA,NA,NA,NA,NA,20260113T222409Z,RELEASE-2026
905b2f31-dc48-44e8-b8e6-2cd2367ea434,D17,TECR,TECR.AOS.aquatic.plant.transect.01,3,2019-07-23T22:59:00Z,TECR.20190723,TECR.20190723.AP6.T01,NA,NA,NA,NA,NA,N,plant,submerged,SCUN6,Scapania undulata (L.) Dumort.,NA,NA,NA,NA,Hepaticopsida,Jungermanniales,Scapaniaceae,Scapania,NA,undulata,NA,NA,NA,(L.) Dumort.,NA,NA,species,NA,NA,NA,NA,NA,20260113T222409Z,RELEASE-2026
578b03a3-eb86-43b7-82a3-31a0fb7b8118,D17,TECR,TECR.AOS.aquatic.plant.transect.01,1,2019-07-23T22:59:00Z,TECR.20190723,TECR.20190723.SCUN6.T1,NA,NA,NA,NA,NA,N,plant,submerged,SCUN6,Scapania undulata (L.) Dumort.,NA,NA,NA,NA,Hepaticopsida,Jungermanniales,Scapaniaceae,Scapania,NA,undulata,NA,NA,NA,(L.) Dumort.,NA,NA,species,NA,NA,NA,NA,NA,20260113T222409Z,RELEASE-2026
2367e934-e6e4-41c8-b101-f4d832dc0aa9,D17,TECR,TECR.AOS.aquatic.plant.transect.03,20,2019-07-24T00:20:00Z,TECR.20190723,TECR.20190723.AP17.T03,NA,NA,NA,NA,NA,N,plant,submerged,2PLANT,Unknown plant,TheOtherHalf,Leaflets arranged in fernesque shape. Feathery leaf segments to pointed tip,NA,NA,NA,NA,NA,NA,NA,NA,NA,NA,NA,NA,NA,NA,kingdom,NA,NA,NA,NA,NA,20260113T222409Z,RELEASE-2026
b13729a7-5a8c-47e1-8385-094f18bb8616,D17,TECR,TECR.AOS.aquatic.plant.transect.03,7,2019-07-24T00:20:00Z,TECR.20190723,TECR.20190723.AP7.T03,NA,NA,NA,NA,NA,N,plant,submerged,FONE3,Fontinalis neomexicana Sull. & Lesq.,NA,NA,NA,NA,Bryopsida,Isobryales,Fontinalaceae,Fontinalis,NA,neomexicana,NA,NA,NA,Sull. & Lesq.,NA,NA,species,NA,NA,NA,NA,NA,20260113T222409Z,RELEASE-2026
7ab249e7-8620-485b-af73-9e8786f7c5de,D17,TECR,TECR.AOS.aquatic.plant.transect.03,11,2019-07-24T00:20:00Z,TECR.20190723,TECR.20190723.AP11.T03,NA,NA,NA,NA,NA,N,plant,submerged,FONE3,Fontinalis neomexicana Sull. & Lesq.,NA,NA,NA,NA,Bryopsida,Isobryales,Fontinalaceae,Fontinalis,NA,neomexicana,NA,NA,NA,Sull. & Lesq.,NA,NA,species,NA,NA,NA,NA,NA,20260113T222409Z,RELEASE-2026
3ece6a76-68f6-4936-b099-22626eeb6742,D17,TECR,TECR.AOS.aquatic.plant.transect.03,3,2019-07-24T00:20:00Z,TECR.20190723,TECR.20190723.AP3.T03,NA,NA,NA,NA,NA,N,plant,submerged,FONE3,Fontinalis neomexicana Sull. & Lesq.,NA,NA,NA,NA,Bryopsida,Isobryales,Fontinalaceae,Fontinalis,NA,neomexicana,NA,NA,NA,Sull. & Lesq.,NA,NA,species,NA,NA,NA,NA,NA,20260113T222409Z,RELEASE-2026
ca5c3227-05f8-4b33-94a4-6fca71b8229a,D17,TECR,TECR.AOS.aquatic.plant.transect.03,15,2019-07-24T00:20:00Z,TECR.20190723,TECR.20190723.AP13.T03,NA,NA,NA,NA,NA,N,plant,submerged,FONE3,Fontinalis neomexicana Sull. & Lesq.,NA,NA,NA,NA,Bryopsida,Isobryales,Fontinalaceae,Fontinalis,NA,neomexicana,NA,NA,NA,Sull. & Lesq.,NA,NA,species,NA,NA,NA,NA,NA,20260113T222409Z,RELEASE-2026
ee4ae48a-805e-40cd-a5ed-a5596cac9dd3,D17,TECR,TECR.AOS.aquatic.plant.transect.03,14,2019-07-24T00:20:00Z,TECR.20190723,TECR.20190723.AP12.T03,NA,NA,NA,NA,NA,N,plant,submerged,FONE3,Fontinalis neomexicana Sull. & Lesq.,NA,NA,NA,NA,Bryopsida,Isobryales,Fontinalaceae,Fontinalis,NA,neomexicana,NA,NA,NA,Sull. & Lesq.,NA,NA,species,NA,NA,NA,NA,NA,20260113T222409Z,RELEASE-2026
332fb981-16f5-4996-ad44-5ce33ab14a71,D17,TECR,TECR.AOS.aquatic.plant.transect.03,19,2019-07-24T00:20:00Z,TECR.20190723,TECR.20190723.AP16.T03,NA,NA,NA,NA,NA,N,plant,submerged,FONE3,Fontinalis neomexicana Sull. & Lesq.,NA,NA,NA,NA,Bryopsida,Isobryales,Fontinalaceae,Fontinalis,NA,neomexicana,NA,NA,NA,Sull. & Lesq.,NA,NA,species,NA,NA,NA,NA,NA,20260113T222409Z,RELEASE-2026
9addb2b1-b908-4fba-8b92-e7b078904d66,D17,TECR,TECR.AOS.aquatic.plant.transect.03,6,2019-07-24T00:20:00Z,TECR.20190723,TECR.20190723.AP6.T03,NA,NA,NA,NA,NA,N,plant,submerged,FONE3,Fontinalis neomexicana Sull. & Lesq.,NA,NA,NA,NA,Bryopsida,Isobryales,Fontinalaceae,Fontinalis,NA,neomexicana,NA,NA,NA,Sull. & Lesq.,NA,NA,species,NA,NA,NA,NA,NA,20260113T222409Z,RELEASE-2026
31173d6c-64ec-4468-930c-f16eeb244293,D17,TECR,TECR.AOS.aquatic.plant.transect.03,4,2019-07-24T00:20:00Z,TECR.20190723,TECR.20190723.AP4.T03,NA,NA,NA,NA,NA,N,plant,submerged,FONE3,Fontinalis neomexicana Sull. & Lesq.,NA,NA,NA,NA,Bryopsida,Isobryales,Fontinalaceae,Fontinalis,NA,neomexicana,NA,NA,NA,Sull. & Lesq.,NA,NA,species,NA,NA,NA,NA,NA,20260113T222409Z,RELEASE-2026
25e4a11b-07ca-4245-949f-2cff7d1aaae8,D17,TECR,TECR.AOS.aquatic.plant.transect.03,2,2019-07-24T00:20:00Z,TECR.20190723,TECR.20190723.AP2.T03,NA,NA,NA,NA,NA,N,plant,submerged,FONE3,Fontinalis neomexicana Sull. & Lesq.,NA,NA,NA,NA,Bryopsida,Isobryales,Fontinalaceae,Fontinalis,NA,neomexicana,NA,NA,NA,Sull. & Lesq.,NA,NA,species,NA,NA,NA,NA,NA,20260113T222409Z,RELEASE-2026
11c3c1ab-58fc-4dfe-9c30-9573ee9e7cf2,D17,TECR,TECR.AOS.aquatic.plant.transect.03,1,2019-07-24T00:20:00Z,TECR.20190723,TECR.20190723.AP1.T03,NA,NA,NA,NA,NA,N,plant,submerged,FONE3,Fontinalis neomexicana Sull. & Lesq.,NA,NA,NA,NA,Bryopsida,Isobryales,Fontinalaceae,Fontinalis,NA,neomexicana,NA,NA,NA,Sull. & Lesq.,NA,NA,species,NA,NA,NA,NA,NA,20260113T222409Z,RELEASE-2026
d0519504-0f44-4a2f-a071-64fd8fe8e603,D17,TECR,TECR.AOS.aquatic.plant.transect.03,5,2019-07-24T00:20:00Z,TECR.20190723,TECR.20190723.AP5.T03,NA,NA,NA,NA,NA,N,plant,submerged,FONE3,Fontinalis neomexicana Sull. & Lesq.,NA,NA,NA,NA,Bryopsida,Isobryales,Fontinalaceae,Fontinalis,NA,neomexicana,NA,NA,NA,Sull. & Lesq.,NA,NA,species,NA,NA,NA,NA,NA,20260113T222409Z,RELEASE-2026
541a71e6-59f7-412c-92d1-06a66cebd975,D17,TECR,TECR.AOS.aquatic.plant.transect.03,19,2019-07-24T00:20:00Z,TECR.20190723,TECR.20190723.AP15.T03,NA,NA,NA,NA,NA,N,plant,submerged,SCUN6,Scapania undulata (L.) Dumort.,NA,NA,NA,NA,Hepaticopsida,Jungermanniales,Scapaniaceae,Scapania,NA,undulata,NA,NA,NA,(L.) Dumort.,NA,NA,species,NA,NA,NA,NA,NA,20260113T222409Z,RELEASE-2026
5e58ea4a-b133-40b7-b307-44c28aa29868,D17,TECR,TECR.AOS.aquatic.plant.transect.03,9,2019-07-24T00:20:00Z,TECR.20190723,TECR.20190723.AP9.T03,NA,NA,NA,NA,NA,N,plant,submerged,FONE3,Fontinalis neomexicana Sull. & Lesq.,NA,NA,NA,NA,Bryopsida,Isobryales,Fontinalaceae,Fontinalis,NA,neomexicana,NA,NA,NA,Sull. & Lesq.,NA,NA,species,NA,NA,NA,NA,NA,20260113T222409Z,RELEASE-2026
c9181cf5-48c8-446b-b000-d93fa8db5006,D17,TECR,TECR.AOS.aquatic.plant.transect.03,16,2019-07-24T00:20:00Z,TECR.20190723,TECR.20190723.AP14.T03,NA,NA,NA,NA,NA,N,plant,submerged,FONE3,Fontinalis neomexicana Sull. & Lesq.,NA,NA,NA,NA,Bryopsida,Isobryales,Fontinalaceae,Fontinalis,NA,neomexicana,NA,NA,NA,Sull. & Lesq.,NA,NA,species,NA,NA,NA,NA,NA,20260113T222409Z,RELEASE-2026
8cd7dbe7-c968-4863-88a0-27af73e6cc8e,D17,TECR,TECR.AOS.aquatic.plant.transect.03,10,2019-07-24T00:20:00Z,TECR.20190723,TECR.20190723.AP10.T03,NA,NA,NA,NA,NA,N,plant,submerged,FONE3,Fontinalis neomexicana Sull. & Lesq.,NA,NA,NA,NA,Bryopsida,Isobryales,Fontinalaceae,Fontinalis,NA,neomexicana,NA,NA,NA,Sull. & Lesq.,NA,NA,species,NA,NA,NA,NA,NA,20260113T222409Z,RELEASE-2026
95bfd484-b689-47cb-a8c5-169060cee283,D17,TECR,TECR.AOS.aquatic.plant.transect.03,8,2019-07-24T00:20:00Z,TECR.20190723,TECR.20190723.AP8.T03,NA,NA,NA,NA,NA,N,plant,submerged,FONE3,Fontinalis neomexicana Sull. & Lesq.,NA,NA,NA,NA,Bryopsida,Isobryales,Fontinalaceae,Fontinalis,NA,neomexicana,NA,NA,NA,Sull. & Lesq.,NA,NA,species,NA,NA,NA,NA,NA,20260113T222409Z,RELEASE-2026
aebc9715-8bd6-4a68-af69-8a5771484aa0,D17,TECR,TECR.AOS.aquatic.plant.transect.02,3,2019-07-24T02:29:00Z,TECR.20190723,TECR.20190723.AP4.T02,NA,NA,NA,NA,NA,N,plant,submerged,SCUN6,Scapania undulata (L.) Dumort.,NA,NA,NA,NA,Hepaticopsida,Jungermanniales,Scapaniaceae,Scapania,NA,undulata,NA,NA,NA,(L.) Dumort.,NA,NA,species,NA,NA,NA,NA,NA,20260113T222409Z,RELEASE-2026
2b6c81a5-2c14-426c-8262-c94ba21ed5ba,D17,TECR,TECR.AOS.aquatic.plant.transect.02,14,2019-07-24T02:29:00Z,TECR.20190723,TECR.20190723.THEOTHERHALF.REACH,NA,NA,NA,NA,NA,N,plant,emergent,2PLANT,Unknown plant,TheOtherHalf,Leaflets arranged in fernesque shape. Feathery leaf segments to pointed tip,NA,NA,NA,NA,NA,NA,NA,NA,NA,NA,NA,NA,NA,NA,kingdom,NA,NA,NA,NA,NA,20260113T222409Z,RELEASE-2026
cf5d61fa-eba9-4d21-87fe-57a94fffb7fa,D17,TECR,TECR.AOS.aquatic.plant.transect.02,4,2019-07-24T02:29:00Z,TECR.20190723,TECR.20190723.AP6.T02,NA,NA,NA,NA,NA,N,plant,submerged,SCUN6,Scapania undulata (L.) Dumort.,NA,NA,NA,NA,Hepaticopsida,Jungermanniales,Scapaniaceae,Scapania,NA,undulata,NA,NA,NA,(L.) Dumort.,NA,NA,species,NA,NA,NA,NA,NA,20260113T222409Z,RELEASE-2026
4e4e9cfe-7d9c-4bd3-9fa6-364800febf8b,D17,TECR,TECR.AOS.aquatic.plant.transect.02,7,2019-07-24T02:29:00Z,TECR.20190723,TECR.20190723.AP10.T02,NA,NA,NA,NA,NA,N,plant,submerged,FONE3,Fontinalis neomexicana Sull. & Lesq.,NA,NA,NA,NA,Bryopsida,Isobryales,Fontinalaceae,Fontinalis,NA,neomexicana,NA,NA,NA,Sull. & Lesq.,NA,NA,species,NA,NA,NA,NA,NA,20260113T222409Z,RELEASE-2026
841c4e62-7c81-4247-aebb-b6e1c7b26573,D17,TECR,TECR.AOS.aquatic.plant.transect.02,12,2019-07-24T02:29:00Z,TECR.20190723,TECR.20190723.AP16.T02,NA,NA,NA,NA,NA,N,plant,submerged,2PLANT,Unknown plant,CharlieSheen,Iridescent golden tint becoming green out of water leaflets lanceolate stacked opposite,NA,NA,NA,NA,NA,NA,NA,NA,NA,NA,NA,NA,NA,NA,kingdom,NA,NA,NA,NA,NA,20260113T222409Z,RELEASE-2026
a3ad68e4-7705-4099-a120-fd641a773ffe,D17,TECR,TECR.AOS.aquatic.plant.transect.02,9,2019-07-24T02:29:00Z,TECR.20190723,TECR.20190723.AP12.T02,NA,NA,NA,NA,NA,N,plant,submerged,SCUN6,Scapania undulata (L.) Dumort.,NA,NA,NA,NA,Hepaticopsida,Jungermanniales,Scapaniaceae,Scapania,NA,undulata,NA,NA,NA,(L.) Dumort.,NA,NA,species,NA,NA,NA,NA,NA,20260113T222409Z,RELEASE-2026
0a443cec-2ec4-4388-b3cc-91003ab3e79d,D17,TECR,TECR.AOS.aquatic.plant.transect.02,9,2019-07-24T02:29:00Z,TECR.20190723,TECR.20190723.AP13.T02,NA,NA,NA,NA,NA,N,plant,submerged,FONE3,Fontinalis neomexicana Sull. & Lesq.,NA,NA,NA,NA,Bryopsida,Isobryales,Fontinalaceae,Fontinalis,NA,neomexicana,NA,NA,NA,Sull. & Lesq.,NA,NA,species,NA,NA,NA,NA,NA,20260113T222409Z,RELEASE-2026
e1fea90a-ff6d-4c54-92b2-7715fa07dd7b,D17,TECR,TECR.AOS.aquatic.plant.transect.02,10,2019-07-24T02:29:00Z,TECR.20190723,TECR.20190723.AP14.T02,NA,NA,NA,NA,NA,N,plant,submerged,SCUN6,Scapania undulata (L.) Dumort.,NA,NA,NA,NA,Hepaticopsida,Jungermanniales,Scapaniaceae,Scapania,NA,undulata,NA,NA,NA,(L.) Dumort.,NA,NA,species,NA,NA,NA,NA,NA,20260113T222409Z,RELEASE-2026
890a67db-0bb5-45ee-b144-96612662c336,D17,TECR,TECR.AOS.aquatic.plant.transect.02,1,2019-07-24T02:29:00Z,TECR.20190723,TECR.20190723.AP1.T02,NA,NA,NA,NA,NA,N,plant,submerged,SCUN6,Scapania undulata (L.) Dumort.,NA,NA,NA,NA,Hepaticopsida,Jungermanniales,Scapaniaceae,Scapania,NA,undulata,NA,NA,NA,(L.) Dumort.,NA,NA,species,NA,NA,NA,NA,NA,20260113T222409Z,RELEASE-2026
4e59e193-230b-4cc4-956d-66ed754b151d,D17,TECR,TECR.AOS.aquatic.plant.transect.02,11,2019-07-24T02:29:00Z,TECR.20190723,TECR.20190723.AP15.T02,NA,NA,NA,NA,NA,N,plant,submerged,SCUN6,Scapania undulata (L.) Dumort.,NA,NA,NA,NA,Hepaticopsida,Jungermanniales,Scapaniaceae,Scapania,NA,undulata,NA,NA,NA,(L.) Dumort.,NA,NA,species,NA,NA,NA,NA,NA,20260113T222409Z,RELEASE-2026
93c83543-7a93-42f6-9ba7-15e0a85605b0,D17,TECR,TECR.AOS.aquatic.plant.transect.02,8,2019-07-24T02:29:00Z,TECR.20190723,TECR.20190723.AP11.T02,NA,NA,NA,NA,NA,N,plant,submerged,SCUN6,Scapania undulata (L.) Dumort.,NA,NA,NA,NA,Hepaticopsida,Jungermanniales,Scapaniaceae,Scapania,NA,undulata,NA,NA,NA,(L.) Dumort.,NA,NA,species,NA,NA,NA,NA,NA,20260113T222409Z,RELEASE-2026
16928927-d0bf-40cc-9589-c3fb61397c7a,D17,TECR,TECR.AOS.aquatic.plant.transect.02,6,2019-07-24T02:29:00Z,TECR.20190723,TECR.20190723.AP8.T02,NA,NA,NA,NA,NA,N,plant,submerged,SCUN6,Scapania undulata (L.) Dumort.,NA,NA,NA,NA,Hepaticopsida,Jungermanniales,Scapaniaceae,Scapania,NA,undulata,NA,NA,NA,(L.) Dumort.,NA,NA,species,NA,NA,NA,NA,NA,20260113T222409Z,RELEASE-2026
7d51fd8c-babd-435b-8860-1078b86cc71f,D17,TECR,TECR.AOS.aquatic.plant.transect.02,14,2019-07-24T02:29:00Z,TECR.20190723,TECR.20190723.AP18.T02,NA,NA,NA,NA,NA,N,plant,submerged,2PLANT,Unknown plant,CharlieSheen,Iridescent golden tint becoming green out of water leaflets lanceolate stacked opposite,NA,NA,NA,NA,NA,NA,NA,NA,NA,NA,NA,NA,NA,NA,kingdom,NA,NA,NA,NA,NA,20260113T222409Z,RELEASE-2026
dc0abe07-78ea-418f-a17d-cdeafbc2edf8,D17,TECR,TECR.AOS.aquatic.plant.transect.02,3,2019-07-24T02:29:00Z,TECR.20190723,TECR.20190723.AP5.T02,NA,NA,NA,NA,NA,N,plant,submerged,2PLANT,Unknown plant,CharlieSheen,Iridescent golden tint becoming green out of water leaflets lanceolate stacked opposite,NA,NA,NA,NA,NA,NA,NA,NA,NA,NA,NA,NA,NA,NA,kingdom,NA,NA,NA,NA,NA,20260113T222409Z,RELEASE-2026
92d46ad7-5cb2-4173-9710-d0c683c4493e,D17,TECR,TECR.AOS.aquatic.plant.transect.02,1,2019-07-24T02:29:00Z,TECR.20190723,TECR.20190723.AP2.T02,NA,NA,NA,NA,NA,N,plant,submerged,FONE3,Fontinalis neomexicana Sull. & Lesq.,NA,NA,NA,NA,Bryopsida,Isobryales,Fontinalaceae,Fontinalis,NA,neomexicana,NA,NA,NA,Sull. & Lesq.,NA,NA,species,NA,NA,NA,NA,NA,20260113T222409Z,RELEASE-2026
831c0a45-4c35-4d35-a06e-38c112e4418a,D17,TECR,TECR.AOS.aquatic.plant.transect.02,5,2019-07-24T02:29:00Z,TECR.20190723,TECR.20190723.AP7.T02,NA,NA,NA,NA,NA,N,plant,submerged,SCUN6,Scapania undulata (L.) Dumort.,NA,NA,NA,NA,Hepaticopsida,Jungermanniales,Scapaniaceae,Scapania,NA,undulata,NA,NA,NA,(L.) Dumort.,NA,NA,species,NA,NA,NA,NA,NA,20260113T222409Z,RELEASE-2026
3faed9c9-05a1-48b8-bc5c-f5f79a4c9d3b,D17,TECR,TECR.AOS.aquatic.plant.transect.02,13,2019-07-24T02:29:00Z,TECR.20190723,TECR.20190723.AP17.T02,NA,NA,NA,NA,NA,N,plant,submerged,2PLANT,Unknown plant,CharlieSheen,Iridescent golden tint becoming green out of water leaflets lanceolate stacked opposite,NA,NA,NA,NA,NA,NA,NA,NA,NA,NA,NA,NA,NA,NA,kingdom,NA,NA,NA,NA,NA,20260113T222409Z,RELEASE-2026
fc4872c8-b774-4368-b01d-e3583545e4c5,D17,TECR,TECR.AOS.aquatic.plant.transect.02,2,2019-07-24T02:29:00Z,TECR.20190723,TECR.20190723.AP3.T02,NA,NA,NA,NA,NA,N,plant,submerged,SCUN6,Scapania undulata (L.) Dumort.,NA,NA,NA,NA,Hepaticopsida,Jungermanniales,Scapaniaceae,Scapania,NA,undulata,NA,NA,NA,(L.) Dumort.,NA,NA,species,NA,NA,NA,NA,NA,20260113T222409Z,RELEASE-2026
93e6ea08-00c8-4410-bb2d-846b121f12d5,D17,TECR,TECR.AOS.aquatic.plant.transect.02,7,2019-07-24T02:29:00Z,TECR.20190723,TECR.20190723.AP9.T02,NA,NA,NA,NA,NA,N,plant,submerged,SCUN6,Scapania undulata (L.) Dumort.,NA,NA,NA,NA,Hepaticopsida,Jungermanniales,Scapaniaceae,Scapania,NA,undulata,NA,NA,NA,(L.) Dumort.,NA,NA,species,NA,NA,NA,NA,NA,20260113T222409Z,RELEASE-2026
ea7470bf-8141-49bd-8ab3-fe94b5bdc4a1,D17,TECR,TECR.AOS.aquatic.plant.transect.04,6,2019-07-24T16:09:00Z,TECR.20190724,TECR.20190724.AP7.T04,NA,NA,NA,NA,NA,N,plant,submerged,SCUN6,Scapania undulata (L.) Dumort.,NA,NA,NA,NA,Hepaticopsida,Jungermanniales,Scapaniaceae,Scapania,NA,undulata,NA,NA,NA,(L.) Dumort.,NA,NA,species,NA,NA,NA,NA,NA,20260113T222409Z,RELEASE-2026
5d7e5d81-503e-4d90-93ff-c3743d721e34,D17,TECR,TECR.AOS.aquatic.plant.transect.04,10,2019-07-24T16:09:00Z,TECR.20190724,TECR.20190724.AP11.T04,NA,NA,NA,NA,NA,N,plant,submerged,2PLANT,Unknown plant,CharlieSheen,Iridescent golden tint becoming green out of water leaflets lanceolate stacked opposite,NA,NA,NA,NA,NA,NA,NA,NA,NA,NA,NA,NA,NA,NA,kingdom,NA,NA,NA,NA,NA,20260113T222409Z,RELEASE-2026
6a58e2ee-fb6b-4343-8820-023612e08fc7,D17,TECR,TECR.AOS.aquatic.plant.transect.04,7,2019-07-24T16:09:00Z,TECR.20190724,TECR.20190724.AP8.T04,NA,NA,NA,NA,NA,N,plant,submerged,SCUN6,Scapania undulata (L.) Dumort.,NA,NA,NA,NA,Hepaticopsida,Jungermanniales,Scapaniaceae,Scapania,NA,undulata,NA,NA,NA,(L.) Dumort.,NA,NA,species,NA,NA,NA,NA,NA,20260113T222409Z,RELEASE-2026
8fb50dee-af85-4c86-9ca9-d69a6e696cb1,D17,TECR,TECR.AOS.aquatic.plant.transect.04,1,2019-07-24T16:09:00Z,TECR.20190724,TECR.20190724.AP2.T04,NA,NA,NA,NA,NA,N,plant,submerged,FONE3,Fontinalis neomexicana Sull. & Lesq.,NA,NA,NA,NA,Bryopsida,Isobryales,Fontinalaceae,Fontinalis,NA,neomexicana,NA,NA,NA,Sull. & Lesq.,NA,NA,species,NA,NA,NA,NA,NA,20260113T222409Z,RELEASE-2026
3aef3196-d5d9-43a8-87dd-9389774d07f2,D17,TECR,TECR.AOS.aquatic.plant.transect.04,11,2019-07-24T16:09:00Z,TECR.20190724,TECR.20190724.AP13.T04,NA,NA,NA,NA,NA,N,plant,submerged,SCUN6,Scapania undulata (L.) Dumort.,NA,NA,NA,NA,Hepaticopsida,Jungermanniales,Scapaniaceae,Scapania,NA,undulata,NA,NA,NA,(L.) Dumort.,NA,NA,species,NA,NA,NA,NA,NA,20260113T222409Z,RELEASE-2026
987ab26c-6732-4e91-841e-33271daa7296,D17,TECR,TECR.AOS.aquatic.plant.transect.04,10,2019-07-24T16:09:00Z,TECR.20190724,TECR.20190724.AP12.T04,NA,NA,NA,NA,NA,N,plant,submerged,SCUN6,Scapania undulata (L.) Dumort.,NA,NA,NA,NA,Hepaticopsida,Jungermanniales,Scapaniaceae,Scapania,NA,undulata,NA,NA,NA,(L.) Dumort.,NA,NA,species,NA,NA,NA,NA,NA,20260113T222409Z,RELEASE-2026
c071020f-53a5-48c2-ad6e-b5ff282642ed,D17,TECR,TECR.AOS.aquatic.plant.transect.04,2,2019-07-24T16:09:00Z,TECR.20190724,TECR.20190724.AP3.T04,NA,NA,NA,NA,NA,N,plant,submerged,FONE3,Fontinalis neomexicana Sull. & Lesq.,NA,NA,NA,NA,Bryopsida,Isobryales,Fontinalaceae,Fontinalis,NA,neomexicana,NA,NA,NA,Sull. & Lesq.,NA,NA,species,NA,NA,NA,NA,NA,20260113T222409Z,RELEASE-2026
adbcb34b-ad13-42f9-a2c0-2d1a038df019,D17,TECR,TECR.AOS.aquatic.plant.transect.04,5,2019-07-24T16:09:00Z,TECR.20190724,TECR.20190724.AP6.T04,NA,NA,NA,NA,NA,N,plant,submerged,FONE3,Fontinalis neomexicana Sull. & Lesq.,NA,NA,NA,NA,Bryopsida,Isobryales,Fontinalaceae,Fontinalis,NA,neomexicana,NA,NA,NA,Sull. & Lesq.,NA,NA,species,NA,NA,NA,NA,NA,20260113T222409Z,RELEASE-2026
9d0611c8-b41e-4083-948b-8f88b1bd31b4,D17,TECR,TECR.AOS.aquatic.plant.transect.04,4,2019-07-24T16:09:00Z,TECR.20190724,TECR.20190724.AP5.T04,NA,NA,NA,NA,NA,N,plant,submerged,FONE3,Fontinalis neomexicana Sull. & Lesq.,NA,NA,NA,NA,Bryopsida,Isobryales,Fontinalaceae,Fontinalis,NA,neomexicana,NA,NA,NA,Sull. & Lesq.,NA,NA,species,NA,NA,NA,NA,NA,20260113T222409Z,RELEASE-2026
2c7dd04f-f88a-40fe-a073-d03155551d86,D17,TECR,TECR.AOS.aquatic.plant.transect.04,9,2019-07-24T16:09:00Z,TECR.20190724,TECR.20190724.AP10.T04,NA,NA,NA,NA,NA,N,plant,submerged,SCUN6,Scapania undulata (L.) Dumort.,NA,NA,NA,NA,Hepaticopsida,Jungermanniales,Scapaniaceae,Scapania,NA,undulata,NA,NA,NA,(L.) Dumort.,NA,NA,species,NA,NA,NA,NA,NA,20260113T222409Z,RELEASE-2026
30216ea8-4718-4298-861c-e8764518a6fc,D17,TECR,TECR.AOS.aquatic.plant.transect.04,8,2019-07-24T16:09:00Z,TECR.20190724,TECR.20190724.AP9.T04,NA,NA,NA,NA,NA,N,plant,submerged,SCUN6,Scapania undulata (L.) Dumort.,NA,NA,NA,NA,Hepaticopsida,Jungermanniales,Scapaniaceae,Scapania,NA,undulata,NA,NA,NA,(L.) Dumort.,NA,NA,species,NA,NA,NA,NA,NA,20260113T222409Z,RELEASE-2026
af7c2b1b-e784-4a6e-8fb2-f316358c4453,D17,TECR,TECR.AOS.aquatic.plant.transect.04,1,2019-07-24T16:09:00Z,TECR.20190724,TECR.20190724.AP1.T04,NA,NA,NA,NA,NA,N,plant,submerged,SCUN6,Scapania undulata (L.) Dumort.,NA,NA,NA,NA,Hepaticopsida,Jungermanniales,Scapaniaceae,Scapania,NA,undulata,NA,NA,NA,(L.) Dumort.,NA,NA,species,NA,NA,NA,NA,NA,20260113T222409Z,RELEASE-2026
ba941363-a381-4a7f-a658-78c4076efde7,D17,TECR,TECR.AOS.aquatic.plant.transect.04,3,2019-07-24T16:09:00Z,TECR.20190724,TECR.20190724.AP4.T04,NA,NA,NA,NA,NA,N,plant,submerged,FONE3,Fontinalis neomexicana Sull. & Lesq.,NA,NA,NA,NA,Bryopsida,Isobryales,Fontinalaceae,Fontinalis,NA,neomexicana,NA,NA,NA,Sull. & Lesq.,NA,NA,species,NA,NA,NA,NA,NA,20260113T222409Z,RELEASE-2026
44dcc619-168d-41ae-a2e1-39165fbc6cf9,D17,TECR,TECR.AOS.aquatic.plant.transect.04,13,2019-07-24T16:09:00Z,TECR.20190724,TECR.20190724.THEOTHERHALF.T4,NA,NA,NA,NA,NA,N,plant,emergent,2PLANT,Unknown plant,TheOtherHalf,Leaflets arranged in fernesque shape. Feathery leaf segments to pointed tip,NA,NA,NA,NA,NA,NA,NA,NA,NA,NA,NA,NA,NA,NA,kingdom,NA,NA,NA,NA,NA,20260113T222409Z,RELEASE-2026
7461746d-8d50-4619-9315-cc423d25f35e,D17,TECR,TECR.AOS.aquatic.plant.transect.05,1,2019-07-24T17:04:00Z,TECR.20190724,TECR.20190724.AP1.T05,NA,NA,NA,NA,NA,N,plant,submerged,2PLANT,Unknown plant,TheOtherHalf,Leaflets arranged in fernesque shape. Feathery leaf segments to pointed tip,NA,NA,NA,NA,NA,NA,NA,NA,NA,NA,NA,NA,NA,NA,kingdom,NA,NA,NA,NA,NA,20260113T222409Z,RELEASE-2026
f97c7dc8-c1f8-4670-b959-a667626614cb,D17,TECR,TECR.AOS.aquatic.plant.transect.05,5,2019-07-24T17:04:00Z,TECR.20190724,TECR.20190724.AP2.T05,NA,NA,NA,NA,NA,N,plant,submerged,2PLANT,Unknown plant,CharlieSheen,Iridescent golden tint becoming green out of water leaflets lanceolate stacked opposite,NA,NA,NA,NA,NA,NA,NA,NA,NA,NA,NA,NA,NA,NA,kingdom,NA,NA,NA,NA,NA,20260113T222409Z,RELEASE-2026
370eb84e-a1cf-4e5b-932a-e0d8dd38ae49,D17,TECR,TECR.AOS.aquatic.plant.transect.05,14,2019-07-24T17:04:00Z,TECR.20190724,TECR.20190724.AP8.T05,NA,NA,NA,NA,NA,N,plant,emergent,SCUN6,Scapania undulata (L.) Dumort.,NA,NA,NA,NA,Hepaticopsida,Jungermanniales,Scapaniaceae,Scapania,NA,undulata,NA,NA,NA,(L.) Dumort.,NA,NA,species,NA,NA,NA,NA,NA,20260113T222409Z,RELEASE-2026
95642597-fe85-4a56-a84b-1d5520aa847b,D17,TECR,TECR.AOS.aquatic.plant.transect.05,6,2019-07-24T17:04:00Z,TECR.20190724,TECR.20190724.AP3.T05,NA,NA,NA,NA,NA,N,plant,submerged,2PLANT,Unknown plant,CharlieSheen,Iridescent golden tint becoming green out of water leaflets lanceolate stacked opposite,NA,NA,NA,NA,NA,NA,NA,NA,NA,NA,NA,NA,NA,NA,kingdom,NA,NA,NA,NA,NA,20260113T222409Z,RELEASE-2026
ff5c6cbe-322c-4b9f-8926-61b8b7d52089,D17,TECR,TECR.AOS.aquatic.plant.transect.05,7,2019-07-24T17:04:00Z,TECR.20190724,TECR.20190724.AP4.T05,NA,NA,NA,NA,NA,N,plant,submerged,2PLANT,Unknown plant,CharlieSheen,Iridescent golden tint becoming green out of water leaflets lanceolate stacked opposite,NA,NA,NA,NA,NA,NA,NA,NA,NA,NA,NA,NA,NA,NA,kingdom,NA,NA,NA,NA,NA,20260113T222409Z,RELEASE-2026
756dd07e-b9eb-43c2-9bce-c9e5aff2144a,D17,TECR,TECR.AOS.aquatic.plant.transect.05,13,2019-07-24T17:04:00Z,TECR.20190724,TECR.20190724.AP7.T05,NA,NA,NA,NA,NA,N,plant,submerged,SCUN6,Scapania undulata (L.) Dumort.,NA,NA,NA,NA,Hepaticopsida,Jungermanniales,Scapaniaceae,Scapania,NA,undulata,NA,NA,NA,(L.) Dumort.,NA,NA,species,NA,NA,NA,NA,NA,20260113T222409Z,RELEASE-2026
b085232f-ee61-4675-b952-a876167f5df3,D17,TECR,TECR.AOS.aquatic.plant.transect.05,14,2019-07-24T17:04:00Z,TECR.20190724,TECR.20190724.AP9.T05,NA,NA,NA,NA,NA,N,plant,submerged,2PLANT,Unknown plant,TheOtherHalf,Leaflets arranged in fernesque shape. Feathery leaf segments to pointed tip,NA,NA,NA,NA,NA,NA,NA,NA,NA,NA,NA,NA,NA,NA,kingdom,NA,NA,NA,NA,NA,20260113T222409Z,RELEASE-2026
430c8876-db11-4ae9-94b5-fa972669f7fa,D17,TECR,TECR.AOS.aquatic.plant.transect.05,12,2019-07-24T17:04:00Z,TECR.20190724,TECR.20190724.AP6.T05,NA,NA,NA,NA,NA,N,plant,submerged,SCUN6,Scapania undulata (L.) Dumort.,NA,NA,NA,NA,Hepaticopsida,Jungermanniales,Scapaniaceae,Scapania,NA,undulata,NA,NA,NA,(L.) Dumort.,NA,NA,species,NA,NA,NA,NA,NA,20260113T222409Z,RELEASE-2026
c75a6b9c-f9e8-487a-8a3b-1dafe79ff265,D17,TECR,TECR.AOS.aquatic.plant.transect.05,11,2019-07-24T17:04:00Z,TECR.20190724,TECR.20190724.AP5.T05,NA,NA,NA,NA,NA,N,plant,submerged,SCUN6,Scapania undulata (L.) Dumort.,NA,NA,NA,NA,Hepaticopsida,Jungermanniales,Scapaniaceae,Scapania,NA,undulata,NA,NA,NA,(L.) Dumort.,NA,NA,species,NA,NA,NA,NA,NA,20260113T222409Z,RELEASE-2026
9fb80aac-6b66-494f-8307-dd32fa8a47ee,D17,TECR,TECR.AOS.aquatic.plant.transect.06,13,2019-07-24T17:47:00Z,TECR.20190724,TECR.20190724.AP16.T06,NA,NA,NA,NA,NA,N,plant,submerged,FONE3,Fontinalis neomexicana Sull. & Lesq.,NA,NA,NA,NA,Bryopsida,Isobryales,Fontinalaceae,Fontinalis,NA,neomexicana,NA,NA,NA,Sull. & Lesq.,NA,NA,species,NA,NA,NA,NA,NA,20260113T222409Z,RELEASE-2026
1a9e25cf-7654-4f55-97a7-a2b47e5e08ba,D17,TECR,TECR.AOS.aquatic.plant.transect.06,9,2019-07-24T17:47:00Z,TECR.20190724,TECR.20190724.AP11.T06,NA,NA,NA,NA,NA,N,plant,submerged,FONE3,Fontinalis neomexicana Sull. & Lesq.,NA,NA,NA,NA,Bryopsida,Isobryales,Fontinalaceae,Fontinalis,NA,neomexicana,NA,NA,NA,Sull. & Lesq.,NA,NA,species,NA,NA,NA,NA,NA,20260113T222409Z,RELEASE-2026
1f80d620-0014-4c55-8634-e1d169335b73,D17,TECR,TECR.AOS.aquatic.plant.transect.06,7,2019-07-24T17:47:00Z,TECR.20190724,TECR.20190724.AP7.T06,NA,NA,NA,NA,NA,N,plant,submerged,FONE3,Fontinalis neomexicana Sull. & Lesq.,NA,NA,NA,NA,Bryopsida,Isobryales,Fontinalaceae,Fontinalis,NA,neomexicana,NA,NA,NA,Sull. & Lesq.,NA,NA,species,NA,NA,NA,NA,NA,20260113T222409Z,RELEASE-2026
4cb05295-0bc3-44f1-88be-545f6bb3f542,D17,TECR,TECR.AOS.aquatic.plant.transect.06,14,2019-07-24T17:47:00Z,TECR.20190724,TECR.20190724.AP17.T06,NA,NA,NA,NA,NA,N,plant,submerged,FONE3,Fontinalis neomexicana Sull. & Lesq.,NA,NA,NA,NA,Bryopsida,Isobryales,Fontinalaceae,Fontinalis,NA,neomexicana,NA,NA,NA,Sull. & Lesq.,NA,NA,species,NA,NA,NA,NA,NA,20260113T222409Z,RELEASE-2026
8260d89d-fab5-4d95-aeba-727d77f12b41,D17,TECR,TECR.AOS.aquatic.plant.transect.06,6,2019-07-24T17:47:00Z,TECR.20190724,TECR.20190724.AP6.T06,NA,NA,NA,NA,NA,N,plant,submerged,FONE3,Fontinalis neomexicana Sull. & Lesq.,NA,NA,NA,NA,Bryopsida,Isobryales,Fontinalaceae,Fontinalis,NA,neomexicana,NA,NA,NA,Sull. & Lesq.,NA,NA,species,NA,NA,NA,NA,NA,20260113T222409Z,RELEASE-2026
720b371f-b80b-4d58-b6d6-2cfaba863572,D17,TECR,TECR.AOS.aquatic.plant.transect.06,5,2019-07-24T17:47:00Z,TECR.20190724,TECR.20190724.AP5.T06,NA,NA,NA,NA,NA,N,plant,submerged,FONE3,Fontinalis neomexicana Sull. & Lesq.,NA,NA,NA,NA,Bryopsida,Isobryales,Fontinalaceae,Fontinalis,NA,neomexicana,NA,NA,NA,Sull. & Lesq.,NA,NA,species,NA,NA,NA,NA,NA,20260113T222409Z,RELEASE-2026
26c391fa-8882-48ae-9fe6-f4ef2c51e706,D17,TECR,TECR.AOS.aquatic.plant.transect.06,16,2019-07-24T17:47:00Z,TECR.20190724,TECR.20190724.AP20.T06,NA,NA,NA,NA,NA,N,plant,submerged,SCUN6,Scapania undulata (L.) Dumort.,NA,NA,NA,NA,Hepaticopsida,Jungermanniales,Scapaniaceae,Scapania,NA,undulata,NA,NA,NA,(L.) Dumort.,NA,NA,species,NA,NA,NA,NA,NA,20260113T222409Z,RELEASE-2026
33894ad0-a1f5-490a-876b-c2a55cc55c12,D17,TECR,TECR.AOS.aquatic.plant.transect.06,17,2019-07-24T17:47:00Z,TECR.20190724,TECR.20190724.AP21.T06,NA,NA,NA,NA,NA,N,plant,submerged,FONE3,Fontinalis neomexicana Sull. & Lesq.,NA,NA,NA,NA,Bryopsida,Isobryales,Fontinalaceae,Fontinalis,NA,neomexicana,NA,NA,NA,Sull. & Lesq.,NA,NA,species,NA,NA,NA,NA,NA,20260113T222409Z,RELEASE-2026
940d4cb1-8b76-401b-8524-6a1c95a9a991,D17,TECR,TECR.AOS.aquatic.plant.transect.06,2,2019-07-24T17:47:00Z,TECR.20190724,TECR.20190724.AP2.T06,NA,NA,NA,NA,NA,N,plant,submerged,FONE3,Fontinalis neomexicana Sull. & Lesq.,NA,NA,NA,NA,Bryopsida,Isobryales,Fontinalaceae,Fontinalis,NA,neomexicana,NA,NA,NA,Sull. & Lesq.,NA,NA,species,NA,NA,NA,NA,NA,20260113T222409Z,RELEASE-2026
2eebd9a8-3649-402f-8857-1a79063eabef,D17,TECR,TECR.AOS.aquatic.plant.transect.06,12,2019-07-24T17:47:00Z,TECR.20190724,TECR.20190724.AP15.T06,NA,NA,NA,NA,NA,N,plant,submerged,FONE3,Fontinalis neomexicana Sull. & Lesq.,NA,NA,NA,NA,Bryopsida,Isobryales,Fontinalaceae,Fontinalis,NA,neomexicana,NA,NA,NA,Sull. & Lesq.,NA,NA,species,NA,NA,NA,NA,NA,20260113T222409Z,RELEASE-2026
615eeae2-c2b7-4f99-9aa9-b258d75ab4c5,D17,TECR,TECR.AOS.aquatic.plant.transect.06,10,2019-07-24T17:47:00Z,TECR.20190724,TECR.20190724.AP13.T06,NA,NA,NA,NA,NA,N,plant,submerged,SCUN6,Scapania undulata (L.) Dumort.,NA,NA,NA,NA,Hepaticopsida,Jungermanniales,Scapaniaceae,Scapania,NA,undulata,NA,NA,NA,(L.) Dumort.,NA,NA,species,NA,NA,NA,NA,NA,20260113T222409Z,RELEASE-2026
7aba0686-e854-4040-bd48-8506a4c7fcc5,D17,TECR,TECR.AOS.aquatic.plant.transect.06,16,2019-07-24T17:47:00Z,TECR.20190724,TECR.20190724.AP19.T06,NA,NA,NA,NA,NA,N,plant,submerged,FONE3,Fontinalis neomexicana Sull. & Lesq.,NA,NA,NA,NA,Bryopsida,Isobryales,Fontinalaceae,Fontinalis,NA,neomexicana,NA,NA,NA,Sull. & Lesq.,NA,NA,species,NA,NA,NA,NA,NA,20260113T222409Z,RELEASE-2026
e35b24cf-ad7d-44fa-a3de-229722339940,D17,TECR,TECR.AOS.aquatic.plant.transect.06,3,2019-07-24T17:47:00Z,TECR.20190724,TECR.20190724.AP3.T06,NA,NA,NA,NA,NA,N,plant,submerged,FONE3,Fontinalis neomexicana Sull. & Lesq.,NA,NA,NA,NA,Bryopsida,Isobryales,Fontinalaceae,Fontinalis,NA,neomexicana,NA,NA,NA,Sull. & Lesq.,NA,NA,species,NA,NA,NA,NA,NA,20260113T222409Z,RELEASE-2026
5ca2581b-7afc-47c8-92cc-f4033cc11442,D17,TECR,TECR.AOS.aquatic.plant.transect.06,4,2019-07-24T17:47:00Z,TECR.20190724,TECR.20190724.AP4.T06,NA,NA,NA,NA,NA,N,plant,submerged,FONE3,Fontinalis neomexicana Sull. & Lesq.,NA,NA,NA,NA,Bryopsida,Isobryales,Fontinalaceae,Fontinalis,NA,neomexicana,NA,NA,NA,Sull. & Lesq.,NA,NA,species,NA,NA,NA,NA,NA,20260113T222409Z,RELEASE-2026
4600d92f-3250-470f-9017-f84ac187c293,D17,TECR,TECR.AOS.aquatic.plant.transect.06,9,2019-07-24T17:47:00Z,TECR.20190724,TECR.20190724.AP10.T06,NA,NA,NA,NA,NA,N,plant,submerged,SCUN6,Scapania undulata (L.) Dumort.,NA,NA,NA,NA,Hepaticopsida,Jungermanniales,Scapaniaceae,Scapania,NA,undulata,NA,NA,NA,(L.) Dumort.,NA,NA,species,NA,NA,NA,NA,NA,20260113T222409Z,RELEASE-2026
9112473e-7fbf-4d8a-b4bf-68409de57c0a,D17,TECR,TECR.AOS.aquatic.plant.transect.06,8,2019-07-24T17:47:00Z,TECR.20190724,TECR.20190724.AP9.T06,NA,NA,NA,NA,NA,N,plant,submerged,SCUN6,Scapania undulata (L.) Dumort.,NA,NA,NA,NA,Hepaticopsida,Jungermanniales,Scapaniaceae,Scapania,NA,undulata,NA,NA,NA,(L.) Dumort.,NA,NA,species,NA,NA,NA,NA,NA,20260113T222409Z,RELEASE-2026
2d46a553-09c5-4113-97e8-f8dc0a160e75,D17,TECR,TECR.AOS.aquatic.plant.transect.06,15,2019-07-24T17:47:00Z,TECR.20190724,TECR.20190724.AP18.T06,NA,NA,NA,NA,NA,N,plant,submerged,2PLANT,Unknown plant,BlackLung,Thin membaned leafy liverwort. Collation appears to change from purple to black with age,NA,NA,NA,NA,NA,NA,NA,NA,NA,NA,NA,NA,NA,NA,kingdom,NA,NA,NA,NA,NA,20260113T222409Z,RELEASE-2026
365467a6-f0b2-4b17-986d-c321a93e3be4,D17,TECR,TECR.AOS.aquatic.plant.transect.06,19,2019-07-24T17:47:00Z,TECR.20190724,TECR.20190724.AP22.T06,NA,NA,NA,NA,NA,N,plant,submerged,FONE3,Fontinalis neomexicana Sull. & Lesq.,NA,NA,NA,NA,Bryopsida,Isobryales,Fontinalaceae,Fontinalis,NA,neomexicana,NA,NA,NA,Sull. & Lesq.,NA,NA,species,NA,NA,NA,NA,NA,20260113T222409Z,RELEASE-2026
a63dfbd1-e0cf-483d-8547-cc52e25f0649,D17,TECR,TECR.AOS.aquatic.plant.transect.06,8,2019-07-24T17:47:00Z,TECR.20190724,TECR.20190724.AP8.T06,NA,NA,NA,NA,NA,N,plant,submerged,FONE3,Fontinalis neomexicana Sull. & Lesq.,NA,NA,NA,NA,Bryopsida,Isobryales,Fontinalaceae,Fontinalis,NA,neomexicana,NA,NA,NA,Sull. & Lesq.,NA,NA,species,NA,NA,NA,NA,NA,20260113T222409Z,RELEASE-2026
b09ca08d-e665-4c03-bf3c-48fa64cf3a3c,D17,TECR,TECR.AOS.aquatic.plant.transect.06,11,2019-07-24T17:47:00Z,TECR.20190724,TECR.20190724.AP14.T06,NA,NA,NA,NA,NA,N,plant,submerged,FONE3,Fontinalis neomexicana Sull. & Lesq.,NA,NA,NA,NA,Bryopsida,Isobryales,Fontinalaceae,Fontinalis,NA,neomexicana,NA,NA,NA,Sull. & Lesq.,NA,NA,species,NA,NA,NA,NA,NA,20260113T222409Z,RELEASE-2026
3869415b-7117-468b-8599-2b37be47edef,D17,TECR,TECR.AOS.aquatic.plant.transect.06,1,2019-07-24T17:47:00Z,TECR.20190724,TECR.20190724.AP1.T06,NA,NA,NA,NA,NA,N,plant,submerged,FONE3,Fontinalis neomexicana Sull. & Lesq.,NA,NA,NA,NA,Bryopsida,Isobryales,Fontinalaceae,Fontinalis,NA,neomexicana,NA,NA,NA,Sull. & Lesq.,NA,NA,species,NA,NA,NA,NA,NA,20260113T222409Z,RELEASE-2026
446e6b92-f60f-41c2-927e-c3d82b6d4d27,D17,TECR,TECR.AOS.aquatic.plant.transect.06,10,2019-07-24T17:47:00Z,TECR.20190724,TECR.20190724.AP12.T06,NA,NA,NA,NA,NA,N,plant,submerged,FONE3,Fontinalis neomexicana Sull. & Lesq.,NA,NA,NA,NA,Bryopsida,Isobryales,Fontinalaceae,Fontinalis,NA,neomexicana,NA,NA,NA,Sull. & Lesq.,NA,NA,species,NA,NA,NA,NA,NA,20260113T222409Z,RELEASE-2026
b3f7ef05-b8ff-41cc-ac97-0f95232bc1dc,D17,TECR,TECR.AOS.aquatic.plant.transect.07,7,2019-07-24T18:26:00Z,TECR.20190724,TECR.20190724.AP7.T07,NA,NA,NA,NA,NA,N,plant,submerged,SCUN6,Scapania undulata (L.) Dumort.,NA,NA,NA,NA,Hepaticopsida,Jungermanniales,Scapaniaceae,Scapania,NA,undulata,NA,NA,NA,(L.) Dumort.,NA,NA,species,NA,NA,NA,NA,NA,20260113T222409Z,RELEASE-2026
4a78bb0d-fa25-4c1b-8fa6-435fca2d9049,D17,TECR,TECR.AOS.aquatic.plant.transect.07,10,2019-07-24T18:26:00Z,TECR.20190724,TECR.20190724.AP10.T07,NA,NA,NA,NA,NA,N,plant,submerged,SCUN6,Scapania undulata (L.) Dumort.,NA,NA,NA,NA,Hepaticopsida,Jungermanniales,Scapaniaceae,Scapania,NA,undulata,NA,NA,NA,(L.) Dumort.,NA,NA,species,NA,NA,NA,NA,NA,20260113T222409Z,RELEASE-2026
22d0b54a-c849-44e5-8808-d0330b2ed991,D17,TECR,TECR.AOS.aquatic.plant.transect.07,2,2019-07-24T18:26:00Z,TECR.20190724,TECR.20190724.AP2.T07,NA,NA,NA,NA,NA,N,plant,submerged,SCUN6,Scapania undulata (L.) Dumort.,NA,NA,NA,NA,Hepaticopsida,Jungermanniales,Scapaniaceae,Scapania,NA,undulata,NA,NA,NA,(L.) Dumort.,NA,NA,species,NA,NA,NA,NA,NA,20260113T222409Z,RELEASE-2026
e07984d8-5309-4151-870d-a489e2e2e5af,D17,TECR,TECR.AOS.aquatic.plant.transect.07,9,2019-07-24T18:26:00Z,TECR.20190724,TECR.20190724.AP9.T07,NA,NA,NA,NA,NA,N,plant,submerged,SCUN6,Scapania undulata (L.) Dumort.,NA,NA,NA,NA,Hepaticopsida,Jungermanniales,Scapaniaceae,Scapania,NA,undulata,NA,NA,NA,(L.) Dumort.,NA,NA,species,NA,NA,NA,NA,NA,20260113T222409Z,RELEASE-2026
fe0fd0ae-c50a-4ce3-9ee9-e59b5beb5914,D17,TECR,TECR.AOS.aquatic.plant.transect.07,1,2019-07-24T18:26:00Z,TECR.20190724,TECR.20190724.AP1.T07,NA,NA,NA,NA,NA,N,plant,submerged,SCUN6,Scapania undulata (L.) Dumort.,NA,NA,NA,NA,Hepaticopsida,Jungermanniales,Scapaniaceae,Scapania,NA,undulata,NA,NA,NA,(L.) Dumort.,NA,NA,species,NA,NA,NA,NA,NA,20260113T222409Z,RELEASE-2026
cfcb3f48-480f-4090-b0cd-40634f106595,D17,TECR,TECR.AOS.aquatic.plant.transect.07,5,2019-07-24T18:26:00Z,TECR.20190724,TECR.20190724.AP5.T07,NA,NA,NA,NA,NA,N,plant,submerged,SCUN6,Scapania undulata (L.) Dumort.,NA,NA,NA,NA,Hepaticopsida,Jungermanniales,Scapaniaceae,Scapania,NA,undulata,NA,NA,NA,(L.) Dumort.,NA,NA,species,NA,NA,NA,NA,NA,20260113T222409Z,RELEASE-2026
581355a3-6f54-4377-a06d-2817107a1759,D17,TECR,TECR.AOS.aquatic.plant.transect.07,8,2019-07-24T18:26:00Z,TECR.20190724,TECR.20190724.AP8.T07,NA,NA,NA,NA,NA,N,plant,submerged,SCUN6,Scapania undulata (L.) Dumort.,NA,NA,NA,NA,Hepaticopsida,Jungermanniales,Scapaniaceae,Scapania,NA,undulata,NA,NA,NA,(L.) Dumort.,NA,NA,species,NA,NA,NA,NA,NA,20260113T222409Z,RELEASE-2026
e798e96d-1538-4672-9fb7-31bcd66044cc,D17,TECR,TECR.AOS.aquatic.plant.transect.07,3,2019-07-24T18:26:00Z,TECR.20190724,TECR.20190724.AP3.T07,NA,NA,NA,NA,NA,N,plant,submerged,SCUN6,Scapania undulata (L.) Dumort.,NA,NA,NA,NA,Hepaticopsida,Jungermanniales,Scapaniaceae,Scapania,NA,undulata,NA,NA,NA,(L.) Dumort.,NA,NA,species,NA,NA,NA,NA,NA,20260113T222409Z,RELEASE-2026
91fcd493-bd29-45c2-8ee0-2fe1033e07a6,D17,TECR,TECR.AOS.aquatic.plant.transect.07,6,2019-07-24T18:26:00Z,TECR.20190724,TECR.20190724.AP6.T07,NA,NA,NA,NA,NA,N,plant,submerged,SCUN6,Scapania undulata (L.) Dumort.,NA,NA,NA,NA,Hepaticopsida,Jungermanniales,Scapaniaceae,Scapania,NA,undulata,NA,NA,NA,(L.) Dumort.,NA,NA,species,NA,NA,NA,NA,NA,20260113T222409Z,RELEASE-2026
430fd66a-a6c9-4fd6-91ec-28e4cd3dea9f,D17,TECR,TECR.AOS.aquatic.plant.transect.07,4,2019-07-24T18:26:00Z,TECR.20190724,TECR.20190724.AP4.T07,NA,NA,NA,NA,NA,N,plant,submerged,SCUN6,Scapania undulata (L.) Dumort.,NA,NA,NA,NA,Hepaticopsida,Jungermanniales,Scapaniaceae,Scapania,NA,undulata,NA,NA,NA,(L.) Dumort.,NA,NA,species,NA,NA,NA,NA,NA,20260113T222409Z,RELEASE-2026
f5a81e82-9b33-4782-ba7d-70e5da701125,D17,TECR,TECR.AOS.aquatic.plant.transect.08,12,2019-07-24T18:42:00Z,TECR.20190724,TECR.20190724.AP11.T08,NA,NA,NA,NA,NA,N,plant,submerged,2PLANT,Unknown plant,CharlieSheen,Iridescent golden tint becoming green out of water leaflets lanceolate stacked opposite,NA,NA,NA,NA,NA,NA,NA,NA,NA,NA,NA,NA,NA,NA,kingdom,NA,NA,NA,NA,NA,20260113T222409Z,RELEASE-2026
1b891572-99e8-493d-851b-a3d2a79850a9,D17,TECR,TECR.AOS.aquatic.plant.transect.08,8,2019-07-24T18:42:00Z,TECR.20190724,TECR.20190724.AP6.T08,NA,NA,NA,NA,NA,N,plant,emergent,SCUN6,Scapania undulata (L.) Dumort.,NA,NA,NA,NA,Hepaticopsida,Jungermanniales,Scapaniaceae,Scapania,NA,undulata,NA,NA,NA,(L.) Dumort.,NA,NA,species,NA,NA,NA,NA,NA,20260113T222409Z,RELEASE-2026
cbbb7dd0-ece7-4819-b57a-b21b175b2db6,D17,TECR,TECR.AOS.aquatic.plant.transect.08,4,2019-07-24T18:42:00Z,TECR.20190724,TECR.20190724.AP2.T08,NA,NA,NA,NA,NA,N,plant,submerged,SCUN6,Scapania undulata (L.) Dumort.,NA,NA,NA,NA,Hepaticopsida,Jungermanniales,Scapaniaceae,Scapania,NA,undulata,NA,NA,NA,(L.) Dumort.,NA,NA,species,NA,NA,NA,NA,NA,20260113T222409Z,RELEASE-2026
92976aa4-a13c-422f-98c8-693c860a69b5,D17,TECR,TECR.AOS.aquatic.plant.transect.08,9,2019-07-24T18:42:00Z,TECR.20190724,TECR.20190724.AP7.T08,NA,NA,NA,NA,NA,N,plant,submerged,SCUN6,Scapania undulata (L.) Dumort.,NA,NA,NA,NA,Hepaticopsida,Jungermanniales,Scapaniaceae,Scapania,NA,undulata,NA,NA,NA,(L.) Dumort.,NA,NA,species,NA,NA,NA,NA,NA,20260113T222409Z,RELEASE-2026
91388687-f1b0-4cc3-bdae-2eda25602229,D17,TECR,TECR.AOS.aquatic.plant.transect.08,15,2019-07-24T18:42:00Z,TECR.20190724,TECR.20190724.AP15.T08,NA,NA,NA,NA,NA,N,plant,submerged,FONE3,Fontinalis neomexicana Sull. & Lesq.,NA,NA,NA,NA,Bryopsida,Isobryales,Fontinalaceae,Fontinalis,NA,neomexicana,NA,NA,NA,Sull. & Lesq.,NA,NA,species,NA,NA,NA,NA,NA,20260113T222409Z,RELEASE-2026
1196282d-1259-481b-b6ad-c413353c9014,D17,TECR,TECR.AOS.aquatic.plant.transect.08,6,2019-07-24T18:42:00Z,TECR.20190724,TECR.20190724.AP5.T08,NA,NA,NA,NA,NA,N,plant,submerged,SCUN6,Scapania undulata (L.) Dumort.,NA,NA,NA,NA,Hepaticopsida,Jungermanniales,Scapaniaceae,Scapania,NA,undulata,NA,NA,NA,(L.) Dumort.,NA,NA,species,NA,NA,NA,NA,NA,20260113T222409Z,RELEASE-2026
794b0e37-0ab2-4507-baf7-a6a0c35348dd,D17,TECR,TECR.AOS.aquatic.plant.transect.08,16,2019-07-24T18:42:00Z,TECR.20190724,TECR.20190724.AP16.T08,NA,NA,NA,NA,NA,N,plant,submerged,SCUN6,Scapania undulata (L.) Dumort.,NA,NA,NA,NA,Hepaticopsida,Jungermanniales,Scapaniaceae,Scapania,NA,undulata,NA,NA,NA,(L.) Dumort.,NA,NA,species,NA,NA,NA,NA,NA,20260113T222409Z,RELEASE-2026
fef1477d-ac3a-4857-9a4e-c105c4f5e09c,D17,TECR,TECR.AOS.aquatic.plant.transect.08,11,2019-07-24T18:42:00Z,TECR.20190724,TECR.20190724.AP9.T08,NA,NA,NA,NA,NA,N,plant,submerged,SCUN6,Scapania undulata (L.) Dumort.,NA,NA,NA,NA,Hepaticopsida,Jungermanniales,Scapaniaceae,Scapania,NA,undulata,NA,NA,NA,(L.) Dumort.,NA,NA,species,NA,NA,NA,NA,NA,20260113T222409Z,RELEASE-2026
0311d664-4bb6-4c7f-afe1-fcb6ed52571e,D17,TECR,TECR.AOS.aquatic.plant.transect.08,15,2019-07-24T18:42:00Z,TECR.20190724,TECR.20190724.AP14.T08,NA,NA,NA,NA,NA,N,plant,submerged,SCUN6,Scapania undulata (L.) Dumort.,NA,NA,NA,NA,Hepaticopsida,Jungermanniales,Scapaniaceae,Scapania,NA,undulata,NA,NA,NA,(L.) Dumort.,NA,NA,species,NA,NA,NA,NA,NA,20260113T222409Z,RELEASE-2026
c6388d7c-a494-4148-be73-9d6c75979d9c,D17,TECR,TECR.AOS.aquatic.plant.transect.08,14,2019-07-24T18:42:00Z,TECR.20190724,TECR.20190724.AP13.T08,NA,NA,NA,NA,NA,N,plant,submerged,SCUN6,Scapania undulata (L.) Dumort.,NA,NA,NA,NA,Hepaticopsida,Jungermanniales,Scapaniaceae,Scapania,NA,undulata,NA,NA,NA,(L.) Dumort.,NA,NA,species,NA,NA,NA,NA,NA,20260113T222409Z,RELEASE-2026
702b2672-6d5a-4554-962e-33dc6802b597,D17,TECR,TECR.AOS.aquatic.plant.transect.08,13,2019-07-24T18:42:00Z,TECR.20190724,TECR.20190724.AP12.T08,NA,NA,NA,NA,NA,N,plant,submerged,SCUN6,Scapania undulata (L.) Dumort.,NA,NA,NA,NA,Hepaticopsida,Jungermanniales,Scapaniaceae,Scapania,NA,undulata,NA,NA,NA,(L.) Dumort.,NA,NA,species,NA,NA,NA,NA,NA,20260113T222409Z,RELEASE-2026
c588e7a2-9d07-4886-a01e-080735789ebe,D17,TECR,TECR.AOS.aquatic.plant.transect.08,1,2019-07-24T18:42:00Z,TECR.20190724,TECR.20190724.AP1.T08,NA,NA,NA,NA,NA,N,plant,submerged,2PLANT,Unknown plant,TheOtherHalf,Leaflets arranged in fernesque shape. Feathery leaf segments to pointed tip,NA,NA,NA,NA,NA,NA,NA,NA,NA,NA,NA,NA,NA,NA,kingdom,NA,NA,NA,NA,NA,20260113T222409Z,RELEASE-2026
25ebe586-f998-42a1-b6d8-1f311e5b365d,D17,TECR,TECR.AOS.aquatic.plant.transect.08,6,2019-07-24T18:42:00Z,TECR.20190724,TECR.20190724.AP4.T08,NA,NA,NA,NA,NA,N,plant,submerged,FONE3,Fontinalis neomexicana Sull. & Lesq.,NA,NA,NA,NA,Bryopsida,Isobryales,Fontinalaceae,Fontinalis,NA,neomexicana,NA,NA,NA,Sull. & Lesq.,NA,NA,species,NA,NA,NA,NA,NA,20260113T222409Z,RELEASE-2026
4b165205-33bd-4d51-bddd-adbd09b8a75c,D17,TECR,TECR.AOS.aquatic.plant.transect.08,5,2019-07-24T18:42:00Z,TECR.20190724,TECR.20190724.AP3.T08,NA,NA,NA,NA,NA,N,plant,submerged,SCUN6,Scapania undulata (L.) Dumort.,NA,NA,NA,NA,Hepaticopsida,Jungermanniales,Scapaniaceae,Scapania,NA,undulata,NA,NA,NA,(L.) Dumort.,NA,NA,species,NA,NA,NA,NA,NA,20260113T222409Z,RELEASE-2026
c1117baf-a742-4987-8955-c14f76a00fc3,D17,TECR,TECR.AOS.aquatic.plant.transect.08,10,2019-07-24T18:42:00Z,TECR.20190724,TECR.20190724.AP8.T08,NA,NA,NA,NA,NA,N,plant,submerged,SCUN6,Scapania undulata (L.) Dumort.,NA,NA,NA,NA,Hepaticopsida,Jungermanniales,Scapaniaceae,Scapania,NA,undulata,NA,NA,NA,(L.) Dumort.,NA,NA,species,NA,NA,NA,NA,NA,20260113T222409Z,RELEASE-2026
6ecee556-bbe2-4421-a642-159b70bf0f12,D17,TECR,TECR.AOS.aquatic.plant.transect.08,11,2019-07-24T18:42:00Z,TECR.20190724,TECR.20190724.AP10.T08,NA,NA,NA,NA,NA,N,plant,submerged,FONE3,Fontinalis neomexicana Sull. & Lesq.,NA,NA,NA,NA,Bryopsida,Isobryales,Fontinalaceae,Fontinalis,NA,neomexicana,NA,NA,NA,Sull. & Lesq.,NA,NA,species,NA,NA,NA,NA,NA,20260113T222409Z,RELEASE-2026
0987c202-0a09-446a-9e41-425d6fb508a1,D17,TECR,TECR.AOS.aquatic.plant.transect.09,14,2019-07-24T19:48:00Z,TECR.20190724,TECR.20190724.AP10.T09,NA,NA,NA,NA,NA,N,plant,submerged,FONE3,Fontinalis neomexicana Sull. & Lesq.,NA,NA,NA,NA,Bryopsida,Isobryales,Fontinalaceae,Fontinalis,NA,neomexicana,NA,NA,NA,Sull. & Lesq.,NA,NA,species,NA,NA,NA,NA,NA,20260113T222409Z,RELEASE-2026
0325af2f-9726-49e5-8e69-fe8b2be15f17,D17,TECR,TECR.AOS.aquatic.plant.transect.09,17,2019-07-24T19:48:00Z,TECR.20190724,TECR.20190724.AP14.T09,NA,NA,NA,NA,NA,N,plant,submerged,2PLANT,Unknown plant,CharlieSheen,Iridescent golden tint becoming green out of water leaflets lanceolate stacked opposite,NA,NA,NA,NA,NA,NA,NA,NA,NA,NA,NA,NA,NA,NA,kingdom,NA,NA,NA,NA,NA,20260113T222409Z,RELEASE-2026
925b045d-c24e-4e7f-b11a-e0efa33b718d,D17,TECR,TECR.AOS.aquatic.plant.transect.09,16,2019-07-24T19:48:00Z,TECR.20190724,TECR.20190724.AP12.T09,NA,NA,NA,NA,NA,N,plant,submerged,2PLANT,Unknown plant,CharlieSheen,Iridescent golden tint becoming green out of water leaflets lanceolate stacked opposite,NA,NA,NA,NA,NA,NA,NA,NA,NA,NA,NA,NA,NA,NA,kingdom,NA,NA,NA,NA,NA,20260113T222409Z,RELEASE-2026
b3cd2137-df7a-40e4-8c5d-cb2840192eb4,D17,TECR,TECR.AOS.aquatic.plant.transect.09,17,2019-07-24T19:48:00Z,TECR.20190724,TECR.20190724.AP15.T09,NA,NA,NA,NA,NA,N,plant,submerged,2PLANT,Unknown plant,TheOtherHalf,Leaflets arranged in fernesque shape. Feathery leaf segments to pointed tip,NA,NA,NA,NA,NA,NA,NA,NA,NA,NA,NA,NA,NA,NA,kingdom,NA,NA,NA,NA,NA,20260113T222409Z,RELEASE-2026
b4a8b8c0-076e-44df-9cd6-4b0c34fe330a,D17,TECR,TECR.AOS.aquatic.plant.transect.09,11,2019-07-24T19:48:00Z,TECR.20190724,TECR.20190724.AP7.T09,NA,NA,NA,NA,NA,N,plant,submerged,FONE3,Fontinalis neomexicana Sull. & Lesq.,NA,NA,NA,NA,Bryopsida,Isobryales,Fontinalaceae,Fontinalis,NA,neomexicana,NA,NA,NA,Sull. & Lesq.,NA,NA,species,NA,NA,NA,NA,NA,20260113T222409Z,RELEASE-2026
dda204b1-0ef7-4257-8b63-a62dfb301428,D17,TECR,TECR.AOS.aquatic.plant.transect.09,19,2019-07-24T19:48:00Z,TECR.20190724,TECR.20190724.AP16.T09,NA,NA,NA,NA,NA,N,plant,submerged,2PLANT,Unknown plant,CharlieSheen,Iridescent golden tint becoming green out of water leaflets lanceolate stacked opposite,NA,NA,NA,NA,NA,NA,NA,NA,NA,NA,NA,NA,NA,NA,kingdom,NA,NA,NA,NA,NA,20260113T222409Z,RELEASE-2026
3034e8d5-2eb0-424f-a13f-c97dcae81c2b,D17,TECR,TECR.AOS.aquatic.plant.transect.09,13,2019-07-24T19:48:00Z,TECR.20190724,TECR.20190724.AP9.T09,NA,NA,NA,NA,NA,N,plant,submerged,SCUN6,Scapania undulata (L.) Dumort.,NA,NA,NA,NA,Hepaticopsida,Jungermanniales,Scapaniaceae,Scapania,NA,undulata,NA,NA,NA,(L.) Dumort.,NA,NA,species,NA,NA,NA,NA,NA,20260113T222409Z,RELEASE-2026
511ac499-bc87-465d-b0c4-3cbf5582cb50,D17,TECR,TECR.AOS.aquatic.plant.transect.09,6,2019-07-24T19:48:00Z,TECR.20190724,TECR.20190724.AP2.T09,NA,NA,NA,NA,NA,N,plant,submerged,FONE3,Fontinalis neomexicana Sull. & Lesq.,NA,NA,NA,NA,Bryopsida,Isobryales,Fontinalaceae,Fontinalis,NA,neomexicana,NA,NA,NA,Sull. & Lesq.,NA,NA,species,NA,NA,NA,NA,NA,20260113T222409Z,RELEASE-2026
0d46462b-c999-4a58-8175-4cc18cddcb69,D17,TECR,TECR.AOS.aquatic.plant.transect.09,10,2019-07-24T19:48:00Z,TECR.20190724,TECR.20190724.AP6.T09,NA,NA,NA,NA,NA,N,plant,submerged,FONE3,Fontinalis neomexicana Sull. & Lesq.,NA,NA,NA,NA,Bryopsida,Isobryales,Fontinalaceae,Fontinalis,NA,neomexicana,NA,NA,NA,Sull. & Lesq.,NA,NA,species,NA,NA,NA,NA,NA,20260113T222409Z,RELEASE-2026
0f8fa764-31d5-43d5-8b87-48e28d5c0671,D17,TECR,TECR.AOS.aquatic.plant.transect.09,3,2019-07-24T19:48:00Z,TECR.20190724,TECR.20190724.AP1.T09,NA,NA,NA,NA,NA,N,plant,submerged,FONE3,Fontinalis neomexicana Sull. & Lesq.,NA,NA,NA,NA,Bryopsida,Isobryales,Fontinalaceae,Fontinalis,NA,neomexicana,NA,NA,NA,Sull. & Lesq.,NA,NA,species,NA,NA,NA,NA,NA,20260113T222409Z,RELEASE-2026
a78664c1-b14e-4a48-a0e4-ba9b2ee0f25d,D17,TECR,TECR.AOS.aquatic.plant.transect.09,8,2019-07-24T19:48:00Z,TECR.20190724,TECR.20190724.AP4.T09,NA,NA,NA,NA,NA,N,plant,submerged,FONE3,Fontinalis neomexicana Sull. & Lesq.,NA,NA,NA,NA,Bryopsida,Isobryales,Fontinalaceae,Fontinalis,NA,neomexicana,NA,NA,NA,Sull. & Lesq.,NA,NA,species,NA,NA,NA,NA,NA,20260113T222409Z,RELEASE-2026
691bc3cf-95be-49d3-ba17-5278b7ddfa5e,D17,TECR,TECR.AOS.aquatic.plant.transect.09,7,2019-07-24T19:48:00Z,TECR.20190724,TECR.20190724.AP3.T09,NA,NA,NA,NA,NA,N,plant,submerged,FONE3,Fontinalis neomexicana Sull. & Lesq.,NA,NA,NA,NA,Bryopsida,Isobryales,Fontinalaceae,Fontinalis,NA,neomexicana,NA,NA,NA,Sull. & Lesq.,NA,NA,species,NA,NA,NA,NA,NA,20260113T222409Z,RELEASE-2026
1a382635-c93b-49a0-810d-595fc6296907,D17,TECR,TECR.AOS.aquatic.plant.transect.09,15,2019-07-24T19:48:00Z,TECR.20190724,TECR.20190724.AP11.T09,NA,NA,NA,NA,NA,N,plant,submerged,FONE3,Fontinalis neomexicana Sull. & Lesq.,NA,NA,NA,NA,Bryopsida,Isobryales,Fontinalaceae,Fontinalis,NA,neomexicana,NA,NA,NA,Sull. & Lesq.,NA,NA,species,NA,NA,NA,NA,NA,20260113T222409Z,RELEASE-2026
4d51cb75-f76e-410d-b606-f671fadf53c8,D17,TECR,TECR.AOS.aquatic.plant.transect.09,16,2019-07-24T19:48:00Z,TECR.20190724,TECR.20190724.AP13.T09,NA,NA,NA,NA,NA,N,plant,submerged,FONE3,Fontinalis neomexicana Sull. & Lesq.,NA,NA,NA,NA,Bryopsida,Isobryales,Fontinalaceae,Fontinalis,NA,neomexicana,NA,NA,NA,Sull. & Lesq.,NA,NA,species,NA,NA,NA,NA,NA,20260113T222409Z,RELEASE-2026
0eb609d9-54ca-497b-8204-1c5f421a3a0d,D17,TECR,TECR.AOS.aquatic.plant.transect.09,9,2019-07-24T19:48:00Z,TECR.20190724,TECR.20190724.AP5.T09,NA,NA,NA,NA,NA,N,plant,submerged,FONE3,Fontinalis neomexicana Sull. & Lesq.,NA,NA,NA,NA,Bryopsida,Isobryales,Fontinalaceae,Fontinalis,NA,neomexicana,NA,NA,NA,Sull. & Lesq.,NA,NA,species,NA,NA,NA,NA,NA,20260113T222409Z,RELEASE-2026
474bb939-7255-471f-9d0b-ea572f439c07,D17,TECR,TECR.AOS.aquatic.plant.transect.09,12,2019-07-24T19:48:00Z,TECR.20190724,TECR.20190724.AP8.T09,NA,NA,NA,NA,NA,N,plant,submerged,FONE3,Fontinalis neomexicana Sull. & Lesq.,NA,NA,NA,NA,Bryopsida,Isobryales,Fontinalaceae,Fontinalis,NA,neomexicana,NA,NA,NA,Sull. & Lesq.,NA,NA,species,NA,NA,NA,NA,NA,20260113T222409Z,RELEASE-2026
610adc74-d80a-4b14-bf9b-a5e5130c9af7,D17,TECR,TECR.AOS.aquatic.plant.transect.10,11,2019-07-24T20:46:00Z,TECR.20190724,TECR.20190724.AP9.T10,NA,NA,NA,NA,NA,N,plant,submerged,SCUN6,Scapania undulata (L.) Dumort.,NA,NA,NA,NA,Hepaticopsida,Jungermanniales,Scapaniaceae,Scapania,NA,undulata,NA,NA,NA,(L.) Dumort.,NA,NA,species,NA,NA,NA,NA,NA,20260113T222409Z,RELEASE-2026
bc2e0556-288e-40b2-89d8-31e8dd1ad2c3,D17,TECR,TECR.AOS.aquatic.plant.transect.10,4,2019-07-24T20:46:00Z,TECR.20190724,TECR.20190724.AP1.T10,NA,NA,NA,NA,NA,N,plant,submerged,2PLANT,Unknown plant,CharlieSheen,Iridescent golden tint becoming green out of water leaflets lanceolate stacked opposite,NA,NA,NA,NA,NA,NA,NA,NA,NA,NA,NA,NA,NA,NA,kingdom,NA,NA,NA,NA,NA,20260113T222409Z,RELEASE-2026
99fac0d9-0787-4bec-9728-808d37bf8c87,D17,TECR,TECR.AOS.aquatic.plant.transect.10,10,2019-07-24T20:46:00Z,TECR.20190724,TECR.20190724.AP8.T10,NA,NA,NA,NA,NA,N,plant,submerged,2PLANT,Unknown plant,CharlieSheen,Iridescent golden tint becoming green out of water leaflets lanceolate stacked opposite,NA,NA,NA,NA,NA,NA,NA,NA,NA,NA,NA,NA,NA,NA,kingdom,NA,NA,NA,NA,NA,20260113T222409Z,RELEASE-2026
f2d7a27c-5fd4-48d7-9ea2-078f2bee8ada,D17,TECR,TECR.AOS.aquatic.plant.transect.10,9,2019-07-24T20:46:00Z,TECR.20190724,TECR.20190724.AP7.T10,NA,NA,NA,NA,NA,N,plant,submerged,2PLANT,Unknown plant,CharlieSheen,Iridescent golden tint becoming green out of water leaflets lanceolate stacked opposite,NA,NA,NA,NA,NA,NA,NA,NA,NA,NA,NA,NA,NA,NA,kingdom,NA,NA,NA,NA,NA,20260113T222409Z,RELEASE-2026
184840d8-521f-4d52-861d-8c0d8bdb6c4a,D17,TECR,TECR.AOS.aquatic.plant.transect.10,8,2019-07-24T20:46:00Z,TECR.20190724,TECR.20190724.AP6.T10,NA,NA,NA,NA,NA,N,plant,submerged,SCUN6,Scapania undulata (L.) Dumort.,NA,NA,NA,NA,Hepaticopsida,Jungermanniales,Scapaniaceae,Scapania,NA,undulata,NA,NA,NA,(L.) Dumort.,NA,NA,species,NA,NA,NA,NA,NA,20260113T222409Z,RELEASE-2026
ae073b01-99b9-4f4b-b7d6-3278e92930ce,D17,TECR,TECR.AOS.aquatic.plant.transect.10,6,2019-07-24T20:46:00Z,TECR.20190724,TECR.20190724.AP3.T10,NA,NA,NA,NA,NA,N,plant,submerged,2PLANT,Unknown plant,CharlieSheen,Iridescent golden tint becoming green out of water leaflets lanceolate stacked opposite,NA,NA,NA,NA,NA,NA,NA,NA,NA,NA,NA,NA,NA,NA,kingdom,NA,NA,NA,NA,NA,20260113T222409Z,RELEASE-2026
9b92d260-1719-4112-bc53-467e4f001475,D17,TECR,TECR.AOS.aquatic.plant.transect.10,8,2019-07-24T20:46:00Z,TECR.20190724,TECR.20190724.AP5.T10,NA,NA,NA,NA,NA,N,plant,submerged,2PLANT,Unknown plant,CharlieSheen,Iridescent golden tint becoming green out of water leaflets lanceolate stacked opposite,NA,NA,NA,NA,NA,NA,NA,NA,NA,NA,NA,NA,NA,NA,kingdom,NA,NA,NA,NA,NA,20260113T222409Z,RELEASE-2026
b584fca5-17d1-4eb0-8511-4fd04e39bb6c,D17,TECR,TECR.AOS.aquatic.plant.transect.10,13,2019-07-24T20:46:00Z,TECR.20190724,TECR.20190724.AP11.T10,NA,NA,NA,NA,NA,N,plant,submerged,2PLANT,Unknown plant,CharlieSheen,Iridescent golden tint becoming green out of water leaflets lanceolate stacked opposite,NA,NA,NA,NA,NA,NA,NA,NA,NA,NA,NA,NA,NA,NA,kingdom,NA,NA,NA,NA,NA,20260113T222409Z,RELEASE-2026
1a28a399-fd09-452f-b905-c6f42907391e,D17,TECR,TECR.AOS.aquatic.plant.transect.10,12,2019-07-24T20:46:00Z,TECR.20190724,TECR.20190724.AP10.T10,NA,NA,NA,NA,NA,N,plant,submerged,FONE3,Fontinalis neomexicana Sull. & Lesq.,NA,NA,NA,NA,Bryopsida,Isobryales,Fontinalaceae,Fontinalis,NA,neomexicana,NA,NA,NA,Sull. & Lesq.,NA,NA,species,NA,NA,NA,NA,NA,20260113T222409Z,RELEASE-2026
7a0cc55a-4a4e-4372-a55d-2f3ac1a2a987,D17,TECR,TECR.AOS.aquatic.plant.transect.10,5,2019-07-24T20:46:00Z,TECR.20190724,TECR.20190724.AP2.T10,NA,NA,NA,NA,NA,N,plant,submerged,2PLANT,Unknown plant,CharlieSheen,Iridescent golden tint becoming green out of water leaflets lanceolate stacked opposite,NA,NA,NA,NA,NA,NA,NA,NA,NA,NA,NA,NA,NA,NA,kingdom,NA,NA,NA,NA,NA,20260113T222409Z,RELEASE-2026
6d1a3aea-25e2-4904-89cc-4f9e67c724ed,D17,TECR,TECR.AOS.aquatic.plant.transect.10,7,2019-07-24T20:46:00Z,TECR.20190724,TECR.20190724.AP4.T10,NA,NA,NA,NA,NA,N,plant,submerged,2PLANT,Unknown plant,CharlieSheen,Iridescent golden tint becoming green out of water leaflets lanceolate stacked opposite,NA,NA,NA,NA,NA,NA,NA,NA,NA,NA,NA,NA,NA,NA,kingdom,NA,NA,NA,NA,NA,20260113T222409Z,RELEASE-2026
cfc704af-b1ec-4aa5-9fa9-74d5f06c7229,D17,TECR,TECR.AOS.aquatic.plant.transect.01,12,2019-09-23T18:59:00Z,TECR.20190923,TECR.20190923.AP12.T01,NA,NA,NA,NA,NA,N,plant,submerged,2PLANT,Unknown plant,SCUN6,Voucher T1P2,NA,NA,NA,NA,NA,NA,NA,NA,NA,NA,NA,NA,NA,NA,kingdom,NA,NA,NA,NA,NA,20260113T222757Z,RELEASE-2026
a5feea02-e0cd-47e0-8158-a5eed7c17001,D17,TECR,TECR.AOS.aquatic.plant.transect.01,12,2019-09-23T18:59:00Z,TECR.20190923,TECR.20190923.AP11.T01,NA,NA,NA,NA,NA,N,plant,submerged,FONE3,Fontinalis neomexicana Sull. & Lesq.,NA,NA,NA,NA,Bryopsida,Isobryales,Fontinalaceae,Fontinalis,NA,neomexicana,NA,NA,NA,Sull. & Lesq.,NA,NA,species,NA,NA,NA,NA,NA,20260113T222757Z,RELEASE-2026
c1ad48a3-3053-4913-9f5b-aa49dfc690e2,D17,TECR,TECR.AOS.aquatic.plant.transect.01,10,2019-09-23T18:59:00Z,TECR.20190923,TECR.20190923.AP9.T01,NA,NA,NA,NA,NA,N,plant,submerged,2PLANT,Unknown plant,SCUN6,Voucher T1P2,NA,NA,NA,NA,NA,NA,NA,NA,NA,NA,NA,NA,NA,NA,kingdom,NA,NA,NA,NA,NA,20260113T222757Z,RELEASE-2026
9304ebfe-931e-47c0-8b22-0e1ae830942b,D17,TECR,TECR.AOS.aquatic.plant.transect.01,7,2019-09-23T18:59:00Z,TECR.20190923,TECR.20190923.AP6.T01,NA,NA,NA,NA,NA,N,plant,submerged,2PLANT,Unknown plant,SCUN6,Voucher T1P2,NA,NA,NA,NA,NA,NA,NA,NA,NA,NA,NA,NA,NA,NA,kingdom,NA,NA,NA,NA,NA,20260113T222757Z,RELEASE-2026
4c9b0ecb-b2e8-481f-970c-027c198088a3,D17,TECR,TECR.AOS.aquatic.plant.transect.01,13,2019-09-23T18:59:00Z,TECR.20190923,TECR.20190923.AP13.T01,NA,NA,NA,NA,NA,N,plant,emergent,2PLANT,Unknown plant,SCUN6,Voucher T1P2,NA,NA,NA,NA,NA,NA,NA,NA,NA,NA,NA,NA,NA,NA,kingdom,NA,NA,NA,NA,NA,20260113T222757Z,RELEASE-2026
83a0bd92-ffd3-4033-a8a4-4cb31f1c5850,D17,TECR,TECR.AOS.aquatic.plant.transect.01,2,2019-09-23T18:59:00Z,TECR.20190923,TECR.20190923.SCUN6.T1,A00000148639,NA,NA,NA,NA,Y,plant,submerged,SCUN6,Scapania undulata (L.) Dumort.,NA,NA,NA,NA,Hepaticopsida,Jungermanniales,Scapaniaceae,Scapania,NA,undulata,NA,NA,NA,(L.) Dumort.,cf. genus,NA,species,could be CHPA43,NA,NA,NA,NA,20260113T222757Z,RELEASE-2026
fccd1093-1ead-4d15-8be1-ef61cdd13503,D17,TECR,TECR.AOS.aquatic.plant.transect.01,11,2019-09-23T18:59:00Z,TECR.20190923,TECR.20190923.AP10.T01,NA,NA,NA,NA,NA,N,plant,submerged,2PLANT,Unknown plant,SCUN6,Voucher T1P2,NA,NA,NA,NA,NA,NA,NA,NA,NA,NA,NA,NA,NA,NA,kingdom,NA,NA,NA,NA,NA,20260113T222757Z,RELEASE-2026
b339b1e4-561b-49ba-b9a7-4b5bbdc32f03,D17,TECR,TECR.AOS.aquatic.plant.transect.01,4,2019-09-23T18:59:00Z,TECR.20190923,TECR.20190923.AP3.T01,NA,NA,NA,NA,NA,N,plant,submerged,2PLANT,Unknown plant,SCUN6,Voucher T1P2,NA,NA,NA,NA,NA,NA,NA,NA,NA,NA,NA,NA,NA,NA,kingdom,NA,NA,NA,NA,NA,20260113T222757Z,RELEASE-2026
07ef8a06-e768-4a4c-9a94-fd67c17ad57a,D17,TECR,TECR.AOS.aquatic.plant.transect.01,6,2019-09-23T18:59:00Z,TECR.20190923,TECR.20190923.AP5.T01,NA,NA,NA,NA,NA,N,plant,submerged,2PLANT,Unknown plant,SCUN6,Voucher T1P2,NA,NA,NA,NA,NA,NA,NA,NA,NA,NA,NA,NA,NA,NA,kingdom,NA,NA,NA,NA,NA,20260113T222757Z,RELEASE-2026
3d950ecd-d2d9-43af-9a86-2410b6e7bd39,D17,TECR,TECR.AOS.aquatic.plant.transect.01,3,2019-09-23T18:59:00Z,TECR.20190923,TECR.20190923.AP2.T01,NA,NA,NA,NA,NA,N,plant,submerged,FONE3,Fontinalis neomexicana Sull. & Lesq.,NA,NA,NA,NA,Bryopsida,Isobryales,Fontinalaceae,Fontinalis,NA,neomexicana,NA,NA,NA,Sull. & Lesq.,NA,NA,species,NA,NA,NA,NA,NA,20260113T222757Z,RELEASE-2026
b8432a34-a265-4c8e-bce7-8ce18410b84c,D17,TECR,TECR.AOS.aquatic.plant.transect.01,14,2019-09-23T18:59:00Z,TECR.20190923,TECR.20190923.AP14.T01,NA,NA,NA,NA,NA,N,plant,submerged,2PLANT,Unknown plant,SCUN6,Voucher T1P2,NA,NA,NA,NA,NA,NA,NA,NA,NA,NA,NA,NA,NA,NA,kingdom,NA,NA,NA,NA,NA,20260113T222757Z,RELEASE-2026
f735ecb3-087d-49aa-961c-807f124934a2,D17,TECR,TECR.AOS.aquatic.plant.transect.01,9,2019-09-23T18:59:00Z,TECR.20190923,TECR.20190923.AP8.T01,NA,NA,NA,NA,NA,N,plant,submerged,2PLANT,Unknown plant,SCUN6,Voucher T1P2,NA,NA,NA,NA,NA,NA,NA,NA,NA,NA,NA,NA,NA,NA,kingdom,NA,NA,NA,NA,NA,20260113T222757Z,RELEASE-2026
66d2d495-7a34-4e77-b9dc-436b50537574,D17,TECR,TECR.AOS.aquatic.plant.transect.01,5,2019-09-23T18:59:00Z,TECR.20190923,TECR.20190923.AP4.T01,NA,NA,NA,NA,NA,N,plant,submerged,2PLANT,Unknown plant,SCUN6,Voucher T1P2,NA,NA,NA,NA,NA,NA,NA,NA,NA,NA,NA,NA,NA,NA,kingdom,NA,NA,NA,NA,NA,20260113T222757Z,RELEASE-2026
c3a0ab7e-d7ee-463b-a5d5-438c63d8f59c,D17,TECR,TECR.AOS.aquatic.plant.transect.01,16,2019-09-23T18:59:00Z,TECR.20190923,TECR.20190923.AP16.T01,NA,NA,NA,NA,NA,N,plant,submerged,2PLANT,Unknown plant,SCUN6,Voucher T1P2,NA,NA,NA,NA,NA,NA,NA,NA,NA,NA,NA,NA,NA,NA,kingdom,NA,NA,NA,NA,NA,20260113T222757Z,RELEASE-2026
8cf15f11-6f95-4257-a397-41ad113022f3,D17,TECR,TECR.AOS.aquatic.plant.transect.01,8,2019-09-23T18:59:00Z,TECR.20190923,TECR.20190923.AP7.T01,NA,NA,NA,NA,NA,N,plant,submerged,2PLANT,Unknown plant,BlackLung,Thin membraned leafy lichen. Coloration appears to change from purple to black with age. Asci present,NA,NA,NA,NA,NA,NA,NA,NA,NA,NA,NA,NA,NA,NA,kingdom,NA,NA,NA,NA,NA,20260113T222757Z,RELEASE-2026
6e70b96a-418c-4ecb-aa8e-8c2beefec848,D17,TECR,TECR.AOS.aquatic.plant.transect.01,15,2019-09-23T18:59:00Z,TECR.20190923,TECR.20190923.AP15.T01,NA,NA,NA,NA,NA,N,plant,emergent,2PLANT,Unknown plant,SCUN6,Voucher T1P2,NA,NA,NA,NA,NA,NA,NA,NA,NA,NA,NA,NA,NA,NA,kingdom,NA,NA,NA,NA,NA,20260113T222757Z,RELEASE-2026
33599a0d-effd-4a24-b016-84c54e84ea13,D17,TECR,TECR.AOS.aquatic.plant.transect.02,4,2019-09-23T19:55:00Z,TECR.20190923,TECR.20190923.AP2.T02,NA,NA,NA,NA,NA,N,plant,emergent,SCUN6,Scapania undulata (L.) Dumort.,NA,NA,NA,NA,Hepaticopsida,Jungermanniales,Scapaniaceae,Scapania,NA,undulata,NA,NA,NA,(L.) Dumort.,cf. genus,NA,species,NA,NA,NA,NA,NA,20260113T222757Z,RELEASE-2026
7f173e92-5baf-4504-b5e4-8835fed0b474,D17,TECR,TECR.AOS.aquatic.plant.transect.02,12,2019-09-23T19:55:00Z,TECR.20190923,TECR.20190923.AP9.T02,NA,NA,NA,NA,NA,N,plant,submerged,SCLER11,Scleropodium sp.,NA,NA,NA,NA,Bryopsida,Hypnales,Brachytheciaceae,Scleropodium,NA,sp.,NA,NA,NA,Schimp.,cf. genus,NA,genus,NA,NA,NA,NA,NA,20260113T222757Z,RELEASE-2026
d9ac16ff-bfac-458d-9094-1aba82c0840c,D17,TECR,TECR.AOS.aquatic.plant.transect.02,11,2019-09-23T19:55:00Z,TECR.20190923,TECR.20190923.AP8.T02,NA,NA,NA,NA,NA,N,plant,submerged,SCUN6,Scapania undulata (L.) Dumort.,NA,NA,NA,NA,Hepaticopsida,Jungermanniales,Scapaniaceae,Scapania,NA,undulata,NA,NA,NA,(L.) Dumort.,cf. genus,NA,species,NA,NA,NA,NA,NA,20260113T222757Z,RELEASE-2026
46467c63-7143-4218-94ca-aa5275bc6bfc,D17,TECR,TECR.AOS.aquatic.plant.transect.02,7,2019-09-23T19:55:00Z,TECR.20190923,TECR.20190923.SCLER11.T2,NA,NA,NA,NA,NA,N,plant,submerged,SCLER11,Scleropodium sp.,NA,NA,NA,NA,Bryopsida,Hypnales,Brachytheciaceae,Scleropodium,NA,sp.,NA,NA,NA,Schimp.,cf. genus,NA,genus,sample collected but molded before could send for identification,NA,NA,NA,NA,20260113T222757Z,RELEASE-2026
66813312-1034-4a1b-a9d9-a9c6a0daf2a6,D17,TECR,TECR.AOS.aquatic.plant.transect.02,5,2019-09-23T19:55:00Z,TECR.20190923,TECR.20190923.AP3.T02,NA,NA,NA,NA,NA,N,plant,emergent,SCUN6,Scapania undulata (L.) Dumort.,NA,NA,NA,NA,Hepaticopsida,Jungermanniales,Scapaniaceae,Scapania,NA,undulata,NA,NA,NA,(L.) Dumort.,cf. genus,NA,species,NA,NA,NA,NA,NA,20260113T222757Z,RELEASE-2026
abad821f-0ba9-4688-81e5-5a4211bae599,D17,TECR,TECR.AOS.aquatic.plant.transect.02,8,2019-09-23T19:55:00Z,TECR.20190923,TECR.20190923.AP6.T02,NA,NA,NA,NA,NA,N,plant,submerged,SCUN6,Scapania undulata (L.) Dumort.,NA,NA,NA,NA,Hepaticopsida,Jungermanniales,Scapaniaceae,Scapania,NA,undulata,NA,NA,NA,(L.) Dumort.,cf. genus,NA,species,NA,NA,NA,NA,NA,20260113T222757Z,RELEASE-2026
15cffb9f-7331-4c87-8c28-d6c1f32e1fa4,D17,TECR,TECR.AOS.aquatic.plant.transect.02,13,2019-09-23T19:55:00Z,TECR.20190923,TECR.20190923.AP10.T02,NA,NA,NA,NA,NA,N,plant,emergent,SCLER11,Scleropodium sp.,NA,NA,NA,NA,Bryopsida,Hypnales,Brachytheciaceae,Scleropodium,NA,sp.,NA,NA,NA,Schimp.,cf. genus,NA,genus,NA,NA,NA,NA,NA,20260113T222757Z,RELEASE-2026
0b055d4c-1722-4c9e-9345-d057ad28367f,D17,TECR,TECR.AOS.aquatic.plant.transect.02,3,2019-09-23T19:55:00Z,TECR.20190923,TECR.20190923.SCUN6.T2,A00000148640,NA,NA,NA,NA,Y,plant,emergent,SCUN6,Scapania undulata (L.) Dumort.,NA,NA,NA,NA,Hepaticopsida,Jungermanniales,Scapaniaceae,Scapania,NA,undulata,NA,NA,NA,(L.) Dumort.,cf. genus,NA,species,NA,NA,NA,NA,NA,20260113T222757Z,RELEASE-2026
755827e4-e91a-4f12-b502-1ec286efd45d,D17,TECR,TECR.AOS.aquatic.plant.transect.02,6,2019-09-23T19:55:00Z,TECR.20190923,TECR.20190923.AP4.T02,NA,NA,NA,NA,NA,N,plant,submerged,SCUN6,Scapania undulata (L.) Dumort.,NA,NA,NA,NA,Hepaticopsida,Jungermanniales,Scapaniaceae,Scapania,NA,undulata,NA,NA,NA,(L.) Dumort.,cf. genus,NA,species,NA,NA,NA,NA,NA,20260113T222757Z,RELEASE-2026
e9882e2a-0cce-42fe-b78d-946218674dc9,D17,TECR,TECR.AOS.aquatic.plant.transect.02,9,2019-09-23T19:55:00Z,TECR.20190923,TECR.20190923.AP7.T02,NA,NA,NA,NA,NA,N,plant,submerged,SCUN6,Scapania undulata (L.) Dumort.,NA,NA,NA,NA,Hepaticopsida,Jungermanniales,Scapaniaceae,Scapania,NA,undulata,NA,NA,NA,(L.) Dumort.,cf. genus,NA,species,NA,NA,NA,NA,NA,20260113T222757Z,RELEASE-2026
c9605900-87c9-4c68-aacf-5fe02e111eae,D17,TECR,TECR.AOS.aquatic.plant.transect.03,18,2019-09-23T20:27:00Z,TECR.20190923,TECR.20190923.AP8.T03,NA,NA,NA,NA,NA,N,plant,submerged,FONE3,Fontinalis neomexicana Sull. & Lesq.,NA,NA,NA,NA,Bryopsida,Isobryales,Fontinalaceae,Fontinalis,NA,neomexicana,NA,NA,NA,Sull. & Lesq.,NA,NA,species,NA,NA,NA,NA,NA,20260113T222757Z,RELEASE-2026
fe024a3d-142c-494c-a334-eb8ea4c90ac7,D17,TECR,TECR.AOS.aquatic.plant.transect.03,12,2019-09-23T20:27:00Z,TECR.20190923,TECR.20190923.AP7.T03,NA,NA,NA,NA,NA,N,plant,submerged,FONE3,Fontinalis neomexicana Sull. & Lesq.,NA,NA,NA,NA,Bryopsida,Isobryales,Fontinalaceae,Fontinalis,NA,neomexicana,NA,NA,NA,Sull. & Lesq.,NA,NA,species,NA,NA,NA,NA,NA,20260113T222757Z,RELEASE-2026
2c80025a-e91d-4f80-8546-941a836e8d15,D17,TECR,TECR.AOS.aquatic.plant.transect.03,1,2019-09-23T20:27:00Z,TECR.20190923,TECR.20190923.AP1.T03,NA,NA,NA,NA,NA,N,plant,submerged,FONE3,Fontinalis neomexicana Sull. & Lesq.,NA,NA,NA,NA,Bryopsida,Isobryales,Fontinalaceae,Fontinalis,NA,neomexicana,NA,NA,NA,Sull. & Lesq.,NA,NA,species,NA,NA,NA,NA,NA,20260113T222757Z,RELEASE-2026
49c81e5d-6bc1-41fa-8435-1440e19a12b3,D17,TECR,TECR.AOS.aquatic.plant.transect.03,5,2019-09-23T20:27:00Z,TECR.20190923,TECR.20190923.AP4.T03,NA,NA,NA,NA,NA,N,plant,submerged,FONE3,Fontinalis neomexicana Sull. & Lesq.,NA,NA,NA,NA,Bryopsida,Isobryales,Fontinalaceae,Fontinalis,NA,neomexicana,NA,NA,NA,Sull. & Lesq.,NA,NA,species,NA,NA,NA,NA,NA,20260113T222757Z,RELEASE-2026
47d9e82d-1b2f-45e9-ab1b-9177e2c3f2b6,D17,TECR,TECR.AOS.aquatic.plant.transect.03,4,2019-09-23T20:27:00Z,TECR.20190923,TECR.20190923.AP3.T03,NA,NA,NA,NA,NA,N,plant,submerged,FONE3,Fontinalis neomexicana Sull. & Lesq.,NA,NA,NA,NA,Bryopsida,Isobryales,Fontinalaceae,Fontinalis,NA,neomexicana,NA,NA,NA,Sull. & Lesq.,NA,NA,species,NA,NA,NA,NA,NA,20260113T222757Z,RELEASE-2026
6710bc06-a8bf-433d-938a-acf1b7743597,D17,TECR,TECR.AOS.aquatic.plant.transect.03,8,2019-09-23T20:27:00Z,TECR.20190923,TECR.20190923.AP6.T03,NA,NA,NA,NA,NA,N,plant,submerged,FONE3,Fontinalis neomexicana Sull. & Lesq.,NA,NA,NA,NA,Bryopsida,Isobryales,Fontinalaceae,Fontinalis,NA,neomexicana,NA,NA,NA,Sull. & Lesq.,NA,NA,species,NA,NA,NA,NA,NA,20260113T222757Z,RELEASE-2026
85654932-f109-419f-b18f-dd5af0979dd6,D17,TECR,TECR.AOS.aquatic.plant.transect.03,3,2019-09-23T20:27:00Z,TECR.20190923,TECR.20190923.AP2.T03,NA,NA,NA,NA,NA,N,plant,submerged,FONE3,Fontinalis neomexicana Sull. & Lesq.,NA,NA,NA,NA,Bryopsida,Isobryales,Fontinalaceae,Fontinalis,NA,neomexicana,NA,NA,NA,Sull. & Lesq.,NA,NA,species,NA,NA,NA,NA,NA,20260113T222757Z,RELEASE-2026
619fa00f-7ef3-46ad-98bb-ba62d800fddc,D17,TECR,TECR.AOS.aquatic.plant.transect.03,7,2019-09-23T20:27:00Z,TECR.20190923,TECR.20190923.AP5.T03,NA,NA,NA,NA,NA,N,plant,submerged,FONE3,Fontinalis neomexicana Sull. & Lesq.,NA,NA,NA,NA,Bryopsida,Isobryales,Fontinalaceae,Fontinalis,NA,neomexicana,NA,NA,NA,Sull. & Lesq.,NA,NA,species,NA,NA,NA,NA,NA,20260113T222757Z,RELEASE-2026
495c4379-163e-48b8-8451-e18fd03177ad,D17,TECR,TECR.AOS.aquatic.plant.transect.04,12,2019-09-23T20:50:00Z,TECR.20190923,TECR.20190923.AP11.T04,NA,NA,NA,NA,NA,N,plant,emergent,SCUN6,Scapania undulata (L.) Dumort.,NA,NA,NA,NA,Hepaticopsida,Jungermanniales,Scapaniaceae,Scapania,NA,undulata,NA,NA,NA,(L.) Dumort.,cf. genus,NA,species,NA,NA,NA,NA,NA,20260113T222757Z,RELEASE-2026
cbcf7213-8ced-4bff-b4bf-407fea3de78b,D17,TECR,TECR.AOS.aquatic.plant.transect.04,6,2019-09-23T20:50:00Z,TECR.20190923,TECR.20190923.AP4.T04,NA,NA,NA,NA,NA,N,plant,submerged,SCUN6,Scapania undulata (L.) Dumort.,NA,NA,NA,NA,Hepaticopsida,Jungermanniales,Scapaniaceae,Scapania,NA,undulata,NA,NA,NA,(L.) Dumort.,cf. genus,NA,species,NA,NA,NA,NA,NA,20260113T222757Z,RELEASE-2026
49a93b35-df0e-4ab3-969e-625b146bb36a,D17,TECR,TECR.AOS.aquatic.plant.transect.04,6,2019-09-23T20:50:00Z,TECR.20190923,TECR.20190923.AP5.T04,NA,NA,NA,NA,NA,N,plant,submerged,CHPO14,Chiloscyphus polyanthos (L.) Corda,NA,NA,NA,NA,Hepaticopsida,Jungermanniales,Geocalycaceae,Chiloscyphus,NA,polyanthos,NA,NA,NA,(L.) Corda,NA,"Doyle, W. T. and Stotler, R. E. 2006. Contributions toward a Bryoflora of California III. Keys and Annotated Species Catalogue for Liverworts and Hornworts. Madrono 53 (2) 89-197.",species,NA,"David Kofranek Botany, LLC",2020-05-15T19:00:00Z,174a6ee8-fa69-4766-8b41-52a16d309dda,NA,20260113T222757Z,RELEASE-2026
d35e368d-245b-4503-bcad-151f56d8ef2b,D17,TECR,TECR.AOS.aquatic.plant.transect.04,7,2019-09-23T20:50:00Z,TECR.20190923,TECR.20190923.AP7.T04,NA,NA,NA,NA,NA,N,plant,submerged,FONE3,Fontinalis neomexicana Sull. & Lesq.,NA,NA,NA,NA,Bryopsida,Isobryales,Fontinalaceae,Fontinalis,NA,neomexicana,NA,NA,NA,Sull. & Lesq.,NA,NA,species,NA,NA,NA,NA,NA,20260113T222757Z,RELEASE-2026
7dfc128c-8e4c-46c1-a743-4c5a3d2cbf86,D17,TECR,TECR.AOS.aquatic.plant.transect.04,8,2019-09-23T20:50:00Z,TECR.20190923,TECR.20190923.AP8.T04,NA,NA,NA,NA,NA,N,plant,emergent,SCUN6,Scapania undulata (L.) Dumort.,NA,NA,NA,NA,Hepaticopsida,Jungermanniales,Scapaniaceae,Scapania,NA,undulata,NA,NA,NA,(L.) Dumort.,cf. genus,NA,species,NA,NA,NA,NA,NA,20260113T222757Z,RELEASE-2026
896fc5c0-8209-46c0-8a97-86dd33ee58ad,D17,TECR,TECR.AOS.aquatic.plant.transect.04,3,2019-09-23T20:50:00Z,TECR.20190923,TECR.20190923.AP1.T04,NA,NA,NA,NA,NA,N,plant,submerged,FONE3,Fontinalis neomexicana Sull. & Lesq.,NA,NA,NA,NA,Bryopsida,Isobryales,Fontinalaceae,Fontinalis,NA,neomexicana,NA,NA,NA,Sull. & Lesq.,NA,NA,species,NA,NA,NA,NA,NA,20260113T222757Z,RELEASE-2026
96ae646a-e954-4e9c-bbb7-f126f4ec4de0,D17,TECR,TECR.AOS.aquatic.plant.transect.04,4,2019-09-23T20:50:00Z,TECR.20190923,TECR.20190923.AP2.T04,NA,NA,NA,NA,NA,N,plant,submerged,FONE3,Fontinalis neomexicana Sull. & Lesq.,NA,NA,NA,NA,Bryopsida,Isobryales,Fontinalaceae,Fontinalis,NA,neomexicana,NA,NA,NA,Sull. & Lesq.,NA,NA,species,NA,NA,NA,NA,NA,20260113T222757Z,RELEASE-2026
d0e585af-cf93-4d7f-96e7-1514a9e6af70,D17,TECR,TECR.AOS.aquatic.plant.transect.04,7,2019-09-23T20:50:00Z,TECR.20190923,TECR.20190923.AP6.T04,NA,NA,NA,NA,NA,N,plant,submerged,CHPO14,Chiloscyphus polyanthos (L.) Corda,NA,NA,NA,NA,Hepaticopsida,Jungermanniales,Geocalycaceae,Chiloscyphus,NA,polyanthos,NA,NA,NA,(L.) Corda,NA,"Doyle, W. T. and Stotler, R. E. 2006. Contributions toward a Bryoflora of California III. Keys and Annotated Species Catalogue for Liverworts and Hornworts. Madrono 53 (2) 89-197.",species,NA,"David Kofranek Botany, LLC",2020-05-15T19:00:00Z,12116a30-5804-4f5c-a8fd-baea385640ed,NA,20260113T222757Z,RELEASE-2026
a52d71e9-d121-4c21-832a-bde2182065b0,D17,TECR,TECR.AOS.aquatic.plant.transect.04,5,2019-09-23T20:50:00Z,TECR.20190923,TECR.20190923.AP3.T04,NA,NA,NA,NA,NA,N,plant,submerged,FONE3,Fontinalis neomexicana Sull. & Lesq.,NA,NA,NA,NA,Bryopsida,Isobryales,Fontinalaceae,Fontinalis,NA,neomexicana,NA,NA,NA,Sull. & Lesq.,NA,NA,species,NA,NA,NA,NA,NA,20260113T222757Z,RELEASE-2026
aa2f9daa-6573-43c9-8249-aef8ca99dbc1,D17,TECR,TECR.AOS.aquatic.plant.transect.04,10,2019-09-23T20:50:00Z,TECR.20190923,TECR.20190923.AP10.T04,NA,NA,NA,NA,NA,N,plant,submerged,SCUN6,Scapania undulata (L.) Dumort.,NA,NA,NA,NA,Hepaticopsida,Jungermanniales,Scapaniaceae,Scapania,NA,undulata,NA,NA,NA,(L.) Dumort.,cf. genus,NA,species,NA,NA,NA,NA,NA,20260113T222757Z,RELEASE-2026
d5310d3b-21f8-49b6-b5a7-3de523d3ebcc,D17,TECR,TECR.AOS.aquatic.plant.transect.04,12,2019-09-23T20:50:00Z,TECR.20190923,TECR.20190923.AP12.T04,NA,NA,NA,NA,NA,N,plant,emergent,CHPO14,Chiloscyphus polyanthos (L.) Corda,NA,NA,NA,NA,Hepaticopsida,Jungermanniales,Geocalycaceae,Chiloscyphus,NA,polyanthos,NA,NA,NA,(L.) Corda,NA,"Doyle, W. T. and Stotler, R. E. 2006. Contributions toward a Bryoflora of California III. Keys and Annotated Species Catalogue for Liverworts and Hornworts. Madrono 53 (2) 89-197.",species,NA,"David Kofranek Botany, LLC",2020-05-15T19:00:00Z,3669df4c-a2d6-4e20-ab4a-6b220b276938,NA,20260113T222757Z,RELEASE-2026
67df959b-55d8-4c2d-8e89-f611794dd2f5,D17,TECR,TECR.AOS.aquatic.plant.transect.04,9,2019-09-23T20:50:00Z,TECR.20190923,TECR.20190923.AP9.T04,NA,NA,NA,NA,NA,N,plant,emergent,SCUN6,Scapania undulata (L.) Dumort.,NA,NA,NA,NA,Hepaticopsida,Jungermanniales,Scapaniaceae,Scapania,NA,undulata,NA,NA,NA,(L.) Dumort.,cf. genus,NA,species,NA,NA,NA,NA,NA,20260113T222757Z,RELEASE-2026
e2f86580-5340-4503-a26f-c7b40c966de8,D17,TECR,TECR.AOS.aquatic.plant.transect.05,11,2019-09-23T21:28:00Z,TECR.20190923,TECR.20190923.AP1.T05,NA,NA,NA,NA,NA,N,plant,submerged,FONE3,Fontinalis neomexicana Sull. & Lesq.,NA,NA,NA,NA,Bryopsida,Isobryales,Fontinalaceae,Fontinalis,NA,neomexicana,NA,NA,NA,Sull. & Lesq.,NA,NA,species,NA,NA,NA,NA,NA,20260113T222757Z,RELEASE-2026
91125ea2-ea48-43d9-a067-f2517ebaf024,D17,TECR,TECR.AOS.aquatic.plant.transect.06,13,2019-09-23T21:44:00Z,TECR.20190923,TECR.20190923.AP12.T06,NA,NA,NA,NA,NA,N,plant,submerged,SCUN6,Scapania undulata (L.) Dumort.,NA,NA,NA,NA,Hepaticopsida,Jungermanniales,Scapaniaceae,Scapania,NA,undulata,NA,NA,NA,(L.) Dumort.,cf. genus,NA,species,NA,NA,NA,NA,NA,20260113T222757Z,RELEASE-2026
7a71b107-724b-4eff-9cdd-0cb47c545b5d,D17,TECR,TECR.AOS.aquatic.plant.transect.06,14,2019-09-23T21:44:00Z,TECR.20190923,TECR.20190923.AP13.T06,NA,NA,NA,NA,NA,N,plant,submerged,SCUN6,Scapania undulata (L.) Dumort.,NA,NA,NA,NA,Hepaticopsida,Jungermanniales,Scapaniaceae,Scapania,NA,undulata,NA,NA,NA,(L.) Dumort.,cf. genus,NA,species,NA,NA,NA,NA,NA,20260113T222757Z,RELEASE-2026
356771a3-2a9c-4396-9a52-0f6a46cdec0e,D17,TECR,TECR.AOS.aquatic.plant.transect.06,2,2019-09-23T21:44:00Z,TECR.20190923,TECR.20190923.AP2.T06,NA,NA,NA,NA,NA,N,plant,submerged,FONE3,Fontinalis neomexicana Sull. & Lesq.,NA,NA,NA,NA,Bryopsida,Isobryales,Fontinalaceae,Fontinalis,NA,neomexicana,NA,NA,NA,Sull. & Lesq.,NA,NA,species,NA,NA,NA,NA,NA,20260113T222757Z,RELEASE-2026
191ee8b5-c958-43e3-a481-52777a0c0007,D17,TECR,TECR.AOS.aquatic.plant.transect.06,5,2019-09-23T21:44:00Z,TECR.20190923,TECR.20190923.AP6.T06,NA,NA,NA,NA,NA,N,plant,submerged,FONE3,Fontinalis neomexicana Sull. & Lesq.,NA,NA,NA,NA,Bryopsida,Isobryales,Fontinalaceae,Fontinalis,NA,neomexicana,NA,NA,NA,Sull. & Lesq.,NA,NA,species,NA,NA,NA,NA,NA,20260113T222757Z,RELEASE-2026
8e4e9e9e-cf15-4980-94c9-6a7987d401fa,D17,TECR,TECR.AOS.aquatic.plant.transect.06,20,2019-09-23T21:44:00Z,TECR.20190923,TECR.20190923.AP18.T06,NA,NA,NA,NA,NA,N,plant,submerged,SCUN6,Scapania undulata (L.) Dumort.,NA,NA,NA,NA,Hepaticopsida,Jungermanniales,Scapaniaceae,Scapania,NA,undulata,NA,NA,NA,(L.) Dumort.,cf. genus,NA,species,NA,NA,NA,NA,NA,20260113T222757Z,RELEASE-2026
88439b93-23ba-42d7-8baa-69f37e9f30df,D17,TECR,TECR.AOS.aquatic.plant.transect.06,17,2019-09-23T21:44:00Z,TECR.20190923,TECR.20190923.AP15.T06,NA,NA,NA,NA,NA,N,plant,submerged,SCUN6,Scapania undulata (L.) Dumort.,NA,NA,NA,NA,Hepaticopsida,Jungermanniales,Scapaniaceae,Scapania,NA,undulata,NA,NA,NA,(L.) Dumort.,cf. genus,NA,species,NA,NA,NA,NA,NA,20260113T222757Z,RELEASE-2026
3e3f6c97-d557-414d-9921-588996d61964,D17,TECR,TECR.AOS.aquatic.plant.transect.06,11,2019-09-23T21:44:00Z,TECR.20190923,TECR.20190923.AP11.T06,NA,NA,NA,NA,NA,N,plant,submerged,FONE3,Fontinalis neomexicana Sull. & Lesq.,NA,NA,NA,NA,Bryopsida,Isobryales,Fontinalaceae,Fontinalis,NA,neomexicana,NA,NA,NA,Sull. & Lesq.,NA,NA,species,NA,NA,NA,NA,NA,20260113T222757Z,RELEASE-2026
1dc8f2e2-83c5-4c09-b808-f5d4baa85f50,D17,TECR,TECR.AOS.aquatic.plant.transect.06,1,2019-09-23T21:44:00Z,TECR.20190923,TECR.20190923.AP1.T06,NA,NA,NA,NA,NA,N,plant,submerged,FONE3,Fontinalis neomexicana Sull. & Lesq.,NA,NA,NA,NA,Bryopsida,Isobryales,Fontinalaceae,Fontinalis,NA,neomexicana,NA,NA,NA,Sull. & Lesq.,NA,NA,species,NA,NA,NA,NA,NA,20260113T222757Z,RELEASE-2026
7165c702-ded9-4730-88c3-a296d9fba281,D17,TECR,TECR.AOS.aquatic.plant.transect.06,10,2019-09-23T21:44:00Z,TECR.20190923,TECR.20190923.AP10.T06,NA,NA,NA,NA,NA,N,plant,submerged,SCUN6,Scapania undulata (L.) Dumort.,NA,NA,NA,NA,Hepaticopsida,Jungermanniales,Scapaniaceae,Scapania,NA,undulata,NA,NA,NA,(L.) Dumort.,cf. genus,NA,species,NA,NA,NA,NA,NA,20260113T222757Z,RELEASE-2026
afd9e6a1-5d9e-46f7-9ac8-8a7277a193c3,D17,TECR,TECR.AOS.aquatic.plant.transect.06,18,2019-09-23T21:44:00Z,TECR.20190923,TECR.20190923.AP16.T06,NA,NA,NA,NA,NA,N,plant,submerged,SCUN6,Scapania undulata (L.) Dumort.,NA,NA,NA,NA,Hepaticopsida,Jungermanniales,Scapaniaceae,Scapania,NA,undulata,NA,NA,NA,(L.) Dumort.,cf. genus,NA,species,NA,NA,NA,NA,NA,20260113T222757Z,RELEASE-2026
1c2ad850-2714-41cc-b90c-fc2d3c33b73a,D17,TECR,TECR.AOS.aquatic.plant.transect.06,8,2019-09-23T21:44:00Z,TECR.20190923,TECR.20190923.AP9.T06,NA,NA,NA,NA,NA,N,plant,submerged,SCUN6,Scapania undulata (L.) Dumort.,NA,NA,NA,NA,Hepaticopsida,Jungermanniales,Scapaniaceae,Scapania,NA,undulata,NA,NA,NA,(L.) Dumort.,cf. genus,NA,species,NA,NA,NA,NA,NA,20260113T222757Z,RELEASE-2026
4348ad51-f20b-4fd2-9f6b-4927c674cde6,D17,TECR,TECR.AOS.aquatic.plant.transect.06,7,2019-09-23T21:44:00Z,TECR.20190923,TECR.20190923.AP8.T06,NA,NA,NA,NA,NA,N,plant,submerged,FONE3,Fontinalis neomexicana Sull. & Lesq.,NA,NA,NA,NA,Bryopsida,Isobryales,Fontinalaceae,Fontinalis,NA,neomexicana,NA,NA,NA,Sull. & Lesq.,NA,NA,species,NA,NA,NA,NA,NA,20260113T222757Z,RELEASE-2026
a0f405e8-44a9-4a0f-9a07-9a4935c717f8,D17,TECR,TECR.AOS.aquatic.plant.transect.06,6,2019-09-23T21:44:00Z,TECR.20190923,TECR.20190923.AP7.T06,NA,NA,NA,NA,NA,N,plant,submerged,FONE3,Fontinalis neomexicana Sull. & Lesq.,NA,NA,NA,NA,Bryopsida,Isobryales,Fontinalaceae,Fontinalis,NA,neomexicana,NA,NA,NA,Sull. & Lesq.,NA,NA,species,NA,NA,NA,NA,NA,20260113T222757Z,RELEASE-2026
081e6eed-59db-4c65-aded-a21f7de8588e,D17,TECR,TECR.AOS.aquatic.plant.transect.06,3,2019-09-23T21:44:00Z,TECR.20190923,TECR.20190923.AP3.T06,NA,NA,NA,NA,NA,N,plant,submerged,FONE3,Fontinalis neomexicana Sull. & Lesq.,NA,NA,NA,NA,Bryopsida,Isobryales,Fontinalaceae,Fontinalis,NA,neomexicana,NA,NA,NA,Sull. & Lesq.,NA,NA,species,NA,NA,NA,NA,NA,20260113T222757Z,RELEASE-2026
bba1ddca-689a-4809-a7c8-1d758aac47c5,D17,TECR,TECR.AOS.aquatic.plant.transect.06,4,2019-09-23T21:44:00Z,TECR.20190923,TECR.20190923.AP5.T06,NA,NA,NA,NA,NA,N,plant,submerged,SCUN6,Scapania undulata (L.) Dumort.,NA,NA,NA,NA,Hepaticopsida,Jungermanniales,Scapaniaceae,Scapania,NA,undulata,NA,NA,NA,(L.) Dumort.,cf. genus,NA,species,NA,NA,NA,NA,NA,20260113T222757Z,RELEASE-2026
dfbf0963-dfb3-46dd-b3da-987ddddab9ca,D17,TECR,TECR.AOS.aquatic.plant.transect.06,19,2019-09-23T21:44:00Z,TECR.20190923,TECR.20190923.AP17.T06,NA,NA,NA,NA,NA,N,plant,submerged,FONE3,Fontinalis neomexicana Sull. & Lesq.,NA,NA,NA,NA,Bryopsida,Isobryales,Fontinalaceae,Fontinalis,NA,neomexicana,NA,NA,NA,Sull. & Lesq.,NA,NA,species,NA,NA,NA,NA,NA,20260113T222757Z,RELEASE-2026
551f6be3-f4d5-48f4-b7d7-1046831a1b0c,D17,TECR,TECR.AOS.aquatic.plant.transect.06,4,2019-09-23T21:44:00Z,TECR.20190923,TECR.20190923.AP4.T06,NA,NA,NA,NA,NA,N,plant,submerged,FONE3,Fontinalis neomexicana Sull. & Lesq.,NA,NA,NA,NA,Bryopsida,Isobryales,Fontinalaceae,Fontinalis,NA,neomexicana,NA,NA,NA,Sull. & Lesq.,NA,NA,species,NA,NA,NA,NA,NA,20260113T222757Z,RELEASE-2026
111318b8-e177-4154-bba8-ff318819d0da,D17,TECR,TECR.AOS.aquatic.plant.transect.06,15,2019-09-23T21:44:00Z,TECR.20190923,TECR.20190923.AP14.T06,NA,NA,NA,NA,NA,N,plant,submerged,SCUN6,Scapania undulata (L.) Dumort.,NA,NA,NA,NA,Hepaticopsida,Jungermanniales,Scapaniaceae,Scapania,NA,undulata,NA,NA,NA,(L.) Dumort.,cf. genus,NA,species,NA,NA,NA,NA,NA,20260113T222757Z,RELEASE-2026
2f30fc7c-4125-493d-bb9c-7ba7adf73d0d,D17,TECR,TECR.AOS.aquatic.plant.transect.07,11,2019-09-23T22:30:00Z,TECR.20190923,TECR.20190923.AP8.T07,NA,NA,NA,NA,NA,N,plant,submerged,SCUN6,Scapania undulata (L.) Dumort.,NA,NA,NA,NA,Hepaticopsida,Jungermanniales,Scapaniaceae,Scapania,NA,undulata,NA,NA,NA,(L.) Dumort.,cf. genus,NA,species,NA,NA,NA,NA,NA,20260113T222757Z,RELEASE-2026
e22f3bf6-6878-43d5-a787-97005351957b,D17,TECR,TECR.AOS.aquatic.plant.transect.07,4,2019-09-23T22:30:00Z,TECR.20190923,TECR.20190923.SCUN6.T7,A00000148641,NA,NA,NA,NA,Y,plant,emergent,SCUN6,Scapania undulata (L.) Dumort.,NA,NA,NA,NA,Hepaticopsida,Jungermanniales,Scapaniaceae,Scapania,NA,undulata,NA,NA,NA,(L.) Dumort.,cf. genus,NA,species,NA,NA,NA,NA,NA,20260113T222757Z,RELEASE-2026
f122613b-e9fa-43ea-9099-156385f31739,D17,TECR,TECR.AOS.aquatic.plant.transect.07,8,2019-09-23T22:30:00Z,TECR.20190923,TECR.20190923.AP6.T07,NA,NA,NA,NA,NA,N,plant,submerged,SCUN6,Scapania undulata (L.) Dumort.,NA,NA,NA,NA,Hepaticopsida,Jungermanniales,Scapaniaceae,Scapania,NA,undulata,NA,NA,NA,(L.) Dumort.,cf. genus,NA,species,NA,NA,NA,NA,NA,20260113T222757Z,RELEASE-2026
01c81d76-1f38-4346-8b17-8721dfc7d417,D17,TECR,TECR.AOS.aquatic.plant.transect.07,9,2019-09-23T22:30:00Z,TECR.20190923,TECR.20190923.AP7.T07,NA,NA,NA,NA,NA,N,plant,submerged,SCUN6,Scapania undulata (L.) Dumort.,NA,NA,NA,NA,Hepaticopsida,Jungermanniales,Scapaniaceae,Scapania,NA,undulata,NA,NA,NA,(L.) Dumort.,cf. genus,NA,species,NA,NA,NA,NA,NA,20260113T222757Z,RELEASE-2026
1ee6ecda-98a4-4c14-9f8d-47371fb90e7b,D17,TECR,TECR.AOS.aquatic.plant.transect.07,5,2019-09-23T22:30:00Z,TECR.20190923,TECR.20190923.AP3.T07,NA,NA,NA,NA,NA,N,plant,submerged,SCUN6,Scapania undulata (L.) Dumort.,NA,NA,NA,NA,Hepaticopsida,Jungermanniales,Scapaniaceae,Scapania,NA,undulata,NA,NA,NA,(L.) Dumort.,cf. genus,NA,species,NA,NA,NA,NA,NA,20260113T222757Z,RELEASE-2026
ff93cbc6-c52e-4131-8ec8-0ebe87eff4ce,D17,TECR,TECR.AOS.aquatic.plant.transect.07,2,2019-09-23T22:30:00Z,TECR.20190923,TECR.20190923.AP1.T07,NA,NA,NA,NA,NA,N,plant,submerged,CHPO14,Chiloscyphus polyanthos (L.) Corda,NA,NA,NA,NA,Hepaticopsida,Jungermanniales,Geocalycaceae,Chiloscyphus,NA,polyanthos,NA,NA,NA,(L.) Corda,NA,"Doyle, W. T. and Stotler, R. E. 2006. Contributions toward a Bryoflora of California III. Keys and Annotated Species Catalogue for Liverworts and Hornworts. Madrono 53 (2) 89-197.",species,NA,"David Kofranek Botany, LLC",2020-05-15T19:00:00Z,dedf90bd-7c29-440b-bc69-07ad161b5f38,NA,20260113T222757Z,RELEASE-2026
12819a74-444f-4aa1-a2f9-b418febb990c,D17,TECR,TECR.AOS.aquatic.plant.transect.07,12,2019-09-23T22:30:00Z,TECR.20190923,TECR.20190923.AP9.T07,NA,NA,NA,NA,NA,N,plant,submerged,SCUN6,Scapania undulata (L.) Dumort.,NA,NA,NA,NA,Hepaticopsida,Jungermanniales,Scapaniaceae,Scapania,NA,undulata,NA,NA,NA,(L.) Dumort.,cf. genus,NA,species,NA,NA,NA,NA,NA,20260113T222757Z,RELEASE-2026
85c42246-3386-4528-a424-295e1f8f1248,D17,TECR,TECR.AOS.aquatic.plant.transect.07,13,2019-09-23T22:30:00Z,TECR.20190923,TECR.20190923.AP10.T07,NA,NA,NA,NA,NA,N,plant,submerged,CHPO14,Chiloscyphus polyanthos (L.) Corda,NA,NA,NA,NA,Hepaticopsida,Jungermanniales,Geocalycaceae,Chiloscyphus,NA,polyanthos,NA,NA,NA,(L.) Corda,NA,"Doyle, W. T. and Stotler, R. E. 2006. Contributions toward a Bryoflora of California III. Keys and Annotated Species Catalogue for Liverworts and Hornworts. Madrono 53 (2) 89-197.",species,NA,"David Kofranek Botany, LLC",2020-05-15T19:00:00Z,ae6ca625-eb0c-443c-8d6d-f239e3b96398,NA,20260113T222757Z,RELEASE-2026
451f022b-00db-41ab-a671-d3815aeafe63,D17,TECR,TECR.AOS.aquatic.plant.transect.07,6,2019-09-23T22:30:00Z,TECR.20190923,TECR.20190923.AP4.T07,NA,NA,NA,NA,NA,N,plant,emergent,SCUN6,Scapania undulata (L.) Dumort.,NA,NA,NA,NA,Hepaticopsida,Jungermanniales,Scapaniaceae,Scapania,NA,undulata,NA,NA,NA,(L.) Dumort.,cf. genus,NA,species,NA,NA,NA,NA,NA,20260113T222757Z,RELEASE-2026
acea57e6-9ad8-4bc3-8c98-66181c8a18a2,D17,TECR,TECR.AOS.aquatic.plant.transect.07,7,2019-09-23T22:30:00Z,TECR.20190923,TECR.20190923.AP5.T07,NA,NA,NA,NA,NA,N,plant,submerged,SCUN6,Scapania undulata (L.) Dumort.,NA,NA,NA,NA,Hepaticopsida,Jungermanniales,Scapaniaceae,Scapania,NA,undulata,NA,NA,NA,(L.) Dumort.,cf. genus,NA,species,NA,NA,NA,NA,NA,20260113T222757Z,RELEASE-2026
95a12ab4-11dc-4394-a21e-7721fca7f1a5,D17,TECR,TECR.AOS.aquatic.plant.transect.08,8,2019-09-23T22:46:00Z,TECR.20190923,TECR.20190923.AP2.T08,NA,NA,NA,NA,NA,N,plant,submerged,SCUN6,Scapania undulata (L.) Dumort.,NA,NA,NA,NA,Hepaticopsida,Jungermanniales,Scapaniaceae,Scapania,NA,undulata,NA,NA,NA,(L.) Dumort.,cf. genus,NA,species,NA,NA,NA,NA,NA,20260113T222757Z,RELEASE-2026
2e7cdff2-1c9c-4536-b318-3610054b256e,D17,TECR,TECR.AOS.aquatic.plant.transect.08,10,2019-09-23T22:46:00Z,TECR.20190923,TECR.20190923.AP4.T08,NA,NA,NA,NA,NA,N,plant,submerged,SCUN6,Scapania undulata (L.) Dumort.,NA,NA,NA,NA,Hepaticopsida,Jungermanniales,Scapaniaceae,Scapania,NA,undulata,NA,NA,NA,(L.) Dumort.,cf. genus,NA,species,NA,NA,NA,NA,NA,20260113T222757Z,RELEASE-2026
16b23b3e-eec9-445f-a148-b82e18ef56f8,D17,TECR,TECR.AOS.aquatic.plant.transect.08,9,2019-09-23T22:46:00Z,TECR.20190923,TECR.20190923.AP3.T08,NA,NA,NA,NA,NA,N,plant,submerged,SCUN6,Scapania undulata (L.) Dumort.,NA,NA,NA,NA,Hepaticopsida,Jungermanniales,Scapaniaceae,Scapania,NA,undulata,NA,NA,NA,(L.) Dumort.,cf. genus,NA,species,NA,NA,NA,NA,NA,20260113T222757Z,RELEASE-2026
9010459b-321a-4553-a168-d33aa6b8c127,D17,TECR,TECR.AOS.aquatic.plant.transect.08,13,2019-09-23T22:46:00Z,TECR.20190923,TECR.20190923.AP5.T08,NA,NA,NA,NA,NA,N,plant,submerged,SCUN6,Scapania undulata (L.) Dumort.,NA,NA,NA,NA,Hepaticopsida,Jungermanniales,Scapaniaceae,Scapania,NA,undulata,NA,NA,NA,(L.) Dumort.,cf. genus,NA,species,NA,NA,NA,NA,NA,20260113T222757Z,RELEASE-2026
73361e53-000b-453b-94cc-4c5074c0e43a,D17,TECR,TECR.AOS.aquatic.plant.transect.08,6,2019-09-23T22:46:00Z,TECR.20190923,TECR.20190923.AP1.T08,NA,NA,NA,NA,NA,N,plant,submerged,SCUN6,Scapania undulata (L.) Dumort.,NA,NA,NA,NA,Hepaticopsida,Jungermanniales,Scapaniaceae,Scapania,NA,undulata,NA,NA,NA,(L.) Dumort.,cf. genus,NA,species,NA,NA,NA,NA,NA,20260113T222757Z,RELEASE-2026
bcd7c207-2231-493f-9f4e-d1cb263c1640,D17,TECR,TECR.AOS.aquatic.plant.transect.08,14,2019-09-23T22:46:00Z,TECR.20190923,TECR.20190923.AP6.T08,NA,NA,NA,NA,NA,N,plant,submerged,FONE3,Fontinalis neomexicana Sull. & Lesq.,NA,NA,NA,NA,Bryopsida,Isobryales,Fontinalaceae,Fontinalis,NA,neomexicana,NA,NA,NA,Sull. & Lesq.,NA,NA,species,NA,NA,NA,NA,NA,20260113T222757Z,RELEASE-2026
b0bc58f9-35fc-4349-804b-5aa151cc7b29,D17,TECR,TECR.AOS.aquatic.plant.transect.09,14,2019-09-23T23:09:00Z,TECR.20190923,TECR.20190923.AP6.T09,NA,NA,NA,NA,NA,N,plant,submerged,SCUN6,Scapania undulata (L.) Dumort.,NA,NA,NA,NA,Hepaticopsida,Jungermanniales,Scapaniaceae,Scapania,NA,undulata,NA,NA,NA,(L.) Dumort.,cf. genus,NA,species,NA,NA,NA,NA,NA,20260113T222757Z,RELEASE-2026
2794f18e-64cb-44d9-8c57-2bc206cd05ec,D17,TECR,TECR.AOS.aquatic.plant.transect.09,14,2019-09-23T23:09:00Z,TECR.20190923,TECR.20190923.AP7.T09,NA,NA,NA,NA,NA,N,plant,submerged,BRFR70,Brachythecium frigidum (Müll. Hal.) Besch.,NA,NA,NA,NA,Bryopsida,Hypnales,Brachytheciaceae,Brachythecium,NA,frigidum,NA,NA,NA,(Müll. Hal.) Besch.,cf. genus,NA,species,NA,NA,NA,NA,NA,20260113T222757Z,RELEASE-2026
86812743-4862-4de1-947b-cbd2f7e5459f,D17,TECR,TECR.AOS.aquatic.plant.transect.09,13,2019-09-23T23:09:00Z,TECR.20190923,TECR.20190923.AP5.T09,NA,NA,NA,NA,NA,N,plant,submerged,FONE3,Fontinalis neomexicana Sull. & Lesq.,NA,NA,NA,NA,Bryopsida,Isobryales,Fontinalaceae,Fontinalis,NA,neomexicana,NA,NA,NA,Sull. & Lesq.,NA,NA,species,NA,NA,NA,NA,NA,20260113T222757Z,RELEASE-2026
d025532c-abd4-4556-af80-9ad4624eb710,D17,TECR,TECR.AOS.aquatic.plant.transect.09,10,2019-09-23T23:09:00Z,TECR.20190923,TECR.20190923.AP4.T09,NA,NA,NA,NA,NA,N,plant,submerged,BRFR70,Brachythecium frigidum (Müll. Hal.) Besch.,NA,NA,NA,NA,Bryopsida,Hypnales,Brachytheciaceae,Brachythecium,NA,frigidum,NA,NA,NA,(Müll. Hal.) Besch.,cf. genus,NA,species,NA,NA,NA,NA,NA,20260113T222757Z,RELEASE-2026
e174c1e5-f09f-45ed-9bbc-6dc1a129e479,D17,TECR,TECR.AOS.aquatic.plant.transect.09,17,2019-09-23T23:09:00Z,TECR.20190923,TECR.20190923.AP8.T09,NA,NA,NA,NA,NA,N,plant,submerged,FONE3,Fontinalis neomexicana Sull. & Lesq.,NA,NA,NA,NA,Bryopsida,Isobryales,Fontinalaceae,Fontinalis,NA,neomexicana,NA,NA,NA,Sull. & Lesq.,NA,NA,species,NA,NA,NA,NA,NA,20260113T222757Z,RELEASE-2026
92109336-6c69-471a-9f1c-d72d32289562,D17,TECR,TECR.AOS.aquatic.plant.transect.09,10,2019-09-23T23:09:00Z,TECR.20190923,TECR.20190923.AP3.T09,NA,NA,NA,NA,NA,N,plant,submerged,CHPO14,Chiloscyphus polyanthos (L.) Corda,NA,NA,NA,NA,Hepaticopsida,Jungermanniales,Geocalycaceae,Chiloscyphus,NA,polyanthos,NA,NA,NA,(L.) Corda,NA,"Doyle, W. T. and Stotler, R. E. 2006. Contributions toward a Bryoflora of California III. Keys and Annotated Species Catalogue for Liverworts and Hornworts. Madrono 53 (2) 89-197.",species,NA,"David Kofranek Botany, LLC",2020-05-15T19:00:00Z,6eb5232c-44d1-4fe8-ba29-1bd7aafd13a0,NA,20260113T222757Z,RELEASE-2026
ce4d3299-3515-49b3-82cc-aa52b0c111d8,D17,TECR,TECR.AOS.aquatic.plant.transect.09,9,2019-09-23T23:09:00Z,TECR.20190923,TECR.20190923.AP1.T09,NA,NA,NA,NA,NA,N,plant,submerged,KINDBERGIASP,Kindbergia sp.,NA,NA,NA,NA,NA,NA,NA,Kindbergia,NA,sp.,NA,NA,NA,NA,cf. genus,NA,genus,NA,NA,NA,NA,NA,20260113T222757Z,RELEASE-2026
45687a18-bf9e-4165-abcc-795cfde616c7,D17,TECR,TECR.AOS.aquatic.plant.transect.09,9,2019-09-23T23:09:00Z,TECR.20190923,TECR.20190923.AP2.T09,NA,NA,NA,NA,NA,N,plant,submerged,FONE3,Fontinalis neomexicana Sull. & Lesq.,NA,NA,NA,NA,Bryopsida,Isobryales,Fontinalaceae,Fontinalis,NA,neomexicana,NA,NA,NA,Sull. & Lesq.,NA,NA,species,NA,NA,NA,NA,NA,20260113T222757Z,RELEASE-2026
50dc7c11-6d59-4768-ad83-ac2faec5ae06,D17,TECR,TECR.AOS.aquatic.plant.transect.10,13,2019-09-23T23:46:00Z,TECR.20190923,TECR.20190923.AP6.T10,NA,NA,NA,NA,NA,N,plant,submerged,BRFR70,Brachythecium frigidum (Müll. Hal.) Besch.,NA,NA,NA,NA,Bryopsida,Hypnales,Brachytheciaceae,Brachythecium,NA,frigidum,NA,NA,NA,(Müll. Hal.) Besch.,cf. genus,NA,species,NA,NA,NA,NA,NA,20260113T222757Z,RELEASE-2026
92cf9f33-7932-479b-9a08-411d07140927,D17,TECR,TECR.AOS.aquatic.plant.transect.10,6,2019-09-23T23:46:00Z,TECR.20190923,TECR.20190923.AP2.T10,NA,NA,NA,NA,NA,N,plant,emergent,BRFR70,Brachythecium frigidum (Müll. Hal.) Besch.,NA,NA,NA,NA,Bryopsida,Hypnales,Brachytheciaceae,Brachythecium,NA,frigidum,NA,NA,NA,(Müll. Hal.) Besch.,cf. genus,NA,species,NA,NA,NA,NA,NA,20260113T222757Z,RELEASE-2026
eb8e5bea-e55e-48f6-b3e1-666b58aaca50,D17,TECR,TECR.AOS.aquatic.plant.transect.10,10,2019-09-23T23:46:00Z,TECR.20190923,TECR.20190923.AP4.T10,NA,NA,NA,NA,NA,N,plant,submerged,BRFR70,Brachythecium frigidum (Müll. Hal.) Besch.,NA,NA,NA,NA,Bryopsida,Hypnales,Brachytheciaceae,Brachythecium,NA,frigidum,NA,NA,NA,(Müll. Hal.) Besch.,cf. genus,NA,species,NA,NA,NA,NA,NA,20260113T222757Z,RELEASE-2026
c67a7497-a2c4-4457-aa48-b51303cc7a41,D17,TECR,TECR.AOS.aquatic.plant.transect.10,12,2019-09-23T23:46:00Z,TECR.20190923,TECR.20190923.AP5.T10,NA,NA,NA,NA,NA,N,plant,submerged,BRFR70,Brachythecium frigidum (Müll. Hal.) Besch.,NA,NA,NA,NA,Bryopsida,Hypnales,Brachytheciaceae,Brachythecium,NA,frigidum,NA,NA,NA,(Müll. Hal.) Besch.,cf. genus,NA,species,NA,NA,NA,NA,NA,20260113T222757Z,RELEASE-2026
38043019-ad2d-4306-b15a-0c61d38945ee,D17,TECR,TECR.AOS.aquatic.plant.transect.10,5,2019-09-23T23:46:00Z,TECR.20190923,TECR.20190923.AP1.T10,NA,NA,NA,NA,NA,N,plant,emergent,BRFR70,Brachythecium frigidum (Müll. Hal.) Besch.,NA,NA,NA,NA,Bryopsida,Hypnales,Brachytheciaceae,Brachythecium,NA,frigidum,NA,NA,NA,(Müll. Hal.) Besch.,cf. genus,NA,species,NA,NA,NA,NA,NA,20260113T222757Z,RELEASE-2026
ed88d2f6-ea59-4bd8-9d52-207ed385f996,D17,TECR,TECR.AOS.aquatic.plant.transect.10,10,2019-09-23T23:46:00Z,TECR.20190923,TECR.20190923.AP3.T10,NA,NA,NA,NA,NA,N,plant,submerged,SCUN6,Scapania undulata (L.) Dumort.,NA,NA,NA,NA,Hepaticopsida,Jungermanniales,Scapaniaceae,Scapania,NA,undulata,NA,NA,NA,(L.) Dumort.,cf. genus,NA,species,NA,NA,NA,NA,NA,20260113T222757Z,RELEASE-2026
b24d2e69-ceca-49cf-b8af-73332db9fad0,D17,TECR,TECR.AOS.aquatic.plant.transect.01,4,2021-09-14T17:25:00Z,TECR.20210914,TECR.20210914.AP4.T01,NA,NA,NA,NA,NA,N,plant,submerged,FONE3,Fontinalis neomexicana Sull. & Lesq.,NA,NA,NA,NA,Bryopsida,Isobryales,Fontinalaceae,Fontinalis,NA,neomexicana,NA,NA,NA,Sull. & Lesq.,NA,NA,species,NA,NA,NA,NA,NA,20260113T222002Z,RELEASE-2026
e676b13b-bba1-42e7-aa7d-228e9dc891c5,D17,TECR,TECR.AOS.aquatic.plant.transect.01,3,2021-09-14T17:25:00Z,TECR.20210914,TECR.20210914.AP2.T01,NA,NA,NA,NA,NA,N,plant,submerged,FONE3,Fontinalis neomexicana Sull. & Lesq.,NA,NA,NA,NA,Bryopsida,Isobryales,Fontinalaceae,Fontinalis,NA,neomexicana,NA,NA,NA,Sull. & Lesq.,NA,NA,species,NA,NA,NA,NA,NA,20260113T222002Z,RELEASE-2026
fda8d878-8817-4e10-8eb1-06dd3d3d3093,D17,TECR,TECR.AOS.aquatic.plant.transect.01,1,2021-09-14T17:25:00Z,TECR.20210914,TECR.20210914.AP1.T01,NA,NA,NA,NA,NA,N,plant,submerged,FONE3,Fontinalis neomexicana Sull. & Lesq.,NA,NA,NA,NA,Bryopsida,Isobryales,Fontinalaceae,Fontinalis,NA,neomexicana,NA,NA,NA,Sull. & Lesq.,NA,NA,species,NA,NA,NA,NA,NA,20260113T222002Z,RELEASE-2026
5b85bc5b-3f20-41ec-a17c-66ca85389811,D17,TECR,TECR.AOS.aquatic.plant.transect.01,3,2021-09-14T17:25:00Z,TECR.20210914,TECR.20210914.AP3.T01,NA,NA,NA,NA,NA,N,plant,submerged,CHPO14,Chiloscyphus polyanthos (L.) Corda,NA,NA,NA,NA,Hepaticopsida,Jungermanniales,Geocalycaceae,Chiloscyphus,NA,polyanthos,NA,NA,NA,(L.) Corda,NA,"Doyle, W. T. and Stotler, R. E. 2006. Contributions toward a Bryoflora of California III. Keys and Annotated Species Catalogue for Liverworts and Hornworts. Madrono 53 (2) 89-197.",species,NA,"David Kofranek Botany, LLC",2021-09-14T17:25:00Z,184f9952-043e-4b90-be20-20254937dfb1,NA,20260113T222002Z,RELEASE-2026
a51026bc-b3d6-45f2-a3b8-1b7fec272e19,D17,TECR,TECR.AOS.aquatic.plant.transect.02,1,2021-09-14T17:39:00Z,TECR.20210914,TECR.20210914.AP1.T02,NA,NA,NA,NA,NA,N,plant,submerged,CHPO14,Chiloscyphus polyanthos (L.) Corda,NA,NA,NA,NA,Hepaticopsida,Jungermanniales,Geocalycaceae,Chiloscyphus,NA,polyanthos,NA,NA,NA,(L.) Corda,NA,"Doyle, W. T. and Stotler, R. E. 2006. Contributions toward a Bryoflora of California III. Keys and Annotated Species Catalogue for Liverworts and Hornworts. Madrono 53 (2) 89-197.",species,NA,"David Kofranek Botany, LLC",2021-09-14T17:39:00Z,0041f168-5de6-4d52-90f0-b2f97df61fe4,NA,20260113T222002Z,RELEASE-2026
66567526-c4a5-44ed-af5b-2516c64872f8,D17,TECR,TECR.AOS.aquatic.plant.transect.02,2,2021-09-14T17:39:00Z,TECR.20210914,TECR.20210914.AP2.T02,NA,NA,NA,NA,NA,N,plant,submerged,CHPO14,Chiloscyphus polyanthos (L.) Corda,NA,NA,NA,NA,Hepaticopsida,Jungermanniales,Geocalycaceae,Chiloscyphus,NA,polyanthos,NA,NA,NA,(L.) Corda,NA,"Doyle, W. T. and Stotler, R. E. 2006. Contributions toward a Bryoflora of California III. Keys and Annotated Species Catalogue for Liverworts and Hornworts. Madrono 53 (2) 89-197.",species,NA,"David Kofranek Botany, LLC",2021-09-14T17:39:00Z,a5740168-03d2-47de-84c4-48c4978a5d31,NA,20260113T222002Z,RELEASE-2026
2f2e2570-8163-480b-b7e5-a6fbc9f562ef,D17,TECR,TECR.AOS.aquatic.plant.transect.03,16,2021-09-14T18:00:00Z,TECR.20210914,TECR.20210914.AP14.T03,NA,NA,NA,NA,NA,N,plant,submerged,FONE3,Fontinalis neomexicana Sull. & Lesq.,NA,NA,NA,NA,Bryopsida,Isobryales,Fontinalaceae,Fontinalis,NA,neomexicana,NA,NA,NA,Sull. & Lesq.,NA,NA,species,NA,NA,NA,NA,NA,20260113T222002Z,RELEASE-2026
922a8b6f-cc56-495d-a59c-a7d04cd8ee9b,D17,TECR,TECR.AOS.aquatic.plant.transect.03,8,2021-09-14T18:00:00Z,TECR.20210914,TECR.20210914.AP7.T03,NA,NA,NA,NA,NA,N,plant,submerged,FONE3,Fontinalis neomexicana Sull. & Lesq.,NA,NA,NA,NA,Bryopsida,Isobryales,Fontinalaceae,Fontinalis,NA,neomexicana,NA,NA,NA,Sull. & Lesq.,NA,NA,species,NA,NA,NA,NA,NA,20260113T222002Z,RELEASE-2026
97e37d51-a6bf-48f3-9024-0fe375b18a29,D17,TECR,TECR.AOS.aquatic.plant.transect.03,11,2021-09-14T18:00:00Z,TECR.20210914,TECR.20210914.AP10.T03,NA,NA,NA,NA,NA,N,plant,submerged,FONE3,Fontinalis neomexicana Sull. & Lesq.,NA,NA,NA,NA,Bryopsida,Isobryales,Fontinalaceae,Fontinalis,NA,neomexicana,NA,NA,NA,Sull. & Lesq.,NA,NA,species,NA,NA,NA,NA,NA,20260113T222002Z,RELEASE-2026
5c5ae039-0698-4410-b3ad-e424f4927e52,D17,TECR,TECR.AOS.aquatic.plant.transect.03,17,2021-09-14T18:00:00Z,TECR.20210914,TECR.20210914.AP15.T03,NA,NA,NA,NA,NA,N,plant,submerged,FONE3,Fontinalis neomexicana Sull. & Lesq.,NA,NA,NA,NA,Bryopsida,Isobryales,Fontinalaceae,Fontinalis,NA,neomexicana,NA,NA,NA,Sull. & Lesq.,NA,NA,species,NA,NA,NA,NA,NA,20260113T222002Z,RELEASE-2026
829a7656-d39f-49e9-a851-15e990b5394c,D17,TECR,TECR.AOS.aquatic.plant.transect.03,12,2021-09-14T18:00:00Z,TECR.20210914,TECR.20210914.AP11.T03,NA,NA,NA,NA,NA,N,plant,submerged,FONE3,Fontinalis neomexicana Sull. & Lesq.,NA,NA,NA,NA,Bryopsida,Isobryales,Fontinalaceae,Fontinalis,NA,neomexicana,NA,NA,NA,Sull. & Lesq.,NA,NA,species,NA,NA,NA,NA,NA,20260113T222002Z,RELEASE-2026
179c2c0d-2ce0-445f-a749-0ff2b8ee44ed,D17,TECR,TECR.AOS.aquatic.plant.transect.03,13,2021-09-14T18:00:00Z,TECR.20210914,TECR.20210914.AP12.T03,NA,NA,NA,NA,NA,N,plant,submerged,FONE3,Fontinalis neomexicana Sull. & Lesq.,NA,NA,NA,NA,Bryopsida,Isobryales,Fontinalaceae,Fontinalis,NA,neomexicana,NA,NA,NA,Sull. & Lesq.,NA,NA,species,NA,NA,NA,NA,NA,20260113T222002Z,RELEASE-2026
220247b8-77ee-4d4e-bb87-b8e112568659,D17,TECR,TECR.AOS.aquatic.plant.transect.03,5,2021-09-14T18:00:00Z,TECR.20210914,TECR.20210914.AP4.T03,NA,NA,NA,NA,NA,N,plant,submerged,FONE3,Fontinalis neomexicana Sull. & Lesq.,NA,NA,NA,NA,Bryopsida,Isobryales,Fontinalaceae,Fontinalis,NA,neomexicana,NA,NA,NA,Sull. & Lesq.,NA,NA,species,NA,NA,NA,NA,NA,20260113T222002Z,RELEASE-2026
e3492477-298e-4368-a208-51d63157f566,D17,TECR,TECR.AOS.aquatic.plant.transect.03,3,2021-09-14T18:00:00Z,TECR.20210914,TECR.20210914.AP2.T03,NA,NA,NA,NA,NA,N,plant,submerged,FONE3,Fontinalis neomexicana Sull. & Lesq.,NA,NA,NA,NA,Bryopsida,Isobryales,Fontinalaceae,Fontinalis,NA,neomexicana,NA,NA,NA,Sull. & Lesq.,NA,NA,species,NA,NA,NA,NA,NA,20260113T222002Z,RELEASE-2026
96d72a12-ec1d-4408-94b2-76f670814b54,D17,TECR,TECR.AOS.aquatic.plant.transect.03,15,2021-09-14T18:00:00Z,TECR.20210914,TECR.20210914.AP13.T03,NA,NA,NA,NA,NA,N,plant,submerged,FONE3,Fontinalis neomexicana Sull. & Lesq.,NA,NA,NA,NA,Bryopsida,Isobryales,Fontinalaceae,Fontinalis,NA,neomexicana,NA,NA,NA,Sull. & Lesq.,NA,NA,species,NA,NA,NA,NA,NA,20260113T222002Z,RELEASE-2026
8a62b733-6f4d-4a44-a000-54583a03e7c0,D17,TECR,TECR.AOS.aquatic.plant.transect.03,2,2021-09-14T18:00:00Z,TECR.20210914,TECR.20210914.AP1.T03,NA,NA,NA,NA,NA,N,plant,submerged,FONE3,Fontinalis neomexicana Sull. & Lesq.,NA,NA,NA,NA,Bryopsida,Isobryales,Fontinalaceae,Fontinalis,NA,neomexicana,NA,NA,NA,Sull. & Lesq.,NA,NA,species,NA,NA,NA,NA,NA,20260113T222002Z,RELEASE-2026
5ad00d05-05a6-4e47-be20-3995c49d4069,D17,TECR,TECR.AOS.aquatic.plant.transect.03,6,2021-09-14T18:00:00Z,TECR.20210914,TECR.20210914.AP5.T03,NA,NA,NA,NA,NA,N,plant,submerged,FONE3,Fontinalis neomexicana Sull. & Lesq.,NA,NA,NA,NA,Bryopsida,Isobryales,Fontinalaceae,Fontinalis,NA,neomexicana,NA,NA,NA,Sull. & Lesq.,NA,NA,species,NA,NA,NA,NA,NA,20260113T222002Z,RELEASE-2026
00fca032-c86c-425c-b5e0-b8b22b942d73,D17,TECR,TECR.AOS.aquatic.plant.transect.03,9,2021-09-14T18:00:00Z,TECR.20210914,TECR.20210914.AP8.T03,NA,NA,NA,NA,NA,N,plant,submerged,FONE3,Fontinalis neomexicana Sull. & Lesq.,NA,NA,NA,NA,Bryopsida,Isobryales,Fontinalaceae,Fontinalis,NA,neomexicana,NA,NA,NA,Sull. & Lesq.,NA,NA,species,NA,NA,NA,NA,NA,20260113T222002Z,RELEASE-2026
037092e7-936c-4590-bf9c-8bc3dca93d4b,D17,TECR,TECR.AOS.aquatic.plant.transect.03,7,2021-09-14T18:00:00Z,TECR.20210914,TECR.20210914.AP6.T03,NA,NA,NA,NA,NA,N,plant,submerged,FONE3,Fontinalis neomexicana Sull. & Lesq.,NA,NA,NA,NA,Bryopsida,Isobryales,Fontinalaceae,Fontinalis,NA,neomexicana,NA,NA,NA,Sull. & Lesq.,NA,NA,species,NA,NA,NA,NA,NA,20260113T222002Z,RELEASE-2026
c058199e-cb52-415c-9d82-1ac71bff5101,D17,TECR,TECR.AOS.aquatic.plant.transect.03,10,2021-09-14T18:00:00Z,TECR.20210914,TECR.20210914.AP9.T03,NA,NA,NA,NA,NA,N,plant,submerged,FONE3,Fontinalis neomexicana Sull. & Lesq.,NA,NA,NA,NA,Bryopsida,Isobryales,Fontinalaceae,Fontinalis,NA,neomexicana,NA,NA,NA,Sull. & Lesq.,NA,NA,species,NA,NA,NA,NA,NA,20260113T222002Z,RELEASE-2026
8aa2e8ad-d20d-4f95-9f04-d27d26aaded7,D17,TECR,TECR.AOS.aquatic.plant.transect.03,4,2021-09-14T18:00:00Z,TECR.20210914,TECR.20210914.AP3.T03,NA,NA,NA,NA,NA,N,plant,submerged,FONE3,Fontinalis neomexicana Sull. & Lesq.,NA,NA,NA,NA,Bryopsida,Isobryales,Fontinalaceae,Fontinalis,NA,neomexicana,NA,NA,NA,Sull. & Lesq.,NA,NA,species,NA,NA,NA,NA,NA,20260113T222002Z,RELEASE-2026
02bfc98f-4c4a-4f79-89af-42ef9aee104b,D17,TECR,TECR.AOS.aquatic.plant.transect.04,9,2021-09-14T18:17:00Z,TECR.20210914,TECR.20210914.AP5.T04,NA,NA,NA,NA,NA,N,plant,submerged,CHPO14,Chiloscyphus polyanthos (L.) Corda,NA,NA,NA,NA,Hepaticopsida,Jungermanniales,Geocalycaceae,Chiloscyphus,NA,polyanthos,NA,NA,NA,(L.) Corda,NA,"Doyle, W. T. and Stotler, R. E. 2006. Contributions toward a Bryoflora of California III. Keys and Annotated Species Catalogue for Liverworts and Hornworts. Madrono 53 (2) 89-197.",species,NA,"David Kofranek Botany, LLC",2021-09-14T18:17:00Z,10d7ac9d-5646-4c7e-b776-b8864271bffc,NA,20260113T222002Z,RELEASE-2026
24915f7e-ab80-4b50-b3ca-154597c1e07c,D17,TECR,TECR.AOS.aquatic.plant.transect.04,3,2021-09-14T18:17:00Z,TECR.20210914,TECR.20210914.AP2.T04,NA,NA,NA,NA,NA,N,plant,submerged,FONE3,Fontinalis neomexicana Sull. & Lesq.,NA,NA,NA,NA,Bryopsida,Isobryales,Fontinalaceae,Fontinalis,NA,neomexicana,NA,NA,NA,Sull. & Lesq.,NA,NA,species,NA,NA,NA,NA,NA,20260113T222002Z,RELEASE-2026
2400afb6-d2ee-401a-ba97-ae940e47aa82,D17,TECR,TECR.AOS.aquatic.plant.transect.04,4,2021-09-14T18:17:00Z,TECR.20210914,TECR.20210914.AP4.T04,NA,NA,NA,NA,NA,N,plant,submerged,2PLANT,Unknown plant,BlackLung,Thin membraned leafy lichen. Coloration appears to change from purple to black with age. Asci present,NA,NA,NA,NA,NA,NA,NA,NA,NA,NA,NA,NA,NA,NA,kingdom,NA,NA,NA,NA,NA,20260113T222002Z,RELEASE-2026
22ddb0ae-6d42-4a0e-8488-604ce37170f9,D17,TECR,TECR.AOS.aquatic.plant.transect.04,2,2021-09-14T18:17:00Z,TECR.20210914,TECR.20210914.AP1.T04,NA,NA,NA,NA,NA,N,plant,submerged,FONE3,Fontinalis neomexicana Sull. & Lesq.,NA,NA,NA,NA,Bryopsida,Isobryales,Fontinalaceae,Fontinalis,NA,neomexicana,NA,NA,NA,Sull. & Lesq.,NA,NA,species,NA,NA,NA,NA,NA,20260113T222002Z,RELEASE-2026
bb288ee4-22aa-4114-a0b0-d0bc369411c7,D17,TECR,TECR.AOS.aquatic.plant.transect.04,9,2021-09-14T18:17:00Z,TECR.20210914,TECR.20210914.AP6.T04,NA,NA,NA,NA,NA,N,plant,submerged,SCUN6,Scapania undulata (L.) Dumort.,NA,NA,NA,NA,Hepaticopsida,Jungermanniales,Scapaniaceae,Scapania,NA,undulata,NA,NA,NA,(L.) Dumort.,NA,NA,species,NA,NA,NA,NA,NA,20260113T222002Z,RELEASE-2026
87a7553c-3147-4c59-a3ab-beba00379fe0,D17,TECR,TECR.AOS.aquatic.plant.transect.04,4,2021-09-14T18:17:00Z,TECR.20210914,TECR.20210914.AP3.T04,NA,NA,NA,NA,NA,N,plant,submerged,SCUN6,Scapania undulata (L.) Dumort.,NA,NA,NA,NA,Hepaticopsida,Jungermanniales,Scapaniaceae,Scapania,NA,undulata,NA,NA,NA,(L.) Dumort.,NA,NA,species,NA,NA,NA,NA,NA,20260113T222002Z,RELEASE-2026
0ebae0ea-8097-47ea-b3f3-9d7223d897d9,D17,TECR,TECR.AOS.aquatic.plant.transect.05,3,2021-09-14T18:34:00Z,TECR.20210914,TECR.20210914.AP2.T05,NA,NA,NA,NA,NA,N,plant,submerged,CHPO14,Chiloscyphus polyanthos (L.) Corda,NA,NA,NA,NA,Hepaticopsida,Jungermanniales,Geocalycaceae,Chiloscyphus,NA,polyanthos,NA,NA,NA,(L.) Corda,NA,"Doyle, W. T. and Stotler, R. E. 2006. Contributions toward a Bryoflora of California III. Keys and Annotated Species Catalogue for Liverworts and Hornworts. Madrono 53 (2) 89-197.",species,NA,"David Kofranek Botany, LLC",2021-09-14T18:34:00Z,72cd67ee-fb07-4fa2-8e44-4ad14eafd5b5,NA,20260113T222002Z,RELEASE-2026
384e5fcf-b5ca-4c54-89fc-8cd08a4ebcab,D17,TECR,TECR.AOS.aquatic.plant.transect.05,3,2021-09-14T18:34:00Z,TECR.20210914,TECR.20210914.AP1.T05,NA,NA,NA,NA,NA,N,plant,submerged,SCUN6,Scapania undulata (L.) Dumort.,NA,NA,NA,NA,Hepaticopsida,Jungermanniales,Scapaniaceae,Scapania,NA,undulata,NA,NA,NA,(L.) Dumort.,NA,NA,species,NA,NA,NA,NA,NA,20260113T222002Z,RELEASE-2026
9cdf51e3-e320-4673-8322-885ef43019d6,D17,TECR,TECR.AOS.aquatic.plant.transect.05,4,2021-09-14T18:34:00Z,TECR.20210914,TECR.20210914.AP3.T05,NA,NA,NA,NA,NA,N,plant,submerged,FONE3,Fontinalis neomexicana Sull. & Lesq.,NA,NA,NA,NA,Bryopsida,Isobryales,Fontinalaceae,Fontinalis,NA,neomexicana,NA,NA,NA,Sull. & Lesq.,NA,NA,species,NA,NA,NA,NA,NA,20260113T222002Z,RELEASE-2026
e8688c62-64e5-4d97-aef6-0d870e061631,D17,TECR,TECR.AOS.aquatic.plant.transect.05,5,2021-09-14T18:34:00Z,TECR.20210914,TECR.20210914.AP4.T05,NA,NA,NA,NA,NA,N,plant,submerged,CHPO14,Chiloscyphus polyanthos (L.) Corda,NA,NA,NA,NA,Hepaticopsida,Jungermanniales,Geocalycaceae,Chiloscyphus,NA,polyanthos,NA,NA,NA,(L.) Corda,NA,"Doyle, W. T. and Stotler, R. E. 2006. Contributions toward a Bryoflora of California III. Keys and Annotated Species Catalogue for Liverworts and Hornworts. Madrono 53 (2) 89-197.",species,NA,"David Kofranek Botany, LLC",2021-09-14T18:34:00Z,327b3c01-2e42-47b4-bddc-bf303fbfc0c7,NA,20260113T222002Z,RELEASE-2026
9582b0dd-9ebe-4207-91c7-802343bde769,D17,TECR,TECR.AOS.aquatic.plant.transect.06,10,2021-09-14T18:47:00Z,TECR.20210914,TECR.20210914.AP12.T06,NA,NA,NA,NA,NA,N,plant,submerged,CHPO14,Chiloscyphus polyanthos (L.) Corda,NA,NA,NA,NA,Hepaticopsida,Jungermanniales,Geocalycaceae,Chiloscyphus,NA,polyanthos,NA,NA,NA,(L.) Corda,NA,"Doyle, W. T. and Stotler, R. E. 2006. Contributions toward a Bryoflora of California III. Keys and Annotated Species Catalogue for Liverworts and Hornworts. Madrono 53 (2) 89-197.",species,NA,"David Kofranek Botany, LLC",2021-09-14T18:47:00Z,d3e2ac5d-4198-4691-bd72-7ae97c1f9fb3,NA,20260113T222002Z,RELEASE-2026
97ba5bf8-1e84-477a-9fdb-c133227fe5a3,D17,TECR,TECR.AOS.aquatic.plant.transect.06,7,2021-09-14T18:47:00Z,TECR.20210914,TECR.20210914.AP9.T06,NA,NA,NA,NA,NA,N,plant,submerged,SCUN6,Scapania undulata (L.) Dumort.,NA,NA,NA,NA,Hepaticopsida,Jungermanniales,Scapaniaceae,Scapania,NA,undulata,NA,NA,NA,(L.) Dumort.,NA,NA,species,NA,NA,NA,NA,NA,20260113T222002Z,RELEASE-2026
af9f079c-4bf0-4b77-b560-3b929921ea0f,D17,TECR,TECR.AOS.aquatic.plant.transect.06,15,2021-09-14T18:47:00Z,TECR.20210914,TECR.20210914.AP18.T06,NA,NA,NA,NA,NA,N,plant,submerged,CHPO14,Chiloscyphus polyanthos (L.) Corda,NA,NA,NA,NA,Hepaticopsida,Jungermanniales,Geocalycaceae,Chiloscyphus,NA,polyanthos,NA,NA,NA,(L.) Corda,NA,"Doyle, W. T. and Stotler, R. E. 2006. Contributions toward a Bryoflora of California III. Keys and Annotated Species Catalogue for Liverworts and Hornworts. Madrono 53 (2) 89-197.",species,NA,"David Kofranek Botany, LLC",2021-09-14T18:47:00Z,5d3e864a-f2f4-417e-9eb3-57f20d3e0287,NA,20260113T222002Z,RELEASE-2026
c577c5a9-83e3-4dce-a2e4-18812990fe18,D17,TECR,TECR.AOS.aquatic.plant.transect.06,6,2021-09-14T18:47:00Z,TECR.20210914,TECR.20210914.AP8.T06,NA,NA,NA,NA,NA,N,plant,submerged,FONE3,Fontinalis neomexicana Sull. & Lesq.,NA,NA,NA,NA,Bryopsida,Isobryales,Fontinalaceae,Fontinalis,NA,neomexicana,NA,NA,NA,Sull. & Lesq.,NA,NA,species,NA,NA,NA,NA,NA,20260113T222002Z,RELEASE-2026
e9b3d8c5-f5ae-4e67-9cce-deafcd4c6195,D17,TECR,TECR.AOS.aquatic.plant.transect.06,3,2021-09-14T18:47:00Z,TECR.20210914,TECR.20210914.AP5.T06,NA,NA,NA,NA,NA,N,plant,submerged,SCUN6,Scapania undulata (L.) Dumort.,NA,NA,NA,NA,Hepaticopsida,Jungermanniales,Scapaniaceae,Scapania,NA,undulata,NA,NA,NA,(L.) Dumort.,NA,NA,species,NA,NA,NA,NA,NA,20260113T222002Z,RELEASE-2026
1e924cea-b435-4daf-a255-05730554bb5d,D17,TECR,TECR.AOS.aquatic.plant.transect.06,14,2021-09-14T18:47:00Z,TECR.20210914,TECR.20210914.AP16.T06,NA,NA,NA,NA,NA,N,plant,submerged,SCUN6,Scapania undulata (L.) Dumort.,NA,NA,NA,NA,Hepaticopsida,Jungermanniales,Scapaniaceae,Scapania,NA,undulata,NA,NA,NA,(L.) Dumort.,NA,NA,species,NA,NA,NA,NA,NA,20260113T222002Z,RELEASE-2026
cca61bae-aee6-4e09-9d31-9f5693cb9fc6,D17,TECR,TECR.AOS.aquatic.plant.transect.06,13,2021-09-14T18:47:00Z,TECR.20210914,TECR.20210914.AP15.T06,NA,NA,NA,NA,NA,N,plant,submerged,FONE3,Fontinalis neomexicana Sull. & Lesq.,NA,NA,NA,NA,Bryopsida,Isobryales,Fontinalaceae,Fontinalis,NA,neomexicana,NA,NA,NA,Sull. & Lesq.,NA,NA,species,NA,NA,NA,NA,NA,20260113T222002Z,RELEASE-2026
7d192dd2-9ef3-4565-bd54-098eea5e85f6,D17,TECR,TECR.AOS.aquatic.plant.transect.06,18,2021-09-14T18:47:00Z,TECR.20210914,TECR.20210914.AP22.T06,NA,NA,NA,NA,NA,N,plant,submerged,SCUN6,Scapania undulata (L.) Dumort.,NA,NA,NA,NA,Hepaticopsida,Jungermanniales,Scapaniaceae,Scapania,NA,undulata,NA,NA,NA,(L.) Dumort.,NA,NA,species,NA,NA,NA,NA,NA,20260113T222002Z,RELEASE-2026
f87b4859-3bff-43ea-a6fa-2b1875cb031e,D17,TECR,TECR.AOS.aquatic.plant.transect.06,9,2021-09-14T18:47:00Z,TECR.20210914,TECR.20210914.AP11.T06,NA,NA,NA,NA,NA,N,plant,submerged,SCUN6,Scapania undulata (L.) Dumort.,NA,NA,NA,NA,Hepaticopsida,Jungermanniales,Scapaniaceae,Scapania,NA,undulata,NA,NA,NA,(L.) Dumort.,NA,NA,species,NA,NA,NA,NA,NA,20260113T222002Z,RELEASE-2026
72d23325-f89c-42f0-a806-88781c305366,D17,TECR,TECR.AOS.aquatic.plant.transect.06,5,2021-09-14T18:47:00Z,TECR.20210914,TECR.20210914.AP7.T06,NA,NA,NA,NA,NA,N,plant,submerged,FONE3,Fontinalis neomexicana Sull. & Lesq.,NA,NA,NA,NA,Bryopsida,Isobryales,Fontinalaceae,Fontinalis,NA,neomexicana,NA,NA,NA,Sull. & Lesq.,NA,NA,species,NA,NA,NA,NA,NA,20260113T222002Z,RELEASE-2026
7d299095-638d-4940-b34d-5f4d3198b9d3,D17,TECR,TECR.AOS.aquatic.plant.transect.06,11,2021-09-14T18:47:00Z,TECR.20210914,TECR.20210914.AP14.T06,NA,NA,NA,NA,NA,N,plant,submerged,2PLANT,Unknown plant,BlackLung,Thin membraned leafy lichen. Coloration appears to change from purple to black with age. Asci present,NA,NA,NA,NA,NA,NA,NA,NA,NA,NA,NA,NA,NA,NA,kingdom,NA,NA,NA,NA,NA,20260113T222002Z,RELEASE-2026
a7f891fa-e37f-44a3-a47b-a7075c6df7ac,D17,TECR,TECR.AOS.aquatic.plant.transect.06,19,2021-09-14T18:47:00Z,TECR.20210914,TECR.20210914.AP23.T06,NA,NA,NA,NA,NA,N,plant,submerged,FONE3,Fontinalis neomexicana Sull. & Lesq.,NA,NA,NA,NA,Bryopsida,Isobryales,Fontinalaceae,Fontinalis,NA,neomexicana,NA,NA,NA,Sull. & Lesq.,NA,NA,species,NA,NA,NA,NA,NA,20260113T222002Z,RELEASE-2026
28dee668-9cb6-42e7-b84d-43e9064e05c2,D17,TECR,TECR.AOS.aquatic.plant.transect.06,1,2021-09-14T18:47:00Z,TECR.20210914,TECR.20210914.AP1.T06,NA,NA,NA,NA,NA,N,plant,submerged,FONE3,Fontinalis neomexicana Sull. & Lesq.,NA,NA,NA,NA,Bryopsida,Isobryales,Fontinalaceae,Fontinalis,NA,neomexicana,NA,NA,NA,Sull. & Lesq.,NA,NA,species,NA,NA,NA,NA,NA,20260113T222002Z,RELEASE-2026
5333f4c1-614b-44b1-89a8-c192aeff5338,D17,TECR,TECR.AOS.aquatic.plant.transect.06,16,2021-09-14T18:47:00Z,TECR.20210914,TECR.20210914.AP19.T06,NA,NA,NA,NA,NA,N,plant,submerged,FONE3,Fontinalis neomexicana Sull. & Lesq.,NA,NA,NA,NA,Bryopsida,Isobryales,Fontinalaceae,Fontinalis,NA,neomexicana,NA,NA,NA,Sull. & Lesq.,NA,NA,species,NA,NA,NA,NA,NA,20260113T222002Z,RELEASE-2026
b9649c80-6e73-44fa-8af6-b7f409e1fd2a,D17,TECR,TECR.AOS.aquatic.plant.transect.06,17,2021-09-14T18:47:00Z,TECR.20210914,TECR.20210914.AP21.T06,NA,NA,NA,NA,NA,N,plant,submerged,FONE3,Fontinalis neomexicana Sull. & Lesq.,NA,NA,NA,NA,Bryopsida,Isobryales,Fontinalaceae,Fontinalis,NA,neomexicana,NA,NA,NA,Sull. & Lesq.,NA,NA,species,NA,NA,NA,NA,NA,20260113T222002Z,RELEASE-2026
fcaf6d43-1f06-40c6-a2d7-71730c4caadd,D17,TECR,TECR.AOS.aquatic.plant.transect.06,2,2021-09-14T18:47:00Z,TECR.20210914,TECR.20210914.AP4.T06,NA,NA,NA,NA,NA,N,plant,submerged,FONE3,Fontinalis neomexicana Sull. & Lesq.,NA,NA,NA,NA,Bryopsida,Isobryales,Fontinalaceae,Fontinalis,NA,neomexicana,NA,NA,NA,Sull. & Lesq.,NA,NA,species,NA,NA,NA,NA,NA,20260113T222002Z,RELEASE-2026
255d492a-8204-4b50-a51e-b4ac8febe16c,D17,TECR,TECR.AOS.aquatic.plant.transect.06,2,2021-09-14T18:47:00Z,TECR.20210914,TECR.20210914.AP2.T06,NA,NA,NA,NA,NA,N,plant,submerged,SCUN6,Scapania undulata (L.) Dumort.,NA,NA,NA,NA,Hepaticopsida,Jungermanniales,Scapaniaceae,Scapania,NA,undulata,NA,NA,NA,(L.) Dumort.,NA,NA,species,NA,NA,NA,NA,NA,20260113T222002Z,RELEASE-2026
e174652e-5ef3-4076-98a7-a1f9efbcc359,D17,TECR,TECR.AOS.aquatic.plant.transect.06,8,2021-09-14T18:47:00Z,TECR.20210914,TECR.20210914.AP10.T06,NA,NA,NA,NA,NA,N,plant,submerged,SCUN6,Scapania undulata (L.) Dumort.,NA,NA,NA,NA,Hepaticopsida,Jungermanniales,Scapaniaceae,Scapania,NA,undulata,NA,NA,NA,(L.) Dumort.,NA,NA,species,NA,NA,NA,NA,NA,20260113T222002Z,RELEASE-2026
174bee66-ba19-4522-abb9-992c4cfdfca6,D17,TECR,TECR.AOS.aquatic.plant.transect.06,16,2021-09-14T18:47:00Z,TECR.20210914,TECR.20210914.AP20.T06,NA,NA,NA,NA,NA,N,plant,submerged,SCUN6,Scapania undulata (L.) Dumort.,NA,NA,NA,NA,Hepaticopsida,Jungermanniales,Scapaniaceae,Scapania,NA,undulata,NA,NA,NA,(L.) Dumort.,NA,NA,species,NA,NA,NA,NA,NA,20260113T222002Z,RELEASE-2026
bc4b02c9-dcaf-4948-9119-12a251d9aed0,D17,TECR,TECR.AOS.aquatic.plant.transect.06,10,2021-09-14T18:47:00Z,TECR.20210914,TECR.20210914.AP13.T06,NA,NA,NA,NA,NA,N,plant,submerged,FONE3,Fontinalis neomexicana Sull. & Lesq.,NA,NA,NA,NA,Bryopsida,Isobryales,Fontinalaceae,Fontinalis,NA,neomexicana,NA,NA,NA,Sull. & Lesq.,NA,NA,species,NA,NA,NA,NA,NA,20260113T222002Z,RELEASE-2026
0c338152-830e-4523-8d15-bd5d2b6de17a,D17,TECR,TECR.AOS.aquatic.plant.transect.06,15,2021-09-14T18:47:00Z,TECR.20210914,TECR.20210914.AP17.T06,NA,NA,NA,NA,NA,N,plant,submerged,SCUN6,Scapania undulata (L.) Dumort.,NA,NA,NA,NA,Hepaticopsida,Jungermanniales,Scapaniaceae,Scapania,NA,undulata,NA,NA,NA,(L.) Dumort.,NA,NA,species,NA,NA,NA,NA,NA,20260113T222002Z,RELEASE-2026
21285cab-0c4a-4b8c-9e16-7f43acd5b8ff,D17,TECR,TECR.AOS.aquatic.plant.transect.06,4,2021-09-14T18:47:00Z,TECR.20210914,TECR.20210914.AP6.T06,NA,NA,NA,NA,NA,N,plant,submerged,FONE3,Fontinalis neomexicana Sull. & Lesq.,NA,NA,NA,NA,Bryopsida,Isobryales,Fontinalaceae,Fontinalis,NA,neomexicana,NA,NA,NA,Sull. & Lesq.,NA,NA,species,NA,NA,NA,NA,NA,20260113T222002Z,RELEASE-2026
5657b91e-ac94-4658-aaf6-577fc5b62007,D17,TECR,TECR.AOS.aquatic.plant.transect.06,2,2021-09-14T18:47:00Z,TECR.20210914,TECR.20210914.AP3.T06,NA,NA,NA,NA,NA,N,plant,submerged,2PLANT,Unknown plant,BlackLung,Thin membraned leafy lichen. Coloration appears to change from purple to black with age. Asci present,NA,NA,NA,NA,NA,NA,NA,NA,NA,NA,NA,NA,NA,NA,kingdom,NA,NA,NA,NA,NA,20260113T222002Z,RELEASE-2026
be04753f-913b-4493-b9df-376242054209,D17,TECR,TECR.AOS.aquatic.plant.transect.07,9,2021-09-14T19:03:00Z,TECR.20210914,TECR.20210914.AP3.T07,NA,NA,NA,NA,NA,N,plant,submerged,SCUN6,Scapania undulata (L.) Dumort.,NA,NA,NA,NA,Hepaticopsida,Jungermanniales,Scapaniaceae,Scapania,NA,undulata,NA,NA,NA,(L.) Dumort.,NA,NA,species,NA,NA,NA,NA,NA,20260113T222002Z,RELEASE-2026
208d8c8a-43cb-4df3-9ba3-bd5197f7c81f,D17,TECR,TECR.AOS.aquatic.plant.transect.07,11,2021-09-14T19:03:00Z,TECR.20210914,TECR.20210914.AP4.T07,NA,NA,NA,NA,NA,N,plant,submerged,SCUN6,Scapania undulata (L.) Dumort.,NA,NA,NA,NA,Hepaticopsida,Jungermanniales,Scapaniaceae,Scapania,NA,undulata,NA,NA,NA,(L.) Dumort.,NA,NA,species,NA,NA,NA,NA,NA,20260113T222002Z,RELEASE-2026
bd85b743-ed1f-4025-99b1-def2101063d7,D17,TECR,TECR.AOS.aquatic.plant.transect.07,2,2021-09-14T19:03:00Z,TECR.20210914,TECR.20210914.AP2.T07,NA,NA,NA,NA,NA,N,plant,submerged,2PLANT,Unknown plant,BlackLung,Thin membraned leafy lichen. Coloration appears to change from purple to black with age. Asci present,NA,NA,NA,NA,NA,NA,NA,NA,NA,NA,NA,NA,NA,NA,kingdom,NA,NA,NA,NA,NA,20260113T222002Z,RELEASE-2026
aa192608-5382-448b-8a2d-2e04c68f0e87,D17,TECR,TECR.AOS.aquatic.plant.transect.07,1,2021-09-14T19:03:00Z,TECR.20210914,TECR.20210914.AP1.T07,NA,NA,NA,NA,NA,N,plant,submerged,SCUN6,Scapania undulata (L.) Dumort.,NA,NA,NA,NA,Hepaticopsida,Jungermanniales,Scapaniaceae,Scapania,NA,undulata,NA,NA,NA,(L.) Dumort.,NA,NA,species,NA,NA,NA,NA,NA,20260113T222002Z,RELEASE-2026
b98e23d5-cc10-4624-8e56-1a9c541c0803,D17,TECR,TECR.AOS.aquatic.plant.transect.08,9,2021-09-14T19:15:00Z,TECR.20210914,TECR.20210914.AP1.T08,NA,NA,NA,NA,NA,N,plant,submerged,FONE3,Fontinalis neomexicana Sull. & Lesq.,NA,NA,NA,NA,Bryopsida,Isobryales,Fontinalaceae,Fontinalis,NA,neomexicana,NA,NA,NA,Sull. & Lesq.,NA,NA,species,NA,NA,NA,NA,NA,20260113T222002Z,RELEASE-2026
05cfeb0f-0807-4930-8d31-3e8cb8c38511,D17,TECR,TECR.AOS.aquatic.plant.transect.09,14,2021-09-14T19:27:00Z,TECR.20210914,TECR.20210914.AP5.T09,NA,NA,NA,NA,NA,N,plant,submerged,CHPO14,Chiloscyphus polyanthos (L.) Corda,NA,NA,NA,NA,Hepaticopsida,Jungermanniales,Geocalycaceae,Chiloscyphus,NA,polyanthos,NA,NA,NA,(L.) Corda,NA,"Doyle, W. T. and Stotler, R. E. 2006. Contributions toward a Bryoflora of California III. Keys and Annotated Species Catalogue for Liverworts and Hornworts. Madrono 53 (2) 89-197.",species,NA,"David Kofranek Botany, LLC",2021-09-14T19:27:00Z,dd841e4d-3e50-4f54-b9a0-390356882698,NA,20260113T222002Z,RELEASE-2026
bb69504c-270a-41d7-8ba7-b1e925e49456,D17,TECR,TECR.AOS.aquatic.plant.transect.09,12,2021-09-14T19:27:00Z,TECR.20210914,TECR.20210914.AP3.T09,NA,NA,NA,NA,NA,N,plant,submerged,FONE3,Fontinalis neomexicana Sull. & Lesq.,NA,NA,NA,NA,Bryopsida,Isobryales,Fontinalaceae,Fontinalis,NA,neomexicana,NA,NA,NA,Sull. & Lesq.,NA,NA,species,NA,NA,NA,NA,NA,20260113T222002Z,RELEASE-2026
aef2cab3-bdc8-49b0-9a6c-4ce7eb6943a1,D17,TECR,TECR.AOS.aquatic.plant.transect.09,7,2021-09-14T19:27:00Z,TECR.20210914,TECR.20210914.AP1.T09,NA,NA,NA,NA,NA,N,plant,submerged,FONE3,Fontinalis neomexicana Sull. & Lesq.,NA,NA,NA,NA,Bryopsida,Isobryales,Fontinalaceae,Fontinalis,NA,neomexicana,NA,NA,NA,Sull. & Lesq.,NA,NA,species,NA,NA,NA,NA,NA,20260113T222002Z,RELEASE-2026
f03c8278-8d96-42f3-86e6-b4c1afb68dc8,D17,TECR,TECR.AOS.aquatic.plant.transect.09,11,2021-09-14T19:27:00Z,TECR.20210914,TECR.20210914.AP2.T09,NA,NA,NA,NA,NA,N,plant,submerged,FONE3,Fontinalis neomexicana Sull. & Lesq.,NA,NA,NA,NA,Bryopsida,Isobryales,Fontinalaceae,Fontinalis,NA,neomexicana,NA,NA,NA,Sull. & Lesq.,NA,NA,species,NA,NA,NA,NA,NA,20260113T222002Z,RELEASE-2026
81caccbc-6b42-4f01-bce3-b97d20f5bffd,D17,TECR,TECR.AOS.aquatic.plant.transect.09,16,2021-09-14T19:27:00Z,TECR.20210914,TECR.20210914.AP8.T09,NA,NA,NA,NA,NA,N,plant,submerged,FONE3,Fontinalis neomexicana Sull. & Lesq.,NA,NA,NA,NA,Bryopsida,Isobryales,Fontinalaceae,Fontinalis,NA,neomexicana,NA,NA,NA,Sull. & Lesq.,NA,NA,species,NA,NA,NA,NA,NA,20260113T222002Z,RELEASE-2026
92dcdf1a-5e1e-4b03-b9e4-b6481057194e,D17,TECR,TECR.AOS.aquatic.plant.transect.09,17,2021-09-14T19:27:00Z,TECR.20210914,TECR.20210914.AP9.T09,NA,NA,NA,NA,NA,N,plant,submerged,FONE3,Fontinalis neomexicana Sull. & Lesq.,NA,NA,NA,NA,Bryopsida,Isobryales,Fontinalaceae,Fontinalis,NA,neomexicana,NA,NA,NA,Sull. & Lesq.,NA,NA,species,NA,NA,NA,NA,NA,20260113T222002Z,RELEASE-2026
9b519696-4c15-4a39-acdd-7c46e1cf481d,D17,TECR,TECR.AOS.aquatic.plant.transect.09,13,2021-09-14T19:27:00Z,TECR.20210914,TECR.20210914.AP4.T09,NA,NA,NA,NA,NA,N,plant,submerged,FONE3,Fontinalis neomexicana Sull. & Lesq.,NA,NA,NA,NA,Bryopsida,Isobryales,Fontinalaceae,Fontinalis,NA,neomexicana,NA,NA,NA,Sull. & Lesq.,NA,NA,species,NA,NA,NA,NA,NA,20260113T222002Z,RELEASE-2026
59c3d5b6-77ae-4fd6-9261-d2661b52d87c,D17,TECR,TECR.AOS.aquatic.plant.transect.09,14,2021-09-14T19:27:00Z,TECR.20210914,TECR.20210914.AP6.T09,NA,NA,NA,NA,NA,N,plant,submerged,FONE3,Fontinalis neomexicana Sull. & Lesq.,NA,NA,NA,NA,Bryopsida,Isobryales,Fontinalaceae,Fontinalis,NA,neomexicana,NA,NA,NA,Sull. & Lesq.,NA,NA,species,NA,NA,NA,NA,NA,20260113T222002Z,RELEASE-2026
709020aa-21b3-41a7-8671-259d45b5aa8f,D17,TECR,TECR.AOS.aquatic.plant.transect.09,15,2021-09-14T19:27:00Z,TECR.20210914,TECR.20210914.AP7.T09,NA,NA,NA,NA,NA,N,plant,submerged,FONE3,Fontinalis neomexicana Sull. & Lesq.,NA,NA,NA,NA,Bryopsida,Isobryales,Fontinalaceae,Fontinalis,NA,neomexicana,NA,NA,NA,Sull. & Lesq.,NA,NA,species,NA,NA,NA,NA,NA,20260113T222002Z,RELEASE-2026
2b9e3ed5-8dab-4911-89ca-cf57c5f4dd53,D17,TECR,TECR.AOS.aquatic.plant.transect.09,20,2021-09-14T19:27:00Z,TECR.20210914,TECR.20210914.AP10.T09,NA,NA,NA,NA,NA,N,plant,submerged,EUPR7,Eurhynchium praelongum (Hedw.) Schimp.,NA,NA,NA,NA,Bryopsida,Hypnales,Brachytheciaceae,Eurhynchium,NA,praelongum,NA,NA,NA,(Hedw.) Schimp.,NA,NA,species,NA,NA,NA,NA,NA,20260113T222002Z,RELEASE-2026
06b0e34f-2a49-42f5-a083-3d9ae38fd547,D17,TECR,TECR.AOS.aquatic.plant.transect.10,11,2021-09-14T19:46:00Z,TECR.20210914,TECR.20210914.AP1.T10,NA,NA,NA,NA,NA,N,plant,submerged,SCUN6,Scapania undulata (L.) Dumort.,NA,NA,NA,NA,Hepaticopsida,Jungermanniales,Scapaniaceae,Scapania,NA,undulata,NA,NA,NA,(L.) Dumort.,NA,NA,species,NA,NA,NA,NA,NA,20260113T222002Z,RELEASE-2026
2c6c3efb-31b9-45fe-8d61-c5946af17962,D17,TECR,TECR.AOS.aquatic.plant.transect.02,8,2021-07-19T18:53:00Z,TECR.20210719,TECR.20210719.AP3.T02,NA,NA,NA,NA,NA,N,plant,submerged,CHPO14,Chiloscyphus polyanthos (L.) Corda,NA,NA,NA,NA,Hepaticopsida,Jungermanniales,Geocalycaceae,Chiloscyphus,NA,polyanthos,NA,NA,NA,(L.) Corda,NA,"Doyle, W. T. and Stotler, R. E. 2006. Contributions toward a Bryoflora of California III. Keys and Annotated Species Catalogue for Liverworts and Hornworts. Madrono 53 (2) 89-197.",species,NA,"David Kofranek Botany, LLC",2021-07-19T18:53:00Z,f090807e-3e03-42b4-bdf1-0891949324b2,NA,20260113T222639Z,RELEASE-2026
01885ead-6502-4daa-823f-b1e9edd6f33f,D17,TECR,TECR.AOS.aquatic.plant.transect.02,7,2021-07-19T18:53:00Z,TECR.20210719,TECR.20210719.AP2.T02,NA,NA,NA,NA,NA,N,plant,submerged,BRFR70,Brachythecium frigidum (Müll. Hal.) Besch.,NA,NA,NA,NA,Bryopsida,Hypnales,Brachytheciaceae,Brachythecium,NA,frigidum,NA,NA,NA,(Müll. Hal.) Besch.,NA,NA,species,NA,NA,NA,NA,NA,20260113T222639Z,RELEASE-2026
84e3049d-1281-47e1-8e68-9c9111e7fbca,D17,TECR,TECR.AOS.aquatic.plant.transect.02,9,2021-07-19T18:53:00Z,TECR.20210719,TECR.20210719.AP4.T02,NA,NA,NA,NA,NA,N,plant,submerged,SCUN6,Scapania undulata (L.) Dumort.,NA,NA,NA,NA,Hepaticopsida,Jungermanniales,Scapaniaceae,Scapania,NA,undulata,NA,NA,NA,(L.) Dumort.,NA,NA,species,NA,NA,NA,NA,NA,20260113T222639Z,RELEASE-2026
806c941f-0b64-453f-bb19-6d18f02c43bf,D17,TECR,TECR.AOS.aquatic.plant.transect.02,6,2021-07-19T18:53:00Z,TECR.20210719,TECR.20210719.AP1.T02,NA,NA,NA,NA,NA,N,plant,submerged,SCUN6,Scapania undulata (L.) Dumort.,NA,NA,NA,NA,Hepaticopsida,Jungermanniales,Scapaniaceae,Scapania,NA,undulata,NA,NA,NA,(L.) Dumort.,NA,NA,species,NA,NA,NA,NA,NA,20260113T222639Z,RELEASE-2026
cb5b5370-b639-40f7-9415-89f806d04f67,D17,TECR,TECR.AOS.aquatic.plant.transect.01,4,2021-07-19T18:56:00Z,TECR.20210719,TECR.20210719.AP5.T01,NA,NA,NA,NA,NA,N,plant,submerged,FONE3,Fontinalis neomexicana Sull. & Lesq.,NA,NA,NA,NA,Bryopsida,Isobryales,Fontinalaceae,Fontinalis,NA,neomexicana,NA,NA,NA,Sull. & Lesq.,NA,NA,species,NA,NA,NA,NA,NA,20260113T222639Z,RELEASE-2026
b6e50dee-2958-4306-afe3-9d48f01e4b7f,D17,TECR,TECR.AOS.aquatic.plant.transect.01,1,2021-07-19T18:56:00Z,TECR.20210719,TECR.20210719.AP1.T01,NA,NA,NA,NA,NA,N,plant,submerged,FONE3,Fontinalis neomexicana Sull. & Lesq.,NA,NA,NA,NA,Bryopsida,Isobryales,Fontinalaceae,Fontinalis,NA,neomexicana,NA,NA,NA,Sull. & Lesq.,NA,NA,species,NA,NA,NA,NA,NA,20260113T222639Z,RELEASE-2026
1e54da20-258c-43ee-a780-426fb38e0923,D17,TECR,TECR.AOS.aquatic.plant.transect.01,2,2021-07-19T18:56:00Z,TECR.20210719,TECR.20210719.AP2.T01,NA,NA,NA,NA,NA,N,plant,submerged,PELTI2,Peltigera sp.,NA,NA,NA,NA,Ascomycetes,Peltigerales,Peltigeraceae,Peltigera,NA,sp.,NA,NA,NA,Willd.,NA,NA,genus,P.Gowardii add to tax list,NA,NA,NA,NA,20260113T222639Z,RELEASE-2026
b9a5d8dc-6fcc-437a-bc7e-fdaa2e79dbc4,D17,TECR,TECR.AOS.aquatic.plant.transect.01,3,2021-07-19T18:56:00Z,TECR.20210719,TECR.20210719.AP4.T01,NA,NA,NA,NA,NA,N,plant,submerged,FONE3,Fontinalis neomexicana Sull. & Lesq.,NA,NA,NA,NA,Bryopsida,Isobryales,Fontinalaceae,Fontinalis,NA,neomexicana,NA,NA,NA,Sull. & Lesq.,NA,NA,species,NA,NA,NA,NA,NA,20260113T222639Z,RELEASE-2026
0650e859-71ef-4ece-a7c9-bc336926dba4,D17,TECR,TECR.AOS.aquatic.plant.transect.01,11,2021-07-19T18:56:00Z,TECR.20210719,TECR.20210719.AP7.T01,NA,NA,NA,NA,NA,N,plant,emergent,FONE3,Fontinalis neomexicana Sull. & Lesq.,NA,NA,NA,NA,Bryopsida,Isobryales,Fontinalaceae,Fontinalis,NA,neomexicana,NA,NA,NA,Sull. & Lesq.,NA,NA,species,NA,NA,NA,NA,NA,20260113T222639Z,RELEASE-2026
299f5284-0e7f-4b92-b1ad-60ecc60a881a,D17,TECR,TECR.AOS.aquatic.plant.transect.01,10,2021-07-19T18:56:00Z,TECR.20210719,TECR.20210719.AP6.T01,NA,NA,NA,NA,NA,N,plant,emergent,SCUN6,Scapania undulata (L.) Dumort.,NA,NA,NA,NA,Hepaticopsida,Jungermanniales,Scapaniaceae,Scapania,NA,undulata,NA,NA,NA,(L.) Dumort.,NA,NA,species,NA,NA,NA,NA,NA,20260113T222639Z,RELEASE-2026
7fb0dd77-c636-45db-9125-40c5ce64c736,D17,TECR,TECR.AOS.aquatic.plant.transect.01,3,2021-07-19T18:56:00Z,TECR.20210719,TECR.20210719.AP3.T01,NA,NA,NA,NA,NA,N,plant,submerged,SCUN6,Scapania undulata (L.) Dumort.,NA,NA,NA,NA,Hepaticopsida,Jungermanniales,Scapaniaceae,Scapania,NA,undulata,NA,NA,NA,(L.) Dumort.,NA,NA,species,NA,NA,NA,NA,NA,20260113T222639Z,RELEASE-2026
4b722075-4b81-4d6f-844e-f2e3cbfc9af4,D17,TECR,TECR.AOS.aquatic.plant.transect.03,7,2021-07-19T19:19:00Z,TECR.20210719,TECR.20210719.AP7.T03,NA,NA,NA,NA,NA,N,plant,submerged,FONE3,Fontinalis neomexicana Sull. & Lesq.,NA,NA,NA,NA,Bryopsida,Isobryales,Fontinalaceae,Fontinalis,NA,neomexicana,NA,NA,NA,Sull. & Lesq.,NA,NA,species,NA,NA,NA,NA,NA,20260113T222639Z,RELEASE-2026
63ddace8-4921-4641-8d65-50348dbabac4,D17,TECR,TECR.AOS.aquatic.plant.transect.03,3,2021-07-19T19:19:00Z,TECR.20210719,TECR.20210719.AP3.T03,NA,NA,NA,NA,NA,N,plant,submerged,FONE3,Fontinalis neomexicana Sull. & Lesq.,NA,NA,NA,NA,Bryopsida,Isobryales,Fontinalaceae,Fontinalis,NA,neomexicana,NA,NA,NA,Sull. & Lesq.,NA,NA,species,NA,NA,NA,NA,NA,20260113T222639Z,RELEASE-2026
7bda8d12-13ab-44a5-ab73-4291255dc4e7,D17,TECR,TECR.AOS.aquatic.plant.transect.03,13,2021-07-19T19:19:00Z,TECR.20210719,TECR.20210719.AP13.T03,NA,NA,NA,NA,NA,N,plant,submerged,FONE3,Fontinalis neomexicana Sull. & Lesq.,NA,NA,NA,NA,Bryopsida,Isobryales,Fontinalaceae,Fontinalis,NA,neomexicana,NA,NA,NA,Sull. & Lesq.,NA,NA,species,NA,NA,NA,NA,NA,20260113T222639Z,RELEASE-2026
25da4b55-6186-4e2b-9177-ab0e9e718cd1,D17,TECR,TECR.AOS.aquatic.plant.transect.03,6,2021-07-19T19:19:00Z,TECR.20210719,TECR.20210719.AP6.T03,NA,NA,NA,NA,NA,N,plant,submerged,FONE3,Fontinalis neomexicana Sull. & Lesq.,NA,NA,NA,NA,Bryopsida,Isobryales,Fontinalaceae,Fontinalis,NA,neomexicana,NA,NA,NA,Sull. & Lesq.,NA,NA,species,NA,NA,NA,NA,NA,20260113T222639Z,RELEASE-2026
94aa8c19-30c6-410b-b8ac-852acab47b77,D17,TECR,TECR.AOS.aquatic.plant.transect.03,11,2021-07-19T19:19:00Z,TECR.20210719,TECR.20210719.AP11.T03,NA,NA,NA,NA,NA,N,plant,submerged,FONE3,Fontinalis neomexicana Sull. & Lesq.,NA,NA,NA,NA,Bryopsida,Isobryales,Fontinalaceae,Fontinalis,NA,neomexicana,NA,NA,NA,Sull. & Lesq.,NA,NA,species,NA,NA,NA,NA,NA,20260113T222639Z,RELEASE-2026
90176d15-7cdb-43c4-8374-0c1b940cc616,D17,TECR,TECR.AOS.aquatic.plant.transect.03,10,2021-07-19T19:19:00Z,TECR.20210719,TECR.20210719.AP10.T03,NA,NA,NA,NA,NA,N,plant,submerged,FONE3,Fontinalis neomexicana Sull. & Lesq.,NA,NA,NA,NA,Bryopsida,Isobryales,Fontinalaceae,Fontinalis,NA,neomexicana,NA,NA,NA,Sull. & Lesq.,NA,NA,species,NA,NA,NA,NA,NA,20260113T222639Z,RELEASE-2026
55a1cd9f-477d-45b0-bb0a-a789fca551ac,D17,TECR,TECR.AOS.aquatic.plant.transect.03,2,2021-07-19T19:19:00Z,TECR.20210719,TECR.20210719.AP2.T03,NA,NA,NA,NA,NA,N,plant,submerged,FONE3,Fontinalis neomexicana Sull. & Lesq.,NA,NA,NA,NA,Bryopsida,Isobryales,Fontinalaceae,Fontinalis,NA,neomexicana,NA,NA,NA,Sull. & Lesq.,NA,NA,species,NA,NA,NA,NA,NA,20260113T222639Z,RELEASE-2026
6603e7c3-0d10-40cd-a5ef-0be37901cda4,D17,TECR,TECR.AOS.aquatic.plant.transect.03,4,2021-07-19T19:19:00Z,TECR.20210719,TECR.20210719.AP4.T03,NA,NA,NA,NA,NA,N,plant,submerged,FONE3,Fontinalis neomexicana Sull. & Lesq.,NA,NA,NA,NA,Bryopsida,Isobryales,Fontinalaceae,Fontinalis,NA,neomexicana,NA,NA,NA,Sull. & Lesq.,NA,NA,species,NA,NA,NA,NA,NA,20260113T222639Z,RELEASE-2026
43ac8d80-0e6a-41bd-ba0a-1a1488f43593,D17,TECR,TECR.AOS.aquatic.plant.transect.03,16,2021-07-19T19:19:00Z,TECR.20210719,TECR.20210719.AP14.T03,NA,NA,NA,NA,NA,N,plant,submerged,FONE3,Fontinalis neomexicana Sull. & Lesq.,NA,NA,NA,NA,Bryopsida,Isobryales,Fontinalaceae,Fontinalis,NA,neomexicana,NA,NA,NA,Sull. & Lesq.,NA,NA,species,NA,NA,NA,NA,NA,20260113T222639Z,RELEASE-2026
183d74de-d7ba-4599-a4ff-bf2e68d42c68,D17,TECR,TECR.AOS.aquatic.plant.transect.03,5,2021-07-19T19:19:00Z,TECR.20210719,TECR.20210719.AP5.T03,NA,NA,NA,NA,NA,N,plant,submerged,FONE3,Fontinalis neomexicana Sull. & Lesq.,NA,NA,NA,NA,Bryopsida,Isobryales,Fontinalaceae,Fontinalis,NA,neomexicana,NA,NA,NA,Sull. & Lesq.,NA,NA,species,NA,NA,NA,NA,NA,20260113T222639Z,RELEASE-2026
d2d591a4-5403-452b-8740-2f9f758bffa3,D17,TECR,TECR.AOS.aquatic.plant.transect.03,9,2021-07-19T19:19:00Z,TECR.20210719,TECR.20210719.AP9.T03,NA,NA,NA,NA,NA,N,plant,submerged,FONE3,Fontinalis neomexicana Sull. & Lesq.,NA,NA,NA,NA,Bryopsida,Isobryales,Fontinalaceae,Fontinalis,NA,neomexicana,NA,NA,NA,Sull. & Lesq.,NA,NA,species,NA,NA,NA,NA,NA,20260113T222639Z,RELEASE-2026
4f3fe720-45b3-49dd-9abf-4fe76aaab7fc,D17,TECR,TECR.AOS.aquatic.plant.transect.03,1,2021-07-19T19:19:00Z,TECR.20210719,TECR.20210719.AP1.T03,NA,NA,NA,NA,NA,N,plant,submerged,FONE3,Fontinalis neomexicana Sull. & Lesq.,NA,NA,NA,NA,Bryopsida,Isobryales,Fontinalaceae,Fontinalis,NA,neomexicana,NA,NA,NA,Sull. & Lesq.,NA,NA,species,NA,NA,NA,NA,NA,20260113T222639Z,RELEASE-2026
a7b901b3-3e22-482c-a2de-eb7d418fe863,D17,TECR,TECR.AOS.aquatic.plant.transect.03,12,2021-07-19T19:19:00Z,TECR.20210719,TECR.20210719.AP12.T03,NA,NA,NA,NA,NA,N,plant,submerged,FONE3,Fontinalis neomexicana Sull. & Lesq.,NA,NA,NA,NA,Bryopsida,Isobryales,Fontinalaceae,Fontinalis,NA,neomexicana,NA,NA,NA,Sull. & Lesq.,NA,NA,species,NA,NA,NA,NA,NA,20260113T222639Z,RELEASE-2026
d7684636-76ca-4615-b4ae-900abfd52f1b,D17,TECR,TECR.AOS.aquatic.plant.transect.03,8,2021-07-19T19:19:00Z,TECR.20210719,TECR.20210719.AP8.T03,NA,NA,NA,NA,NA,N,plant,submerged,FONE3,Fontinalis neomexicana Sull. & Lesq.,NA,NA,NA,NA,Bryopsida,Isobryales,Fontinalaceae,Fontinalis,NA,neomexicana,NA,NA,NA,Sull. & Lesq.,NA,NA,species,NA,NA,NA,NA,NA,20260113T222639Z,RELEASE-2026
fc79c79c-ee8c-4601-bcd8-8545839a4393,D17,TECR,TECR.AOS.aquatic.plant.transect.04,1,2021-07-19T19:27:00Z,TECR.20210719,TECR.20210719.AP1.T04,NA,NA,NA,NA,NA,N,plant,submerged,FONE3,Fontinalis neomexicana Sull. & Lesq.,NA,NA,NA,NA,Bryopsida,Isobryales,Fontinalaceae,Fontinalis,NA,neomexicana,NA,NA,NA,Sull. & Lesq.,NA,NA,species,NA,NA,NA,NA,NA,20260113T222639Z,RELEASE-2026
03ce01b2-77f6-4c51-befd-6eba4eb637d3,D17,TECR,TECR.AOS.aquatic.plant.transect.04,6,2021-07-19T19:27:00Z,TECR.20210719,TECR.20210719.AP3.T04,NA,NA,NA,NA,NA,N,plant,submerged,SCUN6,Scapania undulata (L.) Dumort.,NA,NA,NA,NA,Hepaticopsida,Jungermanniales,Scapaniaceae,Scapania,NA,undulata,NA,NA,NA,(L.) Dumort.,NA,NA,species,NA,NA,NA,NA,NA,20260113T222639Z,RELEASE-2026
6cd5404b-e7ce-4aec-9941-bed9085c6e96,D17,TECR,TECR.AOS.aquatic.plant.transect.04,7,2021-07-19T19:27:00Z,TECR.20210719,TECR.20210719.AP4.T04,NA,NA,NA,NA,NA,N,plant,submerged,SCUN6,Scapania undulata (L.) Dumort.,NA,NA,NA,NA,Hepaticopsida,Jungermanniales,Scapaniaceae,Scapania,NA,undulata,NA,NA,NA,(L.) Dumort.,NA,NA,species,NA,NA,NA,NA,NA,20260113T222639Z,RELEASE-2026
3831f90e-df94-41b5-93cc-1ab3b61c6a23,D17,TECR,TECR.AOS.aquatic.plant.transect.04,2,2021-07-19T19:27:00Z,TECR.20210719,TECR.20210719.AP2.T04,NA,NA,NA,NA,NA,N,plant,submerged,FONE3,Fontinalis neomexicana Sull. & Lesq.,NA,NA,NA,NA,Bryopsida,Isobryales,Fontinalaceae,Fontinalis,NA,neomexicana,NA,NA,NA,Sull. & Lesq.,NA,NA,species,NA,NA,NA,NA,NA,20260113T222639Z,RELEASE-2026
22fd87c7-d310-4827-a144-79f90b2c8a10,D17,TECR,TECR.AOS.aquatic.plant.transect.05,1,2021-07-19T19:45:00Z,TECR.20210719,TECR.20210719.AP1.T05,NA,NA,NA,NA,NA,N,plant,submerged,FONE3,Fontinalis neomexicana Sull. & Lesq.,NA,NA,NA,NA,Bryopsida,Isobryales,Fontinalaceae,Fontinalis,NA,neomexicana,NA,NA,NA,Sull. & Lesq.,NA,NA,species,NA,NA,NA,NA,NA,20260113T222639Z,RELEASE-2026
fdd41576-7b45-47aa-a76d-51122c43e1ed,D17,TECR,TECR.AOS.aquatic.plant.transect.05,6,2021-07-19T19:45:00Z,TECR.20210719,TECR.20210719.AP5.T05,NA,NA,NA,NA,NA,N,plant,submerged,SCUN6,Scapania undulata (L.) Dumort.,NA,NA,NA,NA,Hepaticopsida,Jungermanniales,Scapaniaceae,Scapania,NA,undulata,NA,NA,NA,(L.) Dumort.,NA,NA,species,NA,NA,NA,NA,NA,20260113T222639Z,RELEASE-2026
2849cf7f-e1e2-4e91-8522-1945cdbc9562,D17,TECR,TECR.AOS.aquatic.plant.transect.05,4,2021-07-19T19:45:00Z,TECR.20210719,TECR.20210719.AP2.T05,NA,NA,NA,NA,NA,N,plant,submerged,CHPO14,Chiloscyphus polyanthos (L.) Corda,NA,NA,NA,NA,Hepaticopsida,Jungermanniales,Geocalycaceae,Chiloscyphus,NA,polyanthos,NA,NA,NA,(L.) Corda,NA,"Doyle, W. T. and Stotler, R. E. 2006. Contributions toward a Bryoflora of California III. Keys and Annotated Species Catalogue for Liverworts and Hornworts. Madrono 53 (2) 89-197.",species,NA,"David Kofranek Botany, LLC",2021-07-19T19:45:00Z,7971fbfc-54cd-4376-b61d-3f5e895551a8,NA,20260113T222639Z,RELEASE-2026
a8837763-1641-4f4e-b16e-674d6dfacada,D17,TECR,TECR.AOS.aquatic.plant.transect.05,5,2021-07-19T19:45:00Z,TECR.20210719,TECR.20210719.AP4.T05,NA,NA,NA,NA,NA,N,plant,submerged,CHPO14,Chiloscyphus polyanthos (L.) Corda,NA,NA,NA,NA,Hepaticopsida,Jungermanniales,Geocalycaceae,Chiloscyphus,NA,polyanthos,NA,NA,NA,(L.) Corda,NA,"Doyle, W. T. and Stotler, R. E. 2006. Contributions toward a Bryoflora of California III. Keys and Annotated Species Catalogue for Liverworts and Hornworts. Madrono 53 (2) 89-197.",species,NA,"David Kofranek Botany, LLC",2021-07-19T19:45:00Z,3d51e5fe-fd2e-471a-ba83-bbd2b0ecb7fc,NA,20260113T222639Z,RELEASE-2026
601cc5b6-b819-42fe-b1fe-e78d66167db4,D17,TECR,TECR.AOS.aquatic.plant.transect.05,5,2021-07-19T19:45:00Z,TECR.20210719,TECR.20210719.AP3.T05,NA,NA,NA,NA,NA,N,plant,submerged,SCUN6,Scapania undulata (L.) Dumort.,NA,NA,NA,NA,Hepaticopsida,Jungermanniales,Scapaniaceae,Scapania,NA,undulata,NA,NA,NA,(L.) Dumort.,NA,NA,species,NA,NA,NA,NA,NA,20260113T222639Z,RELEASE-2026
39cbc8bb-5799-4551-af0d-13789a9debc6,D17,TECR,TECR.AOS.aquatic.plant.transect.05,6,2021-07-19T19:45:00Z,TECR.20210719,TECR.20210719.AP6.T05,NA,NA,NA,NA,NA,N,plant,submerged,2PLANT,Unknown plant,BlackLung,Thin membraned leafy lichen. Coloration appears to change from purple to black with age. Asci present,NA,NA,NA,NA,NA,NA,NA,NA,NA,NA,NA,NA,NA,NA,kingdom,NA,NA,NA,NA,NA,20260113T222639Z,RELEASE-2026
e89b6c52-89dd-4775-a739-566be46586f7,D17,TECR,TECR.AOS.aquatic.plant.transect.06,4,2021-07-19T19:56:00Z,TECR.20210719,TECR.20210719.AP4.T06,NA,NA,NA,NA,NA,N,plant,submerged,PELTI2,Peltigera sp.,NA,NA,NA,NA,Ascomycetes,Peltigerales,Peltigeraceae,Peltigera,NA,sp.,NA,NA,NA,Willd.,NA,NA,genus,P gowardii,NA,NA,NA,NA,20260113T222639Z,RELEASE-2026
2492c375-4dd5-41bf-9964-dec040bf54f6,D17,TECR,TECR.AOS.aquatic.plant.transect.06,3,2021-07-19T19:56:00Z,TECR.20210719,TECR.20210719.AP2.T06,NA,NA,NA,NA,NA,N,plant,emergent,FONE3,Fontinalis neomexicana Sull. & Lesq.,NA,NA,NA,NA,Bryopsida,Isobryales,Fontinalaceae,Fontinalis,NA,neomexicana,NA,NA,NA,Sull. & Lesq.,NA,NA,species,NA,NA,NA,NA,NA,20260113T222639Z,RELEASE-2026
374704dd-623f-407d-8269-74f80104c864,D17,TECR,TECR.AOS.aquatic.plant.transect.06,17,2021-07-19T19:56:00Z,TECR.20210719,TECR.20210719.AP15.T06,NA,NA,NA,NA,NA,N,plant,submerged,FONE3,Fontinalis neomexicana Sull. & Lesq.,NA,NA,NA,NA,Bryopsida,Isobryales,Fontinalaceae,Fontinalis,NA,neomexicana,NA,NA,NA,Sull. & Lesq.,NA,NA,species,NA,NA,NA,NA,NA,20260113T222639Z,RELEASE-2026
c5d191be-e3f6-4533-92ff-30a3627eb739,D17,TECR,TECR.AOS.aquatic.plant.transect.06,4,2021-07-19T19:56:00Z,TECR.20210719,TECR.20210719.AP3.T06,NA,NA,NA,NA,NA,N,plant,submerged,FONE3,Fontinalis neomexicana Sull. & Lesq.,NA,NA,NA,NA,Bryopsida,Isobryales,Fontinalaceae,Fontinalis,NA,neomexicana,NA,NA,NA,Sull. & Lesq.,NA,NA,species,NA,NA,NA,NA,NA,20260113T222639Z,RELEASE-2026
1635d784-c1a9-4e95-8b1a-46d02652db35,D17,TECR,TECR.AOS.aquatic.plant.transect.06,19,2021-07-19T19:56:00Z,TECR.20210719,TECR.20210719.AP17.T06,NA,NA,NA,NA,NA,N,plant,submerged,FONE3,Fontinalis neomexicana Sull. & Lesq.,NA,NA,NA,NA,Bryopsida,Isobryales,Fontinalaceae,Fontinalis,NA,neomexicana,NA,NA,NA,Sull. & Lesq.,NA,NA,species,NA,NA,NA,NA,NA,20260113T222639Z,RELEASE-2026
0bb3a0e9-cffd-4d8a-8f4b-61c635ef988d,D17,TECR,TECR.AOS.aquatic.plant.transect.06,8,2021-07-19T19:56:00Z,TECR.20210719,TECR.20210719.AP8.T06,NA,NA,NA,NA,NA,N,plant,submerged,FONE3,Fontinalis neomexicana Sull. & Lesq.,NA,NA,NA,NA,Bryopsida,Isobryales,Fontinalaceae,Fontinalis,NA,neomexicana,NA,NA,NA,Sull. & Lesq.,NA,NA,species,NA,NA,NA,NA,NA,20260113T222639Z,RELEASE-2026
17446abd-31fd-4393-9245-a6290a5a4850,D17,TECR,TECR.AOS.aquatic.plant.transect.06,17,2021-07-19T19:56:00Z,TECR.20210719,TECR.20210719.AP16.T06,NA,NA,NA,NA,NA,N,plant,submerged,SCUN6,Scapania undulata (L.) Dumort.,NA,NA,NA,NA,Hepaticopsida,Jungermanniales,Scapaniaceae,Scapania,NA,undulata,NA,NA,NA,(L.) Dumort.,NA,NA,species,NA,NA,NA,NA,NA,20260113T222639Z,RELEASE-2026
ad191476-4e9c-47bd-903d-33e39725b279,D17,TECR,TECR.AOS.aquatic.plant.transect.06,11,2021-07-19T19:56:00Z,TECR.20210719,TECR.20210719.AP10.T06,NA,NA,NA,NA,NA,N,plant,submerged,SCUN6,Scapania undulata (L.) Dumort.,NA,NA,NA,NA,Hepaticopsida,Jungermanniales,Scapaniaceae,Scapania,NA,undulata,NA,NA,NA,(L.) Dumort.,NA,NA,species,NA,NA,NA,NA,NA,20260113T222639Z,RELEASE-2026
c34ca9ad-35ce-4dcc-83f1-e8a215d07609,D17,TECR,TECR.AOS.aquatic.plant.transect.06,13,2021-07-19T19:56:00Z,TECR.20210719,TECR.20210719.AP12.T06,NA,NA,NA,NA,NA,N,plant,submerged,SCUN6,Scapania undulata (L.) Dumort.,NA,NA,NA,NA,Hepaticopsida,Jungermanniales,Scapaniaceae,Scapania,NA,undulata,NA,NA,NA,(L.) Dumort.,NA,NA,species,NA,NA,NA,NA,NA,20260113T222639Z,RELEASE-2026
9e096256-888b-453d-8f20-c8364b2f25a9,D17,TECR,TECR.AOS.aquatic.plant.transect.06,5,2021-07-19T19:56:00Z,TECR.20210719,TECR.20210719.AP5.T06,NA,NA,NA,NA,NA,N,plant,submerged,SCUN6,Scapania undulata (L.) Dumort.,NA,NA,NA,NA,Hepaticopsida,Jungermanniales,Scapaniaceae,Scapania,NA,undulata,NA,NA,NA,(L.) Dumort.,NA,NA,species,Barely submerged. Shallow riffle at this transect,NA,NA,NA,NA,20260113T222639Z,RELEASE-2026
fb5934dc-83ed-4927-9e90-131163ab61f7,D17,TECR,TECR.AOS.aquatic.plant.transect.06,6,2021-07-19T19:56:00Z,TECR.20210719,TECR.20210719.AP6.T06,NA,NA,NA,NA,NA,N,plant,submerged,FONE3,Fontinalis neomexicana Sull. & Lesq.,NA,NA,NA,NA,Bryopsida,Isobryales,Fontinalaceae,Fontinalis,NA,neomexicana,NA,NA,NA,Sull. & Lesq.,NA,NA,species,NA,NA,NA,NA,NA,20260113T222639Z,RELEASE-2026
5700c732-2f44-49ce-a562-c91f8517d3ed,D17,TECR,TECR.AOS.aquatic.plant.transect.06,15,2021-07-19T19:56:00Z,TECR.20210719,TECR.20210719.AP14.T06,NA,NA,NA,NA,NA,N,plant,submerged,SCUN6,Scapania undulata (L.) Dumort.,NA,NA,NA,NA,Hepaticopsida,Jungermanniales,Scapaniaceae,Scapania,NA,undulata,NA,NA,NA,(L.) Dumort.,NA,NA,species,NA,NA,NA,NA,NA,20260113T222639Z,RELEASE-2026
f74341b0-69ba-4935-9bc3-d3fb48bdf27b,D17,TECR,TECR.AOS.aquatic.plant.transect.06,10,2021-07-19T19:56:00Z,TECR.20210719,TECR.20210719.AP9.T06,NA,NA,NA,NA,NA,N,plant,submerged,SCUN6,Scapania undulata (L.) Dumort.,NA,NA,NA,NA,Hepaticopsida,Jungermanniales,Scapaniaceae,Scapania,NA,undulata,NA,NA,NA,(L.) Dumort.,NA,NA,species,NA,NA,NA,NA,NA,20260113T222639Z,RELEASE-2026
0bbfc350-d2e5-4d8a-adda-6512da64a390,D17,TECR,TECR.AOS.aquatic.plant.transect.06,12,2021-07-19T19:56:00Z,TECR.20210719,TECR.20210719.AP11.T06,NA,NA,NA,NA,NA,N,plant,submerged,SCUN6,Scapania undulata (L.) Dumort.,NA,NA,NA,NA,Hepaticopsida,Jungermanniales,Scapaniaceae,Scapania,NA,undulata,NA,NA,NA,(L.) Dumort.,NA,NA,species,NA,NA,NA,NA,NA,20260113T222639Z,RELEASE-2026
97d4a1ed-cecb-45c4-b895-155504cdb0f3,D17,TECR,TECR.AOS.aquatic.plant.transect.06,2,2021-07-19T19:56:00Z,TECR.20210719,TECR.20210719.AP1.T06,NA,NA,NA,NA,NA,N,plant,submerged,FONE3,Fontinalis neomexicana Sull. & Lesq.,NA,NA,NA,NA,Bryopsida,Isobryales,Fontinalaceae,Fontinalis,NA,neomexicana,NA,NA,NA,Sull. & Lesq.,NA,NA,species,NA,NA,NA,NA,NA,20260113T222639Z,RELEASE-2026
d8672cab-f192-4799-ac08-594b7536dffb,D17,TECR,TECR.AOS.aquatic.plant.transect.06,7,2021-07-19T19:56:00Z,TECR.20210719,TECR.20210719.AP7.T06,NA,NA,NA,NA,NA,N,plant,submerged,FONE3,Fontinalis neomexicana Sull. & Lesq.,NA,NA,NA,NA,Bryopsida,Isobryales,Fontinalaceae,Fontinalis,NA,neomexicana,NA,NA,NA,Sull. & Lesq.,NA,NA,species,NA,NA,NA,NA,NA,20260113T222639Z,RELEASE-2026
e60def4e-6cd4-42e3-ba0d-9ef6c250cb26,D17,TECR,TECR.AOS.aquatic.plant.transect.06,14,2021-07-19T19:56:00Z,TECR.20210719,TECR.20210719.AP13.T06,NA,NA,NA,NA,NA,N,plant,submerged,FONE3,Fontinalis neomexicana Sull. & Lesq.,NA,NA,NA,NA,Bryopsida,Isobryales,Fontinalaceae,Fontinalis,NA,neomexicana,NA,NA,NA,Sull. & Lesq.,NA,NA,species,NA,NA,NA,NA,NA,20260113T222639Z,RELEASE-2026
0e4209ed-39b1-4e0b-950d-8b479bc5aaf9,D17,TECR,TECR.AOS.aquatic.plant.transect.07,1,2021-07-19T20:09:00Z,TECR.20210719,TECR.20210719.AP1.T07,NA,NA,NA,NA,NA,N,plant,submerged,SCUN6,Scapania undulata (L.) Dumort.,NA,NA,NA,NA,Hepaticopsida,Jungermanniales,Scapaniaceae,Scapania,NA,undulata,NA,NA,NA,(L.) Dumort.,NA,NA,species,NA,NA,NA,NA,NA,20260113T222639Z,RELEASE-2026
1324101e-5da1-4a03-bf9f-c95b07493027,D17,TECR,TECR.AOS.aquatic.plant.transect.07,7,2021-07-19T20:09:00Z,TECR.20210719,TECR.20210719.AP3.T07,NA,NA,NA,NA,NA,N,plant,submerged,SCUN6,Scapania undulata (L.) Dumort.,NA,NA,NA,NA,Hepaticopsida,Jungermanniales,Scapaniaceae,Scapania,NA,undulata,NA,NA,NA,(L.) Dumort.,NA,NA,species,NA,NA,NA,NA,NA,20260113T222639Z,RELEASE-2026
5d7c5449-de99-41a8-8458-b38afd3654ee,D17,TECR,TECR.AOS.aquatic.plant.transect.07,8,2021-07-19T20:09:00Z,TECR.20210719,TECR.20210719.AP4.T07,NA,NA,NA,NA,NA,N,plant,submerged,SCUN6,Scapania undulata (L.) Dumort.,NA,NA,NA,NA,Hepaticopsida,Jungermanniales,Scapaniaceae,Scapania,NA,undulata,NA,NA,NA,(L.) Dumort.,NA,NA,species,NA,NA,NA,NA,NA,20260113T222639Z,RELEASE-2026
daf76e6a-8448-4475-8537-d9387807b396,D17,TECR,TECR.AOS.aquatic.plant.transect.07,9,2021-07-19T20:09:00Z,TECR.20210719,TECR.20210719.AP5.T07,NA,NA,NA,NA,NA,N,plant,submerged,SCUN6,Scapania undulata (L.) Dumort.,NA,NA,NA,NA,Hepaticopsida,Jungermanniales,Scapaniaceae,Scapania,NA,undulata,NA,NA,NA,(L.) Dumort.,NA,NA,species,NA,NA,NA,NA,NA,20260113T222639Z,RELEASE-2026
fe70b095-3a31-4f66-abcd-7f89f0e3e16b,D17,TECR,TECR.AOS.aquatic.plant.transect.07,2,2021-07-19T20:09:00Z,TECR.20210719,TECR.20210719.AP2.T07,NA,NA,NA,NA,NA,N,plant,submerged,2PLANT,Unknown plant,BlackLung,Thin membraned leafy lichen. Coloration appears to change from purple to black with age. Asci present,NA,NA,NA,NA,NA,NA,NA,NA,NA,NA,NA,NA,NA,NA,kingdom,NA,NA,NA,NA,NA,20260113T222639Z,RELEASE-2026
263417a2-4128-4aba-b871-27f63d1ad1cc,D17,TECR,TECR.AOS.aquatic.plant.transect.08,4,2021-07-19T20:22:00Z,TECR.20210719,TECR.20210719.AP1.T08,NA,NA,NA,NA,NA,N,plant,submerged,CHPO14,Chiloscyphus polyanthos (L.) Corda,NA,NA,NA,NA,Hepaticopsida,Jungermanniales,Geocalycaceae,Chiloscyphus,NA,polyanthos,NA,NA,NA,(L.) Corda,NA,"Doyle, W. T. and Stotler, R. E. 2006. Contributions toward a Bryoflora of California III. Keys and Annotated Species Catalogue for Liverworts and Hornworts. Madrono 53 (2) 89-197.",species,NA,"David Kofranek Botany, LLC",2021-07-19T20:22:00Z,699eb733-553d-43fd-b89c-9680f3c2f9dd,NA,20260113T222639Z,RELEASE-2026
b043d2f9-93aa-4c20-9181-962332b43620,D17,TECR,TECR.AOS.aquatic.plant.transect.08,5,2021-07-19T20:22:00Z,TECR.20210719,TECR.20210719.AP2.T08,NA,NA,NA,NA,NA,N,plant,submerged,CHPO14,Chiloscyphus polyanthos (L.) Corda,NA,NA,NA,NA,Hepaticopsida,Jungermanniales,Geocalycaceae,Chiloscyphus,NA,polyanthos,NA,NA,NA,(L.) Corda,NA,"Doyle, W. T. and Stotler, R. E. 2006. Contributions toward a Bryoflora of California III. Keys and Annotated Species Catalogue for Liverworts and Hornworts. Madrono 53 (2) 89-197.",species,NA,"David Kofranek Botany, LLC",2021-07-19T20:22:00Z,cc4de710-29d4-49e0-aad0-eb9053c3e3c5,NA,20260113T222639Z,RELEASE-2026
e7b5b7e6-3f1a-4677-8a70-f7a1149b1789,D17,TECR,TECR.AOS.aquatic.plant.transect.08,8,2021-07-19T20:22:00Z,TECR.20210719,TECR.20210719.AP3.T08,NA,NA,NA,NA,NA,N,plant,submerged,FONE3,Fontinalis neomexicana Sull. & Lesq.,NA,NA,NA,NA,Bryopsida,Isobryales,Fontinalaceae,Fontinalis,NA,neomexicana,NA,NA,NA,Sull. & Lesq.,NA,NA,species,NA,NA,NA,NA,NA,20260113T222639Z,RELEASE-2026
ba4ccc05-663b-4f0a-b746-c4db9ea7f71e,D17,TECR,TECR.AOS.aquatic.plant.transect.09,9,2021-07-19T20:38:00Z,TECR.20210719,TECR.20210719.AP7.T09,NA,NA,NA,NA,NA,N,plant,submerged,FONE3,Fontinalis neomexicana Sull. & Lesq.,NA,NA,NA,NA,Bryopsida,Isobryales,Fontinalaceae,Fontinalis,NA,neomexicana,NA,NA,NA,Sull. & Lesq.,NA,NA,species,NA,NA,NA,NA,NA,20260113T222639Z,RELEASE-2026
46a20ac6-124c-4795-98f6-ed58416fc953,D17,TECR,TECR.AOS.aquatic.plant.transect.09,15,2021-07-19T20:38:00Z,TECR.20210719,TECR.20210719.AP14.T09,NA,NA,NA,NA,NA,N,plant,submerged,FONE3,Fontinalis neomexicana Sull. & Lesq.,NA,NA,NA,NA,Bryopsida,Isobryales,Fontinalaceae,Fontinalis,NA,neomexicana,NA,NA,NA,Sull. & Lesq.,NA,NA,species,NA,NA,NA,NA,NA,20260113T222639Z,RELEASE-2026
c13cfccf-397d-4eb8-b788-3125c912076b,D17,TECR,TECR.AOS.aquatic.plant.transect.09,6,2021-07-19T20:38:00Z,TECR.20210719,TECR.20210719.AP3.T09,NA,NA,NA,NA,NA,N,plant,submerged,SCLER11,Scleropodium sp.,NA,NA,NA,NA,Bryopsida,Hypnales,Brachytheciaceae,Scleropodium,NA,sp.,NA,NA,NA,Schimp.,NA,NA,genus,NA,NA,NA,NA,NA,20260113T222639Z,RELEASE-2026
30c628fb-4acb-4f59-9c9c-68d1ff4c759a,D17,TECR,TECR.AOS.aquatic.plant.transect.09,7,2021-07-19T20:38:00Z,TECR.20210719,TECR.20210719.AP5.T09,NA,NA,NA,NA,NA,N,plant,submerged,EUPR7,Eurhynchium praelongum (Hedw.) Schimp.,NA,NA,NA,NA,Bryopsida,Hypnales,Brachytheciaceae,Eurhynchium,NA,praelongum,NA,NA,NA,(Hedw.) Schimp.,NA,NA,species,NA,NA,NA,NA,NA,20260113T222639Z,RELEASE-2026
9f18bd56-0404-4ec1-af22-d910c7be8748,D17,TECR,TECR.AOS.aquatic.plant.transect.09,8,2021-07-19T20:38:00Z,TECR.20210719,TECR.20210719.AP6.T09,NA,NA,NA,NA,NA,N,plant,submerged,FONE3,Fontinalis neomexicana Sull. & Lesq.,NA,NA,NA,NA,Bryopsida,Isobryales,Fontinalaceae,Fontinalis,NA,neomexicana,NA,NA,NA,Sull. & Lesq.,NA,NA,species,NA,NA,NA,NA,NA,20260113T222639Z,RELEASE-2026
d811e428-ccad-4f05-8692-a7f339c534d0,D17,TECR,TECR.AOS.aquatic.plant.transect.09,11,2021-07-19T20:38:00Z,TECR.20210719,TECR.20210719.AP9.T09,NA,NA,NA,NA,NA,N,plant,submerged,FONE3,Fontinalis neomexicana Sull. & Lesq.,NA,NA,NA,NA,Bryopsida,Isobryales,Fontinalaceae,Fontinalis,NA,neomexicana,NA,NA,NA,Sull. & Lesq.,NA,NA,species,NA,NA,NA,NA,NA,20260113T222639Z,RELEASE-2026
2cd2dc2b-2b82-48d6-ab74-60b1f55c61f1,D17,TECR,TECR.AOS.aquatic.plant.transect.09,6,2021-07-19T20:38:00Z,TECR.20210719,TECR.20210719.AP2.T09,NA,NA,NA,NA,NA,N,plant,submerged,EUPR7,Eurhynchium praelongum (Hedw.) Schimp.,NA,NA,NA,NA,Bryopsida,Hypnales,Brachytheciaceae,Eurhynchium,NA,praelongum,NA,NA,NA,(Hedw.) Schimp.,NA,NA,species,NA,NA,NA,NA,NA,20260113T222639Z,RELEASE-2026
f197b6fe-c703-4208-90ae-d4b34373d7f7,D17,TECR,TECR.AOS.aquatic.plant.transect.09,12,2021-07-19T20:38:00Z,TECR.20210719,TECR.20210719.AP10.T09,NA,NA,NA,NA,NA,N,plant,submerged,FONE3,Fontinalis neomexicana Sull. & Lesq.,NA,NA,NA,NA,Bryopsida,Isobryales,Fontinalaceae,Fontinalis,NA,neomexicana,NA,NA,NA,Sull. & Lesq.,NA,NA,species,NA,NA,NA,NA,NA,20260113T222639Z,RELEASE-2026
601be4a0-f188-43ef-bf17-25d5aeb00317,D17,TECR,TECR.AOS.aquatic.plant.transect.09,6,2021-07-19T20:38:00Z,TECR.20210719,TECR.20210719.AP1.T09,NA,NA,NA,NA,NA,N,plant,submerged,SCUN6,Scapania undulata (L.) Dumort.,NA,NA,NA,NA,Hepaticopsida,Jungermanniales,Scapaniaceae,Scapania,NA,undulata,NA,NA,NA,(L.) Dumort.,NA,NA,species,NA,NA,NA,NA,NA,20260113T222639Z,RELEASE-2026
653f8641-6f05-4497-a44c-a19994a626d2,D17,TECR,TECR.AOS.aquatic.plant.transect.09,6,2021-07-19T20:38:00Z,TECR.20210719,TECR.20210719.AP4.T09,NA,NA,NA,NA,NA,N,plant,submerged,FONE3,Fontinalis neomexicana Sull. & Lesq.,NA,NA,NA,NA,Bryopsida,Isobryales,Fontinalaceae,Fontinalis,NA,neomexicana,NA,NA,NA,Sull. & Lesq.,NA,NA,species,NA,NA,NA,NA,NA,20260113T222639Z,RELEASE-2026
134f14d2-2c5a-456b-bada-77a9054ad74f,D17,TECR,TECR.AOS.aquatic.plant.transect.09,16,2021-07-19T20:38:00Z,TECR.20210719,TECR.20210719.AP15.T09,NA,NA,NA,NA,NA,N,plant,submerged,FONE3,Fontinalis neomexicana Sull. & Lesq.,NA,NA,NA,NA,Bryopsida,Isobryales,Fontinalaceae,Fontinalis,NA,neomexicana,NA,NA,NA,Sull. & Lesq.,NA,NA,species,NA,NA,NA,NA,NA,20260113T222639Z,RELEASE-2026
b2821ddc-1b3e-44de-8637-44a515d2331d,D17,TECR,TECR.AOS.aquatic.plant.transect.09,18,2021-07-19T20:38:00Z,TECR.20210719,TECR.20210719.AP16.T09,NA,NA,NA,NA,NA,N,plant,submerged,FONE3,Fontinalis neomexicana Sull. & Lesq.,NA,NA,NA,NA,Bryopsida,Isobryales,Fontinalaceae,Fontinalis,NA,neomexicana,NA,NA,NA,Sull. & Lesq.,NA,NA,species,NA,NA,NA,NA,NA,20260113T222639Z,RELEASE-2026
5043b78c-c9bb-4ae5-bb17-7161858ef67e,D17,TECR,TECR.AOS.aquatic.plant.transect.09,10,2021-07-19T20:38:00Z,TECR.20210719,TECR.20210719.AP8.T09,NA,NA,NA,NA,NA,N,plant,submerged,FONE3,Fontinalis neomexicana Sull. & Lesq.,NA,NA,NA,NA,Bryopsida,Isobryales,Fontinalaceae,Fontinalis,NA,neomexicana,NA,NA,NA,Sull. & Lesq.,NA,NA,species,NA,NA,NA,NA,NA,20260113T222639Z,RELEASE-2026
3fd8e367-b3c1-472d-aa20-0cd5cef464a6,D17,TECR,TECR.AOS.aquatic.plant.transect.09,13,2021-07-19T20:38:00Z,TECR.20210719,TECR.20210719.AP12.T09,NA,NA,NA,NA,NA,N,plant,submerged,FONE3,Fontinalis neomexicana Sull. & Lesq.,NA,NA,NA,NA,Bryopsida,Isobryales,Fontinalaceae,Fontinalis,NA,neomexicana,NA,NA,NA,Sull. & Lesq.,NA,NA,species,NA,NA,NA,NA,NA,20260113T222639Z,RELEASE-2026
9dbc2a5a-fc7a-4ab3-a8a1-e62535145f9f,D17,TECR,TECR.AOS.aquatic.plant.transect.09,14,2021-07-19T20:38:00Z,TECR.20210719,TECR.20210719.AP13.T09,NA,NA,NA,NA,NA,N,plant,submerged,FONE3,Fontinalis neomexicana Sull. & Lesq.,NA,NA,NA,NA,Bryopsida,Isobryales,Fontinalaceae,Fontinalis,NA,neomexicana,NA,NA,NA,Sull. & Lesq.,NA,NA,species,NA,NA,NA,NA,NA,20260113T222639Z,RELEASE-2026
c7968272-1a3a-4a6f-8240-8030c991948f,D17,TECR,TECR.AOS.aquatic.plant.transect.09,13,2021-07-19T20:38:00Z,TECR.20210719,TECR.20210719.AP11.T09,NA,NA,NA,NA,NA,N,plant,submerged,SCUN6,Scapania undulata (L.) Dumort.,NA,NA,NA,NA,Hepaticopsida,Jungermanniales,Scapaniaceae,Scapania,NA,undulata,NA,NA,NA,(L.) Dumort.,NA,NA,species,NA,NA,NA,NA,NA,20260113T222639Z,RELEASE-2026
4ed6b739-f34f-41cf-b210-1d5650b7731d,D17,TECR,TECR.AOS.aquatic.plant.transect.10,4,2021-07-19T20:54:00Z,TECR.20210719,TECR.20210719.AP1.T10,NA,NA,NA,NA,NA,N,plant,submerged,SCLER11,Scleropodium sp.,NA,NA,NA,NA,Bryopsida,Hypnales,Brachytheciaceae,Scleropodium,NA,sp.,NA,NA,NA,Schimp.,NA,NA,genus,NA,NA,NA,NA,NA,20260113T222639Z,RELEASE-2026
e2294432-991d-4d4b-abd1-76699ea51070,D17,TECR,TECR.AOS.aquatic.plant.transect.01,1,2022-05-03T17:53:00Z,TECR.20220503,TECR.20220503.AP1.1.T1,NA,Sample condition ok,NA,NA,NA,N,plant,submerged,FONE3,Fontinalis neomexicana Sull. & Lesq.,NA,NA,NA,NA,Bryopsida,Isobryales,Fontinalaceae,Fontinalis,NA,neomexicana,NA,NA,NA,Sull. & Lesq.,NA,NA,species,NA,NA,NA,NA,NA,20260113T223528Z,RELEASE-2026
5ba24ec9-45d5-4823-aeac-43032d44a5a1,D17,TECR,TECR.AOS.aquatic.plant.transect.01,4,2022-05-03T17:53:00Z,TECR.20220503,TECR.20220503.AP4.1.T1,NA,Sample condition ok,NA,NA,NA,N,plant,submerged,FONE3,Fontinalis neomexicana Sull. & Lesq.,NA,NA,NA,NA,Bryopsida,Isobryales,Fontinalaceae,Fontinalis,NA,neomexicana,NA,NA,NA,Sull. & Lesq.,NA,NA,species,NA,NA,NA,NA,NA,20260113T223528Z,RELEASE-2026
035c3423-179f-4cd8-ab22-2843c11ec02f,D17,TECR,TECR.AOS.aquatic.plant.transect.01,14,2022-05-03T17:53:00Z,TECR.20220503,TECR.20220503.AP14.1.T1,NA,Sample condition ok,NA,NA,NA,N,plant,submerged,FONE3,Fontinalis neomexicana Sull. & Lesq.,NA,NA,NA,NA,Bryopsida,Isobryales,Fontinalaceae,Fontinalis,NA,neomexicana,NA,NA,NA,Sull. & Lesq.,NA,NA,species,NA,NA,NA,NA,NA,20260113T223528Z,RELEASE-2026
3393b290-9e3a-4351-ac58-7cb468939437,D17,TECR,TECR.AOS.aquatic.plant.transect.01,6,2022-05-03T17:53:00Z,TECR.20220503,TECR.20220503.AP6.1.T1,NA,Sample condition ok,NA,NA,NA,N,plant,submerged,SCUN6,Scapania undulata (L.) Dumort.,NA,NA,NA,NA,Hepaticopsida,Jungermanniales,Scapaniaceae,Scapania,NA,undulata,NA,NA,NA,(L.) Dumort.,NA,NA,species,NA,NA,NA,NA,NA,20260113T223528Z,RELEASE-2026
8ed5612d-28c3-401f-a732-56cc653eafd3,D17,TECR,TECR.AOS.aquatic.plant.transect.01,3,2022-05-03T17:53:00Z,TECR.20220503,TECR.20220503.AP3.1.T1,NA,Sample condition ok,NA,NA,NA,N,plant,submerged,FONE3,Fontinalis neomexicana Sull. & Lesq.,NA,NA,NA,NA,Bryopsida,Isobryales,Fontinalaceae,Fontinalis,NA,neomexicana,NA,NA,NA,Sull. & Lesq.,NA,NA,species,NA,NA,NA,NA,NA,20260113T223528Z,RELEASE-2026
8a24fbe5-0b39-4f26-8874-82965e2b31a4,D17,TECR,TECR.AOS.aquatic.plant.transect.01,8,2022-05-03T17:53:00Z,TECR.20220503,TECR.20220503.AP8.1.T1,NA,Sample condition ok,NA,NA,NA,N,plant,submerged,FONE3,Fontinalis neomexicana Sull. & Lesq.,NA,NA,NA,NA,Bryopsida,Isobryales,Fontinalaceae,Fontinalis,NA,neomexicana,NA,NA,NA,Sull. & Lesq.,NA,NA,species,NA,NA,NA,NA,NA,20260113T223528Z,RELEASE-2026
0c518f8d-d216-4a0f-aeaf-d22055fde031,D17,TECR,TECR.AOS.aquatic.plant.transect.01,12,2022-05-03T17:53:00Z,TECR.20220503,TECR.20220503.AP12.1.T1,NA,Sample condition ok,NA,NA,NA,N,plant,submerged,FONE3,Fontinalis neomexicana Sull. & Lesq.,NA,NA,NA,NA,Bryopsida,Isobryales,Fontinalaceae,Fontinalis,NA,neomexicana,NA,NA,NA,Sull. & Lesq.,NA,NA,species,NA,NA,NA,NA,NA,20260113T223528Z,RELEASE-2026
2eb8de2e-ec9a-4b24-bbc4-cd858facc679,D17,TECR,TECR.AOS.aquatic.plant.transect.01,14,2022-05-03T17:53:00Z,TECR.20220503,TECR.20220503.AP14.2.T1,NA,Sample condition ok,NA,NA,NA,N,plant,submerged,SCUN6,Scapania undulata (L.) Dumort.,NA,NA,NA,NA,Hepaticopsida,Jungermanniales,Scapaniaceae,Scapania,NA,undulata,NA,NA,NA,(L.) Dumort.,NA,NA,species,NA,NA,NA,NA,NA,20260113T223528Z,RELEASE-2026
4edacdf2-3f43-429e-a3df-be77467969cb,D17,TECR,TECR.AOS.aquatic.plant.transect.01,9,2022-05-03T17:53:00Z,TECR.20220503,TECR.20220503.AP9.1.T1,NA,Sample condition ok,NA,NA,NA,N,plant,submerged,FONE3,Fontinalis neomexicana Sull. & Lesq.,NA,NA,NA,NA,Bryopsida,Isobryales,Fontinalaceae,Fontinalis,NA,neomexicana,NA,NA,NA,Sull. & Lesq.,NA,NA,species,NA,NA,NA,NA,NA,20260113T223528Z,RELEASE-2026
e5d19fbb-615c-42aa-af04-0a34625f9232,D17,TECR,TECR.AOS.aquatic.plant.transect.01,5,2022-05-03T17:53:00Z,TECR.20220503,TECR.20220503.AP5.1.T1,NA,Sample condition ok,NA,NA,NA,N,plant,submerged,SCUN6,Scapania undulata (L.) Dumort.,NA,NA,NA,NA,Hepaticopsida,Jungermanniales,Scapaniaceae,Scapania,NA,undulata,NA,NA,NA,(L.) Dumort.,NA,NA,species,NA,NA,NA,NA,NA,20260113T223528Z,RELEASE-2026
d38ec22c-298e-4d61-905a-9dcedea9c6f7,D17,TECR,TECR.AOS.aquatic.plant.transect.02,2,2022-05-03T18:10:00Z,TECR.20220503,TECR.20220503.AP2.1.T2,NA,Sample condition ok,NA,NA,NA,N,plant,submerged,FONE3,Fontinalis neomexicana Sull. & Lesq.,NA,NA,NA,NA,Bryopsida,Isobryales,Fontinalaceae,Fontinalis,NA,neomexicana,NA,NA,NA,Sull. & Lesq.,NA,NA,species,NA,NA,NA,NA,NA,20260113T223528Z,RELEASE-2026
e5bdba60-738c-4d48-b07c-20da89adead6,D17,TECR,TECR.AOS.aquatic.plant.transect.02,7,2022-05-03T18:10:00Z,TECR.20220503,TECR.20220503.AP7.1.T2,NA,Sample condition ok,NA,NA,NA,N,plant,submerged,SCUN6,Scapania undulata (L.) Dumort.,NA,NA,NA,NA,Hepaticopsida,Jungermanniales,Scapaniaceae,Scapania,NA,undulata,NA,NA,NA,(L.) Dumort.,NA,NA,species,NA,NA,NA,NA,NA,20260113T223528Z,RELEASE-2026
57c68eb5-a10a-47a5-b5e5-63e2982a5825,D17,TECR,TECR.AOS.aquatic.plant.transect.02,5,2022-05-03T18:10:00Z,TECR.20220503,TECR.20220503.AP5.1.T2,NA,Sample condition ok,NA,NA,NA,N,plant,emergent,SCUN6,Scapania undulata (L.) Dumort.,NA,NA,NA,NA,Hepaticopsida,Jungermanniales,Scapaniaceae,Scapania,NA,undulata,NA,NA,NA,(L.) Dumort.,NA,NA,species,NA,NA,NA,NA,NA,20260113T223528Z,RELEASE-2026
f9cffe58-3865-420e-b890-aa7e64975ffd,D17,TECR,TECR.AOS.aquatic.plant.transect.02,11,2022-05-03T18:10:00Z,TECR.20220503,TECR.20220503.AP11.1.T2,NA,Sample condition ok,NA,NA,NA,N,plant,submerged,SCUN6,Scapania undulata (L.) Dumort.,NA,NA,NA,NA,Hepaticopsida,Jungermanniales,Scapaniaceae,Scapania,NA,undulata,NA,NA,NA,(L.) Dumort.,NA,NA,species,NA,NA,NA,NA,NA,20260113T223528Z,RELEASE-2026
c1e53290-9c26-4e46-bbb9-aea4fff642dd,D17,TECR,TECR.AOS.aquatic.plant.transect.02,4,2022-05-03T18:10:00Z,TECR.20220503,TECR.20220503.AP4.1.T2,NA,Sample condition ok,NA,NA,NA,N,plant,emergent,SCUN6,Scapania undulata (L.) Dumort.,NA,NA,NA,NA,Hepaticopsida,Jungermanniales,Scapaniaceae,Scapania,NA,undulata,NA,NA,NA,(L.) Dumort.,NA,NA,species,NA,NA,NA,NA,NA,20260113T223528Z,RELEASE-2026
3c9bc770-03aa-4956-836d-ce043b5a434b,D17,TECR,TECR.AOS.aquatic.plant.transect.02,12,2022-05-03T18:10:00Z,TECR.20220503,TECR.20220503.AP12.1.T2,NA,Sample condition ok,NA,NA,NA,N,plant,submerged,SCUN6,Scapania undulata (L.) Dumort.,NA,NA,NA,NA,Hepaticopsida,Jungermanniales,Scapaniaceae,Scapania,NA,undulata,NA,NA,NA,(L.) Dumort.,NA,NA,species,NA,NA,NA,NA,NA,20260113T223528Z,RELEASE-2026
f4a2fdc5-fd3d-4a61-a400-79a7bf224b70,D17,TECR,TECR.AOS.aquatic.plant.transect.02,13,2022-05-03T18:10:00Z,TECR.20220503,TECR.20220503.AP13.1.T2,NA,Sample condition ok,NA,NA,NA,N,plant,emergent,SCLER12,Sclerophora sp.,NA,NA,NA,NA,Ascomycetes,Caliciales,Coniocybaceae,Sclerophora,NA,sp.,NA,NA,NA,Chevall.,NA,NA,genus,NA,NA,NA,NA,NA,20260113T223528Z,RELEASE-2026
d75ff1fd-4601-4811-80e5-f0debb24d089,D17,TECR,TECR.AOS.aquatic.plant.transect.02,6,2022-05-03T18:10:00Z,TECR.20220503,TECR.20220503.AP6.1.T2,NA,Sample condition ok,NA,NA,NA,N,plant,emergent,SCUN6,Scapania undulata (L.) Dumort.,NA,NA,NA,NA,Hepaticopsida,Jungermanniales,Scapaniaceae,Scapania,NA,undulata,NA,NA,NA,(L.) Dumort.,NA,NA,species,NA,NA,NA,NA,NA,20260113T223528Z,RELEASE-2026
3a134dd4-0b2a-404a-902e-7696b282c06c,D17,TECR,TECR.AOS.aquatic.plant.transect.02,7,2022-05-03T18:10:00Z,TECR.20220503,TECR.20220503.AP7.2.T2,NA,Sample condition ok,NA,NA,NA,N,plant,submerged,FONE3,Fontinalis neomexicana Sull. & Lesq.,NA,NA,NA,NA,Bryopsida,Isobryales,Fontinalaceae,Fontinalis,NA,neomexicana,NA,NA,NA,Sull. & Lesq.,NA,NA,species,NA,NA,NA,NA,NA,20260113T223528Z,RELEASE-2026
54fa8484-2073-4800-b1d0-dbf52f7b9bbc,D17,TECR,TECR.AOS.aquatic.plant.transect.02,3,2022-05-03T18:10:00Z,TECR.20220503,TECR.20220503.AP3.1.T2,NA,Sample condition ok,NA,NA,NA,N,plant,submerged,SCUN6,Scapania undulata (L.) Dumort.,NA,NA,NA,NA,Hepaticopsida,Jungermanniales,Scapaniaceae,Scapania,NA,undulata,NA,NA,NA,(L.) Dumort.,NA,NA,species,NA,NA,NA,NA,NA,20260113T223528Z,RELEASE-2026
5c9e914a-8933-4c7c-a173-900643b2f830,D17,TECR,TECR.AOS.aquatic.plant.transect.02,14,2022-05-03T18:10:00Z,TECR.20220503,TECR.20220503.AP14.1.T2,NA,Sample condition ok,NA,NA,NA,N,plant,emergent,SCLER11,Scleropodium sp.,NA,NA,NA,NA,Bryopsida,Hypnales,Brachytheciaceae,Scleropodium,NA,sp.,NA,NA,NA,Schimp.,NA,NA,genus,NA,NA,NA,NA,NA,20260113T223528Z,RELEASE-2026
6b159d9d-2fe9-4182-bf0d-5efc24ab6c88,D17,TECR,TECR.AOS.aquatic.plant.transect.03,12,2022-05-03T18:28:00Z,TECR.20220503,TECR.20220503.AP12.1.T3,NA,Sample condition ok,NA,NA,NA,N,plant,submerged,FONE3,Fontinalis neomexicana Sull. & Lesq.,NA,NA,NA,NA,Bryopsida,Isobryales,Fontinalaceae,Fontinalis,NA,neomexicana,NA,NA,NA,Sull. & Lesq.,NA,NA,species,NA,NA,NA,NA,NA,20260113T223528Z,RELEASE-2026
96212c6a-cbf3-49dc-9bcf-61d19254b683,D17,TECR,TECR.AOS.aquatic.plant.transect.03,3,2022-05-03T18:28:00Z,TECR.20220503,TECR.20220503.AP3.2.T3,NA,Sample condition ok,NA,NA,NA,N,plant,submerged,SCUN6,Scapania undulata (L.) Dumort.,NA,NA,NA,NA,Hepaticopsida,Jungermanniales,Scapaniaceae,Scapania,NA,undulata,NA,NA,NA,(L.) Dumort.,NA,NA,species,NA,NA,NA,NA,NA,20260113T223528Z,RELEASE-2026
0af8d11c-0cbe-4e76-9003-4533a5bd43ce,D17,TECR,TECR.AOS.aquatic.plant.transect.03,2,2022-05-03T18:28:00Z,TECR.20220503,TECR.20220503.AP2.1.T3,NA,Sample condition ok,NA,NA,NA,N,plant,submerged,FONE3,Fontinalis neomexicana Sull. & Lesq.,NA,NA,NA,NA,Bryopsida,Isobryales,Fontinalaceae,Fontinalis,NA,neomexicana,NA,NA,NA,Sull. & Lesq.,NA,NA,species,NA,NA,NA,NA,NA,20260113T223528Z,RELEASE-2026
06e85ab5-e5a5-4e1f-9a89-3c3afdc5c306,D17,TECR,TECR.AOS.aquatic.plant.transect.03,17,2022-05-03T18:28:00Z,TECR.20220503,TECR.20220503.AP17.1.T3,NA,Sample condition ok,NA,NA,NA,N,plant,submerged,FONE3,Fontinalis neomexicana Sull. & Lesq.,NA,NA,NA,NA,Bryopsida,Isobryales,Fontinalaceae,Fontinalis,NA,neomexicana,NA,NA,NA,Sull. & Lesq.,NA,NA,species,NA,NA,NA,NA,NA,20260113T223528Z,RELEASE-2026
15b94347-d02b-4d48-8cda-03434b9d45f2,D17,TECR,TECR.AOS.aquatic.plant.transect.03,1,2022-05-03T18:28:00Z,TECR.20220503,TECR.20220503.AP1.1.T3,NA,Sample condition ok,NA,NA,NA,N,plant,submerged,FONE3,Fontinalis neomexicana Sull. & Lesq.,NA,NA,NA,NA,Bryopsida,Isobryales,Fontinalaceae,Fontinalis,NA,neomexicana,NA,NA,NA,Sull. & Lesq.,NA,NA,species,NA,NA,NA,NA,NA,20260113T223528Z,RELEASE-2026
ec11047f-6b81-4a94-8a7b-3019950063d7,D17,TECR,TECR.AOS.aquatic.plant.transect.03,6,2022-05-03T18:28:00Z,TECR.20220503,TECR.20220503.AP6.1.T3,NA,Sample condition ok,NA,NA,NA,N,plant,submerged,FONE3,Fontinalis neomexicana Sull. & Lesq.,NA,NA,NA,NA,Bryopsida,Isobryales,Fontinalaceae,Fontinalis,NA,neomexicana,NA,NA,NA,Sull. & Lesq.,NA,NA,species,NA,NA,NA,NA,NA,20260113T223528Z,RELEASE-2026
4d7caf4a-7207-4c75-9647-21e291ca9956,D17,TECR,TECR.AOS.aquatic.plant.transect.03,7,2022-05-03T18:28:00Z,TECR.20220503,TECR.20220503.AP7.1.T3,NA,Sample condition ok,NA,NA,NA,N,plant,submerged,FONE3,Fontinalis neomexicana Sull. & Lesq.,NA,NA,NA,NA,Bryopsida,Isobryales,Fontinalaceae,Fontinalis,NA,neomexicana,NA,NA,NA,Sull. & Lesq.,NA,NA,species,NA,NA,NA,NA,NA,20260113T223528Z,RELEASE-2026
61aa9c31-0129-4b79-93cf-9bbfdf81dcd7,D17,TECR,TECR.AOS.aquatic.plant.transect.03,5,2022-05-03T18:28:00Z,TECR.20220503,TECR.20220503.AP5.1.T3,NA,Sample condition ok,NA,NA,NA,N,plant,submerged,FONE3,Fontinalis neomexicana Sull. & Lesq.,NA,NA,NA,NA,Bryopsida,Isobryales,Fontinalaceae,Fontinalis,NA,neomexicana,NA,NA,NA,Sull. & Lesq.,NA,NA,species,NA,NA,NA,NA,NA,20260113T223528Z,RELEASE-2026
1824595b-5919-4117-9109-c62cca080c83,D17,TECR,TECR.AOS.aquatic.plant.transect.03,4,2022-05-03T18:28:00Z,TECR.20220503,TECR.20220503.AP4.1.T3,NA,Sample condition ok,NA,NA,NA,N,plant,submerged,FONE3,Fontinalis neomexicana Sull. & Lesq.,NA,NA,NA,NA,Bryopsida,Isobryales,Fontinalaceae,Fontinalis,NA,neomexicana,NA,NA,NA,Sull. & Lesq.,NA,NA,species,NA,NA,NA,NA,NA,20260113T223528Z,RELEASE-2026
0861d459-700e-4558-99d7-f54e220c677a,D17,TECR,TECR.AOS.aquatic.plant.transect.03,3,2022-05-03T18:28:00Z,TECR.20220503,TECR.20220503.AP3.1.T3,NA,Sample condition ok,NA,NA,NA,N,plant,submerged,FONE3,Fontinalis neomexicana Sull. & Lesq.,NA,NA,NA,NA,Bryopsida,Isobryales,Fontinalaceae,Fontinalis,NA,neomexicana,NA,NA,NA,Sull. & Lesq.,NA,NA,species,NA,NA,NA,NA,NA,20260113T223528Z,RELEASE-2026
ef528204-887a-4ce8-b553-631636af6b36,D17,TECR,TECR.AOS.aquatic.plant.transect.03,18,2022-05-03T18:28:00Z,TECR.20220503,TECR.20220503.AP18.1.T3,NA,Sample condition ok,NA,NA,NA,N,plant,submerged,FONE3,Fontinalis neomexicana Sull. & Lesq.,NA,NA,NA,NA,Bryopsida,Isobryales,Fontinalaceae,Fontinalis,NA,neomexicana,NA,NA,NA,Sull. & Lesq.,NA,NA,species,NA,NA,NA,NA,NA,20260113T223528Z,RELEASE-2026
bae82eca-c1ab-4cbe-96c6-d7806903b5ca,D17,TECR,TECR.AOS.aquatic.plant.transect.03,19,2022-05-03T18:28:00Z,TECR.20220503,TECR.20220503.AP19.1.T3,NA,Sample condition ok,NA,NA,NA,N,plant,emergent,SCLER11,Scleropodium sp.,NA,NA,NA,NA,Bryopsida,Hypnales,Brachytheciaceae,Scleropodium,NA,sp.,NA,NA,NA,Schimp.,NA,NA,genus,NA,NA,NA,NA,NA,20260113T223528Z,RELEASE-2026
a7cf1b57-bde1-4be5-9480-c764e5384636,D17,TECR,TECR.AOS.aquatic.plant.transect.04,9,2022-05-03T18:42:00Z,TECR.20220503,TECR.20220503.AP9.1.T4,NA,Sample condition ok,NA,NA,NA,N,plant,emergent,SCUN6,Scapania undulata (L.) Dumort.,NA,NA,NA,NA,Hepaticopsida,Jungermanniales,Scapaniaceae,Scapania,NA,undulata,NA,NA,NA,(L.) Dumort.,NA,NA,species,NA,NA,NA,NA,NA,20260113T223528Z,RELEASE-2026
cd33b54a-eb02-44e4-b695-3d3335e33b08,D17,TECR,TECR.AOS.aquatic.plant.transect.04,3,2022-05-03T18:42:00Z,TECR.20220503,TECR.20220503.AP3.1.T4,NA,Sample condition ok,NA,NA,NA,N,plant,submerged,FONE3,Fontinalis neomexicana Sull. & Lesq.,NA,NA,NA,NA,Bryopsida,Isobryales,Fontinalaceae,Fontinalis,NA,neomexicana,NA,NA,NA,Sull. & Lesq.,NA,NA,species,NA,NA,NA,NA,NA,20260113T223528Z,RELEASE-2026
3d3f54b7-033d-4f37-853f-df60c03d59d9,D17,TECR,TECR.AOS.aquatic.plant.transect.04,13,2022-05-03T18:42:00Z,TECR.20220503,TECR.20220503.AP13.1.T4,NA,Sample condition ok,NA,NA,NA,N,plant,submerged,SCUN6,Scapania undulata (L.) Dumort.,NA,NA,NA,NA,Hepaticopsida,Jungermanniales,Scapaniaceae,Scapania,NA,undulata,NA,NA,NA,(L.) Dumort.,NA,NA,species,NA,NA,NA,NA,NA,20260113T223528Z,RELEASE-2026
fdf7ba91-7a64-4f99-b493-7c22ec3de9c0,D17,TECR,TECR.AOS.aquatic.plant.transect.04,5,2022-05-03T18:42:00Z,TECR.20220503,TECR.20220503.AP5.1.T4,NA,Sample condition ok,NA,NA,NA,N,plant,submerged,SCUN6,Scapania undulata (L.) Dumort.,NA,NA,NA,NA,Hepaticopsida,Jungermanniales,Scapaniaceae,Scapania,NA,undulata,NA,NA,NA,(L.) Dumort.,NA,NA,species,NA,NA,NA,NA,NA,20260113T223528Z,RELEASE-2026
83a7c806-77aa-4215-8d71-7bac03b0d9a0,D17,TECR,TECR.AOS.aquatic.plant.transect.04,2,2022-05-03T18:42:00Z,TECR.20220503,TECR.20220503.AP2.1.T4,NA,Sample condition ok,NA,NA,NA,N,plant,submerged,FONE3,Fontinalis neomexicana Sull. & Lesq.,NA,NA,NA,NA,Bryopsida,Isobryales,Fontinalaceae,Fontinalis,NA,neomexicana,NA,NA,NA,Sull. & Lesq.,NA,NA,species,NA,NA,NA,NA,NA,20260113T223528Z,RELEASE-2026
e3c29191-902a-416d-af3d-91855c8e8c6b,D17,TECR,TECR.AOS.aquatic.plant.transect.04,2,2022-05-03T18:42:00Z,TECR.20220503,TECR.20220503.AP2.2.T4,NA,Sample condition ok,NA,NA,NA,N,plant,submerged,SCUN6,Scapania undulata (L.) Dumort.,NA,NA,NA,NA,Hepaticopsida,Jungermanniales,Scapaniaceae,Scapania,NA,undulata,NA,NA,NA,(L.) Dumort.,NA,NA,species,NA,NA,NA,NA,NA,20260113T223528Z,RELEASE-2026
9a73469d-a8d9-4fc3-b0fb-98762b76e192,D17,TECR,TECR.AOS.aquatic.plant.transect.04,12,2022-05-03T18:42:00Z,TECR.20220503,TECR.20220503.AP12.1.T4,NA,Sample condition ok,NA,NA,NA,N,plant,submerged,FONE3,Fontinalis neomexicana Sull. & Lesq.,NA,NA,NA,NA,Bryopsida,Isobryales,Fontinalaceae,Fontinalis,NA,neomexicana,NA,NA,NA,Sull. & Lesq.,NA,NA,species,NA,NA,NA,NA,NA,20260113T223528Z,RELEASE-2026
e11e89e1-52c7-42d9-8485-7345fe5e7ece,D17,TECR,TECR.AOS.aquatic.plant.transect.04,1,2022-05-03T18:42:00Z,TECR.20220503,TECR.20220503.AP1.1.T4,NA,Sample condition ok,NA,NA,NA,N,plant,submerged,FONE3,Fontinalis neomexicana Sull. & Lesq.,NA,NA,NA,NA,Bryopsida,Isobryales,Fontinalaceae,Fontinalis,NA,neomexicana,NA,NA,NA,Sull. & Lesq.,NA,NA,species,NA,NA,NA,NA,NA,20260113T223528Z,RELEASE-2026
db2c5434-1cfc-4866-97ab-13c1776cb874,D17,TECR,TECR.AOS.aquatic.plant.transect.04,7,2022-05-03T18:42:00Z,TECR.20220503,TECR.20220503.AP7.1.T4,NA,Sample condition ok,NA,NA,NA,N,plant,submerged,SCUN6,Scapania undulata (L.) Dumort.,NA,NA,NA,NA,Hepaticopsida,Jungermanniales,Scapaniaceae,Scapania,NA,undulata,NA,NA,NA,(L.) Dumort.,NA,NA,species,NA,NA,NA,NA,NA,20260113T223528Z,RELEASE-2026
2173c6f8-5cab-4dad-8915-84250496925e,D17,TECR,TECR.AOS.aquatic.plant.transect.04,4,2022-05-03T18:42:00Z,TECR.20220503,TECR.20220503.AP4.1.T4,NA,Sample condition ok,NA,NA,NA,N,plant,submerged,FONE3,Fontinalis neomexicana Sull. & Lesq.,NA,NA,NA,NA,Bryopsida,Isobryales,Fontinalaceae,Fontinalis,NA,neomexicana,NA,NA,NA,Sull. & Lesq.,NA,NA,species,NA,NA,NA,NA,NA,20260113T223528Z,RELEASE-2026
94a94051-96b1-44ff-8679-0b90e2cbc9cf,D17,TECR,TECR.AOS.aquatic.plant.transect.04,10,2022-05-03T18:42:00Z,TECR.20220503,TECR.20220503.AP10.1.T4,NA,Sample condition ok,NA,NA,NA,N,plant,submerged,SCUN6,Scapania undulata (L.) Dumort.,NA,NA,NA,NA,Hepaticopsida,Jungermanniales,Scapaniaceae,Scapania,NA,undulata,NA,NA,NA,(L.) Dumort.,NA,NA,species,NA,NA,NA,NA,NA,20260113T223528Z,RELEASE-2026
949dba56-047a-4fc6-87f6-7e3ddeeafe38,D17,TECR,TECR.AOS.aquatic.plant.transect.04,1,2022-05-03T18:42:00Z,TECR.20220503,TECR.20220503.AP1.2.T4,NA,Sample condition ok,NA,NA,NA,N,plant,submerged,SCUN6,Scapania undulata (L.) Dumort.,NA,NA,NA,NA,Hepaticopsida,Jungermanniales,Scapaniaceae,Scapania,NA,undulata,NA,NA,NA,(L.) Dumort.,NA,NA,species,NA,NA,NA,NA,NA,20260113T223528Z,RELEASE-2026
4c89d3f3-1b7a-4358-a4bb-2a0c84bdfc14,D17,TECR,TECR.AOS.aquatic.plant.transect.04,8,2022-05-03T18:42:00Z,TECR.20220503,TECR.20220503.AP8.1.T4,NA,Sample condition ok,NA,NA,NA,N,plant,emergent,SCUN6,Scapania undulata (L.) Dumort.,NA,NA,NA,NA,Hepaticopsida,Jungermanniales,Scapaniaceae,Scapania,NA,undulata,NA,NA,NA,(L.) Dumort.,NA,NA,species,NA,NA,NA,NA,NA,20260113T223528Z,RELEASE-2026
405fe217-56e2-483b-a890-b5e1e5be7f15,D17,TECR,TECR.AOS.aquatic.plant.transect.04,5,2022-05-03T18:42:00Z,TECR.20220503,TECR.20220503.AP5.2.T4,NA,Sample condition ok,NA,NA,NA,N,plant,submerged,FONE3,Fontinalis neomexicana Sull. & Lesq.,NA,NA,NA,NA,Bryopsida,Isobryales,Fontinalaceae,Fontinalis,NA,neomexicana,NA,NA,NA,Sull. & Lesq.,NA,NA,species,NA,NA,NA,NA,NA,20260113T223528Z,RELEASE-2026
7f0c11b2-69e8-44b6-a850-e919e8c765f7,D17,TECR,TECR.AOS.aquatic.plant.transect.04,3,2022-05-03T18:42:00Z,TECR.20220503,TECR.20220503.AP3.2.T4,NA,Sample condition ok,NA,NA,NA,N,plant,submerged,SCUN6,Scapania undulata (L.) Dumort.,NA,NA,NA,NA,Hepaticopsida,Jungermanniales,Scapaniaceae,Scapania,NA,undulata,NA,NA,NA,(L.) Dumort.,NA,NA,species,NA,NA,NA,NA,NA,20260113T223528Z,RELEASE-2026
c25fbfeb-7925-4ea1-8b74-2daeb52242c0,D17,TECR,TECR.AOS.aquatic.plant.transect.04,11,2022-05-03T18:42:00Z,TECR.20220503,TECR.20220503.AP11.1.T4,NA,Sample condition ok,NA,NA,NA,N,plant,submerged,SCUN6,Scapania undulata (L.) Dumort.,NA,NA,NA,NA,Hepaticopsida,Jungermanniales,Scapaniaceae,Scapania,NA,undulata,NA,NA,NA,(L.) Dumort.,NA,NA,species,NA,NA,NA,NA,NA,20260113T223528Z,RELEASE-2026
1fb92d70-e15d-4354-a3fd-23b56d5cacf8,D17,TECR,TECR.AOS.aquatic.plant.transect.05,5,2022-05-03T18:58:00Z,TECR.20220503,TECR.20220503.AP5.1.T5,NA,Sample condition ok,NA,NA,NA,N,plant,emergent,SCLER11,Scleropodium sp.,NA,NA,NA,NA,Bryopsida,Hypnales,Brachytheciaceae,Scleropodium,NA,sp.,NA,NA,NA,Schimp.,NA,NA,genus,NA,NA,NA,NA,NA,20260113T223528Z,RELEASE-2026
c91339ec-a6c0-4b26-8d7d-c5a7bd7f7329,D17,TECR,TECR.AOS.aquatic.plant.transect.05,6,2022-05-03T18:58:00Z,TECR.20220503,TECR.20220503.AP6.2.T5,NA,Sample condition ok,NA,NA,NA,N,plant,submerged,SCLER11,Scleropodium sp.,NA,NA,NA,NA,Bryopsida,Hypnales,Brachytheciaceae,Scleropodium,NA,sp.,NA,NA,NA,Schimp.,NA,NA,genus,NA,NA,NA,NA,NA,20260113T223528Z,RELEASE-2026
d9b40562-d6e9-4359-bc69-110141a826bc,D17,TECR,TECR.AOS.aquatic.plant.transect.05,11,2022-05-03T18:58:00Z,TECR.20220503,TECR.20220503.AP11.1.T5,NA,Sample condition ok,NA,NA,NA,N,plant,submerged,SCUN6,Scapania undulata (L.) Dumort.,NA,NA,NA,NA,Hepaticopsida,Jungermanniales,Scapaniaceae,Scapania,NA,undulata,NA,NA,NA,(L.) Dumort.,NA,NA,species,NA,NA,NA,NA,NA,20260113T223528Z,RELEASE-2026
dddfbd8c-b20a-49ba-aba7-65b6134d125f,D17,TECR,TECR.AOS.aquatic.plant.transect.05,6,2022-05-03T18:58:00Z,TECR.20220503,TECR.20220503.AP6.1.T5,NA,Sample condition ok,NA,NA,NA,N,plant,submerged,FONE3,Fontinalis neomexicana Sull. & Lesq.,NA,NA,NA,NA,Bryopsida,Isobryales,Fontinalaceae,Fontinalis,NA,neomexicana,NA,NA,NA,Sull. & Lesq.,NA,NA,species,NA,NA,NA,NA,NA,20260113T223528Z,RELEASE-2026
619429d1-6bef-4d49-8f6b-429969d6d4f1,D17,TECR,TECR.AOS.aquatic.plant.transect.06,16,2022-05-03T19:11:00Z,TECR.20220503,TECR.20220503.AP16.1.T6,NA,Sample condition ok,NA,NA,NA,N,plant,submerged,FONE3,Fontinalis neomexicana Sull. & Lesq.,NA,NA,NA,NA,Bryopsida,Isobryales,Fontinalaceae,Fontinalis,NA,neomexicana,NA,NA,NA,Sull. & Lesq.,NA,NA,species,NA,NA,NA,NA,NA,20260113T223528Z,RELEASE-2026
f4c014aa-aea8-492f-b5a9-fabec70dd8bb,D17,TECR,TECR.AOS.aquatic.plant.transect.06,5,2022-05-03T19:11:00Z,TECR.20220503,TECR.20220503.AP5.1.T6,NA,Sample condition ok,NA,NA,NA,N,plant,submerged,FONE3,Fontinalis neomexicana Sull. & Lesq.,NA,NA,NA,NA,Bryopsida,Isobryales,Fontinalaceae,Fontinalis,NA,neomexicana,NA,NA,NA,Sull. & Lesq.,NA,NA,species,NA,NA,NA,NA,NA,20260113T223528Z,RELEASE-2026
302b5c16-d847-4fd1-a50d-50350d3c85d9,D17,TECR,TECR.AOS.aquatic.plant.transect.06,3,2022-05-03T19:11:00Z,TECR.20220503,TECR.20220503.AP3.2.T6,NA,Sample condition ok,NA,NA,NA,N,plant,submerged,PELTI2,Peltigera sp.,NA,NA,NA,NA,Ascomycetes,Peltigerales,Peltigeraceae,Peltigera,NA,sp.,NA,NA,NA,Willd.,NA,NA,genus,P.gowardii,NA,NA,NA,NA,20260113T223528Z,RELEASE-2026
745bc774-a96c-4b31-af29-b25d797c8890,D17,TECR,TECR.AOS.aquatic.plant.transect.06,9,2022-05-03T19:11:00Z,TECR.20220503,TECR.20220503.AP9.1.T6,NA,Sample condition ok,NA,NA,NA,N,plant,submerged,FONE3,Fontinalis neomexicana Sull. & Lesq.,NA,NA,NA,NA,Bryopsida,Isobryales,Fontinalaceae,Fontinalis,NA,neomexicana,NA,NA,NA,Sull. & Lesq.,NA,NA,species,NA,NA,NA,NA,NA,20260113T223528Z,RELEASE-2026
35cde22b-66d7-4f0c-9c74-130f87608546,D17,TECR,TECR.AOS.aquatic.plant.transect.06,6,2022-05-03T19:11:00Z,TECR.20220503,TECR.20220503.AP6.1.T6,NA,Sample condition ok,NA,NA,NA,N,plant,submerged,FONE3,Fontinalis neomexicana Sull. & Lesq.,NA,NA,NA,NA,Bryopsida,Isobryales,Fontinalaceae,Fontinalis,NA,neomexicana,NA,NA,NA,Sull. & Lesq.,NA,NA,species,NA,NA,NA,NA,NA,20260113T223528Z,RELEASE-2026
370648ef-1768-498b-8ea5-7190a5490aa9,D17,TECR,TECR.AOS.aquatic.plant.transect.06,4,2022-05-03T19:11:00Z,TECR.20220503,TECR.20220503.AP4.1.T6,NA,Sample condition ok,NA,NA,NA,N,plant,submerged,FONE3,Fontinalis neomexicana Sull. & Lesq.,NA,NA,NA,NA,Bryopsida,Isobryales,Fontinalaceae,Fontinalis,NA,neomexicana,NA,NA,NA,Sull. & Lesq.,NA,NA,species,NA,NA,NA,NA,NA,20260113T223528Z,RELEASE-2026
83fe6dd0-d897-4ea2-b112-735ec69b6363,D17,TECR,TECR.AOS.aquatic.plant.transect.06,14,2022-05-03T19:11:00Z,TECR.20220503,TECR.20220503.AP14.1.T6,NA,Sample condition ok,NA,NA,NA,N,plant,submerged,SCUN6,Scapania undulata (L.) Dumort.,NA,NA,NA,NA,Hepaticopsida,Jungermanniales,Scapaniaceae,Scapania,NA,undulata,NA,NA,NA,(L.) Dumort.,NA,NA,species,NA,NA,NA,NA,NA,20260113T223528Z,RELEASE-2026
8e3f69e4-6917-4ac3-81e7-763909814091,D17,TECR,TECR.AOS.aquatic.plant.transect.06,13,2022-05-03T19:11:00Z,TECR.20220503,TECR.20220503.AP13.1.T6,NA,Sample condition ok,NA,NA,NA,N,plant,submerged,SCUN6,Scapania undulata (L.) Dumort.,NA,NA,NA,NA,Hepaticopsida,Jungermanniales,Scapaniaceae,Scapania,NA,undulata,NA,NA,NA,(L.) Dumort.,NA,NA,species,NA,NA,NA,NA,NA,20260113T223528Z,RELEASE-2026
c4ff0e91-8e41-44bf-a19e-ec2a6bba1ba3,D17,TECR,TECR.AOS.aquatic.plant.transect.06,3,2022-05-03T19:11:00Z,TECR.20220503,TECR.20220503.AP3.1.T6,NA,Sample condition ok,NA,NA,NA,N,plant,submerged,FONE3,Fontinalis neomexicana Sull. & Lesq.,NA,NA,NA,NA,Bryopsida,Isobryales,Fontinalaceae,Fontinalis,NA,neomexicana,NA,NA,NA,Sull. & Lesq.,NA,NA,species,NA,NA,NA,NA,NA,20260113T223528Z,RELEASE-2026
abb29fe9-e07f-4e97-9b46-300f03f22123,D17,TECR,TECR.AOS.aquatic.plant.transect.06,2,2022-05-03T19:11:00Z,TECR.20220503,TECR.20220503.AP2.1.T6,NA,Sample condition ok,NA,NA,NA,N,plant,submerged,FONE3,Fontinalis neomexicana Sull. & Lesq.,NA,NA,NA,NA,Bryopsida,Isobryales,Fontinalaceae,Fontinalis,NA,neomexicana,NA,NA,NA,Sull. & Lesq.,NA,NA,species,NA,NA,NA,NA,NA,20260113T223528Z,RELEASE-2026
0153c656-c1a8-4038-9109-c90393f0efae,D17,TECR,TECR.AOS.aquatic.plant.transect.06,10,2022-05-03T19:11:00Z,TECR.20220503,TECR.20220503.AP10.1.T6,NA,Sample condition ok,NA,NA,NA,N,plant,submerged,SCUN6,Scapania undulata (L.) Dumort.,NA,NA,NA,NA,Hepaticopsida,Jungermanniales,Scapaniaceae,Scapania,NA,undulata,NA,NA,NA,(L.) Dumort.,NA,NA,species,NA,NA,NA,NA,NA,20260113T223528Z,RELEASE-2026
2afef909-bdb9-4309-8de9-2a58c8aa24c0,D17,TECR,TECR.AOS.aquatic.plant.transect.06,7,2022-05-03T19:11:00Z,TECR.20220503,TECR.20220503.AP7.1.T6,NA,Sample condition ok,NA,NA,NA,N,plant,submerged,FONE3,Fontinalis neomexicana Sull. & Lesq.,NA,NA,NA,NA,Bryopsida,Isobryales,Fontinalaceae,Fontinalis,NA,neomexicana,NA,NA,NA,Sull. & Lesq.,NA,NA,species,NA,NA,NA,NA,NA,20260113T223528Z,RELEASE-2026
0ba9d5b6-3e92-423f-a3a6-f994e8eecfae,D17,TECR,TECR.AOS.aquatic.plant.transect.06,12,2022-05-03T19:11:00Z,TECR.20220503,TECR.20220503.AP12.1.T6,NA,Sample condition ok,NA,NA,NA,N,plant,submerged,SCUN6,Scapania undulata (L.) Dumort.,NA,NA,NA,NA,Hepaticopsida,Jungermanniales,Scapaniaceae,Scapania,NA,undulata,NA,NA,NA,(L.) Dumort.,NA,NA,species,NA,NA,NA,NA,NA,20260113T223528Z,RELEASE-2026
4dffe397-798f-4f6c-8e8e-a217f7bc7451,D17,TECR,TECR.AOS.aquatic.plant.transect.06,8,2022-05-03T19:11:00Z,TECR.20220503,TECR.20220503.AP8.1.T6,NA,Sample condition ok,NA,NA,NA,N,plant,submerged,FONE3,Fontinalis neomexicana Sull. & Lesq.,NA,NA,NA,NA,Bryopsida,Isobryales,Fontinalaceae,Fontinalis,NA,neomexicana,NA,NA,NA,Sull. & Lesq.,NA,NA,species,NA,NA,NA,NA,NA,20260113T223528Z,RELEASE-2026
412530d8-ab64-440f-80af-6302c8c102c5,D17,TECR,TECR.AOS.aquatic.plant.transect.06,11,2022-05-03T19:11:00Z,TECR.20220503,TECR.20220503.AP11.1.T6,NA,Sample condition ok,NA,NA,NA,N,plant,submerged,FONE3,Fontinalis neomexicana Sull. & Lesq.,NA,NA,NA,NA,Bryopsida,Isobryales,Fontinalaceae,Fontinalis,NA,neomexicana,NA,NA,NA,Sull. & Lesq.,NA,NA,species,NA,NA,NA,NA,NA,20260113T223528Z,RELEASE-2026
78bfdb72-75d9-4441-8f7d-9ac44222fb60,D17,TECR,TECR.AOS.aquatic.plant.transect.07,4,2022-05-03T19:26:00Z,TECR.20220503,TECR.20220503.AP4.1.T7,NA,Sample condition ok,NA,NA,NA,N,plant,submerged,SCUN6,Scapania undulata (L.) Dumort.,NA,NA,NA,NA,Hepaticopsida,Jungermanniales,Scapaniaceae,Scapania,NA,undulata,NA,NA,NA,(L.) Dumort.,NA,NA,species,NA,NA,NA,NA,NA,20260113T223528Z,RELEASE-2026
6883a386-80b7-4602-933e-83a71458eb48,D17,TECR,TECR.AOS.aquatic.plant.transect.07,3,2022-05-03T19:26:00Z,TECR.20220503,TECR.20220503.AP3.1.T7,NA,Sample condition ok,NA,NA,NA,N,plant,submerged,SCUN6,Scapania undulata (L.) Dumort.,NA,NA,NA,NA,Hepaticopsida,Jungermanniales,Scapaniaceae,Scapania,NA,undulata,NA,NA,NA,(L.) Dumort.,NA,NA,species,NA,NA,NA,NA,NA,20260113T223528Z,RELEASE-2026
e00a1d30-d751-4721-90b3-c7baa8b5c8c1,D17,TECR,TECR.AOS.aquatic.plant.transect.07,6,2022-05-03T19:26:00Z,TECR.20220503,TECR.20220503.AP6.1.T7,NA,Sample condition ok,NA,NA,NA,N,plant,submerged,SCUN6,Scapania undulata (L.) Dumort.,NA,NA,NA,NA,Hepaticopsida,Jungermanniales,Scapaniaceae,Scapania,NA,undulata,NA,NA,NA,(L.) Dumort.,NA,NA,species,NA,NA,NA,NA,NA,20260113T223528Z,RELEASE-2026
6106b84c-78d8-4a22-9f17-a7d90448d137,D17,TECR,TECR.AOS.aquatic.plant.transect.07,5,2022-05-03T19:26:00Z,TECR.20220503,TECR.20220503.AP5.1.T7,NA,Sample condition ok,NA,NA,NA,N,plant,submerged,SCUN6,Scapania undulata (L.) Dumort.,NA,NA,NA,NA,Hepaticopsida,Jungermanniales,Scapaniaceae,Scapania,NA,undulata,NA,NA,NA,(L.) Dumort.,NA,NA,species,NA,NA,NA,NA,NA,20260113T223528Z,RELEASE-2026
7f93b995-457a-4854-8f49-eca594d66a25,D17,TECR,TECR.AOS.aquatic.plant.transect.07,7,2022-05-03T19:26:00Z,TECR.20220503,TECR.20220503.AP7.1.T7,NA,Sample condition ok,NA,NA,NA,N,plant,submerged,SCUN6,Scapania undulata (L.) Dumort.,NA,NA,NA,NA,Hepaticopsida,Jungermanniales,Scapaniaceae,Scapania,NA,undulata,NA,NA,NA,(L.) Dumort.,NA,NA,species,NA,NA,NA,NA,NA,20260113T223528Z,RELEASE-2026
6d29dba9-1b8f-4fc6-9401-009189f2c298,D17,TECR,TECR.AOS.aquatic.plant.transect.09,16,2022-05-03T19:47:00Z,TECR.20220503,TECR.20220503.AP16.1.T9,NA,Sample condition ok,NA,NA,NA,N,plant,submerged,SCUN6,Scapania undulata (L.) Dumort.,NA,NA,NA,NA,Hepaticopsida,Jungermanniales,Scapaniaceae,Scapania,NA,undulata,NA,NA,NA,(L.) Dumort.,NA,NA,species,NA,NA,NA,NA,NA,20260113T223528Z,RELEASE-2026
b9090863-870a-4e40-986f-d0c6cad95730,D17,TECR,TECR.AOS.aquatic.plant.transect.09,7,2022-05-03T19:47:00Z,TECR.20220503,TECR.20220503.AP7.1.T9,NA,Sample condition ok,NA,NA,NA,N,plant,submerged,FONE3,Fontinalis neomexicana Sull. & Lesq.,NA,NA,NA,NA,Bryopsida,Isobryales,Fontinalaceae,Fontinalis,NA,neomexicana,NA,NA,NA,Sull. & Lesq.,NA,NA,species,NA,NA,NA,NA,NA,20260113T223528Z,RELEASE-2026
4459c0d1-569c-4d2a-902a-5f5ec5defafc,D17,TECR,TECR.AOS.aquatic.plant.transect.09,12,2022-05-03T19:47:00Z,TECR.20220503,TECR.20220503.AP12.1.T9,NA,Sample condition ok,NA,NA,NA,N,plant,submerged,SCUN6,Scapania undulata (L.) Dumort.,NA,NA,NA,NA,Hepaticopsida,Jungermanniales,Scapaniaceae,Scapania,NA,undulata,NA,NA,NA,(L.) Dumort.,NA,NA,species,NA,NA,NA,NA,NA,20260113T223528Z,RELEASE-2026
c09b1f75-4178-4c19-bd64-c71f4790c6fc,D17,TECR,TECR.AOS.aquatic.plant.transect.09,8,2022-05-03T19:47:00Z,TECR.20220503,TECR.20220503.AP8.1.T9,NA,Sample condition ok,NA,NA,NA,N,plant,submerged,FONE3,Fontinalis neomexicana Sull. & Lesq.,NA,NA,NA,NA,Bryopsida,Isobryales,Fontinalaceae,Fontinalis,NA,neomexicana,NA,NA,NA,Sull. & Lesq.,NA,NA,species,NA,NA,NA,NA,NA,20260113T223528Z,RELEASE-2026
3fbeb36b-0185-4a9c-bdbb-53614c0c6a7d,D17,TECR,TECR.AOS.aquatic.plant.transect.09,10,2022-05-03T19:47:00Z,TECR.20220503,TECR.20220503.AP10.1.T9,NA,Sample condition ok,NA,NA,NA,N,plant,submerged,FONE3,Fontinalis neomexicana Sull. & Lesq.,NA,NA,NA,NA,Bryopsida,Isobryales,Fontinalaceae,Fontinalis,NA,neomexicana,NA,NA,NA,Sull. & Lesq.,NA,NA,species,NA,NA,NA,NA,NA,20260113T223528Z,RELEASE-2026
05386e6b-33bc-4d2e-afcf-f2c87918e3ed,D17,TECR,TECR.AOS.aquatic.plant.transect.09,15,2022-05-03T19:47:00Z,TECR.20220503,TECR.20220503.AP15.1.T9,NA,Sample condition ok,NA,NA,NA,N,plant,submerged,FONE3,Fontinalis neomexicana Sull. & Lesq.,NA,NA,NA,NA,Bryopsida,Isobryales,Fontinalaceae,Fontinalis,NA,neomexicana,NA,NA,NA,Sull. & Lesq.,NA,NA,species,NA,NA,NA,NA,NA,20260113T223528Z,RELEASE-2026
301b26fa-4342-4a61-853f-f6262eb032ab,D17,TECR,TECR.AOS.aquatic.plant.transect.09,14,2022-05-03T19:47:00Z,TECR.20220503,TECR.20220503.AP14.1.T9,NA,Sample condition ok,NA,NA,NA,N,plant,submerged,FONE3,Fontinalis neomexicana Sull. & Lesq.,NA,NA,NA,NA,Bryopsida,Isobryales,Fontinalaceae,Fontinalis,NA,neomexicana,NA,NA,NA,Sull. & Lesq.,NA,NA,species,NA,NA,NA,NA,NA,20260113T223528Z,RELEASE-2026
92e7a2f4-4483-4213-a8ad-97a35dbbaa0e,D17,TECR,TECR.AOS.aquatic.plant.transect.09,13,2022-05-03T19:47:00Z,TECR.20220503,TECR.20220503.AP13.1.T9,NA,Sample condition ok,NA,NA,NA,N,plant,submerged,FONE3,Fontinalis neomexicana Sull. & Lesq.,NA,NA,NA,NA,Bryopsida,Isobryales,Fontinalaceae,Fontinalis,NA,neomexicana,NA,NA,NA,Sull. & Lesq.,NA,NA,species,NA,NA,NA,NA,NA,20260113T223528Z,RELEASE-2026
c5d58482-3da4-4fef-8d04-06979de2cae5,D17,TECR,TECR.AOS.aquatic.plant.transect.10,9,2022-05-03T20:01:00Z,TECR.20220503,TECR.20220503.AP9.1.T10,NA,Sample condition ok,NA,NA,NA,N,plant,submerged,SCUN6,Scapania undulata (L.) Dumort.,NA,NA,NA,NA,Hepaticopsida,Jungermanniales,Scapaniaceae,Scapania,NA,undulata,NA,NA,NA,(L.) Dumort.,NA,NA,species,NA,NA,NA,NA,NA,20260113T223528Z,RELEASE-2026
7766b878-f0bc-4f7d-a09e-ac90aae0c666,D17,TECR,TECR.AOS.aquatic.plant.transect.10,11,2022-05-03T20:01:00Z,TECR.20220503,TECR.20220503.AP11.1.T10,NA,Sample condition ok,NA,NA,NA,N,plant,submerged,SCUN6,Scapania undulata (L.) Dumort.,NA,NA,NA,NA,Hepaticopsida,Jungermanniales,Scapaniaceae,Scapania,NA,undulata,NA,NA,NA,(L.) Dumort.,NA,NA,species,NA,NA,NA,NA,NA,20260113T223528Z,RELEASE-2026
62908c18-db3f-492d-9aa2-75c275797a31,D17,TECR,TECR.AOS.aquatic.plant.transect.10,13,2022-05-03T20:01:00Z,TECR.20220503,TECR.20220503.AP13.1.T10,NA,Sample condition ok,NA,NA,NA,N,plant,submerged,SCUN6,Scapania undulata (L.) Dumort.,NA,NA,NA,NA,Hepaticopsida,Jungermanniales,Scapaniaceae,Scapania,NA,undulata,NA,NA,NA,(L.) Dumort.,NA,NA,species,NA,NA,NA,NA,NA,20260113T223528Z,RELEASE-2026
5d0b280c-9cd3-44e5-ab43-8ea9be8554e9,D17,TECR,TECR.AOS.aquatic.plant.transect.10,13,2022-05-03T20:01:00Z,TECR.20220503,TECR.20220503.AP13.2.T10,NA,Sample condition ok,NA,NA,NA,N,plant,submerged,FONE3,Fontinalis neomexicana Sull. & Lesq.,NA,NA,NA,NA,Bryopsida,Isobryales,Fontinalaceae,Fontinalis,NA,neomexicana,NA,NA,NA,Sull. & Lesq.,NA,NA,species,NA,NA,NA,NA,NA,20260113T223528Z,RELEASE-2026
8b5c0070-f27d-45f7-b2aa-7e7e2a5529c9,D17,TECR,TECR.AOS.aquatic.plant.transect.10,10,2022-05-03T20:01:00Z,TECR.20220503,TECR.20220503.AP10.1.T10,NA,Sample condition ok,NA,NA,NA,N,plant,submerged,SCUN6,Scapania undulata (L.) Dumort.,NA,NA,NA,NA,Hepaticopsida,Jungermanniales,Scapaniaceae,Scapania,NA,undulata,NA,NA,NA,(L.) Dumort.,NA,NA,species,NA,NA,NA,NA,NA,20260113T223528Z,RELEASE-2026
e7f7f3f4-41e4-4645-a9f7-90c4d4402682,D17,TECR,TECR.AOS.aquatic.plant.transect.10,8,2022-05-03T20:01:00Z,TECR.20220503,TECR.20220503.AP8.1.T10,NA,Sample condition ok,NA,NA,NA,N,plant,submerged,SCUN6,Scapania undulata (L.) Dumort.,NA,NA,NA,NA,Hepaticopsida,Jungermanniales,Scapaniaceae,Scapania,NA,undulata,NA,NA,NA,(L.) Dumort.,NA,NA,species,NA,NA,NA,NA,NA,20260113T223528Z,RELEASE-2026
122806d1-9de4-4f29-870e-e3541683c635,D17,TECR,TECR.AOS.aquatic.plant.transect.10,12,2022-05-03T20:01:00Z,TECR.20220503,TECR.20220503.AP12.1.T10,NA,Sample condition ok,NA,NA,NA,N,plant,submerged,FONE3,Fontinalis neomexicana Sull. & Lesq.,NA,NA,NA,NA,Bryopsida,Isobryales,Fontinalaceae,Fontinalis,NA,neomexicana,NA,NA,NA,Sull. & Lesq.,NA,NA,species,NA,NA,NA,NA,NA,20260113T223528Z,RELEASE-2026
d5f6d9bc-7252-427f-9f5c-ba350c2dbaff,D17,TECR,TECR.AOS.aquatic.plant.transect.01,3,2022-07-21T15:48:00Z,TECR.20220721,TECR.20220721.AP3.1.T1,NA,Sample condition ok,NA,NA,NA,N,plant,submerged,SCUN6,Scapania undulata (L.) Dumort.,NA,NA,NA,NA,Hepaticopsida,Jungermanniales,Scapaniaceae,Scapania,NA,undulata,NA,NA,NA,(L.) Dumort.,NA,NA,species,NA,NA,NA,NA,NA,20260113T222245Z,RELEASE-2026
966b0fc0-cb62-47cd-a510-311aa85c0b0e,D17,TECR,TECR.AOS.aquatic.plant.transect.01,2,2022-07-21T15:48:00Z,TECR.20220721,TECR.20220721.AP2.1.T1,NA,Sample condition ok,NA,NA,NA,N,plant,submerged,FONE3,Fontinalis neomexicana Sull. & Lesq.,NA,NA,NA,NA,Bryopsida,Isobryales,Fontinalaceae,Fontinalis,NA,neomexicana,NA,NA,NA,Sull. & Lesq.,NA,NA,species,NA,NA,NA,NA,NA,20260113T222245Z,RELEASE-2026
84fa8494-e7f2-491d-9ead-cff305c7af3d,D17,TECR,TECR.AOS.aquatic.plant.transect.01,1,2022-07-21T15:48:00Z,TECR.20220721,TECR.20220721.AP1.1.T1,NA,Sample condition ok,NA,NA,NA,N,plant,submerged,FONE3,Fontinalis neomexicana Sull. & Lesq.,NA,NA,NA,NA,Bryopsida,Isobryales,Fontinalaceae,Fontinalis,NA,neomexicana,NA,NA,NA,Sull. & Lesq.,NA,NA,species,NA,NA,NA,NA,NA,20260113T222245Z,RELEASE-2026
74f30e51-52bc-4171-8e9b-99e21ef27a01,D17,TECR,TECR.AOS.aquatic.plant.transect.01,11,2022-07-21T15:48:00Z,TECR.20220721,TECR.20220721.AP11.1.T1,NA,Sample condition ok,NA,NA,NA,N,plant,submerged,SCUN6,Scapania undulata (L.) Dumort.,NA,NA,NA,NA,Hepaticopsida,Jungermanniales,Scapaniaceae,Scapania,NA,undulata,NA,NA,NA,(L.) Dumort.,NA,NA,species,NA,NA,NA,NA,NA,20260113T222245Z,RELEASE-2026
7b668b86-715b-4be9-aa02-3a5dbb62516b,D17,TECR,TECR.AOS.aquatic.plant.transect.01,4,2022-07-21T15:48:00Z,TECR.20220721,TECR.20220721.AP4.1.T1,NA,Sample condition ok,NA,NA,NA,N,plant,submerged,FONE3,Fontinalis neomexicana Sull. & Lesq.,NA,NA,NA,NA,Bryopsida,Isobryales,Fontinalaceae,Fontinalis,NA,neomexicana,NA,NA,NA,Sull. & Lesq.,NA,NA,species,NA,NA,NA,NA,NA,20260113T222245Z,RELEASE-2026
5ee230a6-863b-4c0c-9d59-96919f5b3a5d,D17,TECR,TECR.AOS.aquatic.plant.transect.01,10,2022-07-21T15:48:00Z,TECR.20220721,TECR.20220721.AP10.1.T1,NA,Sample condition ok,NA,NA,NA,N,plant,emergent,SCUN6,Scapania undulata (L.) Dumort.,NA,NA,NA,NA,Hepaticopsida,Jungermanniales,Scapaniaceae,Scapania,NA,undulata,NA,NA,NA,(L.) Dumort.,NA,NA,species,NA,NA,NA,NA,NA,20260113T222245Z,RELEASE-2026
f81151cd-65eb-4a72-a10d-772fe8ec727c,D17,TECR,TECR.AOS.aquatic.plant.transect.02,4,2022-07-21T16:42:00Z,TECR.20220721,TECR.20220721.AP4.1.T2,NA,Sample condition ok,NA,NA,NA,N,plant,submerged,FONE3,Fontinalis neomexicana Sull. & Lesq.,NA,NA,NA,NA,Bryopsida,Isobryales,Fontinalaceae,Fontinalis,NA,neomexicana,NA,NA,NA,Sull. & Lesq.,NA,NA,species,NA,NA,NA,NA,NA,20260113T222245Z,RELEASE-2026
e54d7ba2-730c-442b-abc6-c1e2916bff9e,D17,TECR,TECR.AOS.aquatic.plant.transect.02,7,2022-07-21T16:42:00Z,TECR.20220721,TECR.20220721.AP7.1.T2,NA,Sample condition ok,NA,NA,NA,N,plant,submerged,SCUN6,Scapania undulata (L.) Dumort.,NA,NA,NA,NA,Hepaticopsida,Jungermanniales,Scapaniaceae,Scapania,NA,undulata,NA,NA,NA,(L.) Dumort.,NA,NA,species,NA,NA,NA,NA,NA,20260113T222245Z,RELEASE-2026
82debf77-ff40-4899-8f18-fceccc794d36,D17,TECR,TECR.AOS.aquatic.plant.transect.02,5,2022-07-21T16:42:00Z,TECR.20220721,TECR.20220721.AP5.1.T2,NA,Sample condition ok,NA,NA,NA,N,plant,submerged,FONE3,Fontinalis neomexicana Sull. & Lesq.,NA,NA,NA,NA,Bryopsida,Isobryales,Fontinalaceae,Fontinalis,NA,neomexicana,NA,NA,NA,Sull. & Lesq.,NA,NA,species,NA,NA,NA,NA,NA,20260113T222245Z,RELEASE-2026
95f69a2a-c3ad-4aab-b9bd-631996934b1c,D17,TECR,TECR.AOS.aquatic.plant.transect.02,8,2022-07-21T16:42:00Z,TECR.20220721,TECR.20220721.AP8.1.T2,NA,Sample condition ok,NA,NA,NA,N,plant,submerged,FONE3,Fontinalis neomexicana Sull. & Lesq.,NA,NA,NA,NA,Bryopsida,Isobryales,Fontinalaceae,Fontinalis,NA,neomexicana,NA,NA,NA,Sull. & Lesq.,NA,NA,species,NA,NA,NA,NA,NA,20260113T222245Z,RELEASE-2026
f3cda850-64ea-41d1-b4ea-d9643f0e5d66,D17,TECR,TECR.AOS.aquatic.plant.transect.02,6,2022-07-21T16:42:00Z,TECR.20220721,TECR.20220721.AP6.1.T2,NA,Sample condition ok,NA,NA,NA,N,plant,submerged,SCUN6,Scapania undulata (L.) Dumort.,NA,NA,NA,NA,Hepaticopsida,Jungermanniales,Scapaniaceae,Scapania,NA,undulata,NA,NA,NA,(L.) Dumort.,NA,NA,species,NA,NA,NA,NA,NA,20260113T222245Z,RELEASE-2026
1f9e0c74-3b1d-4f0d-8c8b-e5e545010853,D17,TECR,TECR.AOS.aquatic.plant.transect.02,9,2022-07-21T16:42:00Z,TECR.20220721,TECR.20220721.AP9.1.T2,NA,Sample condition ok,NA,NA,NA,N,plant,emergent,SCUN6,Scapania undulata (L.) Dumort.,NA,NA,NA,NA,Hepaticopsida,Jungermanniales,Scapaniaceae,Scapania,NA,undulata,NA,NA,NA,(L.) Dumort.,NA,NA,species,NA,NA,NA,NA,NA,20260113T222245Z,RELEASE-2026
a41e24f0-e9a1-4e54-bd5e-af38d5ed52a1,D17,TECR,TECR.AOS.aquatic.plant.transect.02,8,2022-07-21T16:42:00Z,TECR.20220721,TECR.20220721.AP8.2.T2,NA,Sample condition ok,NA,NA,NA,N,plant,submerged,SCUN6,Scapania undulata (L.) Dumort.,NA,NA,NA,NA,Hepaticopsida,Jungermanniales,Scapaniaceae,Scapania,NA,undulata,NA,NA,NA,(L.) Dumort.,NA,NA,species,NA,NA,NA,NA,NA,20260113T222245Z,RELEASE-2026
aabf1382-353d-4c47-8d74-8ddd4afb4135,D17,TECR,TECR.AOS.aquatic.plant.transect.03,8,2022-07-21T17:24:00Z,TECR.20220721,TECR.20220721.AP8.1.T3,NA,Sample condition ok,NA,NA,NA,N,plant,submerged,FONE3,Fontinalis neomexicana Sull. & Lesq.,NA,NA,NA,NA,Bryopsida,Isobryales,Fontinalaceae,Fontinalis,NA,neomexicana,NA,NA,NA,Sull. & Lesq.,NA,NA,species,NA,NA,NA,NA,NA,20260113T222245Z,RELEASE-2026
6d50979f-a6cf-4176-bbaf-3bda6f468136,D17,TECR,TECR.AOS.aquatic.plant.transect.03,6,2022-07-21T17:24:00Z,TECR.20220721,TECR.20220721.AP6.1.T3,NA,Sample condition ok,NA,NA,NA,N,plant,submerged,FONE3,Fontinalis neomexicana Sull. & Lesq.,NA,NA,NA,NA,Bryopsida,Isobryales,Fontinalaceae,Fontinalis,NA,neomexicana,NA,NA,NA,Sull. & Lesq.,NA,NA,species,NA,NA,NA,NA,NA,20260113T222245Z,RELEASE-2026
be1a8591-e5cb-4fc3-a3b9-3b6228d1f8e2,D17,TECR,TECR.AOS.aquatic.plant.transect.03,20,2022-07-21T17:24:00Z,TECR.20220721,TECR.20220721.AP20.1.T3,NA,Sample condition ok,NA,NA,NA,N,plant,submerged,FONE3,Fontinalis neomexicana Sull. & Lesq.,NA,NA,NA,NA,Bryopsida,Isobryales,Fontinalaceae,Fontinalis,NA,neomexicana,NA,NA,NA,Sull. & Lesq.,NA,NA,species,NA,NA,NA,NA,NA,20260113T222245Z,RELEASE-2026
68a114a7-23b3-4737-8a51-896662cb1060,D17,TECR,TECR.AOS.aquatic.plant.transect.03,3,2022-07-21T17:24:00Z,TECR.20220721,TECR.20220721.AP3.1.T3,NA,Sample condition ok,NA,NA,NA,N,plant,submerged,FONE3,Fontinalis neomexicana Sull. & Lesq.,NA,NA,NA,NA,Bryopsida,Isobryales,Fontinalaceae,Fontinalis,NA,neomexicana,NA,NA,NA,Sull. & Lesq.,NA,NA,species,NA,NA,NA,NA,NA,20260113T222245Z,RELEASE-2026
7d17748c-0f02-4d21-9b38-825603723177,D17,TECR,TECR.AOS.aquatic.plant.transect.03,1,2022-07-21T17:24:00Z,TECR.20220721,TECR.20220721.AP1.1.T3,NA,Sample condition ok,NA,NA,NA,N,plant,submerged,FONE3,Fontinalis neomexicana Sull. & Lesq.,NA,NA,NA,NA,Bryopsida,Isobryales,Fontinalaceae,Fontinalis,NA,neomexicana,NA,NA,NA,Sull. & Lesq.,NA,NA,species,NA,NA,NA,NA,NA,20260113T222245Z,RELEASE-2026
4b1f5d65-7a10-4370-a3ac-03fee471bbee,D17,TECR,TECR.AOS.aquatic.plant.transect.03,18,2022-07-21T17:24:00Z,TECR.20220721,TECR.20220721.AP18.1.T3,NA,Sample condition ok,NA,NA,NA,N,plant,submerged,FONE3,Fontinalis neomexicana Sull. & Lesq.,NA,NA,NA,NA,Bryopsida,Isobryales,Fontinalaceae,Fontinalis,NA,neomexicana,NA,NA,NA,Sull. & Lesq.,NA,NA,species,NA,NA,NA,NA,NA,20260113T222245Z,RELEASE-2026
b54d3791-f2aa-453a-a8f4-34b22a8c18a8,D17,TECR,TECR.AOS.aquatic.plant.transect.03,12,2022-07-21T17:24:00Z,TECR.20220721,TECR.20220721.AP12.1.T3,NA,Sample condition ok,NA,NA,NA,N,plant,submerged,FONE3,Fontinalis neomexicana Sull. & Lesq.,NA,NA,NA,NA,Bryopsida,Isobryales,Fontinalaceae,Fontinalis,NA,neomexicana,NA,NA,NA,Sull. & Lesq.,NA,NA,species,NA,NA,NA,NA,NA,20260113T222245Z,RELEASE-2026
9dbc871a-3fc6-4f39-8846-a961a1c50cde,D17,TECR,TECR.AOS.aquatic.plant.transect.03,19,2022-07-21T17:24:00Z,TECR.20220721,TECR.20220721.AP19.1.T3,NA,Sample condition ok,NA,NA,NA,N,plant,submerged,FONE3,Fontinalis neomexicana Sull. & Lesq.,NA,NA,NA,NA,Bryopsida,Isobryales,Fontinalaceae,Fontinalis,NA,neomexicana,NA,NA,NA,Sull. & Lesq.,NA,NA,species,NA,NA,NA,NA,NA,20260113T222245Z,RELEASE-2026
6d949579-4fb9-4c4e-90a9-2743b4a33098,D17,TECR,TECR.AOS.aquatic.plant.transect.03,5,2022-07-21T17:24:00Z,TECR.20220721,TECR.20220721.AP5.1.T3,NA,Sample condition ok,NA,NA,NA,N,plant,submerged,FONE3,Fontinalis neomexicana Sull. & Lesq.,NA,NA,NA,NA,Bryopsida,Isobryales,Fontinalaceae,Fontinalis,NA,neomexicana,NA,NA,NA,Sull. & Lesq.,NA,NA,species,NA,NA,NA,NA,NA,20260113T222245Z,RELEASE-2026
f88b91c5-6c9a-44d1-bd93-9e4b629c4bf8,D17,TECR,TECR.AOS.aquatic.plant.transect.03,4,2022-07-21T17:24:00Z,TECR.20220721,TECR.20220721.AP4.1.T3,NA,Sample condition ok,NA,NA,NA,N,plant,submerged,FONE3,Fontinalis neomexicana Sull. & Lesq.,NA,NA,NA,NA,Bryopsida,Isobryales,Fontinalaceae,Fontinalis,NA,neomexicana,NA,NA,NA,Sull. & Lesq.,NA,NA,species,NA,NA,NA,NA,NA,20260113T222245Z,RELEASE-2026
ed07ec12-c939-49b0-aa7b-67d018d35f36,D17,TECR,TECR.AOS.aquatic.plant.transect.03,7,2022-07-21T17:24:00Z,TECR.20220721,TECR.20220721.AP7.1.T3,NA,Sample condition ok,NA,NA,NA,N,plant,submerged,FONE3,Fontinalis neomexicana Sull. & Lesq.,NA,NA,NA,NA,Bryopsida,Isobryales,Fontinalaceae,Fontinalis,NA,neomexicana,NA,NA,NA,Sull. & Lesq.,NA,NA,species,NA,NA,NA,NA,NA,20260113T222245Z,RELEASE-2026
462b0758-3673-436d-b13e-ea720e55ec98,D17,TECR,TECR.AOS.aquatic.plant.transect.03,2,2022-07-21T17:24:00Z,TECR.20220721,TECR.20220721.AP2.1.T3,NA,Sample condition ok,NA,NA,NA,N,plant,submerged,FONE3,Fontinalis neomexicana Sull. & Lesq.,NA,NA,NA,NA,Bryopsida,Isobryales,Fontinalaceae,Fontinalis,NA,neomexicana,NA,NA,NA,Sull. & Lesq.,NA,NA,species,NA,NA,NA,NA,NA,20260113T222245Z,RELEASE-2026
6d9e5458-d9dd-44d1-81ea-bf6ac854ea98,D17,TECR,TECR.AOS.aquatic.plant.transect.03,16,2022-07-21T17:24:00Z,TECR.20220721,TECR.20220721.AP16.1.T3,NA,Sample condition ok,NA,NA,NA,N,plant,submerged,FONE3,Fontinalis neomexicana Sull. & Lesq.,NA,NA,NA,NA,Bryopsida,Isobryales,Fontinalaceae,Fontinalis,NA,neomexicana,NA,NA,NA,Sull. & Lesq.,NA,NA,species,NA,NA,NA,NA,NA,20260113T222245Z,RELEASE-2026
fe40203a-b1ce-4ff3-ae92-b24e8e06c942,D17,TECR,TECR.AOS.aquatic.plant.transect.04,8,2022-07-21T18:03:00Z,TECR.20220721,TECR.20220721.AP8.2.T4,NA,Sample condition ok,NA,NA,NA,N,plant,submerged,FONE3,Fontinalis neomexicana Sull. & Lesq.,NA,NA,NA,NA,Bryopsida,Isobryales,Fontinalaceae,Fontinalis,NA,neomexicana,NA,NA,NA,Sull. & Lesq.,NA,NA,species,NA,NA,NA,NA,NA,20260113T222245Z,RELEASE-2026
e5403220-b912-47b5-9151-1b8cb94c2034,D17,TECR,TECR.AOS.aquatic.plant.transect.04,8,2022-07-21T18:03:00Z,TECR.20220721,TECR.20220721.AP8.1.T4,NA,Sample condition ok,NA,NA,NA,N,plant,submerged,CHPO14,Chiloscyphus polyanthos (L.) Corda,NA,NA,NA,NA,Hepaticopsida,Jungermanniales,Geocalycaceae,Chiloscyphus,NA,polyanthos,NA,NA,NA,(L.) Corda,NA,"Doyle, W. T. and Stotler, R. E. 2006. Contributions toward a Bryoflora of California III. Keys and Annotated Species Catalogue for Liverworts and Hornworts. Madrono 53 (2) 89-197.",species,NA,"David Kofranek Botany, LLC",2022-07-21T18:03:00Z,e41520a1-772d-4ecd-9129-65980ca7cee9,NA,20260113T222245Z,RELEASE-2026
b6d95007-df40-4e6b-a2eb-b6101cb09d66,D17,TECR,TECR.AOS.aquatic.plant.transect.04,3,2022-07-21T18:03:00Z,TECR.20220721,TECR.20220721.AP3.1.T4,NA,Sample condition ok,NA,NA,NA,N,plant,submerged,FONE3,Fontinalis neomexicana Sull. & Lesq.,NA,NA,NA,NA,Bryopsida,Isobryales,Fontinalaceae,Fontinalis,NA,neomexicana,NA,NA,NA,Sull. & Lesq.,NA,NA,species,NA,NA,NA,NA,NA,20260113T222245Z,RELEASE-2026
d71efe6f-be64-4c41-9e53-a8e672060e27,D17,TECR,TECR.AOS.aquatic.plant.transect.04,2,2022-07-21T18:03:00Z,TECR.20220721,TECR.20220721.AP2.1.T4,NA,Sample condition ok,NA,NA,NA,N,plant,submerged,FONE3,Fontinalis neomexicana Sull. & Lesq.,NA,NA,NA,NA,Bryopsida,Isobryales,Fontinalaceae,Fontinalis,NA,neomexicana,NA,NA,NA,Sull. & Lesq.,NA,NA,species,NA,NA,NA,NA,NA,20260113T222245Z,RELEASE-2026
525cacfe-066f-44cb-b070-d32564b152c6,D17,TECR,TECR.AOS.aquatic.plant.transect.04,4,2022-07-21T18:03:00Z,TECR.20220721,TECR.20220721.AP4.1.T4,NA,Sample condition ok,NA,NA,NA,N,plant,submerged,FONE3,Fontinalis neomexicana Sull. & Lesq.,NA,NA,NA,NA,Bryopsida,Isobryales,Fontinalaceae,Fontinalis,NA,neomexicana,NA,NA,NA,Sull. & Lesq.,NA,NA,species,NA,NA,NA,NA,NA,20260113T222245Z,RELEASE-2026
286c0743-8783-4951-b818-c3e1b989edbf,D17,TECR,TECR.AOS.aquatic.plant.transect.04,1,2022-07-21T18:03:00Z,TECR.20220721,TECR.20220721.AP1.1.T4,NA,Sample condition ok,NA,NA,NA,N,plant,submerged,FONE3,Fontinalis neomexicana Sull. & Lesq.,NA,NA,NA,NA,Bryopsida,Isobryales,Fontinalaceae,Fontinalis,NA,neomexicana,NA,NA,NA,Sull. & Lesq.,NA,NA,species,NA,NA,NA,NA,NA,20260113T222245Z,RELEASE-2026
5d516e5f-9e67-479e-851b-ee1e14ad97a5,D17,TECR,TECR.AOS.aquatic.plant.transect.05,7,2022-07-21T18:28:00Z,TECR.20220721,TECR.20220721.AP7.1.T5,NA,Sample condition ok,NA,NA,NA,N,plant,emergent,SCUN6,Scapania undulata (L.) Dumort.,NA,NA,NA,NA,Hepaticopsida,Jungermanniales,Scapaniaceae,Scapania,NA,undulata,NA,NA,NA,(L.) Dumort.,NA,NA,species,NA,NA,NA,NA,NA,20260113T222245Z,RELEASE-2026
7ba195f3-d394-43e6-af2c-f0e9a4f0ba93,D17,TECR,TECR.AOS.aquatic.plant.transect.05,4,2022-07-21T18:28:00Z,TECR.20220721,TECR.20220721.AP4.2.T5,NA,Sample condition ok,NA,NA,NA,N,plant,submerged,FONE3,Fontinalis neomexicana Sull. & Lesq.,NA,NA,NA,NA,Bryopsida,Isobryales,Fontinalaceae,Fontinalis,NA,neomexicana,NA,NA,NA,Sull. & Lesq.,NA,NA,species,NA,NA,NA,NA,NA,20260113T222245Z,RELEASE-2026
dcd93800-da83-453a-a4ab-1c96eb36d09d,D17,TECR,TECR.AOS.aquatic.plant.transect.05,6,2022-07-21T18:28:00Z,TECR.20220721,TECR.20220721.AP6.1.T5,NA,Sample condition ok,NA,NA,NA,N,plant,submerged,SCUN6,Scapania undulata (L.) Dumort.,NA,NA,NA,NA,Hepaticopsida,Jungermanniales,Scapaniaceae,Scapania,NA,undulata,NA,NA,NA,(L.) Dumort.,NA,NA,species,NA,NA,NA,NA,NA,20260113T222245Z,RELEASE-2026
d70008d9-9bde-4e73-9972-350e9a4a87a0,D17,TECR,TECR.AOS.aquatic.plant.transect.05,4,2022-07-21T18:28:00Z,TECR.20220721,TECR.20220721.AP4.1.T5,NA,Sample condition ok,NA,NA,NA,N,plant,submerged,CHPO14,Chiloscyphus polyanthos (L.) Corda,NA,NA,NA,NA,Hepaticopsida,Jungermanniales,Geocalycaceae,Chiloscyphus,NA,polyanthos,NA,NA,NA,(L.) Corda,NA,"Doyle, W. T. and Stotler, R. E. 2006. Contributions toward a Bryoflora of California III. Keys and Annotated Species Catalogue for Liverworts and Hornworts. Madrono 53 (2) 89-197.",species,NA,"David Kofranek Botany, LLC",2022-07-21T18:28:00Z,41963907-aca1-407d-b326-3d120b65749c,NA,20260113T222245Z,RELEASE-2026
c21ad2aa-9445-4640-9e30-2924e6dad527,D17,TECR,TECR.AOS.aquatic.plant.transect.05,1,2022-07-21T18:28:00Z,TECR.20220721,TECR.20220721.AP1.1.T5,NA,Sample condition ok,NA,NA,NA,N,plant,submerged,FONE3,Fontinalis neomexicana Sull. & Lesq.,NA,NA,NA,NA,Bryopsida,Isobryales,Fontinalaceae,Fontinalis,NA,neomexicana,NA,NA,NA,Sull. & Lesq.,NA,NA,species,NA,NA,NA,NA,NA,20260113T222245Z,RELEASE-2026
21125722-4a7f-4e6b-bcb5-20cab3944bc1,D17,TECR,TECR.AOS.aquatic.plant.transect.05,7,2022-07-21T18:28:00Z,TECR.20220721,TECR.20220721.AP7.2.T5,NA,Sample condition ok,NA,NA,NA,N,plant,emergent,CHPO14,Chiloscyphus polyanthos (L.) Corda,NA,NA,NA,NA,Hepaticopsida,Jungermanniales,Geocalycaceae,Chiloscyphus,NA,polyanthos,NA,NA,NA,(L.) Corda,NA,"Doyle, W. T. and Stotler, R. E. 2006. Contributions toward a Bryoflora of California III. Keys and Annotated Species Catalogue for Liverworts and Hornworts. Madrono 53 (2) 89-197.",species,NA,"David Kofranek Botany, LLC",2022-07-21T18:28:00Z,78241883-95cf-4400-b7b4-e1cc5c48eaa5,NA,20260113T222245Z,RELEASE-2026
a06e89b2-c83e-4d58-9355-ee6d3dae7dd5,D17,TECR,TECR.AOS.aquatic.plant.transect.05,6,2022-07-21T18:28:00Z,TECR.20220721,TECR.20220721.AP6.2.T5,NA,Sample condition ok,NA,NA,NA,N,plant,submerged,CHPO14,Chiloscyphus polyanthos (L.) Corda,NA,NA,NA,NA,Hepaticopsida,Jungermanniales,Geocalycaceae,Chiloscyphus,NA,polyanthos,NA,NA,NA,(L.) Corda,NA,"Doyle, W. T. and Stotler, R. E. 2006. Contributions toward a Bryoflora of California III. Keys and Annotated Species Catalogue for Liverworts and Hornworts. Madrono 53 (2) 89-197.",species,NA,"David Kofranek Botany, LLC",2022-07-21T18:28:00Z,b04ea613-3056-496e-a407-3c62002c4752,NA,20260113T222245Z,RELEASE-2026
9e52b907-3546-4a38-a65e-e3b979c145c8,D17,TECR,TECR.AOS.aquatic.plant.transect.06,4,2022-07-21T19:01:00Z,TECR.20220721,TECR.20220721.AP4.1.T6,NA,Sample condition ok,NA,NA,NA,N,plant,submerged,FONE3,Fontinalis neomexicana Sull. & Lesq.,NA,NA,NA,NA,Bryopsida,Isobryales,Fontinalaceae,Fontinalis,NA,neomexicana,NA,NA,NA,Sull. & Lesq.,NA,NA,species,NA,NA,NA,NA,NA,20260113T222245Z,RELEASE-2026
3c00db89-9a89-405f-ac8f-905aa76ad649,D17,TECR,TECR.AOS.aquatic.plant.transect.06,13,2022-07-21T19:01:00Z,TECR.20220721,TECR.20220721.AP13.1.T6,NA,Sample condition ok,NA,NA,NA,N,plant,submerged,FONE3,Fontinalis neomexicana Sull. & Lesq.,NA,NA,NA,NA,Bryopsida,Isobryales,Fontinalaceae,Fontinalis,NA,neomexicana,NA,NA,NA,Sull. & Lesq.,NA,NA,species,NA,NA,NA,NA,NA,20260113T222245Z,RELEASE-2026
54ed522c-7ad3-491d-a742-3a4e70312bd3,D17,TECR,TECR.AOS.aquatic.plant.transect.06,8,2022-07-21T19:01:00Z,TECR.20220721,TECR.20220721.AP8.1.T6,NA,Sample condition ok,NA,NA,NA,N,plant,submerged,FONE3,Fontinalis neomexicana Sull. & Lesq.,NA,NA,NA,NA,Bryopsida,Isobryales,Fontinalaceae,Fontinalis,NA,neomexicana,NA,NA,NA,Sull. & Lesq.,NA,NA,species,NA,NA,NA,NA,NA,20260113T222245Z,RELEASE-2026
2955f34b-44fc-4334-97ee-4f164ec7d217,D17,TECR,TECR.AOS.aquatic.plant.transect.06,18,2022-07-21T19:01:00Z,TECR.20220721,TECR.20220721.AP18.2.T6,NA,Sample condition ok,NA,NA,NA,N,plant,submerged,SCUN6,Scapania undulata (L.) Dumort.,NA,NA,NA,NA,Hepaticopsida,Jungermanniales,Scapaniaceae,Scapania,NA,undulata,NA,NA,NA,(L.) Dumort.,NA,NA,species,NA,NA,NA,NA,NA,20260113T222245Z,RELEASE-2026
c4dd565a-7029-449e-a058-f1b2b01f3123,D17,TECR,TECR.AOS.aquatic.plant.transect.06,16,2022-07-21T19:01:00Z,TECR.20220721,TECR.20220721.AP16.1.T6,NA,Sample condition ok,NA,NA,NA,N,plant,submerged,FONE3,Fontinalis neomexicana Sull. & Lesq.,NA,NA,NA,NA,Bryopsida,Isobryales,Fontinalaceae,Fontinalis,NA,neomexicana,NA,NA,NA,Sull. & Lesq.,NA,NA,species,NA,NA,NA,NA,NA,20260113T222245Z,RELEASE-2026
dadbe849-dd74-4168-a997-6d4049992598,D17,TECR,TECR.AOS.aquatic.plant.transect.06,19,2022-07-21T19:01:00Z,TECR.20220721,TECR.20220721.AP19.1.T6,NA,Sample condition ok,NA,NA,NA,N,plant,submerged,FONE3,Fontinalis neomexicana Sull. & Lesq.,NA,NA,NA,NA,Bryopsida,Isobryales,Fontinalaceae,Fontinalis,NA,neomexicana,NA,NA,NA,Sull. & Lesq.,NA,NA,species,NA,NA,NA,NA,NA,20260113T222245Z,RELEASE-2026
785849ac-3e40-445a-9ebf-1bfc90a1b46e,D17,TECR,TECR.AOS.aquatic.plant.transect.06,14,2022-07-21T19:01:00Z,TECR.20220721,TECR.20220721.AP14.1.T6,NA,Sample condition ok,NA,NA,NA,N,plant,submerged,FONE3,Fontinalis neomexicana Sull. & Lesq.,NA,NA,NA,NA,Bryopsida,Isobryales,Fontinalaceae,Fontinalis,NA,neomexicana,NA,NA,NA,Sull. & Lesq.,NA,NA,species,NA,NA,NA,NA,NA,20260113T222245Z,RELEASE-2026
3d352b22-88d5-49a2-8886-3153541d2f43,D17,TECR,TECR.AOS.aquatic.plant.transect.06,5,2022-07-21T19:01:00Z,TECR.20220721,TECR.20220721.AP5.1.T6,NA,Sample condition ok,NA,NA,NA,N,plant,submerged,FONE3,Fontinalis neomexicana Sull. & Lesq.,NA,NA,NA,NA,Bryopsida,Isobryales,Fontinalaceae,Fontinalis,NA,neomexicana,NA,NA,NA,Sull. & Lesq.,NA,NA,species,NA,NA,NA,NA,NA,20260113T222245Z,RELEASE-2026
2c2c6b12-21d8-428e-b3cf-e21257465fb4,D17,TECR,TECR.AOS.aquatic.plant.transect.06,3,2022-07-21T19:01:00Z,TECR.20220721,TECR.20220721.AP3.1.T6,NA,Sample condition ok,NA,NA,NA,N,plant,submerged,FONE3,Fontinalis neomexicana Sull. & Lesq.,NA,NA,NA,NA,Bryopsida,Isobryales,Fontinalaceae,Fontinalis,NA,neomexicana,NA,NA,NA,Sull. & Lesq.,NA,NA,species,NA,NA,NA,NA,NA,20260113T222245Z,RELEASE-2026
1521be34-c4fd-4c84-acf8-e57aecff0c57,D17,TECR,TECR.AOS.aquatic.plant.transect.06,17,2022-07-21T19:01:00Z,TECR.20220721,TECR.20220721.AP17.1.T6,NA,Sample condition ok,NA,NA,NA,N,plant,submerged,FONE3,Fontinalis neomexicana Sull. & Lesq.,NA,NA,NA,NA,Bryopsida,Isobryales,Fontinalaceae,Fontinalis,NA,neomexicana,NA,NA,NA,Sull. & Lesq.,NA,NA,species,NA,NA,NA,NA,NA,20260113T222245Z,RELEASE-2026
e4134825-4046-4c54-80dd-d68a8e5bc664,D17,TECR,TECR.AOS.aquatic.plant.transect.06,12,2022-07-21T19:01:00Z,TECR.20220721,TECR.20220721.AP12.1.T6,NA,Sample condition ok,NA,NA,NA,N,plant,submerged,FONE3,Fontinalis neomexicana Sull. & Lesq.,NA,NA,NA,NA,Bryopsida,Isobryales,Fontinalaceae,Fontinalis,NA,neomexicana,NA,NA,NA,Sull. & Lesq.,NA,NA,species,NA,NA,NA,NA,NA,20260113T222245Z,RELEASE-2026
65b583b1-d6e8-4fa0-a190-2c1aab5c9be6,D17,TECR,TECR.AOS.aquatic.plant.transect.06,15,2022-07-21T19:01:00Z,TECR.20220721,TECR.20220721.AP15.1.T6,NA,Sample condition ok,NA,NA,NA,N,plant,submerged,FONE3,Fontinalis neomexicana Sull. & Lesq.,NA,NA,NA,NA,Bryopsida,Isobryales,Fontinalaceae,Fontinalis,NA,neomexicana,NA,NA,NA,Sull. & Lesq.,NA,NA,species,NA,NA,NA,NA,NA,20260113T222245Z,RELEASE-2026
9e0c965b-2aff-4ef9-bd8a-e3d74b5676b5,D17,TECR,TECR.AOS.aquatic.plant.transect.06,13,2022-07-21T19:01:00Z,TECR.20220721,TECR.20220721.AP13.2.T6,NA,Sample condition ok,NA,NA,NA,N,plant,submerged,SCUN6,Scapania undulata (L.) Dumort.,NA,NA,NA,NA,Hepaticopsida,Jungermanniales,Scapaniaceae,Scapania,NA,undulata,NA,NA,NA,(L.) Dumort.,NA,NA,species,NA,NA,NA,NA,NA,20260113T222245Z,RELEASE-2026
4e39310e-882f-4f14-bd1a-6f29c7fd04ed,D17,TECR,TECR.AOS.aquatic.plant.transect.06,10,2022-07-21T19:01:00Z,TECR.20220721,TECR.20220721.AP10.1.T6,NA,Sample condition ok,NA,NA,NA,N,plant,submerged,SCUN6,Scapania undulata (L.) Dumort.,NA,NA,NA,NA,Hepaticopsida,Jungermanniales,Scapaniaceae,Scapania,NA,undulata,NA,NA,NA,(L.) Dumort.,NA,NA,species,NA,NA,NA,NA,NA,20260113T222245Z,RELEASE-2026
cae6543c-2e9b-4c4f-9bfd-af037f8d921b,D17,TECR,TECR.AOS.aquatic.plant.transect.06,1,2022-07-21T19:01:00Z,TECR.20220721,TECR.20220721.AP1.1.T6,NA,Sample condition ok,NA,NA,NA,N,plant,submerged,FONE3,Fontinalis neomexicana Sull. & Lesq.,NA,NA,NA,NA,Bryopsida,Isobryales,Fontinalaceae,Fontinalis,NA,neomexicana,NA,NA,NA,Sull. & Lesq.,NA,NA,species,NA,NA,NA,NA,NA,20260113T222245Z,RELEASE-2026
dc425f52-13b3-4d66-9d89-c5704384eb59,D17,TECR,TECR.AOS.aquatic.plant.transect.06,18,2022-07-21T19:01:00Z,TECR.20220721,TECR.20220721.AP18.1.T6,NA,Sample condition ok,NA,NA,NA,N,plant,submerged,FONE3,Fontinalis neomexicana Sull. & Lesq.,NA,NA,NA,NA,Bryopsida,Isobryales,Fontinalaceae,Fontinalis,NA,neomexicana,NA,NA,NA,Sull. & Lesq.,NA,NA,species,NA,NA,NA,NA,NA,20260113T222245Z,RELEASE-2026
8c2132e1-4693-44f0-b7d4-4fe8d2b84685,D17,TECR,TECR.AOS.aquatic.plant.transect.06,6,2022-07-21T19:01:00Z,TECR.20220721,TECR.20220721.AP6.1.T6,NA,Sample condition ok,NA,NA,NA,N,plant,submerged,FONE3,Fontinalis neomexicana Sull. & Lesq.,NA,NA,NA,NA,Bryopsida,Isobryales,Fontinalaceae,Fontinalis,NA,neomexicana,NA,NA,NA,Sull. & Lesq.,NA,NA,species,NA,NA,NA,NA,NA,20260113T222245Z,RELEASE-2026
1d9f3726-58c4-4452-9156-56bb511b7f10,D17,TECR,TECR.AOS.aquatic.plant.transect.06,11,2022-07-21T19:01:00Z,TECR.20220721,TECR.20220721.AP11.1.T6,NA,Sample condition ok,NA,NA,NA,N,plant,submerged,SCUN6,Scapania undulata (L.) Dumort.,NA,NA,NA,NA,Hepaticopsida,Jungermanniales,Scapaniaceae,Scapania,NA,undulata,NA,NA,NA,(L.) Dumort.,NA,NA,species,NA,NA,NA,NA,NA,20260113T222245Z,RELEASE-2026
b24a4b86-56c5-4ee0-83c5-514671a8102f,D17,TECR,TECR.AOS.aquatic.plant.transect.06,2,2022-07-21T19:01:00Z,TECR.20220721,TECR.20220721.AP2.1.T6,NA,Sample condition ok,NA,NA,NA,N,plant,submerged,FONE3,Fontinalis neomexicana Sull. & Lesq.,NA,NA,NA,NA,Bryopsida,Isobryales,Fontinalaceae,Fontinalis,NA,neomexicana,NA,NA,NA,Sull. & Lesq.,NA,NA,species,NA,NA,NA,NA,NA,20260113T222245Z,RELEASE-2026
3f1d46e4-789b-488b-9a06-1bbf70a2cdaa,D17,TECR,TECR.AOS.aquatic.plant.transect.07,9,2022-07-21T19:39:00Z,TECR.20220721,TECR.20220721.AP9.1.T7,NA,Sample condition ok,NA,NA,NA,N,plant,emergent,CHPO14,Chiloscyphus polyanthos (L.) Corda,NA,NA,NA,NA,Hepaticopsida,Jungermanniales,Geocalycaceae,Chiloscyphus,NA,polyanthos,NA,NA,NA,(L.) Corda,NA,"Doyle, W. T. and Stotler, R. E. 2006. Contributions toward a Bryoflora of California III. Keys and Annotated Species Catalogue for Liverworts and Hornworts. Madrono 53 (2) 89-197.",species,NA,"David Kofranek Botany, LLC",2022-07-21T19:39:00Z,677d3cf3-a59b-4aa9-87db-60b200f900a3,NA,20260113T222245Z,RELEASE-2026
78b0c61c-7c1a-46ff-88ca-35cc1a37ef39,D17,TECR,TECR.AOS.aquatic.plant.transect.07,1,2022-07-21T19:39:00Z,TECR.20220721,TECR.20220721.AP1.1.T7,NA,Sample condition ok,NA,NA,NA,N,plant,submerged,SCUN6,Scapania undulata (L.) Dumort.,NA,NA,NA,NA,Hepaticopsida,Jungermanniales,Scapaniaceae,Scapania,NA,undulata,NA,NA,NA,(L.) Dumort.,NA,NA,species,NA,NA,NA,NA,NA,20260113T222245Z,RELEASE-2026
439ab7c1-14ed-4c88-8ed1-ea1b050aba81,D17,TECR,TECR.AOS.aquatic.plant.transect.07,13,2022-07-21T19:39:00Z,TECR.20220721,TECR.20220721.AP13.1.T7,NA,Sample condition ok,NA,NA,NA,N,plant,submerged,CHPO14,Chiloscyphus polyanthos (L.) Corda,NA,NA,NA,NA,Hepaticopsida,Jungermanniales,Geocalycaceae,Chiloscyphus,NA,polyanthos,NA,NA,NA,(L.) Corda,NA,"Doyle, W. T. and Stotler, R. E. 2006. Contributions toward a Bryoflora of California III. Keys and Annotated Species Catalogue for Liverworts and Hornworts. Madrono 53 (2) 89-197.",species,NA,"David Kofranek Botany, LLC",2022-07-21T19:39:00Z,e66955a4-c8a8-4d30-97c4-cf2c8117ff99,NA,20260113T222245Z,RELEASE-2026
e5bf951d-47c4-4d76-91c6-0d20063ed816,D17,TECR,TECR.AOS.aquatic.plant.transect.08,9,2022-07-21T19:45:00Z,TECR.20220721,TECR.20220721.AP9.1.T8,NA,Sample condition ok,NA,NA,NA,N,plant,submerged,FONE3,Fontinalis neomexicana Sull. & Lesq.,NA,NA,NA,NA,Bryopsida,Isobryales,Fontinalaceae,Fontinalis,NA,neomexicana,NA,NA,NA,Sull. & Lesq.,NA,NA,species,NA,NA,NA,NA,NA,20260113T222245Z,RELEASE-2026
1447fb7f-7823-45c7-93d0-c17841ae28de,D17,TECR,TECR.AOS.aquatic.plant.transect.08,4,2022-07-21T19:45:00Z,TECR.20220721,TECR.20220721.AP4.1.T8,NA,Sample condition ok,NA,NA,NA,N,plant,submerged,FONE3,Fontinalis neomexicana Sull. & Lesq.,NA,NA,NA,NA,Bryopsida,Isobryales,Fontinalaceae,Fontinalis,NA,neomexicana,NA,NA,NA,Sull. & Lesq.,NA,NA,species,NA,NA,NA,NA,NA,20260113T222245Z,RELEASE-2026
231fd043-d904-4194-a86d-70c6a524a3bc,D17,TECR,TECR.AOS.aquatic.plant.transect.08,5,2022-07-21T19:45:00Z,TECR.20220721,TECR.20220721.AP5.1.T8,NA,Sample condition ok,NA,NA,NA,N,plant,submerged,FONE3,Fontinalis neomexicana Sull. & Lesq.,NA,NA,NA,NA,Bryopsida,Isobryales,Fontinalaceae,Fontinalis,NA,neomexicana,NA,NA,NA,Sull. & Lesq.,NA,NA,species,NA,NA,NA,NA,NA,20260113T222245Z,RELEASE-2026
a2e1eb16-69e6-49a0-8e93-7c0c9831b700,D17,TECR,TECR.AOS.aquatic.plant.transect.09,15,2022-07-21T20:10:00Z,TECR.20220721,TECR.20220721.AP15.1.T9,NA,Sample condition ok,NA,NA,NA,N,plant,submerged,FONE3,Fontinalis neomexicana Sull. & Lesq.,NA,NA,NA,NA,Bryopsida,Isobryales,Fontinalaceae,Fontinalis,NA,neomexicana,NA,NA,NA,Sull. & Lesq.,NA,NA,species,NA,NA,NA,NA,NA,20260113T222245Z,RELEASE-2026
620501f2-43e6-4853-872c-b06cbc424ce5,D17,TECR,TECR.AOS.aquatic.plant.transect.09,16,2022-07-21T20:10:00Z,TECR.20220721,TECR.20220721.AP16.1.T9,NA,Sample condition ok,NA,NA,NA,N,plant,submerged,FONE3,Fontinalis neomexicana Sull. & Lesq.,NA,NA,NA,NA,Bryopsida,Isobryales,Fontinalaceae,Fontinalis,NA,neomexicana,NA,NA,NA,Sull. & Lesq.,NA,NA,species,NA,NA,NA,NA,NA,20260113T222245Z,RELEASE-2026
3f1e64ec-f4e3-4c91-a672-81d99617f2b8,D17,TECR,TECR.AOS.aquatic.plant.transect.09,11,2022-07-21T20:10:00Z,TECR.20220721,TECR.20220721.AP11.1.T9,NA,Sample condition ok,NA,NA,NA,N,plant,submerged,FONE3,Fontinalis neomexicana Sull. & Lesq.,NA,NA,NA,NA,Bryopsida,Isobryales,Fontinalaceae,Fontinalis,NA,neomexicana,NA,NA,NA,Sull. & Lesq.,NA,NA,species,NA,NA,NA,NA,NA,20260113T222245Z,RELEASE-2026
b3f90656-e4fd-4c9d-8164-aa02d220d865,D17,TECR,TECR.AOS.aquatic.plant.transect.01,6,2022-09-12T17:06:00Z,TECR.20220912,TECR.20220912.AP6.1.T1,NA,Sample condition ok,NA,NA,NA,N,plant,submerged,FONE3,Fontinalis neomexicana Sull. & Lesq.,NA,NA,NA,NA,Bryopsida,Isobryales,Fontinalaceae,Fontinalis,NA,neomexicana,NA,NA,NA,Sull. & Lesq.,NA,NA,species,NA,NA,NA,NA,NA,20260113T223229Z,RELEASE-2026
e33961f5-a8ef-4be7-9d82-afa0658034f8,D17,TECR,TECR.AOS.aquatic.plant.transect.01,7,2022-09-12T17:06:00Z,TECR.20220912,TECR.20220912.AP7.1.T1,NA,Sample condition ok,NA,NA,NA,N,plant,emergent,FONE3,Fontinalis neomexicana Sull. & Lesq.,NA,NA,NA,NA,Bryopsida,Isobryales,Fontinalaceae,Fontinalis,NA,neomexicana,NA,NA,NA,Sull. & Lesq.,NA,NA,species,NA,NA,NA,NA,NA,20260113T223229Z,RELEASE-2026
887edba4-afc8-4c86-9bb8-c8390e42cb50,D17,TECR,TECR.AOS.aquatic.plant.transect.01,12,2022-09-12T17:06:00Z,TECR.20220912,TECR.20220912.AP12.1.T1,NA,Sample condition ok,NA,NA,NA,N,plant,emergent,FONE3,Fontinalis neomexicana Sull. & Lesq.,NA,NA,NA,NA,Bryopsida,Isobryales,Fontinalaceae,Fontinalis,NA,neomexicana,NA,NA,NA,Sull. & Lesq.,NA,NA,species,NA,NA,NA,NA,NA,20260113T223229Z,RELEASE-2026
067e3157-e30d-475f-8a59-2c5d3fba1507,D17,TECR,TECR.AOS.aquatic.plant.transect.01,8,2022-09-12T17:06:00Z,TECR.20220912,TECR.20220912.AP8.1.T1,NA,Sample condition ok,NA,NA,NA,N,plant,emergent,FONE3,Fontinalis neomexicana Sull. & Lesq.,NA,NA,NA,NA,Bryopsida,Isobryales,Fontinalaceae,Fontinalis,NA,neomexicana,NA,NA,NA,Sull. & Lesq.,NA,NA,species,NA,NA,NA,NA,NA,20260113T223229Z,RELEASE-2026
5c2bc0d1-86f1-4394-9601-ea217b96b39c,D17,TECR,TECR.AOS.aquatic.plant.transect.01,4,2022-09-12T17:06:00Z,TECR.20220912,TECR.20220912.AP4.1.T1,NA,Sample condition ok,NA,NA,NA,N,plant,submerged,SCUN6,Scapania undulata (L.) Dumort.,NA,NA,NA,NA,Hepaticopsida,Jungermanniales,Scapaniaceae,Scapania,NA,undulata,NA,NA,NA,(L.) Dumort.,NA,NA,species,NA,NA,NA,NA,NA,20260113T223229Z,RELEASE-2026
756484a4-b760-4bae-b40b-777caf3db0c6,D17,TECR,TECR.AOS.aquatic.plant.transect.01,3,2022-09-12T17:06:00Z,TECR.20220912,TECR.20220912.AP3.1.T1,NA,Sample condition ok,NA,NA,NA,N,plant,submerged,FONE3,Fontinalis neomexicana Sull. & Lesq.,NA,NA,NA,NA,Bryopsida,Isobryales,Fontinalaceae,Fontinalis,NA,neomexicana,NA,NA,NA,Sull. & Lesq.,NA,NA,species,NA,NA,NA,NA,NA,20260113T223229Z,RELEASE-2026
93268988-7f1f-4901-a235-bf68f34f7d96,D17,TECR,TECR.AOS.aquatic.plant.transect.01,2,2022-09-12T17:06:00Z,TECR.20220912,TECR.20220912.AP2.1.T1,NA,Sample condition ok,NA,NA,NA,N,plant,submerged,FONE3,Fontinalis neomexicana Sull. & Lesq.,NA,NA,NA,NA,Bryopsida,Isobryales,Fontinalaceae,Fontinalis,NA,neomexicana,NA,NA,NA,Sull. & Lesq.,NA,NA,species,NA,NA,NA,NA,NA,20260113T223229Z,RELEASE-2026
44030083-6b2f-4b60-891f-faed44f65673,D17,TECR,TECR.AOS.aquatic.plant.transect.01,4,2022-09-12T17:06:00Z,TECR.20220912,TECR.20220912.AP4.2.T1,NA,Sample condition ok,NA,NA,NA,N,plant,submerged,FONE3,Fontinalis neomexicana Sull. & Lesq.,NA,NA,NA,NA,Bryopsida,Isobryales,Fontinalaceae,Fontinalis,NA,neomexicana,NA,NA,NA,Sull. & Lesq.,NA,NA,species,NA,NA,NA,NA,NA,20260113T223229Z,RELEASE-2026
bd43bf0d-9eff-4b2a-8b76-de8047f7ad2f,D17,TECR,TECR.AOS.aquatic.plant.transect.01,10,2022-09-12T17:06:00Z,TECR.20220912,TECR.20220912.AP10.1.T1,NA,Sample condition ok,NA,NA,NA,N,plant,emergent,SCUN6,Scapania undulata (L.) Dumort.,NA,NA,NA,NA,Hepaticopsida,Jungermanniales,Scapaniaceae,Scapania,NA,undulata,NA,NA,NA,(L.) Dumort.,NA,NA,species,NA,NA,NA,NA,NA,20260113T223229Z,RELEASE-2026
e6f3d7aa-b4eb-4a80-bd83-1aa31fd3c39e,D17,TECR,TECR.AOS.aquatic.plant.transect.01,11,2022-09-12T17:06:00Z,TECR.20220912,TECR.20220912.AP11.1.T1,NA,Sample condition ok,NA,NA,NA,N,plant,emergent,SCUN6,Scapania undulata (L.) Dumort.,NA,NA,NA,NA,Hepaticopsida,Jungermanniales,Scapaniaceae,Scapania,NA,undulata,NA,NA,NA,(L.) Dumort.,NA,NA,species,NA,NA,NA,NA,NA,20260113T223229Z,RELEASE-2026
9ec412a5-3eec-4b76-841c-132916b10de1,D17,TECR,TECR.AOS.aquatic.plant.transect.01,5,2022-09-12T17:06:00Z,TECR.20220912,TECR.20220912.AP5.1.T1,NA,Sample condition ok,NA,NA,NA,N,plant,submerged,SCUN6,Scapania undulata (L.) Dumort.,NA,NA,NA,NA,Hepaticopsida,Jungermanniales,Scapaniaceae,Scapania,NA,undulata,NA,NA,NA,(L.) Dumort.,NA,NA,species,NA,NA,NA,NA,NA,20260113T223229Z,RELEASE-2026
5e47425f-34fa-4fce-b8ef-260641fe4d2c,D17,TECR,TECR.AOS.aquatic.plant.transect.01,7,2022-09-12T17:06:00Z,TECR.20220912,TECR.20220912.AP7.2.T1,NA,Sample condition ok,NA,NA,NA,N,plant,emergent,SCUN6,Scapania undulata (L.) Dumort.,NA,NA,NA,NA,Hepaticopsida,Jungermanniales,Scapaniaceae,Scapania,NA,undulata,NA,NA,NA,(L.) Dumort.,NA,NA,species,NA,NA,NA,NA,NA,20260113T223229Z,RELEASE-2026
76651de1-76a7-4f68-ab32-364d128bfcd9,D17,TECR,TECR.AOS.aquatic.plant.transect.01,12,2022-09-12T17:06:00Z,TECR.20220912,TECR.20220912.AP12.2.T1,NA,Sample condition ok,NA,NA,NA,N,plant,emergent,SCUN6,Scapania undulata (L.) Dumort.,NA,NA,NA,NA,Hepaticopsida,Jungermanniales,Scapaniaceae,Scapania,NA,undulata,NA,NA,NA,(L.) Dumort.,NA,NA,species,NA,NA,NA,NA,NA,20260113T223229Z,RELEASE-2026
575f10a6-c9c7-483a-aeb6-f799be664f26,D17,TECR,TECR.AOS.aquatic.plant.transect.02,9,2022-09-12T17:29:00Z,TECR.20220912,TECR.20220912.AP9.1.T2,NA,Sample condition ok,NA,NA,NA,N,plant,submerged,SCUN6,Scapania undulata (L.) Dumort.,NA,NA,NA,NA,Hepaticopsida,Jungermanniales,Scapaniaceae,Scapania,NA,undulata,NA,NA,NA,(L.) Dumort.,NA,NA,species,NA,NA,NA,NA,NA,20260113T223229Z,RELEASE-2026
e722f7fc-cd97-4b34-8d9b-cec2452bf9e3,D17,TECR,TECR.AOS.aquatic.plant.transect.02,11,2022-09-12T17:29:00Z,TECR.20220912,TECR.20220912.AP11.1.T2,NA,Sample condition ok,NA,NA,NA,N,plant,emergent,SCUN6,Scapania undulata (L.) Dumort.,NA,NA,NA,NA,Hepaticopsida,Jungermanniales,Scapaniaceae,Scapania,NA,undulata,NA,NA,NA,(L.) Dumort.,NA,NA,species,NA,NA,NA,NA,NA,20260113T223229Z,RELEASE-2026
15049c19-f1a1-4f51-b81b-11d3ff2b00b2,D17,TECR,TECR.AOS.aquatic.plant.transect.02,5,2022-09-12T17:29:00Z,TECR.20220912,TECR.20220912.AP5.1.T2,NA,Sample condition ok,NA,NA,NA,N,plant,submerged,FONE3,Fontinalis neomexicana Sull. & Lesq.,NA,NA,NA,NA,Bryopsida,Isobryales,Fontinalaceae,Fontinalis,NA,neomexicana,NA,NA,NA,Sull. & Lesq.,NA,NA,species,NA,NA,NA,NA,NA,20260113T223229Z,RELEASE-2026
4395246b-b5f8-4d13-81dc-11255451de8d,D17,TECR,TECR.AOS.aquatic.plant.transect.02,9,2022-09-12T17:29:00Z,TECR.20220912,TECR.20220912.AP9.2.T2,NA,Sample condition ok,NA,NA,NA,N,plant,submerged,FONE3,Fontinalis neomexicana Sull. & Lesq.,NA,NA,NA,NA,Bryopsida,Isobryales,Fontinalaceae,Fontinalis,NA,neomexicana,NA,NA,NA,Sull. & Lesq.,NA,NA,species,NA,NA,NA,NA,NA,20260113T223229Z,RELEASE-2026
89a75696-5b26-4c3d-8a50-ebe85b833b54,D17,TECR,TECR.AOS.aquatic.plant.transect.02,10,2022-09-12T17:29:00Z,TECR.20220912,TECR.20220912.AP10.1.T2,NA,Sample condition ok,NA,NA,NA,N,plant,emergent,SCUN6,Scapania undulata (L.) Dumort.,NA,NA,NA,NA,Hepaticopsida,Jungermanniales,Scapaniaceae,Scapania,NA,undulata,NA,NA,NA,(L.) Dumort.,NA,NA,species,NA,NA,NA,NA,NA,20260113T223229Z,RELEASE-2026
28c68d98-0f06-428c-9b66-2d0c30d50f27,D17,TECR,TECR.AOS.aquatic.plant.transect.02,7,2022-09-12T17:29:00Z,TECR.20220912,TECR.20220912.AP7.1.T2,NA,Sample condition ok,NA,NA,NA,N,plant,submerged,SCUN6,Scapania undulata (L.) Dumort.,NA,NA,NA,NA,Hepaticopsida,Jungermanniales,Scapaniaceae,Scapania,NA,undulata,NA,NA,NA,(L.) Dumort.,NA,NA,species,NA,NA,NA,NA,NA,20260113T223229Z,RELEASE-2026
063c930f-9101-434e-9866-456417035a1e,D17,TECR,TECR.AOS.aquatic.plant.transect.02,6,2022-09-12T17:29:00Z,TECR.20220912,TECR.20220912.AP6.1.T2,NA,Sample condition ok,NA,NA,NA,N,plant,submerged,FONE3,Fontinalis neomexicana Sull. & Lesq.,NA,NA,NA,NA,Bryopsida,Isobryales,Fontinalaceae,Fontinalis,NA,neomexicana,NA,NA,NA,Sull. & Lesq.,NA,NA,species,NA,NA,NA,NA,NA,20260113T223229Z,RELEASE-2026
a57c6f98-871b-4a9d-a5a3-b50ae2fc3159,D17,TECR,TECR.AOS.aquatic.plant.transect.02,6,2022-09-12T17:29:00Z,TECR.20220912,TECR.20220912.AP6.2.T2,NA,Sample condition ok,NA,NA,NA,N,plant,submerged,SCUN6,Scapania undulata (L.) Dumort.,NA,NA,NA,NA,Hepaticopsida,Jungermanniales,Scapaniaceae,Scapania,NA,undulata,NA,NA,NA,(L.) Dumort.,NA,NA,species,NA,NA,NA,NA,NA,20260113T223229Z,RELEASE-2026
436c129b-5a04-4d44-983b-000f3f80ff9e,D17,TECR,TECR.AOS.aquatic.plant.transect.02,4,2022-09-12T17:29:00Z,TECR.20220912,TECR.20220912.AP4.1.T2,NA,Sample condition ok,NA,NA,NA,N,plant,submerged,CHPO14,Chiloscyphus polyanthos (L.) Corda,NA,NA,NA,NA,Hepaticopsida,Jungermanniales,Geocalycaceae,Chiloscyphus,NA,polyanthos,NA,NA,NA,(L.) Corda,NA,"Doyle, W. T. and Stotler, R. E. 2006. Contributions toward a Bryoflora of California III. Keys and Annotated Species Catalogue for Liverworts and Hornworts. Madrono 53 (2) 89-197.",species,NA,"David Kofranek Botany, LLC",2022-09-12T17:29:00Z,2b0c956b-e13c-4b53-b271-59323b4f909b,NA,20260113T223229Z,RELEASE-2026
ab48fd35-cac1-4c24-8f1b-116777053ddf,D17,TECR,TECR.AOS.aquatic.plant.transect.02,3,2022-09-12T17:29:00Z,TECR.20220912,TECR.20220912.AP3.1.T2,NA,Sample condition ok,NA,NA,NA,N,plant,emergent,SCUN6,Scapania undulata (L.) Dumort.,NA,NA,NA,NA,Hepaticopsida,Jungermanniales,Scapaniaceae,Scapania,NA,undulata,NA,NA,NA,(L.) Dumort.,NA,NA,species,NA,NA,NA,NA,NA,20260113T223229Z,RELEASE-2026
82cc309a-7aff-44b6-beb3-6b5d501e48c4,D17,TECR,TECR.AOS.aquatic.plant.transect.02,2,2022-09-12T17:29:00Z,TECR.20220912,TECR.20220912.AP2.1.T2,NA,Sample condition ok,NA,NA,NA,N,plant,emergent,SCUN6,Scapania undulata (L.) Dumort.,NA,NA,NA,NA,Hepaticopsida,Jungermanniales,Scapaniaceae,Scapania,NA,undulata,NA,NA,NA,(L.) Dumort.,NA,NA,species,NA,NA,NA,NA,NA,20260113T223229Z,RELEASE-2026
debbaa1c-9823-4849-acc0-564276040126,D17,TECR,TECR.AOS.aquatic.plant.transect.02,8,2022-09-12T17:29:00Z,TECR.20220912,TECR.20220912.AP8.1.T2,NA,Sample condition ok,NA,NA,NA,N,plant,submerged,SCUN6,Scapania undulata (L.) Dumort.,NA,NA,NA,NA,Hepaticopsida,Jungermanniales,Scapaniaceae,Scapania,NA,undulata,NA,NA,NA,(L.) Dumort.,NA,NA,species,NA,NA,NA,NA,NA,20260113T223229Z,RELEASE-2026
0d32504b-ebfc-4843-9f1b-2765039ef674,D17,TECR,TECR.AOS.aquatic.plant.transect.03,1,2022-09-12T18:05:00Z,TECR.20220912,TECR.20220912.AP1.2.T3,NA,Sample condition ok,NA,NA,NA,N,plant,emergent,FONE3,Fontinalis neomexicana Sull. & Lesq.,NA,NA,NA,NA,Bryopsida,Isobryales,Fontinalaceae,Fontinalis,NA,neomexicana,NA,NA,NA,Sull. & Lesq.,NA,NA,species,NA,NA,NA,NA,NA,20260113T223229Z,RELEASE-2026
475e2e0f-9017-4488-b3f9-cc07d4f0d97a,D17,TECR,TECR.AOS.aquatic.plant.transect.03,6,2022-09-12T18:05:00Z,TECR.20220912,TECR.20220912.AP6.1.T3,NA,Sample condition ok,NA,NA,NA,N,plant,submerged,FONE3,Fontinalis neomexicana Sull. & Lesq.,NA,NA,NA,NA,Bryopsida,Isobryales,Fontinalaceae,Fontinalis,NA,neomexicana,NA,NA,NA,Sull. & Lesq.,NA,NA,species,NA,NA,NA,NA,NA,20260113T223229Z,RELEASE-2026
81f38f83-ec00-4122-89b8-c5a84e620cdf,D17,TECR,TECR.AOS.aquatic.plant.transect.03,1,2022-09-12T18:05:00Z,TECR.20220912,TECR.20220912.AP1.1.T3,NA,Sample condition ok,NA,NA,NA,N,plant,submerged,2PLANT,Unknown plant,BlackLung,Thin membraned leafy lichen. Coloration appears to change from purple to black with age. Asci present,NA,NA,NA,NA,NA,NA,NA,NA,NA,NA,NA,NA,NA,NA,kingdom,NA,NA,NA,NA,NA,20260113T223229Z,RELEASE-2026
2ca75c9d-ccef-46e5-88c7-65c68f403dd8,D17,TECR,TECR.AOS.aquatic.plant.transect.03,7,2022-09-12T18:05:00Z,TECR.20220912,TECR.20220912.AP7.1.T3,NA,Sample condition ok,NA,NA,NA,N,plant,submerged,FONE3,Fontinalis neomexicana Sull. & Lesq.,NA,NA,NA,NA,Bryopsida,Isobryales,Fontinalaceae,Fontinalis,NA,neomexicana,NA,NA,NA,Sull. & Lesq.,NA,NA,species,NA,NA,NA,NA,NA,20260113T223229Z,RELEASE-2026
3761e831-bfdf-43c8-bf1c-03468261efb3,D17,TECR,TECR.AOS.aquatic.plant.transect.03,13,2022-09-12T18:05:00Z,TECR.20220912,TECR.20220912.AP13.1.T3,NA,Sample condition ok,NA,NA,NA,N,plant,submerged,FONE3,Fontinalis neomexicana Sull. & Lesq.,NA,NA,NA,NA,Bryopsida,Isobryales,Fontinalaceae,Fontinalis,NA,neomexicana,NA,NA,NA,Sull. & Lesq.,NA,NA,species,NA,NA,NA,NA,NA,20260113T223229Z,RELEASE-2026
62413c30-a8af-4dee-b994-c71d8a81518a,D17,TECR,TECR.AOS.aquatic.plant.transect.03,3,2022-09-12T18:05:00Z,TECR.20220912,TECR.20220912.AP3.1.T3,NA,Sample condition ok,NA,NA,NA,N,plant,submerged,FONE3,Fontinalis neomexicana Sull. & Lesq.,NA,NA,NA,NA,Bryopsida,Isobryales,Fontinalaceae,Fontinalis,NA,neomexicana,NA,NA,NA,Sull. & Lesq.,NA,NA,species,NA,NA,NA,NA,NA,20260113T223229Z,RELEASE-2026
f67b26fc-ab52-455e-9822-f522e3e2e8b4,D17,TECR,TECR.AOS.aquatic.plant.transect.03,4,2022-09-12T18:05:00Z,TECR.20220912,TECR.20220912.AP4.1.T3,NA,Sample condition ok,NA,NA,NA,N,plant,submerged,FONE3,Fontinalis neomexicana Sull. & Lesq.,NA,NA,NA,NA,Bryopsida,Isobryales,Fontinalaceae,Fontinalis,NA,neomexicana,NA,NA,NA,Sull. & Lesq.,NA,NA,species,NA,NA,NA,NA,NA,20260113T223229Z,RELEASE-2026
9790a794-891c-4254-a3c7-bc6d9b1df32e,D17,TECR,TECR.AOS.aquatic.plant.transect.03,2,2022-09-12T18:05:00Z,TECR.20220912,TECR.20220912.AP2.1.T3,NA,Sample condition ok,NA,NA,NA,N,plant,submerged,FONE3,Fontinalis neomexicana Sull. & Lesq.,NA,NA,NA,NA,Bryopsida,Isobryales,Fontinalaceae,Fontinalis,NA,neomexicana,NA,NA,NA,Sull. & Lesq.,NA,NA,species,NA,NA,NA,NA,NA,20260113T223229Z,RELEASE-2026
7a6619fc-863e-4771-be5d-4a30e1bd139b,D17,TECR,TECR.AOS.aquatic.plant.transect.03,8,2022-09-12T18:05:00Z,TECR.20220912,TECR.20220912.AP8.1.T3,NA,Sample condition ok,NA,NA,NA,N,plant,submerged,FONE3,Fontinalis neomexicana Sull. & Lesq.,NA,NA,NA,NA,Bryopsida,Isobryales,Fontinalaceae,Fontinalis,NA,neomexicana,NA,NA,NA,Sull. & Lesq.,NA,NA,species,NA,NA,NA,NA,NA,20260113T223229Z,RELEASE-2026
5272cecc-f864-43e5-8ac9-eb1adb240ed6,D17,TECR,TECR.AOS.aquatic.plant.transect.03,20,2022-09-12T18:05:00Z,TECR.20220912,TECR.20220912.AP20.1.T3,NA,Sample condition ok,NA,NA,NA,N,plant,emergent,FONE3,Fontinalis neomexicana Sull. & Lesq.,NA,NA,NA,NA,Bryopsida,Isobryales,Fontinalaceae,Fontinalis,NA,neomexicana,NA,NA,NA,Sull. & Lesq.,NA,NA,species,NA,NA,NA,NA,NA,20260113T223229Z,RELEASE-2026
d839ca9e-beb4-4a0a-be19-0fc4752b8284,D17,TECR,TECR.AOS.aquatic.plant.transect.03,5,2022-09-12T18:05:00Z,TECR.20220912,TECR.20220912.AP5.1.T3,NA,Sample condition ok,NA,NA,NA,N,plant,submerged,FONE3,Fontinalis neomexicana Sull. & Lesq.,NA,NA,NA,NA,Bryopsida,Isobryales,Fontinalaceae,Fontinalis,NA,neomexicana,NA,NA,NA,Sull. & Lesq.,NA,NA,species,NA,NA,NA,NA,NA,20260113T223229Z,RELEASE-2026
0a6cd907-27f1-4631-a957-4cded876c7b7,D17,TECR,TECR.AOS.aquatic.plant.transect.03,18,2022-09-12T18:05:00Z,TECR.20220912,TECR.20220912.AP18.1.T3,NA,Sample condition ok,NA,NA,NA,N,plant,emergent,FONE3,Fontinalis neomexicana Sull. & Lesq.,NA,NA,NA,NA,Bryopsida,Isobryales,Fontinalaceae,Fontinalis,NA,neomexicana,NA,NA,NA,Sull. & Lesq.,NA,NA,species,NA,NA,NA,NA,NA,20260113T223229Z,RELEASE-2026
b1e15031-a79f-4f4c-abdc-75af0e5fc870,D17,TECR,TECR.AOS.aquatic.plant.transect.04,3,2022-09-12T18:28:00Z,TECR.20220912,TECR.20220912.AP3.1.T4,NA,Sample condition ok,NA,NA,NA,N,plant,emergent,FONE3,Fontinalis neomexicana Sull. & Lesq.,NA,NA,NA,NA,Bryopsida,Isobryales,Fontinalaceae,Fontinalis,NA,neomexicana,NA,NA,NA,Sull. & Lesq.,NA,NA,species,NA,NA,NA,NA,NA,20260113T223229Z,RELEASE-2026
0845e049-ac7e-4b68-833a-c51d2ced6a38,D17,TECR,TECR.AOS.aquatic.plant.transect.04,1,2022-09-12T18:28:00Z,TECR.20220912,TECR.20220912.AP1.2.T4,NA,Sample condition ok,NA,NA,NA,N,plant,emergent,SCUN6,Scapania undulata (L.) Dumort.,NA,NA,NA,NA,Hepaticopsida,Jungermanniales,Scapaniaceae,Scapania,NA,undulata,NA,NA,NA,(L.) Dumort.,NA,NA,species,NA,NA,NA,NA,NA,20260113T223229Z,RELEASE-2026
e4b4dfec-fd1c-4d0d-ac84-21b282ee0422,D17,TECR,TECR.AOS.aquatic.plant.transect.04,11,2022-09-12T18:28:00Z,TECR.20220912,TECR.20220912.AP11.1.T4,NA,Sample condition ok,NA,NA,NA,N,plant,submerged,SCUN6,Scapania undulata (L.) Dumort.,NA,NA,NA,NA,Hepaticopsida,Jungermanniales,Scapaniaceae,Scapania,NA,undulata,NA,NA,NA,(L.) Dumort.,NA,NA,species,NA,NA,NA,NA,NA,20260113T223229Z,RELEASE-2026
0909819c-197c-4b1d-aae2-af23cf79f5df,D17,TECR,TECR.AOS.aquatic.plant.transect.04,5,2022-09-12T18:28:00Z,TECR.20220912,TECR.20220912.AP5.1.T4,NA,Sample condition ok,NA,NA,NA,N,plant,submerged,FONE3,Fontinalis neomexicana Sull. & Lesq.,NA,NA,NA,NA,Bryopsida,Isobryales,Fontinalaceae,Fontinalis,NA,neomexicana,NA,NA,NA,Sull. & Lesq.,NA,NA,species,NA,NA,NA,NA,NA,20260113T223229Z,RELEASE-2026
71cf28da-109f-4d04-9720-cede2c47a152,D17,TECR,TECR.AOS.aquatic.plant.transect.04,4,2022-09-12T18:28:00Z,TECR.20220912,TECR.20220912.AP4.1.T4,NA,Sample condition ok,NA,NA,NA,N,plant,emergent,FONE3,Fontinalis neomexicana Sull. & Lesq.,NA,NA,NA,NA,Bryopsida,Isobryales,Fontinalaceae,Fontinalis,NA,neomexicana,NA,NA,NA,Sull. & Lesq.,NA,NA,species,NA,NA,NA,NA,NA,20260113T223229Z,RELEASE-2026
383ae1e7-15ae-486e-a2eb-614c38f943bb,D17,TECR,TECR.AOS.aquatic.plant.transect.04,3,2022-09-12T18:28:00Z,TECR.20220912,TECR.20220912.AP3.2.T4,NA,Sample condition ok,NA,NA,NA,N,plant,submerged,CHPO14,Chiloscyphus polyanthos (L.) Corda,NA,NA,NA,NA,Hepaticopsida,Jungermanniales,Geocalycaceae,Chiloscyphus,NA,polyanthos,NA,NA,NA,(L.) Corda,NA,"Doyle, W. T. and Stotler, R. E. 2006. Contributions toward a Bryoflora of California III. Keys and Annotated Species Catalogue for Liverworts and Hornworts. Madrono 53 (2) 89-197.",species,NA,"David Kofranek Botany, LLC",2022-09-12T18:28:00Z,b3455897-9ac2-4e1b-9a59-09bd1f9077b0,NA,20260113T223229Z,RELEASE-2026
2bf75cc1-871d-44d8-b8bf-5055f36ea435,D17,TECR,TECR.AOS.aquatic.plant.transect.04,2,2022-09-12T18:28:00Z,TECR.20220912,TECR.20220912.AP2.1.T4,NA,Sample condition ok,NA,NA,NA,N,plant,submerged,FONE3,Fontinalis neomexicana Sull. & Lesq.,NA,NA,NA,NA,Bryopsida,Isobryales,Fontinalaceae,Fontinalis,NA,neomexicana,NA,NA,NA,Sull. & Lesq.,NA,NA,species,NA,NA,NA,NA,NA,20260113T223229Z,RELEASE-2026
e908e346-c8ac-4e9c-bae2-697b1c89eaa3,D17,TECR,TECR.AOS.aquatic.plant.transect.04,1,2022-09-12T18:28:00Z,TECR.20220912,TECR.20220912.AP1.1.T4,NA,Sample condition ok,NA,NA,NA,N,plant,emergent,FONE3,Fontinalis neomexicana Sull. & Lesq.,NA,NA,NA,NA,Bryopsida,Isobryales,Fontinalaceae,Fontinalis,NA,neomexicana,NA,NA,NA,Sull. & Lesq.,NA,NA,species,NA,NA,NA,NA,NA,20260113T223229Z,RELEASE-2026
17f41766-36c3-4c9a-ab3e-7b8077d0052c,D17,TECR,TECR.AOS.aquatic.plant.transect.05,5,2022-09-12T18:46:00Z,TECR.20220912,TECR.20220912.AP5.1.T5,NA,Sample condition ok,NA,NA,NA,N,plant,submerged,CHPO14,Chiloscyphus polyanthos (L.) Corda,NA,NA,NA,NA,Hepaticopsida,Jungermanniales,Geocalycaceae,Chiloscyphus,NA,polyanthos,NA,NA,NA,(L.) Corda,NA,"Doyle, W. T. and Stotler, R. E. 2006. Contributions toward a Bryoflora of California III. Keys and Annotated Species Catalogue for Liverworts and Hornworts. Madrono 53 (2) 89-197.",species,NA,"David Kofranek Botany, LLC",2022-09-12T18:46:00Z,d4c93760-db3e-4097-b205-41d96c72166e,NA,20260113T223229Z,RELEASE-2026
d817b7b8-5a69-4017-b94c-380b5c22661e,D17,TECR,TECR.AOS.aquatic.plant.transect.05,4,2022-09-12T18:46:00Z,TECR.20220912,TECR.20220912.AP4.1.T5,NA,Sample condition ok,NA,NA,NA,N,plant,submerged,CHPO14,Chiloscyphus polyanthos (L.) Corda,NA,NA,NA,NA,Hepaticopsida,Jungermanniales,Geocalycaceae,Chiloscyphus,NA,polyanthos,NA,NA,NA,(L.) Corda,NA,"Doyle, W. T. and Stotler, R. E. 2006. Contributions toward a Bryoflora of California III. Keys and Annotated Species Catalogue for Liverworts and Hornworts. Madrono 53 (2) 89-197.",species,NA,"David Kofranek Botany, LLC",2022-09-12T18:46:00Z,a1e2f7aa-5910-459c-a12e-9668f1387aaa,NA,20260113T223229Z,RELEASE-2026
b5bd3db6-ffe1-4595-ad8c-c31e50307bc2,D17,TECR,TECR.AOS.aquatic.plant.transect.05,2,2022-09-12T18:46:00Z,TECR.20220912,TECR.20220912.AP2.1.T5,NA,Sample condition ok,NA,NA,NA,N,plant,submerged,CHPO14,Chiloscyphus polyanthos (L.) Corda,NA,NA,NA,NA,Hepaticopsida,Jungermanniales,Geocalycaceae,Chiloscyphus,NA,polyanthos,NA,NA,NA,(L.) Corda,NA,"Doyle, W. T. and Stotler, R. E. 2006. Contributions toward a Bryoflora of California III. Keys and Annotated Species Catalogue for Liverworts and Hornworts. Madrono 53 (2) 89-197.",species,NA,"David Kofranek Botany, LLC",2022-09-12T18:46:00Z,d26185ef-3ad9-4bd7-bbaf-4bc2c777b239,NA,20260113T223229Z,RELEASE-2026
534c6b9a-ccae-413f-b687-14d6313ff307,D17,TECR,TECR.AOS.aquatic.plant.transect.05,3,2022-09-12T18:46:00Z,TECR.20220912,TECR.20220912.AP3.1.T5,NA,Sample condition ok,NA,NA,NA,N,plant,submerged,CHPO14,Chiloscyphus polyanthos (L.) Corda,NA,NA,NA,NA,Hepaticopsida,Jungermanniales,Geocalycaceae,Chiloscyphus,NA,polyanthos,NA,NA,NA,(L.) Corda,NA,"Doyle, W. T. and Stotler, R. E. 2006. Contributions toward a Bryoflora of California III. Keys and Annotated Species Catalogue for Liverworts and Hornworts. Madrono 53 (2) 89-197.",species,NA,"David Kofranek Botany, LLC",2022-09-12T18:46:00Z,0a5d12bc-dd9e-4324-9c99-0085818a537e,NA,20260113T223229Z,RELEASE-2026
df20ea29-0d42-461e-8136-03c8b5724098,D17,TECR,TECR.AOS.aquatic.plant.transect.06,13,2022-09-12T19:12:00Z,TECR.20220912,TECR.20220912.AP13.1.T6,NA,Sample condition ok,NA,NA,NA,N,plant,emergent,FONE3,Fontinalis neomexicana Sull. & Lesq.,NA,NA,NA,NA,Bryopsida,Isobryales,Fontinalaceae,Fontinalis,NA,neomexicana,NA,NA,NA,Sull. & Lesq.,NA,NA,species,NA,NA,NA,NA,NA,20260113T223229Z,RELEASE-2026
0a6cf61a-b9a2-411a-99ff-95b42492fe4b,D17,TECR,TECR.AOS.aquatic.plant.transect.06,20,2022-09-12T19:12:00Z,TECR.20220912,TECR.20220912.AP20.1.T6,NA,Sample condition ok,NA,NA,NA,N,plant,emergent,FONE3,Fontinalis neomexicana Sull. & Lesq.,NA,NA,NA,NA,Bryopsida,Isobryales,Fontinalaceae,Fontinalis,NA,neomexicana,NA,NA,NA,Sull. & Lesq.,NA,NA,species,NA,NA,NA,NA,NA,20260113T223229Z,RELEASE-2026
dd658cb5-5572-4359-8cf4-bb8f3580be51,D17,TECR,TECR.AOS.aquatic.plant.transect.06,14,2022-09-12T19:12:00Z,TECR.20220912,TECR.20220912.AP14.1.T6,NA,Sample condition ok,NA,NA,NA,N,plant,emergent,FONE3,Fontinalis neomexicana Sull. & Lesq.,NA,NA,NA,NA,Bryopsida,Isobryales,Fontinalaceae,Fontinalis,NA,neomexicana,NA,NA,NA,Sull. & Lesq.,NA,NA,species,NA,NA,NA,NA,NA,20260113T223229Z,RELEASE-2026
98001481-80c6-461d-8517-6600c2cd30b1,D17,TECR,TECR.AOS.aquatic.plant.transect.06,17,2022-09-12T19:12:00Z,TECR.20220912,TECR.20220912.AP17.1.T6,NA,Sample condition ok,NA,NA,NA,N,plant,submerged,CHPO14,Chiloscyphus polyanthos (L.) Corda,NA,NA,NA,NA,Hepaticopsida,Jungermanniales,Geocalycaceae,Chiloscyphus,NA,polyanthos,NA,NA,NA,(L.) Corda,NA,"Doyle, W. T. and Stotler, R. E. 2006. Contributions toward a Bryoflora of California III. Keys and Annotated Species Catalogue for Liverworts and Hornworts. Madrono 53 (2) 89-197.",species,NA,"David Kofranek Botany, LLC",2022-09-12T19:12:00Z,c01f5516-16e8-47f8-ab43-746a75374c02,NA,20260113T223229Z,RELEASE-2026
14c4629a-812f-4b15-b4c6-a627d0901677,D17,TECR,TECR.AOS.aquatic.plant.transect.06,15,2022-09-12T19:12:00Z,TECR.20220912,TECR.20220912.AP15.1.T6,NA,Sample condition ok,NA,NA,NA,N,plant,submerged,CHPO14,Chiloscyphus polyanthos (L.) Corda,NA,NA,NA,NA,Hepaticopsida,Jungermanniales,Geocalycaceae,Chiloscyphus,NA,polyanthos,NA,NA,NA,(L.) Corda,NA,"Doyle, W. T. and Stotler, R. E. 2006. Contributions toward a Bryoflora of California III. Keys and Annotated Species Catalogue for Liverworts and Hornworts. Madrono 53 (2) 89-197.",species,NA,"David Kofranek Botany, LLC",2022-09-12T19:12:00Z,246359e8-4a9f-4633-8809-2dcfa6641aa0,NA,20260113T223229Z,RELEASE-2026
4409f137-1411-4d6e-95ec-4a3d222dc980,D17,TECR,TECR.AOS.aquatic.plant.transect.06,16,2022-09-12T19:12:00Z,TECR.20220912,TECR.20220912.AP16.1.T6,NA,Sample condition ok,NA,NA,NA,N,plant,submerged,FONE3,Fontinalis neomexicana Sull. & Lesq.,NA,NA,NA,NA,Bryopsida,Isobryales,Fontinalaceae,Fontinalis,NA,neomexicana,NA,NA,NA,Sull. & Lesq.,NA,NA,species,NA,NA,NA,NA,NA,20260113T223229Z,RELEASE-2026
1b750c9e-abf9-4be8-9b33-a3852556b004,D17,TECR,TECR.AOS.aquatic.plant.transect.07,3,2022-09-12T19:22:00Z,TECR.20220912,TECR.20220912.AP3.1.T7,NA,Sample condition ok,NA,NA,NA,N,plant,submerged,2PLANT,Unknown plant,BlackLung,Thin membraned leafy lichen. Coloration appears to change from purple to black with age. Asci present,NA,NA,NA,NA,NA,NA,NA,NA,NA,NA,NA,NA,NA,NA,kingdom,NA,NA,NA,NA,NA,20260113T223229Z,RELEASE-2026
7937a72c-f542-4e7c-aa0d-ff51a744e1cf,D17,TECR,TECR.AOS.aquatic.plant.transect.07,4,2022-09-12T19:22:00Z,TECR.20220912,TECR.20220912.AP4.1.T7,NA,Sample condition ok,NA,NA,NA,N,plant,submerged,SCUN6,Scapania undulata (L.) Dumort.,NA,NA,NA,NA,Hepaticopsida,Jungermanniales,Scapaniaceae,Scapania,NA,undulata,NA,NA,NA,(L.) Dumort.,NA,NA,species,NA,NA,NA,NA,NA,20260113T223229Z,RELEASE-2026
f5ec6ef3-df0f-40d9-9ab1-4814c9fe8d77,D17,TECR,TECR.AOS.aquatic.plant.transect.07,11,2022-09-12T19:22:00Z,TECR.20220912,TECR.20220912.AP11.1.T7,NA,Sample condition ok,NA,NA,NA,N,plant,submerged,SCUN6,Scapania undulata (L.) Dumort.,NA,NA,NA,NA,Hepaticopsida,Jungermanniales,Scapaniaceae,Scapania,NA,undulata,NA,NA,NA,(L.) Dumort.,NA,NA,species,NA,NA,NA,NA,NA,20260113T223229Z,RELEASE-2026
ddc60c69-181a-4809-b717-bb02cfb68e2f,D17,TECR,TECR.AOS.aquatic.plant.transect.07,11,2022-09-12T19:22:00Z,TECR.20220912,TECR.20220912.AP11.2.T7,NA,Sample condition ok,NA,NA,NA,N,plant,submerged,CHPO14,Chiloscyphus polyanthos (L.) Corda,NA,NA,NA,NA,Hepaticopsida,Jungermanniales,Geocalycaceae,Chiloscyphus,NA,polyanthos,NA,NA,NA,(L.) Corda,NA,"Doyle, W. T. and Stotler, R. E. 2006. Contributions toward a Bryoflora of California III. Keys and Annotated Species Catalogue for Liverworts and Hornworts. Madrono 53 (2) 89-197.",species,NA,"David Kofranek Botany, LLC",2022-09-12T19:22:00Z,e18bd074-7cf2-459b-98e6-914149d1fc60,NA,20260113T223229Z,RELEASE-2026
24141de1-215e-45ed-8551-2730e1d4641c,D17,TECR,TECR.AOS.aquatic.plant.transect.08,6,2022-09-12T19:37:00Z,TECR.20220912,TECR.20220912.AP6.1.T8,NA,Sample condition ok,NA,NA,NA,N,plant,submerged,CHPO14,Chiloscyphus polyanthos (L.) Corda,NA,NA,NA,NA,Hepaticopsida,Jungermanniales,Geocalycaceae,Chiloscyphus,NA,polyanthos,NA,NA,NA,(L.) Corda,NA,"Doyle, W. T. and Stotler, R. E. 2006. Contributions toward a Bryoflora of California III. Keys and Annotated Species Catalogue for Liverworts and Hornworts. Madrono 53 (2) 89-197.",species,NA,"David Kofranek Botany, LLC",2022-09-12T19:37:00Z,9bcb7a8a-6ed8-4c66-bd6a-18c8b15747fc,NA,20260113T223229Z,RELEASE-2026
1e82d54f-18b8-469d-9399-cfeb23a7819c,D17,TECR,TECR.AOS.aquatic.plant.transect.09,1,2022-09-12T19:51:00Z,TECR.20220912,TECR.20220912.AP1.1.T9,NA,Sample condition ok,NA,NA,NA,N,plant,submerged,FONE3,Fontinalis neomexicana Sull. & Lesq.,NA,NA,NA,NA,Bryopsida,Isobryales,Fontinalaceae,Fontinalis,NA,neomexicana,NA,NA,NA,Sull. & Lesq.,NA,NA,species,NA,NA,NA,NA,NA,20260113T223229Z,RELEASE-2026
3f4a705e-a669-4bed-9b72-ebaa9bbcc2b1,D17,TECR,TECR.AOS.aquatic.plant.transect.09,16,2022-09-12T19:51:00Z,TECR.20220912,TECR.20220912.AP16.1.T9,NA,Sample condition ok,NA,NA,NA,N,plant,submerged,FONE3,Fontinalis neomexicana Sull. & Lesq.,NA,NA,NA,NA,Bryopsida,Isobryales,Fontinalaceae,Fontinalis,NA,neomexicana,NA,NA,NA,Sull. & Lesq.,NA,NA,species,NA,NA,NA,NA,NA,20260113T223229Z,RELEASE-2026
e2032e04-e73c-46fd-9941-1fe4cbf41fbd,D17,TECR,TECR.AOS.aquatic.plant.transect.09,12,2022-09-12T19:51:00Z,TECR.20220912,TECR.20220912.AP12.1.T9,NA,Sample condition ok,NA,NA,NA,N,plant,submerged,FONE3,Fontinalis neomexicana Sull. & Lesq.,NA,NA,NA,NA,Bryopsida,Isobryales,Fontinalaceae,Fontinalis,NA,neomexicana,NA,NA,NA,Sull. & Lesq.,NA,NA,species,NA,NA,NA,NA,NA,20260113T223229Z,RELEASE-2026
4d56019b-43a5-4c53-9329-b67324e97513,D17,TECR,TECR.AOS.aquatic.plant.transect.09,14,2022-09-12T19:51:00Z,TECR.20220912,TECR.20220912.AP14.1.T9,NA,Sample condition ok,NA,NA,NA,N,plant,submerged,FONE3,Fontinalis neomexicana Sull. & Lesq.,NA,NA,NA,NA,Bryopsida,Isobryales,Fontinalaceae,Fontinalis,NA,neomexicana,NA,NA,NA,Sull. & Lesq.,NA,NA,species,NA,NA,NA,NA,NA,20260113T223229Z,RELEASE-2026
4bc97727-8111-4850-85b8-12706055b81b,D17,TECR,TECR.AOS.aquatic.plant.transect.09,13,2022-09-12T19:51:00Z,TECR.20220912,TECR.20220912.AP13.1.T9,NA,Sample condition ok,NA,NA,NA,N,plant,submerged,FONE3,Fontinalis neomexicana Sull. & Lesq.,NA,NA,NA,NA,Bryopsida,Isobryales,Fontinalaceae,Fontinalis,NA,neomexicana,NA,NA,NA,Sull. & Lesq.,NA,NA,species,NA,NA,NA,NA,NA,20260113T223229Z,RELEASE-2026
60a563e6-53c6-482a-8011-820f4ed01553,D17,TECR,TECR.AOS.aquatic.plant.transect.10,20,2022-09-12T20:09:00Z,TECR.20220912,TECR.20220912.AP20.1.T10,NA,Sample condition ok,NA,NA,NA,N,plant,submerged,FONE3,Fontinalis neomexicana Sull. & Lesq.,NA,NA,NA,NA,Bryopsida,Isobryales,Fontinalaceae,Fontinalis,NA,neomexicana,NA,NA,NA,Sull. & Lesq.,NA,NA,species,NA,NA,NA,NA,NA,20260113T223229Z,RELEASE-2026
b3e36fd5-158d-47ac-8968-46abd62dc9a1,D17,TECR,TECR.AOS.aquatic.plant.transect.10,17,2022-09-12T20:09:00Z,TECR.20220912,TECR.20220912.AP17.1.T10,NA,Sample condition ok,NA,NA,NA,N,plant,submerged,FONE3,Fontinalis neomexicana Sull. & Lesq.,NA,NA,NA,NA,Bryopsida,Isobryales,Fontinalaceae,Fontinalis,NA,neomexicana,NA,NA,NA,Sull. & Lesq.,NA,NA,species,NA,NA,NA,NA,NA,20260113T223229Z,RELEASE-2026
